policy,graph_id,hour,raw_assignment_accuracy,assignment_accuracy,energy_w,switching_penalty_w,energy_w_with_switching,energy_saving_vs_all_on,energy_saving_with_switching_vs_all_on,energy_gap_vs_oracle,energy_gap_with_switching_vs_oracle_static,served_ratio,active_bs,switch_events,activation_events,deactivation_events,max_load,mean_active_load
rsrp,0,0,0.11904761904761904,0.11904761904761904,679.3229724793714,0.0,679.3229724793714,0.3307162832715553,0.3307162832715553,2.8147624419466637,2.8147624419466637,1.0,7.0,0,0,0,0.1695636044175552,0.12811161682953637
rsrp,1,1,0.42857142857142855,0.40476190476190477,700.6940953916042,0.0,700.6940953916042,0.3096609897619664,0.3096609897619664,1.7011632110001904,1.7011632110001904,1.0,7.0,0,0,0,0.2812108738832385,0.18362102699117974
rsrp,2,2,0.21428571428571427,0.16666666666666666,684.0498128590535,0.0,684.0498128590535,0.3260592976758093,0.3260592976758093,3.090042509083363,3.090042509083363,1.0,7.0,0,0,0,0.18065699588404682,0.1403891243092298
rsrp,3,3,0.2857142857142857,0.2857142857142857,680.1729747818233,0.0,680.1729747818233,0.3298788425794844,0.3298788425794844,1.7704836478496921,1.7704836478496921,1.0,7.0,0,0,0,0.21943867629441094,0.13031941501772276
rsrp,4,4,0.14285714285714285,0.14285714285714285,673.2636726549978,0.0,673.2636726549978,0.33668603679310566,0.33668603679310566,2.8987215576317604,2.8987215576317604,1.0,7.0,0,0,0,0.14239663454005047,0.11237317572726695
rsrp,5,5,0.2619047619047619,0.14285714285714285,670.9818780089324,0.0,670.9818780089324,0.33893411033602716,0.33893411033602716,3.1637531440735978,3.1637531440735978,1.0,7.0,0,0,0,0.1442478120837324,0.10644643638683747
rsrp,6,6,0.14285714285714285,0.14285714285714285,705.6257423165569,0.0,705.6257423165569,0.3048022243186632,0.3048022243186632,3.3492014881259164,3.3492014881259164,1.0,7.0,0,0,0,0.2493030414153578,0.19643049952352445
rsrp,7,7,0.23809523809523808,0.19047619047619047,675.2984542665322,0.0,675.2984542665322,0.3346813258457811,0.3346813258457811,2.577549214659084,2.577549214659084,1.0,7.0,0,0,0,0.14527031820765213,0.11765832277021344
rsrp,8,8,0.14285714285714285,0.14285714285714285,706.7538969910947,0.0,706.7538969910947,0.30369074188069484,0.30369074188069484,3.068692702777531,3.068692702777531,1.0,7.0,0,0,0,0.24971798819406693,0.19936077140544076
rsrp,9,9,0.11904761904761904,0.11904761904761904,670.0235459493323,0.0,670.0235459493323,0.3398782798528746,0.3398782798528746,2.6889650042920845,2.6889650042920845,1.0,7.0,0,0,0,0.1839702219124293,0.10395726220605783
rsrp,10,10,0.07142857142857142,0.09523809523809523,692.3213194444915,0.0,692.3213194444915,0.3179100301039493,0.3179100301039493,2.7738462849139456,2.7738462849139456,1.0,7.0,0,0,0,0.2187975233314472,0.16187355699867895
rsrp,11,11,0.2857142857142857,0.2857142857142857,684.4643935491865,0.0,684.4643935491865,0.3256508437939049,0.3256508437939049,1.648032792515581,1.648032792515581,1.0,7.0,0,0,0,0.1584284718056181,0.1414659572706144
rsrp,12,12,0.14285714285714285,0.14285714285714285,682.6400708754501,0.0,682.6400708754501,0.32744820603403935,0.32744820603403935,2.828341589112343,2.828341589112343,1.0,7.0,0,0,0,0.18641640450323244,0.1367274568193508
rsrp,13,13,0.16666666666666666,0.19047619047619047,666.8936536762571,0.0,666.8936536762571,0.3429619175603378,0.3429619175603378,2.860437609121452,2.860437609121452,1.0,7.0,0,0,0,0.1585385253965481,0.09582767188638197
rsrp,14,14,0.19047619047619047,0.14285714285714285,681.491340878419,0.0,681.491340878419,0.32857995972569554,0.32857995972569554,2.7828461230286883,2.7828461230286883,1.0,7.0,0,0,0,0.1828953839963514,0.1337437425413479
rsrp,15,15,0.07142857142857142,0.047619047619047616,663.9894810251454,0.0,663.9894810251454,0.3458231714037976,0.3458231714037976,2.7771359877661124,2.7771359877661124,1.0,7.0,0,0,0,0.1307565754268306,0.08828436629907908
rsrp,16,16,0.23809523809523808,0.2857142857142857,673.2719249431982,0.0,673.2719249431982,0.33667790645990325,0.33667790645990325,1.691601605098147,1.691601605098147,1.0,7.0,0,0,0,0.2030876375844618,0.11239461024207323
rsrp,17,17,0.35714285714285715,0.30952380952380953,698.6760995123149,0.0,698.6760995123149,0.3116491630420543,0.3116491630420543,1.6966988597277781,1.6966988597277781,1.0,7.0,0,0,0,0.2540181490653479,0.17837947925276612
rsrp,18,18,0.07142857142857142,0.09523809523809523,693.9337167346257,0.0,693.9337167346257,0.31632146134519634,0.31632146134519634,2.8627472449126365,2.8627472449126365,1.0,7.0,0,0,0,0.21488628231968243,0.16606160190811878
rsrp,19,19,0.30952380952380953,0.3333333333333333,696.5566861444432,0.0,696.5566861444432,0.3137372550301052,0.3137372550301052,1.712952156935837,1.712952156935837,1.0,7.0,0,0,0,0.21120398633447005,0.17287450946608668
rsrp,20,20,0.14285714285714285,0.14285714285714285,681.2711588024599,0.0,681.2711588024599,0.32879688787934985,0.32879688787934985,2.9092888615827337,2.9092888615827337,1.0,7.0,0,0,0,0.18118491802831008,0.13317184104535051
rsrp,21,21,0.16666666666666666,0.14285714285714285,705.2975441600923,0.0,705.2975441600923,0.3051255722560667,0.3051255722560667,2.7836238699967315,2.7836238699967315,1.0,7.0,0,0,0,0.2686876844870932,0.1955780367794606
rsrp,22,22,0.19047619047619047,0.09523809523809523,695.5289820394702,0.0,695.5289820394702,0.3147497713896846,0.3147497713896846,2.9945668770954605,2.9945668770954605,1.0,7.0,0,0,0,0.25060847205921094,0.1702051481544679
rsrp,23,23,0.30952380952380953,0.35714285714285715,707.9328885559696,0.0,707.9328885559696,0.30252917383648315,0.30252917383648315,1.6537933095691508,1.6537933095691508,1.0,7.0,0,0,0,0.27988801153369514,0.20242308715836238
sinr,0,0,0.11904761904761904,0.11904761904761904,679.3229724793714,0.0,679.3229724793714,0.3307162832715553,0.3307162832715553,2.8147624419466637,2.8147624419466637,1.0,7.0,0,0,0,0.1695636044175552,0.12811161682953637
sinr,1,1,0.42857142857142855,0.40476190476190477,700.6940953916042,0.0,700.6940953916042,0.3096609897619664,0.3096609897619664,1.7011632110001904,1.7011632110001904,1.0,7.0,0,0,0,0.2812108738832385,0.18362102699117974
sinr,2,2,0.21428571428571427,0.16666666666666666,684.0498128590535,0.0,684.0498128590535,0.3260592976758093,0.3260592976758093,3.090042509083363,3.090042509083363,1.0,7.0,0,0,0,0.18065699588404682,0.1403891243092298
sinr,3,3,0.2857142857142857,0.2857142857142857,680.1729747818233,0.0,680.1729747818233,0.3298788425794844,0.3298788425794844,1.7704836478496921,1.7704836478496921,1.0,7.0,0,0,0,0.21943867629441094,0.13031941501772276
sinr,4,4,0.14285714285714285,0.14285714285714285,673.2636726549978,0.0,673.2636726549978,0.33668603679310566,0.33668603679310566,2.8987215576317604,2.8987215576317604,1.0,7.0,0,0,0,0.14239663454005047,0.11237317572726695
sinr,5,5,0.2619047619047619,0.14285714285714285,670.9818780089324,0.0,670.9818780089324,0.33893411033602716,0.33893411033602716,3.1637531440735978,3.1637531440735978,1.0,7.0,0,0,0,0.1442478120837324,0.10644643638683747
sinr,6,6,0.14285714285714285,0.14285714285714285,705.6257423165569,0.0,705.6257423165569,0.3048022243186632,0.3048022243186632,3.3492014881259164,3.3492014881259164,1.0,7.0,0,0,0,0.2493030414153578,0.19643049952352445
sinr,7,7,0.23809523809523808,0.19047619047619047,675.2984542665322,0.0,675.2984542665322,0.3346813258457811,0.3346813258457811,2.577549214659084,2.577549214659084,1.0,7.0,0,0,0,0.14527031820765213,0.11765832277021344
sinr,8,8,0.14285714285714285,0.14285714285714285,706.7538969910947,0.0,706.7538969910947,0.30369074188069484,0.30369074188069484,3.068692702777531,3.068692702777531,1.0,7.0,0,0,0,0.24971798819406693,0.19936077140544076
sinr,9,9,0.11904761904761904,0.11904761904761904,670.0235459493323,0.0,670.0235459493323,0.3398782798528746,0.3398782798528746,2.6889650042920845,2.6889650042920845,1.0,7.0,0,0,0,0.1839702219124293,0.10395726220605783
sinr,10,10,0.07142857142857142,0.09523809523809523,692.3213194444915,0.0,692.3213194444915,0.3179100301039493,0.3179100301039493,2.7738462849139456,2.7738462849139456,1.0,7.0,0,0,0,0.2187975233314472,0.16187355699867895
sinr,11,11,0.2857142857142857,0.2857142857142857,684.4643935491865,0.0,684.4643935491865,0.3256508437939049,0.3256508437939049,1.648032792515581,1.648032792515581,1.0,7.0,0,0,0,0.1584284718056181,0.1414659572706144
sinr,12,12,0.14285714285714285,0.14285714285714285,682.6400708754501,0.0,682.6400708754501,0.32744820603403935,0.32744820603403935,2.828341589112343,2.828341589112343,1.0,7.0,0,0,0,0.18641640450323244,0.1367274568193508
sinr,13,13,0.16666666666666666,0.19047619047619047,666.8936536762571,0.0,666.8936536762571,0.3429619175603378,0.3429619175603378,2.860437609121452,2.860437609121452,1.0,7.0,0,0,0,0.1585385253965481,0.09582767188638197
sinr,14,14,0.19047619047619047,0.14285714285714285,681.491340878419,0.0,681.491340878419,0.32857995972569554,0.32857995972569554,2.7828461230286883,2.7828461230286883,1.0,7.0,0,0,0,0.1828953839963514,0.1337437425413479
sinr,15,15,0.07142857142857142,0.047619047619047616,663.9894810251454,0.0,663.9894810251454,0.3458231714037976,0.3458231714037976,2.7771359877661124,2.7771359877661124,1.0,7.0,0,0,0,0.1307565754268306,0.08828436629907908
sinr,16,16,0.23809523809523808,0.2857142857142857,673.2719249431982,0.0,673.2719249431982,0.33667790645990325,0.33667790645990325,1.691601605098147,1.691601605098147,1.0,7.0,0,0,0,0.2030876375844618,0.11239461024207323
sinr,17,17,0.35714285714285715,0.30952380952380953,698.6760995123149,0.0,698.6760995123149,0.3116491630420543,0.3116491630420543,1.6966988597277781,1.6966988597277781,1.0,7.0,0,0,0,0.2540181490653479,0.17837947925276612
sinr,18,18,0.07142857142857142,0.09523809523809523,693.9337167346257,0.0,693.9337167346257,0.31632146134519634,0.31632146134519634,2.8627472449126365,2.8627472449126365,1.0,7.0,0,0,0,0.21488628231968243,0.16606160190811878
sinr,19,19,0.30952380952380953,0.3333333333333333,696.5566861444432,0.0,696.5566861444432,0.3137372550301052,0.3137372550301052,1.712952156935837,1.712952156935837,1.0,7.0,0,0,0,0.21120398633447005,0.17287450946608668
sinr,20,20,0.14285714285714285,0.14285714285714285,681.2711588024599,0.0,681.2711588024599,0.32879688787934985,0.32879688787934985,2.9092888615827337,2.9092888615827337,1.0,7.0,0,0,0,0.18118491802831008,0.13317184104535051
sinr,21,21,0.16666666666666666,0.14285714285714285,705.2975441600923,0.0,705.2975441600923,0.3051255722560667,0.3051255722560667,2.7836238699967315,2.7836238699967315,1.0,7.0,0,0,0,0.2686876844870932,0.1955780367794606
sinr,22,22,0.19047619047619047,0.09523809523809523,695.5289820394702,0.0,695.5289820394702,0.3147497713896846,0.3147497713896846,2.9945668770954605,2.9945668770954605,1.0,7.0,0,0,0,0.25060847205921094,0.1702051481544679
sinr,23,23,0.30952380952380953,0.35714285714285715,707.9328885559696,0.0,707.9328885559696,0.30252917383648315,0.30252917383648315,1.6537933095691508,1.6537933095691508,1.0,7.0,0,0,0,0.27988801153369514,0.20242308715836238
load_aware,0,0,0.14285714285714285,0.14285714285714285,680.0531881041547,0.0,680.0531881041547,0.329996859010685,0.329996859010685,2.8188629938973495,2.8188629938973495,1.0,7.0,0,0,0,0.1695636044175552,0.1300082807900124
load_aware,1,1,0.40476190476190477,0.40476190476190477,710.5645621643524,0.0,710.5645621643524,0.299936391956303,0.299936391956303,1.7392136839487982,1.7392136839487982,1.0,7.0,0,0,0,0.23643933636508888,0.209258603024292
load_aware,2,2,0.16666666666666666,0.16666666666666666,687.2791752195028,0.0,687.2791752195028,0.32287765988226325,0.32287765988226325,3.109351379699475,3.109351379699475,1.0,7.0,0,0,0,0.17184952437086648,0.14877707849221486
load_aware,3,3,0.2857142857142857,0.2857142857142857,682.9932598757835,0.0,682.9932598757835,0.3271002365755828,0.3271002365755828,1.7819712458942882,1.7819712458942882,1.0,7.0,0,0,0,0.21943867629441094,0.13764483084619078
load_aware,4,4,0.14285714285714285,0.14285714285714285,675.8329377017074,0.0,675.8329377017074,0.3341547411805839,0.3341547411805839,2.913599605314588,2.913599605314588,1.0,7.0,0,0,0,0.14897897235182805,0.11904659143300622
load_aware,5,5,0.14285714285714285,0.14285714285714285,673.8314512037858,0.0,673.8314512037858,0.33612664906030953,0.33612664906030953,3.181436064787562,3.181436064787562,1.0,7.0,0,0,0,0.1442478120837324,0.11384792520463842
load_aware,6,6,0.14285714285714285,0.14285714285714285,705.8414904793511,0.0,705.8414904793511,0.3045896645523634,0.3045896645523634,3.3505312755392906,3.3505312755392906,1.0,7.0,0,0,0,0.2550714324564268,0.19699088436195078
load_aware,7,7,0.19047619047619047,0.19047619047619047,677.2094775817582,0.0,677.2094775817582,0.33279854425442545,0.33279854425442545,2.5876733011535626,2.5876733011535626,1.0,7.0,0,0,0,0.14527031820765213,0.12262201969287836
load_aware,8,8,0.14285714285714285,0.14285714285714285,717.7722099584918,0.0,717.7722099584918,0.29283526112463865,0.29283526112463865,3.1321237355008384,3.1321237355008384,1.0,7.0,0,0,0,0.2556785112394182,0.22797976612595258
load_aware,9,9,0.14285714285714285,0.14285714285714285,679.1435601655062,0.0,679.1435601655062,0.33089304417191506,0.33089304417191506,2.7391772893461024,2.7391772893461024,1.0,7.0,0,0,0,0.1745720061338199,0.12764561081949663
load_aware,10,10,0.09523809523809523,0.09523809523809523,694.2386836465475,0.0,694.2386836465475,0.3160210013334507,0.3160210013334507,2.784297844858051,2.784297844858051,1.0,7.0,0,0,0,0.19459857087323337,0.1668537237572664
load_aware,11,11,0.2857142857142857,0.2857142857142857,684.4643935491865,0.0,684.4643935491865,0.3256508437939049,0.3256508437939049,1.648032792515581,1.648032792515581,1.0,7.0,0,0,0,0.1584284718056181,0.1414659572706144
load_aware,12,12,0.14285714285714285,0.14285714285714285,688.3435466725962,0.0,688.3435466725962,0.3218290180565555,0.3218290180565555,2.860327484063848,2.860327484063848,1.0,7.0,0,0,0,0.17509856386983258,0.15154167966908114
load_aware,13,13,0.21428571428571427,0.21428571428571427,674.2062464520541,0.0,674.2062464520541,0.3357573926580748,0.3357573926580748,2.9027679087370792,2.9027679087370792,1.0,7.0,0,0,0,0.1387383576216898,0.11482141935598447
load_aware,14,14,0.11904761904761904,0.11904761904761904,683.2275840631067,0.0,683.2275840631067,0.326869375307284,0.326869375307284,2.7924837228129573,2.7924837228129573,1.0,7.0,0,0,0,0.16202189728955227,0.13825346509897857
load_aware,15,15,0.07142857142857142,0.07142857142857142,670.9742921251246,0.0,670.9742921251246,0.3389415841131777,0.3389415841131777,2.8168694204896956,2.8168694204896956,1.0,7.0,0,0,0,0.14260999261069957,0.10642673279253138
load_aware,16,16,0.2619047619047619,0.2619047619047619,679.9119057051831,0.0,679.9119057051831,0.3301360534924304,0.3301360534924304,1.718146871898463,1.718146871898463,1.0,7.0,0,0,0,0.16879456848427604,0.12964131351995606
load_aware,17,17,0.30952380952380953,0.30952380952380953,696.9503012191097,0.0,696.9503012191097,0.31334945692698546,0.31334945692698546,1.6900377498191166,1.6900377498191166,1.0,7.0,0,0,0,0.2758124136843272,0.17389688628340225
load_aware,18,18,0.07142857142857142,0.07142857142857142,705.9088980390165,0.0,705.9088980390165,0.3045232531635305,0.3045232531635305,2.929406491286386,2.929406491286386,1.0,7.0,0,0,0,0.23523845497315582,0.19716596893251032
load_aware,19,19,0.2857142857142857,0.2857142857142857,701.4272417715986,0.0,701.4272417715986,0.30893867805753833,0.30893867805753833,1.7319220191983133,1.7319220191983133,1.0,7.0,0,0,0,0.21120398633447005,0.1855253033028536
load_aware,20,20,0.16666666666666666,0.16666666666666666,684.8609774576435,0.0,684.8609774576435,0.32526012073138577,0.32526012073138577,2.9298880575159347,2.9298880575159347,1.0,7.0,0,0,0,0.17620924501777044,0.14249604534452845
load_aware,21,21,0.14285714285714285,0.14285714285714285,720.6869745382355,0.0,720.6869745382355,0.2899635718835118,0.2899635718835118,2.8661816735883154,2.8661816735883154,1.0,7.0,0,0,0,0.2689116106588205,0.23555058321619618
load_aware,22,22,0.09523809523809523,0.09523809523809523,696.0575058856111,0.0,696.0575058856111,0.3142290582407772,0.3142290582407772,2.997602298916934,2.997602298916934,1.0,7.0,0,0,0,0.25060847205921094,0.17157793736522345
load_aware,23,23,0.35714285714285715,0.35714285714285715,722.7788508334952,0.0,722.7788508334952,0.2879026100162609,0.2879026100162609,1.7094456404653422,1.7094456404653422,1.0,7.0,0,0,0,0.2955813654338707,0.24098402813894862
rsrp_sleep,0,0,0.0,0.0,257.4100219870003,0.0,257.4100219870003,0.7463940670078815,0.7463940670078815,0.4454951824649094,0.4454951824649094,1.0,2.0,0,0,0,0.34474427240751826,0.3400911089727301
rsrp_sleep,1,1,0.40476190476190477,0.38095238095238093,263.84390066206157,140.0,403.84390066206157,0.7400552702836832,0.6021242358009247,0.01711352015438866,0.556811017289253,1.0,2.0,4,2,2,0.4082432653865644,0.3985809151096507
rsrp_sleep,2,2,0.0,0.0,253.13835820346395,140.0,393.13835820346395,0.750602602755208,0.6126715682724494,0.51355446090162,1.350636703316698,1.0,2.0,4,2,2,0.321031335101035,0.30125780184967227
rsrp_sleep,3,3,0.0,0.0,249.03634625608473,70.0,319.0363462560847,0.7546439938363697,0.6856784765949905,0.01437597582295858,0.2995002935183005,1.0,2.0,2,1,1,0.29761617301014603,0.2639667841462247
rsrp_sleep,4,4,0.0,0.0,188.25075609297488,105.0,293.2507560929749,0.8145312747852465,0.7110829989231775,0.09011864270932234,0.698150503298223,1.0,1.0,3,1,2,0.9136501107813617,0.9136501107813617
rsrp_sleep,5,5,1.0,1.0,161.14833295628063,0.0,161.14833295628063,0.8412331695012013,0.8412331695012013,0.0,0.0,1.0,1.0,0,0,0,0.4208787810232838,0.4208787810232838
rsrp_sleep,6,6,0.0,0.0,255.38174943474687,105.0,360.3817494347469,0.7483923650889193,0.6449440892268503,0.5740733622265121,1.2212523536759943,1.0,2.0,3,2,1,0.3741962476049069,0.321652267588608
rsrp_sleep,7,7,1.0,1.0,188.76007393538637,105.0,293.76007393538634,0.8140294838075012,0.7105812079454322,0.0,0.5562617020161904,1.0,1.0,3,1,2,0.9229104351888432,0.9229104351888432
rsrp_sleep,8,8,0.0,0.0,258.05645148074524,105.0,363.05645148074524,0.7457571906593643,0.6423089147972953,0.4855983186147211,1.0900700245514536,1.0,2.0,3,2,1,0.3674304295126545,0.34596774073404785
rsrp_sleep,9,9,0.0,0.0,187.53007168322276,105.0,292.5300716832228,0.81524130868648,0.7117930328244111,0.032488896657534176,0.6105899616012429,1.0,1.0,3,1,2,0.9005467578767773,0.9005467578767773
rsrp_sleep,10,10,0.0,0.0,244.1897792625978,105.0,349.18977926259777,0.7594189366870958,0.6559706608250269,0.3310794646964464,0.9034348852025093,1.0,2.0,3,2,1,0.2322772657148253,0.2199070842054346
rsrp_sleep,11,11,0.9761904761904762,0.9761904761904762,256.96363988141474,140.0,396.96363988141474,0.7468338523335815,0.6089028178508229,-0.005867724744906085,0.535759559955537,1.0,2.0,4,2,2,0.3607574417177381,0.3360330898310431
rsrp_sleep,12,12,0.0,0.0,244.29518947163024,0.0,244.29518947163024,0.7593150842644038,0.7593150842644038,0.37004180354504906,0.37004180354504906,1.0,2.0,0,0,0,0.2327549584774367,0.220865358833002
rsrp_sleep,13,13,0.0,0.0,238.6706764619068,0.0,238.6706764619068,0.76485647639221,0.76485647639221,0.3815894791154855,0.3815894791154855,1.0,2.0,0,0,0,0.1711006851589525,0.169733422380971
rsrp_sleep,14,14,1.0,1.0,180.15306959744677,105.0,285.1530695974468,0.8225092910369982,0.7190610151749293,0.0,0.582837695936146,1.0,1.0,3,1,2,0.766419447226305,0.766419447226305
rsrp_sleep,15,15,0.0,0.0,243.62828950904623,105.0,348.6282895090462,0.7599721285625161,0.6565238527004471,0.38589120195365095,0.9831887345939647,1.0,2.0,3,2,1,0.2373431774803749,0.21480263190042026
rsrp_sleep,16,16,0.9761904761904762,1.0,250.13803070556867,140.0,390.13803070556867,0.7535585904378633,0.6156275559551048,0.0,0.5596909818355073,1.0,2.0,4,2,2,0.27444685581048905,0.27398209732335166
rsrp_sleep,17,17,0.35714285714285715,0.38095238095238093,258.8056259740719,70.0,328.8056259740719,0.7450190877102739,0.6760535704688946,-0.0010809916890365972,0.2690998837018744,1.0,2.0,2,1,1,0.3792058991238451,0.35277841794610837
rsrp_sleep,18,18,0.0,0.0,257.75267788004163,70.0,327.75267788004163,0.7460564749950329,0.6770909577536536,0.43476735938849814,0.8244188500470621,1.0,2.0,2,1,1,0.3511758433330778,0.3432061625458329
rsrp_sleep,19,19,0.0,0.0,256.6140865273689,70.0,326.6140865273689,0.7471782398745134,0.678212722633134,-0.0005382858385491123,0.27209803330537213,1.0,2.0,2,1,1,0.34802230797261247,0.33285533206698986
rsrp_sleep,20,20,0.0,0.0,241.96293871280878,70.0,311.96293871280875,0.7616128682632426,0.6926473510218633,0.38843837582750385,0.7901142970448563,1.0,2.0,2,1,1,0.23376389314094836,0.1996630792073525
rsrp_sleep,21,21,0.0,0.0,259.5878621216944,140.0,399.5878621216944,0.7442484117027642,0.6063173772200056,0.3925794008749901,1.143620356831171,1.0,2.0,4,2,2,0.37998101142766305,0.3598896556517672
rsrp_sleep,22,22,0.0,0.0,256.11983541209645,140.0,396.11983541209645,0.7476651867861118,0.6097341523033533,0.4709492163854114,1.2749981880810703,1.0,2.0,4,2,2,0.3408137211037891,0.328362140109968
rsrp_sleep,23,23,0.0,0.0,269.0295315508489,140.0,409.0295315508489,0.7349462743341391,0.5970152398513804,0.008497814478526449,0.5333089503158858,1.0,2.0,4,2,2,0.46408366643345683,0.4457230140986266
sinr_sleep,0,0,0.0,0.0,257.4100219870003,0.0,257.4100219870003,0.7463940670078815,0.7463940670078815,0.4454951824649094,0.4454951824649094,1.0,2.0,0,0,0,0.34474427240751826,0.3400911089727301
sinr_sleep,1,1,0.40476190476190477,0.38095238095238093,263.84390066206157,140.0,403.84390066206157,0.7400552702836832,0.6021242358009247,0.01711352015438866,0.556811017289253,1.0,2.0,4,2,2,0.4082432653865644,0.3985809151096507
sinr_sleep,2,2,0.0,0.0,253.13835820346395,140.0,393.13835820346395,0.750602602755208,0.6126715682724494,0.51355446090162,1.350636703316698,1.0,2.0,4,2,2,0.321031335101035,0.30125780184967227
sinr_sleep,3,3,0.0,0.0,249.03634625608473,70.0,319.0363462560847,0.7546439938363697,0.6856784765949905,0.01437597582295858,0.2995002935183005,1.0,2.0,2,1,1,0.29761617301014603,0.2639667841462247
sinr_sleep,4,4,0.0,0.0,188.25075609297488,105.0,293.2507560929749,0.8145312747852465,0.7110829989231775,0.09011864270932234,0.698150503298223,1.0,1.0,3,1,2,0.9136501107813617,0.9136501107813617
sinr_sleep,5,5,1.0,1.0,161.14833295628063,0.0,161.14833295628063,0.8412331695012013,0.8412331695012013,0.0,0.0,1.0,1.0,0,0,0,0.4208787810232838,0.4208787810232838
sinr_sleep,6,6,0.0,0.0,255.38174943474687,105.0,360.3817494347469,0.7483923650889193,0.6449440892268503,0.5740733622265121,1.2212523536759943,1.0,2.0,3,2,1,0.3741962476049069,0.321652267588608
sinr_sleep,7,7,1.0,1.0,188.76007393538637,105.0,293.76007393538634,0.8140294838075012,0.7105812079454322,0.0,0.5562617020161904,1.0,1.0,3,1,2,0.9229104351888432,0.9229104351888432
sinr_sleep,8,8,0.0,0.0,258.05645148074524,105.0,363.05645148074524,0.7457571906593643,0.6423089147972953,0.4855983186147211,1.0900700245514536,1.0,2.0,3,2,1,0.3674304295126545,0.34596774073404785
sinr_sleep,9,9,0.0,0.0,187.53007168322276,105.0,292.5300716832228,0.81524130868648,0.7117930328244111,0.032488896657534176,0.6105899616012429,1.0,1.0,3,1,2,0.9005467578767773,0.9005467578767773
sinr_sleep,10,10,0.0,0.0,244.1897792625978,105.0,349.18977926259777,0.7594189366870958,0.6559706608250269,0.3310794646964464,0.9034348852025093,1.0,2.0,3,2,1,0.2322772657148253,0.2199070842054346
sinr_sleep,11,11,0.9761904761904762,0.9761904761904762,256.96363988141474,140.0,396.96363988141474,0.7468338523335815,0.6089028178508229,-0.005867724744906085,0.535759559955537,1.0,2.0,4,2,2,0.3607574417177381,0.3360330898310431
sinr_sleep,12,12,0.0,0.0,244.29518947163024,0.0,244.29518947163024,0.7593150842644038,0.7593150842644038,0.37004180354504906,0.37004180354504906,1.0,2.0,0,0,0,0.2327549584774367,0.220865358833002
sinr_sleep,13,13,0.0,0.0,238.6706764619068,0.0,238.6706764619068,0.76485647639221,0.76485647639221,0.3815894791154855,0.3815894791154855,1.0,2.0,0,0,0,0.1711006851589525,0.169733422380971
sinr_sleep,14,14,1.0,1.0,180.15306959744677,105.0,285.1530695974468,0.8225092910369982,0.7190610151749293,0.0,0.582837695936146,1.0,1.0,3,1,2,0.766419447226305,0.766419447226305
sinr_sleep,15,15,0.0,0.0,243.62828950904623,105.0,348.6282895090462,0.7599721285625161,0.6565238527004471,0.38589120195365095,0.9831887345939647,1.0,2.0,3,2,1,0.2373431774803749,0.21480263190042026
sinr_sleep,16,16,0.9761904761904762,1.0,250.13803070556867,140.0,390.13803070556867,0.7535585904378633,0.6156275559551048,0.0,0.5596909818355073,1.0,2.0,4,2,2,0.27444685581048905,0.27398209732335166
sinr_sleep,17,17,0.35714285714285715,0.38095238095238093,258.8056259740719,70.0,328.8056259740719,0.7450190877102739,0.6760535704688946,-0.0010809916890365972,0.2690998837018744,1.0,2.0,2,1,1,0.3792058991238451,0.35277841794610837
sinr_sleep,18,18,0.0,0.0,257.75267788004163,70.0,327.75267788004163,0.7460564749950329,0.6770909577536536,0.43476735938849814,0.8244188500470621,1.0,2.0,2,1,1,0.3511758433330778,0.3432061625458329
sinr_sleep,19,19,0.0,0.0,256.6140865273689,70.0,326.6140865273689,0.7471782398745134,0.678212722633134,-0.0005382858385491123,0.27209803330537213,1.0,2.0,2,1,1,0.34802230797261247,0.33285533206698986
sinr_sleep,20,20,0.0,0.0,241.96293871280878,70.0,311.96293871280875,0.7616128682632426,0.6926473510218633,0.38843837582750385,0.7901142970448563,1.0,2.0,2,1,1,0.23376389314094836,0.1996630792073525
sinr_sleep,21,21,0.0,0.0,259.5878621216944,140.0,399.5878621216944,0.7442484117027642,0.6063173772200056,0.3925794008749901,1.143620356831171,1.0,2.0,4,2,2,0.37998101142766305,0.3598896556517672
sinr_sleep,22,22,0.0,0.0,256.11983541209645,140.0,396.11983541209645,0.7476651867861118,0.6097341523033533,0.4709492163854114,1.2749981880810703,1.0,2.0,4,2,2,0.3408137211037891,0.328362140109968
sinr_sleep,23,23,0.0,0.0,269.0295315508489,140.0,409.0295315508489,0.7349462743341391,0.5970152398513804,0.008497814478526449,0.5333089503158858,1.0,2.0,4,2,2,0.46408366643345683,0.4457230140986266
load_sleep,0,0,0.0,0.0,258.6175551353578,0.0,258.6175551353578,0.7452043791769873,0.7452043791769873,0.4522761280362735,0.4522761280362735,1.0,2.0,0,0,0,0.37006844586409343,0.3510686830487074
load_sleep,1,1,1.0,1.0,259.40457523562606,140.0,399.40457523562606,0.7444289899156394,0.6064979554328808,0.0,0.5396974971348644,1.0,2.0,4,2,2,0.36489100504487737,0.3582234112329642
load_sleep,2,2,0.0,0.0,258.100990729897,140.0,398.100990729897,0.7457133096257174,0.6077822751429587,0.5432268292123955,1.3803090716274733,1.0,2.0,4,2,2,0.3509299070158506,0.3463726429990637
load_sleep,3,3,0.3333333333333333,0.3333333333333333,248.9228324062958,140.0,388.9228324062958,0.7547558301415804,0.6168247956588219,0.013913610694815207,0.5841622460854993,1.0,2.0,4,2,2,0.26456857202847434,0.26293484005723455
load_sleep,4,4,0.0,0.0,174.603239008466,35.0,209.603239008466,0.8279771044251566,0.793494345804467,0.011088878849200992,0.2137661657121679,1.0,1.0,1,0,1,0.6655134365175638,0.6655134365175638
load_sleep,5,5,1.0,1.0,161.14833295628063,70.0,231.14833295628063,0.8412331695012013,0.772267652259822,0.0,0.4343824023236463,1.0,1.0,2,1,1,0.4208787810232838,0.4208787810232838
load_sleep,6,6,0.0,0.0,267.70483694388776,105.0,372.70483694388776,0.7362513921735095,0.6328031163114406,0.6500280607570789,1.2972070522065609,1.0,2.0,3,2,1,0.43880950700011406,0.43368033585352495
load_sleep,7,7,1.0,1.0,188.76007393538637,105.0,293.76007393538634,0.8140294838075012,0.7105812079454322,0.0,0.5562617020161904,1.0,1.0,3,1,2,0.9229104351888432,0.9229104351888432
load_sleep,8,8,0.0,0.0,258.13644684033227,105.0,363.13644684033227,0.7456783774972096,0.6422301016351406,0.48605884177164105,1.0905305477083735,1.0,2.0,3,2,1,0.34740177368651365,0.346694971275748
load_sleep,9,9,0.0,0.0,244.5292469863183,70.0,314.5292469863183,0.7590844857277652,0.6901189684863859,0.3463106485016548,0.7317113584641272,1.0,2.0,2,1,1,0.2253385332531439,0.2229931544210756
load_sleep,10,10,0.0,0.0,244.56479389779167,70.0,314.5647938977917,0.7590494641401068,0.6900839468987274,0.3331236709747542,0.7146939513121295,1.0,2.0,2,1,1,0.2421026581063877,0.22331630816174217
load_sleep,11,11,1.0,1.0,258.4803313175583,140.0,398.4803313175583,0.7453395750565929,0.6074085405738342,0.0,0.5416272847004431,1.0,2.0,4,2,2,0.35118396175957745,0.3498211937959843
load_sleep,12,12,0.0,0.0,244.54260091035883,0.0,244.54260091035883,0.7590713291523559,0.7590713291523559,0.3714293217129938,0.3714293217129938,1.0,2.0,0,0,0,0.2368937569105235,0.22311455373053468
load_sleep,13,13,0.0,0.0,238.6706764619068,0.0,238.6706764619068,0.76485647639221,0.76485647639221,0.3815894791154855,0.3815894791154855,1.0,2.0,0,0,0,0.1711006851589525,0.169733422380971
load_sleep,14,14,0.0,0.0,256.20625094842944,70.0,326.20625094842944,0.7475800483266705,0.6786145310852912,0.42215867606876756,0.8107171400261981,1.0,2.0,2,1,1,0.33173736244582763,0.32914773589481305
load_sleep,15,15,0.0,0.0,242.69596265772086,70.0,312.6959626577209,0.7608906771845114,0.6919251599431321,0.3805876159735466,0.7787859710670892,1.0,2.0,2,1,1,0.2100969762854106,0.20632693325200782
load_sleep,16,16,0.0,0.0,252.72514782196546,140.0,392.7251478219655,0.7510097065793443,0.6130786720965857,0.01034275799285407,0.5700337398283615,1.0,2.0,4,2,2,0.3030567766489911,0.29750134383604976
load_sleep,17,17,0.38095238095238093,0.38095238095238093,262.065731362767,70.0,332.065731362767,0.7418071612189487,0.6728416439775695,0.01150212442216716,0.28168299981307815,1.0,2.0,2,1,1,0.40075146698254627,0.38241573966151843
load_sleep,18,18,0.0,0.0,255.49625816245475,70.0,325.49625816245475,0.7482795486084189,0.6793140313670396,0.42220711215265383,0.8118586028112177,1.0,2.0,2,1,1,0.3377964934082533,0.3226932560223158
load_sleep,19,19,0.0,0.0,262.6364972274631,70.0,332.6364972274631,0.7412448303177703,0.672279313076391,0.022917826813545913,0.29555414595746715,1.0,2.0,2,1,1,0.3946776135651823,0.38760452024966446
load_sleep,20,20,0.0,0.0,247.71658227205717,70.0,317.71658227205717,0.7559442539191555,0.6869787366777762,0.4214540912134665,0.823130012430819,1.0,2.0,2,1,1,0.25880590296691103,0.2519689297459744
load_sleep,21,21,0.0,0.0,255.37965313339083,0.0,255.37965313339083,0.7483944304104524,0.7483944304104524,0.3700041344361408,0.3700041344361408,1.0,2.0,0,0,0,0.32541450065607597,0.32163321030355296
load_sleep,22,22,0.0,0.0,255.67600774786257,70.0,325.67600774786257,0.7481024554208251,0.6791369381794458,0.4684002222637161,0.8704247081115456,1.0,2.0,2,1,1,0.3286947655214969,0.3243273431623867
load_sleep,23,23,0.0,0.0,273.2959443151545,70.0,343.2959443151545,0.7307429120047739,0.6617773947633947,0.024491106826999464,0.2868966747456791,1.0,2.0,2,1,1,0.4970073093497861,0.48450858468322255
greedy_sleep,0,0,0.0,0.0,258.6175551353578,0.0,258.6175551353578,0.7452043791769873,0.7452043791769873,0.4522761280362735,0.4522761280362735,1.0,2.0,0,0,0,0.37006844586409343,0.3510686830487074
greedy_sleep,1,1,1.0,1.0,259.40457523562606,140.0,399.40457523562606,0.7444289899156394,0.6064979554328808,0.0,0.5396974971348644,1.0,2.0,4,2,2,0.36489100504487737,0.3582234112329642
greedy_sleep,2,2,0.0,0.0,258.100990729897,140.0,398.100990729897,0.7457133096257174,0.6077822751429587,0.5432268292123955,1.3803090716274733,1.0,2.0,4,2,2,0.3509299070158506,0.3463726429990637
greedy_sleep,3,3,0.3333333333333333,0.3333333333333333,248.9228324062958,140.0,388.9228324062958,0.7547558301415804,0.6168247956588219,0.013913610694815207,0.5841622460854993,1.0,2.0,4,2,2,0.26456857202847434,0.26293484005723455
greedy_sleep,4,4,0.0,0.0,174.603239008466,35.0,209.603239008466,0.8279771044251566,0.793494345804467,0.011088878849200992,0.2137661657121679,1.0,1.0,1,0,1,0.6655134365175638,0.6655134365175638
greedy_sleep,5,5,1.0,1.0,161.14833295628063,70.0,231.14833295628063,0.8412331695012013,0.772267652259822,0.0,0.4343824023236463,1.0,1.0,2,1,1,0.4208787810232838,0.4208787810232838
greedy_sleep,6,6,0.0,0.0,267.70483694388776,105.0,372.70483694388776,0.7362513921735095,0.6328031163114406,0.6500280607570789,1.2972070522065609,1.0,2.0,3,2,1,0.43880950700011406,0.43368033585352495
greedy_sleep,7,7,1.0,1.0,188.76007393538637,105.0,293.76007393538634,0.8140294838075012,0.7105812079454322,0.0,0.5562617020161904,1.0,1.0,3,1,2,0.9229104351888432,0.9229104351888432
greedy_sleep,8,8,0.0,0.0,258.13644684033227,105.0,363.13644684033227,0.7456783774972096,0.6422301016351406,0.48605884177164105,1.0905305477083735,1.0,2.0,3,2,1,0.34740177368651365,0.346694971275748
greedy_sleep,9,9,0.0,0.0,244.5292469863183,70.0,314.5292469863183,0.7590844857277652,0.6901189684863859,0.3463106485016548,0.7317113584641272,1.0,2.0,2,1,1,0.2253385332531439,0.2229931544210756
greedy_sleep,10,10,0.0,0.0,244.56479389779167,70.0,314.5647938977917,0.7590494641401068,0.6900839468987274,0.3331236709747542,0.7146939513121295,1.0,2.0,2,1,1,0.2421026581063877,0.22331630816174217
greedy_sleep,11,11,1.0,1.0,258.4803313175583,140.0,398.4803313175583,0.7453395750565929,0.6074085405738342,0.0,0.5416272847004431,1.0,2.0,4,2,2,0.35118396175957745,0.3498211937959843
greedy_sleep,12,12,0.0,0.0,244.54260091035883,0.0,244.54260091035883,0.7590713291523559,0.7590713291523559,0.3714293217129938,0.3714293217129938,1.0,2.0,0,0,0,0.2368937569105235,0.22311455373053468
greedy_sleep,13,13,0.0,0.0,238.6706764619068,0.0,238.6706764619068,0.76485647639221,0.76485647639221,0.3815894791154855,0.3815894791154855,1.0,2.0,0,0,0,0.1711006851589525,0.169733422380971
greedy_sleep,14,14,0.0,0.0,256.20625094842944,70.0,326.20625094842944,0.7475800483266705,0.6786145310852912,0.42215867606876756,0.8107171400261981,1.0,2.0,2,1,1,0.33173736244582763,0.32914773589481305
greedy_sleep,15,15,0.0,0.0,242.69596265772086,70.0,312.6959626577209,0.7608906771845114,0.6919251599431321,0.3805876159735466,0.7787859710670892,1.0,2.0,2,1,1,0.2100969762854106,0.20632693325200782
greedy_sleep,16,16,0.0,0.0,252.72514782196546,140.0,392.7251478219655,0.7510097065793443,0.6130786720965857,0.01034275799285407,0.5700337398283615,1.0,2.0,4,2,2,0.3030567766489911,0.29750134383604976
greedy_sleep,17,17,0.38095238095238093,0.38095238095238093,262.065731362767,70.0,332.065731362767,0.7418071612189487,0.6728416439775695,0.01150212442216716,0.28168299981307815,1.0,2.0,2,1,1,0.40075146698254627,0.38241573966151843
greedy_sleep,18,18,0.0,0.0,255.49625816245475,70.0,325.49625816245475,0.7482795486084189,0.6793140313670396,0.42220711215265383,0.8118586028112177,1.0,2.0,2,1,1,0.3377964934082533,0.3226932560223158
greedy_sleep,19,19,0.0,0.0,262.6364972274631,70.0,332.6364972274631,0.7412448303177703,0.672279313076391,0.022917826813545913,0.29555414595746715,1.0,2.0,2,1,1,0.3946776135651823,0.38760452024966446
greedy_sleep,20,20,0.0,0.0,247.71658227205717,70.0,317.71658227205717,0.7559442539191555,0.6869787366777762,0.4214540912134665,0.823130012430819,1.0,2.0,2,1,1,0.25880590296691103,0.2519689297459744
greedy_sleep,21,21,0.0,0.0,255.37965313339083,0.0,255.37965313339083,0.7483944304104524,0.7483944304104524,0.3700041344361408,0.3700041344361408,1.0,2.0,0,0,0,0.32541450065607597,0.32163321030355296
greedy_sleep,22,22,0.0,0.0,255.67600774786257,70.0,325.67600774786257,0.7481024554208251,0.6791369381794458,0.4684002222637161,0.8704247081115456,1.0,2.0,2,1,1,0.3286947655214969,0.3243273431623867
greedy_sleep,23,23,0.0,0.0,273.2959443151545,70.0,343.2959443151545,0.7307429120047739,0.6617773947633947,0.024491106826999464,0.2868966747456791,1.0,2.0,2,1,1,0.4970073093497861,0.48450858468322255
oracle,0,0,1.0,1.0,178.07739874169323,0.0,178.07739874169323,0.8245542869539968,0.8245542869539968,0.0,0.0,1.0,1.0,0,0,0,0.7286799771216954,0.7286799771216954
oracle,1,1,1.0,1.0,259.40457523562606,105.0,364.40457523562606,0.7444289899156394,0.6409807140535705,0.0,0.40477312285114825,1.0,2.0,3,2,1,0.36489100504487737,0.3582234112329642
oracle,2,2,1.0,1.0,167.24760472290515,105.0,272.2476047229052,0.8352240347557585,0.7317757588936895,0.0,0.6278116818113085,1.0,1.0,3,1,2,0.5317746313255483,0.5317746313255483
oracle,3,3,1.0,1.0,245.50694435960264,105.0,350.50694435960264,0.7581212370841354,0.6546729612220664,0.0,0.427686476543013,1.0,2.0,3,2,1,0.23755003250550585,0.23188131236002413
oracle,4,4,1.0,1.0,172.68831915864365,105.0,277.68831915864365,0.8298637249668535,0.7264154491047845,0.0,0.6080318605889007,1.0,1.0,3,1,2,0.6306967119753392,0.6306967119753392
oracle,5,5,1.0,1.0,161.14833295628063,70.0,231.14833295628063,0.8412331695012013,0.772267652259822,0.0,0.4343824023236463,1.0,1.0,2,1,1,0.4208787810232838,0.4208787810232838
oracle,6,6,1.0,1.0,162.24259654169597,0.0,162.24259654169597,0.8401550772988217,0.8401550772988217,0.0,0.0,1.0,1.0,0,0,0,0.4407744825762906,0.4407744825762906
oracle,7,7,1.0,1.0,188.76007393538637,70.0,258.76007393538634,0.8140294838075012,0.7450639665661218,0.0,0.37084113467746027,1.0,1.0,2,1,1,0.9229104351888432,0.9229104351888432
oracle,8,8,1.0,1.0,173.70540087940842,70.0,243.70540087940842,0.828861674010435,0.7598961567690558,0.0,0.402981137291155,1.0,1.0,2,1,1,0.649189106898335,0.649189106898335
oracle,9,9,1.0,1.0,181.62914128211156,0.0,181.62914128211156,0.8210550332195946,0.8210550332195946,0.0,0.0,1.0,1.0,0,0,0,0.7932571142202104,0.7932571142202104
oracle,10,10,1.0,1.0,183.45244272721573,70.0,253.45244272721573,0.8192586771160436,0.7502931598746643,0.0,0.38157028033737533,1.0,1.0,2,1,1,0.8264080495857404,0.8264080495857404
oracle,11,11,1.0,1.0,258.4803313175583,35.0,293.4803313175583,0.7453395750565929,0.7108568164359033,0.0,0.13540682117511077,1.0,2.0,1,1,0,0.35118396175957745,0.3498211937959843
oracle,12,12,1.0,1.0,178.31221561233,105.0,283.31221561232996,0.8243229402834188,0.7208746644213498,0.0,0.588854777219982,1.0,1.0,3,1,2,0.7329493747696362,0.7329493747696362
oracle,13,13,1.0,1.0,172.75079180156132,70.0,242.75079180156132,0.8298021755649643,0.7608366583235849,0.0,0.40520798353508525,1.0,1.0,2,1,1,0.6318325782102057,0.6318325782102057
oracle,14,14,1.0,1.0,180.15306959744677,70.0,250.15306959744677,0.8225092910369982,0.7535437737956189,0.0,0.38855846395743054,1.0,1.0,2,1,1,0.766419447226305,0.766419447226305
oracle,15,15,1.0,1.0,175.79178593933668,70.0,245.79178593933668,0.8268061222272545,0.7578406049858751,0.0,0.3981983550935425,1.0,1.0,2,1,1,0.6871233807152123,0.6871233807152123
oracle,16,16,1.0,1.0,250.13803070556867,105.0,355.13803070556867,0.7535585904378633,0.6501103145757944,0.0,0.41976823637663047,1.0,2.0,3,2,1,0.27444685581048905,0.27398209732335166
oracle,17,17,1.0,1.0,259.08569545760986,0.0,259.08569545760986,0.7447431571846208,0.7447431571846208,0.0,0.0,1.0,2.0,0,0,0,0.3681101014589899,0.3553245041600893
oracle,18,18,1.0,1.0,179.64771514588716,105.0,284.64771514588716,0.8230071771961703,0.7195589013341014,0.0,0.5844772359878458,1.0,1.0,3,1,2,0.7572311844706756,0.7572311844706756
oracle,19,19,1.0,1.0,256.7522926505177,105.0,361.7522926505177,0.7470420762063865,0.6435938003443176,0.0,0.4089544787158818,1.0,2.0,3,2,1,0.3364972596089951,0.33411175136834237
oracle,20,20,1.0,1.0,174.2698436785859,105.0,279.26984367858586,0.8283055727304572,0.7248572968683883,0.0,0.6025138818260286,1.0,1.0,3,1,2,0.6594517032470162,0.6594517032470162
oracle,21,21,1.0,1.0,186.4079433880677,70.0,256.4079433880677,0.8163468538048594,0.7473813365634802,0.0,0.37552047797809024,1.0,1.0,2,1,1,0.8801444252375946,0.8801444252375946
oracle,22,22,1.0,1.0,174.11874764885772,70.0,244.11874764885772,0.8284544358139333,0.759488918572554,0.0,0.4020244858478295,1.0,1.0,2,1,1,0.656704502706504,0.656704502706504
oracle,23,23,1.0,1.0,266.7626321926722,105.0,371.7626321926722,0.7371796727165791,0.6337313968545102,0.0,0.39360835187801946,1.0,2.0,3,2,1,0.4282544545869602,0.42511483811520134
flat_mlp,0,0,1.0,1.0,178.07739874169323,0.0,178.07739874169323,0.8245542869539968,0.8245542869539968,0.0,0.0,1.0,1.0,0,0,0,0.7286799771216954,0.7286799771216954
flat_mlp,1,1,0.0,0.2857142857142857,267.6624205595918,35.0,302.6624205595918,0.7362931817146879,0.7018104230939983,0.03183384609336538,0.16675822037708146,1.0,2.0,1,1,0,0.4373446801969708,0.43329473235992544
flat_mlp,2,2,1.0,1.0,167.24760472290515,35.0,202.24760472290515,0.8352240347557585,0.8007412761350687,0.0,0.20927056060376945,1.0,1.0,1,0,1,0.5317746313255483,0.5317746313255483
flat_mlp,3,3,0.0,0.0,246.86469434019344,35.0,281.8646943401934,0.7567835523741937,0.722300793753504,0.005530393383097352,0.14809255223076825,1.0,2.0,1,1,0,0.2618375429050088,0.24422449400175847
flat_mlp,4,4,0.0,0.0,188.25075609297488,35.0,223.25075609297488,0.8145312747852465,0.7800485161645568,0.09011864270932234,0.2927959295722892,1.0,1.0,1,0,1,0.9136501107813617,0.9136501107813617
flat_mlp,5,5,1.0,1.0,161.14833295628063,0.0,161.14833295628063,0.8412331695012013,0.8412331695012013,0.0,0.0,1.0,1.0,0,0,0,0.4208787810232838,0.4208787810232838
flat_mlp,6,6,1.0,1.0,162.24259654169597,0.0,162.24259654169597,0.8401550772988217,0.8401550772988217,0.0,0.0,1.0,1.0,0,0,0,0.4407744825762906,0.4407744825762906
flat_mlp,7,7,0.0,0.0,260.20768890340867,35.0,295.20768890340867,0.74363774492275,0.7091549863020604,0.3785102086391384,0.5639307759778687,1.0,2.0,1,1,0,0.3814651480563648,0.365524444576442
flat_mlp,8,8,1.0,1.0,173.70540087940842,35.0,208.70540087940842,0.828861674010435,0.7943789153897454,0.0,0.2014905686455775,1.0,1.0,1,0,1,0.649189106898335,0.649189106898335
flat_mlp,9,9,1.0,1.0,181.62914128211156,0.0,181.62914128211156,0.8210550332195946,0.8210550332195946,0.0,0.0,1.0,1.0,0,0,0,0.7932571142202104,0.7932571142202104
flat_mlp,10,10,0.0,0.0,257.3233592113089,35.0,292.3233592113089,0.7464794490528976,0.7119966904322079,0.4026706615944897,0.5934558017631774,1.0,2.0,1,1,0,0.3789123189820155,0.33930326555735346
flat_mlp,11,11,0.5714285714285714,0.40476190476190477,261.39142430115686,140.0,401.39142430115686,0.7424715031515696,0.6045404686688111,0.011262338487264299,0.5528896231877074,1.0,2.0,4,2,2,0.39919549339227123,0.37628567546506253
flat_mlp,12,12,1.0,1.0,178.31221561233,105.0,283.31221561232996,0.8243229402834188,0.7208746644213498,0.0,0.588854777219982,1.0,1.0,3,1,2,0.7329493747696362,0.7329493747696362
flat_mlp,13,13,0.0,0.0,187.49853832675984,0.0,187.49853832675984,0.8152723760327488,0.8152723760327488,0.08537006615946076,0.08537006615946076,1.0,1.0,0,0,0,0.8999734241229065,0.8999734241229065
flat_mlp,14,14,1.0,1.0,180.15306959744677,70.0,250.15306959744677,0.8225092910369982,0.7535437737956189,0.0,0.38855846395743054,1.0,1.0,2,1,1,0.766419447226305,0.766419447226305
flat_mlp,15,15,1.0,1.0,175.79178593933668,70.0,245.79178593933668,0.8268061222272545,0.7578406049858751,0.0,0.3981983550935425,1.0,1.0,2,1,1,0.6871233807152123,0.6871233807152123
flat_mlp,16,16,0.0,0.0,262.0765003686795,35.0,297.0765003686795,0.7417965513609069,0.7073137927402172,0.04772752719542796,0.18765027265430478,1.0,2.0,1,1,0,0.3962190385016481,0.3825136397152684
flat_mlp,17,17,0.0,0.0,275.24221956848294,70.0,345.24221956848294,0.7288253994399183,0.659859882198539,0.062359768965000686,0.3325406443559117,1.0,2.0,2,1,1,0.5384961747696064,0.5022019960771178
flat_mlp,18,18,0.0,0.0,277.1321989406337,70.0,347.1321989406337,0.7269633507974052,0.6579978335560258,0.5426424918100515,0.9322939824686155,1.0,2.0,2,1,1,0.55570953038743,0.5193836267330338
flat_mlp,19,19,0.0,0.0,285.0796424331012,70.0,355.0796424331012,0.7191333572087673,0.650167839967388,0.11032949108322745,0.38296581022714865,1.0,2.0,2,1,1,0.603871942383353,0.5916331130281925
flat_mlp,20,20,0.0,0.42857142857142855,245.29615690853672,0.0,245.29615690853672,0.7583289094497175,0.7583289094497175,0.4075651399616104,0.4075651399616104,1.0,2.0,0,0,0,0.25188846351026833,0.2299650628048794
flat_mlp,21,21,0.0,0.0,359.5228991149603,105.0,464.5228991149603,0.645790247177379,0.54234197131531,0.9286887274245523,1.491969444391688,1.0,3.0,3,2,1,0.3662950987415849,0.3486236309997593
flat_mlp,22,22,1.0,1.0,174.11874764885772,140.0,314.1187476488577,0.8284544358139333,0.6905234013311746,0.0,0.804048971695659,1.0,1.0,4,1,3,0.656704502706504,0.656704502706504
flat_mlp,23,23,0.0,0.0,273.2959443151545,105.0,378.2959443151545,0.7307429120047739,0.627294636142705,0.024491106826999464,0.4180994587050189,1.0,2.0,3,2,1,0.4970073093497861,0.48450858468322255
flat_mlp_pruned,0,0,1.0,1.0,178.07739874169323,0.0,178.07739874169323,0.8245542869539968,0.8245542869539968,0.0,0.0,1.0,1.0,0,0,0,0.7286799771216954,0.7286799771216954
flat_mlp_pruned,1,1,0.2857142857142857,0.2857142857142857,267.6624205595918,35.0,302.6624205595918,0.7362931817146879,0.7018104230939983,0.03183384609336538,0.16675822037708146,1.0,2.0,1,1,0,0.4373446801969708,0.43329473235992544
flat_mlp_pruned,2,2,1.0,1.0,167.24760472290515,35.0,202.24760472290515,0.8352240347557585,0.8007412761350687,0.0,0.20927056060376945,1.0,1.0,1,0,1,0.5317746313255483,0.5317746313255483
flat_mlp_pruned,3,3,0.0,0.0,246.86469434019344,35.0,281.8646943401934,0.7567835523741937,0.722300793753504,0.005530393383097352,0.14809255223076825,1.0,2.0,1,1,0,0.2618375429050088,0.24422449400175847
flat_mlp_pruned,4,4,0.0,0.0,188.25075609297488,35.0,223.25075609297488,0.8145312747852465,0.7800485161645568,0.09011864270932234,0.2927959295722892,1.0,1.0,1,0,1,0.9136501107813617,0.9136501107813617
flat_mlp_pruned,5,5,1.0,1.0,161.14833295628063,0.0,161.14833295628063,0.8412331695012013,0.8412331695012013,0.0,0.0,1.0,1.0,0,0,0,0.4208787810232838,0.4208787810232838
flat_mlp_pruned,6,6,1.0,1.0,162.24259654169597,0.0,162.24259654169597,0.8401550772988217,0.8401550772988217,0.0,0.0,1.0,1.0,0,0,0,0.4407744825762906,0.4407744825762906
flat_mlp_pruned,7,7,0.0,0.0,258.3860345516083,35.0,293.3860345516083,0.7454324782742775,0.7109497196535879,0.36885957482754156,0.5542801421662717,1.0,2.0,1,1,0,0.3619661465829919,0.3489639504691664
flat_mlp_pruned,8,8,1.0,1.0,173.70540087940842,35.0,208.70540087940842,0.828861674010435,0.7943789153897454,0.0,0.2014905686455775,1.0,1.0,1,0,1,0.649189106898335,0.649189106898335
flat_mlp_pruned,9,9,1.0,1.0,181.62914128211156,0.0,181.62914128211156,0.8210550332195946,0.8210550332195946,0.0,0.0,1.0,1.0,0,0,0,0.7932571142202104,0.7932571142202104
flat_mlp_pruned,10,10,0.0,0.0,250.12454843237026,35.0,285.12454843237026,0.753571873465645,0.7190891148449554,0.3634299152085563,0.5542150553772439,1.0,2.0,1,1,0,0.274527459266497,0.27385953120336604
flat_mlp_pruned,11,11,0.40476190476190477,0.40476190476190477,261.39142430115686,70.0,331.39142430115686,0.7424715031515696,0.6735059859101904,0.011262338487264299,0.28207598083748586,1.0,2.0,2,1,1,0.39919549339227123,0.37628567546506253
flat_mlp_pruned,12,12,1.0,1.0,178.31221561233,105.0,283.31221561232996,0.8243229402834188,0.7208746644213498,0.0,0.588854777219982,1.0,1.0,3,1,2,0.7329493747696362,0.7329493747696362
flat_mlp_pruned,13,13,0.0,0.0,187.49853832675984,0.0,187.49853832675984,0.8152723760327488,0.8152723760327488,0.08537006615946076,0.08537006615946076,1.0,1.0,0,0,0,0.8999734241229065,0.8999734241229065
flat_mlp_pruned,14,14,1.0,1.0,180.15306959744677,70.0,250.15306959744677,0.8225092910369982,0.7535437737956189,0.0,0.38855846395743054,1.0,1.0,2,1,1,0.766419447226305,0.766419447226305
flat_mlp_pruned,15,15,1.0,1.0,175.79178593933668,70.0,245.79178593933668,0.8268061222272545,0.7578406049858751,0.0,0.3981983550935425,1.0,1.0,2,1,1,0.6871233807152123,0.6871233807152123
flat_mlp_pruned,16,16,0.0,0.0,255.50689319665662,35.0,290.5068931966566,0.7482690707422103,0.7137863121215205,0.02146359942126317,0.16138634488014,1.0,2.0,1,1,0,0.3386305170127191,0.322789938151424
flat_mlp_pruned,17,17,0.0,0.0,275.24221956848294,0.0,275.24221956848294,0.7288253994399183,0.7288253994399183,0.062359768965000686,0.062359768965000686,1.0,2.0,0,0,0,0.5384961747696064,0.5022019960771178
flat_mlp_pruned,18,18,1.0,1.0,179.64771514588716,35.0,214.64771514588716,0.8230071771961703,0.7885244185754807,0.0,0.19482574532928196,1.0,1.0,1,0,1,0.7572311844706756,0.7572311844706756
flat_mlp_pruned,19,19,0.0,0.0,285.0796424331012,35.0,320.0796424331012,0.7191333572087673,0.6846505985880776,0.11032949108322745,0.24664765065518807,1.0,2.0,1,1,0,0.603871942383353,0.5916331130281925
flat_mlp_pruned,20,20,0.42857142857142855,0.42857142857142855,245.29615690853672,0.0,245.29615690853672,0.7583289094497175,0.7583289094497175,0.4075651399616104,0.4075651399616104,1.0,2.0,0,0,0,0.25188846351026833,0.2299650628048794
flat_mlp_pruned,21,21,1.0,1.0,186.4079433880677,105.0,291.4079433880677,0.8163468538048594,0.7128985779427904,0.0,0.5632807169671354,1.0,1.0,3,1,2,0.8801444252375946,0.8801444252375946
flat_mlp_pruned,22,22,1.0,1.0,174.11874764885772,70.0,244.11874764885772,0.8284544358139333,0.759488918572554,0.0,0.4020244858478295,1.0,1.0,2,1,1,0.656704502706504,0.656704502706504
flat_mlp_pruned,23,23,0.0,0.0,272.06742817126576,35.0,307.06742817126576,0.7319532727376692,0.6974705141169796,0.019885828592222498,0.15108861255156233,1.0,2.0,1,1,0,0.4902628488238949,0.47334025610241603
flat_mlp_stable,0,0,1.0,1.0,178.07739874169323,0.0,178.07739874169323,0.8245542869539968,0.8245542869539968,0.0,0.0,1.0,1.0,0,0,0,0.7286799771216954,0.7286799771216954
flat_mlp_stable,1,1,0.2857142857142857,0.2857142857142857,267.6624205595918,35.0,302.6624205595918,0.7362931817146879,0.7018104230939983,0.03183384609336538,0.16675822037708146,1.0,2.0,1,1,0,0.4373446801969708,0.43329473235992544
flat_mlp_stable,2,2,1.0,1.0,167.24760472290515,35.0,202.24760472290515,0.8352240347557585,0.8007412761350687,0.0,0.20927056060376945,1.0,1.0,1,0,1,0.5317746313255483,0.5317746313255483
flat_mlp_stable,3,3,0.0,0.0,246.86469434019344,35.0,281.8646943401934,0.7567835523741937,0.722300793753504,0.005530393383097352,0.14809255223076825,1.0,2.0,1,1,0,0.2618375429050088,0.24422449400175847
flat_mlp_stable,4,4,0.0,0.0,188.25075609297488,35.0,223.25075609297488,0.8145312747852465,0.7800485161645568,0.09011864270932234,0.2927959295722892,1.0,1.0,1,0,1,0.9136501107813617,0.9136501107813617
flat_mlp_stable,5,5,1.0,1.0,161.14833295628063,0.0,161.14833295628063,0.8412331695012013,0.8412331695012013,0.0,0.0,1.0,1.0,0,0,0,0.4208787810232838,0.4208787810232838
flat_mlp_stable,6,6,1.0,1.0,162.24259654169597,0.0,162.24259654169597,0.8401550772988217,0.8401550772988217,0.0,0.0,1.0,1.0,0,0,0,0.4407744825762906,0.4407744825762906
flat_mlp_stable,7,7,0.0,0.0,258.3860345516083,35.0,293.3860345516083,0.7454324782742775,0.7109497196535879,0.36885957482754156,0.5542801421662717,1.0,2.0,1,1,0,0.3619661465829919,0.3489639504691664
flat_mlp_stable,8,8,1.0,1.0,173.70540087940842,35.0,208.70540087940842,0.828861674010435,0.7943789153897454,0.0,0.2014905686455775,1.0,1.0,1,0,1,0.649189106898335,0.649189106898335
flat_mlp_stable,9,9,1.0,1.0,181.62914128211156,0.0,181.62914128211156,0.8210550332195946,0.8210550332195946,0.0,0.0,1.0,1.0,0,0,0,0.7932571142202104,0.7932571142202104
flat_mlp_stable,10,10,0.0,0.0,257.3233592113089,35.0,292.3233592113089,0.7464794490528976,0.7119966904322079,0.4026706615944897,0.5934558017631774,1.0,2.0,1,1,0,0.3789123189820155,0.33930326555735346
flat_mlp_stable,11,11,0.0,0.0,285.56258043579385,70.0,355.56258043579385,0.7186575562208928,0.6496920389795134,0.10477489323922065,0.37558853558944216,1.0,2.0,2,1,1,0.61002280349609,0.5960234585072168
flat_mlp_stable,12,12,1.0,1.0,178.31221561233,35.0,213.31221561233,0.8243229402834188,0.7898401816627291,0.0,0.19628492573999404,1.0,1.0,1,0,1,0.7329493747696362,0.7329493747696362
flat_mlp_stable,13,13,0.0,0.0,187.49853832675984,0.0,187.49853832675984,0.8152723760327488,0.8152723760327488,0.08537006615946076,0.08537006615946076,1.0,1.0,0,0,0,0.8999734241229065,0.8999734241229065
flat_mlp_stable,14,14,1.0,1.0,180.15306959744677,70.0,250.15306959744677,0.8225092910369982,0.7535437737956189,0.0,0.38855846395743054,1.0,1.0,2,1,1,0.766419447226305,0.766419447226305
flat_mlp_stable,15,15,0.0,0.0,245.41778886395502,35.0,280.417788863955,0.7582090750108818,0.7237263163901921,0.39607085480458865,0.5951700323513599,1.0,2.0,1,1,0,0.23127125413569413,0.23107080785413653
flat_mlp_stable,16,16,0.0,0.0,264.06764998226186,70.0,334.06764998226186,0.7398348276036829,0.6708693103623036,0.055687730639765856,0.3355332215575195,1.0,2.0,2,1,1,0.40636693846115074,0.4006149998387445
flat_mlp_stable,17,17,0.0,0.0,272.65437956959715,70.0,342.65437956959715,0.7313749954979338,0.6624094782565545,0.052371413589706754,0.3225522889806177,1.0,2.0,2,1,1,0.5088399504829137,0.4786761779054287
flat_mlp_stable,18,18,0.0,0.0,182.56912026009397,35.0,217.56912026009397,0.8201289455565577,0.785646186935868,0.016261855108117628,0.21108760043739958,1.0,1.0,1,0,1,0.8103476410926175,0.8103476410926175
flat_mlp_stable,19,19,0.35714285714285715,0.35714285714285715,259.07909145704417,35.0,294.07909145704417,0.7447496635891191,0.7102669049684295,0.009062426599997847,0.14538058617195845,1.0,2.0,1,1,0,0.37059769821626737,0.3552644677913107
flat_mlp_stable,20,20,0.5714285714285714,0.5714285714285714,258.04447490548256,70.0,328.04447490548256,0.7457689902409039,0.6768034729995246,0.48071788818153866,0.8823938093988911,1.0,2.0,2,1,1,0.363610410690466,0.3458588627771142
flat_mlp_stable,21,21,1.0,1.0,186.4079433880677,105.0,291.4079433880677,0.8163468538048594,0.7128985779427904,0.0,0.5632807169671354,1.0,1.0,3,1,2,0.8801444252375946,0.8801444252375946
flat_mlp_stable,22,22,1.0,1.0,174.11874764885772,70.0,244.11874764885772,0.8284544358139333,0.759488918572554,0.0,0.4020244858478295,1.0,1.0,2,1,1,0.656704502706504,0.656704502706504
flat_mlp_stable,23,23,0.0,0.0,283.509032589222,35.0,318.509032589222,0.720680756069732,0.6861979974490424,0.06277641009500362,0.19397919405434344,1.0,2.0,1,1,0,0.5945553928513391,0.5773548417201998
flat_mlp_search,0,0,1.0,1.0,178.07739874169323,0.0,178.07739874169323,0.8245542869539968,0.8245542869539968,0.0,0.0,1.0,1.0,0,0,0,0.7286799771216954,0.7286799771216954
flat_mlp_search,1,1,0.9761904761904762,0.9761904761904762,260.1999537001443,105.0,365.1999537001443,0.7436453658126657,0.6401970899505968,0.003066169761253368,0.40783929261240165,1.0,2.0,3,2,1,0.3719932729006975,0.3654541245467662
flat_mlp_search,2,2,1.0,1.0,167.24760472290515,105.0,272.2476047229052,0.8352240347557585,0.7317757588936895,0.0,0.6278116818113085,1.0,1.0,3,1,2,0.5317746313255483,0.5317746313255483
flat_mlp_search,3,3,0.35714285714285715,0.35714285714285715,246.5710646304492,105.0,351.5710646304492,0.7570728427286215,0.6536245668665525,0.004334379516727251,0.4320208560597403,1.0,2.0,3,2,1,0.24989545237556426,0.2415551330040835
flat_mlp_search,4,4,1.0,1.0,172.68831915864365,105.0,277.68831915864365,0.8298637249668535,0.7264154491047845,0.0,0.6080318605889007,1.0,1.0,3,1,2,0.6306967119753392,0.6306967119753392
flat_mlp_search,5,5,1.0,1.0,161.14833295628063,70.0,231.14833295628063,0.8412331695012013,0.772267652259822,0.0,0.4343824023236463,1.0,1.0,2,1,1,0.4208787810232838,0.4208787810232838
flat_mlp_search,6,6,1.0,1.0,162.24259654169597,0.0,162.24259654169597,0.8401550772988217,0.8401550772988217,0.0,0.0,1.0,1.0,0,0,0,0.4407744825762906,0.4407744825762906
flat_mlp_search,7,7,1.0,1.0,188.76007393538637,70.0,258.76007393538634,0.8140294838075012,0.7450639665661218,0.0,0.37084113467746027,1.0,1.0,2,1,1,0.9229104351888432,0.9229104351888432
flat_mlp_search,8,8,1.0,1.0,173.70540087940842,70.0,243.70540087940842,0.828861674010435,0.7598961567690558,0.0,0.402981137291155,1.0,1.0,2,1,1,0.649189106898335,0.649189106898335
flat_mlp_search,9,9,1.0,1.0,181.62914128211156,0.0,181.62914128211156,0.8210550332195946,0.8210550332195946,0.0,0.0,1.0,1.0,0,0,0,0.7932571142202104,0.7932571142202104
flat_mlp_search,10,10,1.0,1.0,183.45244272721573,70.0,253.45244272721573,0.8192586771160436,0.7502931598746643,0.0,0.38157028033737533,1.0,1.0,2,1,1,0.8264080495857404,0.8264080495857404
flat_mlp_search,11,11,0.9761904761904762,0.9761904761904762,256.96363988141474,35.0,291.96363988141474,0.7468338523335815,0.7123510937128918,-0.005867724744906085,0.1295390964302047,1.0,2.0,1,1,0,0.3607574417177381,0.3360330898310431
flat_mlp_search,12,12,1.0,1.0,178.31221561233,105.0,283.31221561232996,0.8243229402834188,0.7208746644213498,0.0,0.588854777219982,1.0,1.0,3,1,2,0.7329493747696362,0.7329493747696362
flat_mlp_search,13,13,1.0,1.0,172.75079180156132,70.0,242.75079180156132,0.8298021755649643,0.7608366583235849,0.0,0.40520798353508525,1.0,1.0,2,1,1,0.6318325782102057,0.6318325782102057
flat_mlp_search,14,14,1.0,1.0,180.15306959744677,70.0,250.15306959744677,0.8225092910369982,0.7535437737956189,0.0,0.38855846395743054,1.0,1.0,2,1,1,0.766419447226305,0.766419447226305
flat_mlp_search,15,15,1.0,1.0,175.79178593933668,70.0,245.79178593933668,0.8268061222272545,0.7578406049858751,0.0,0.3981983550935425,1.0,1.0,2,1,1,0.6871233807152123,0.6871233807152123
flat_mlp_search,16,16,1.0,1.0,250.13803070556867,105.0,355.13803070556867,0.7535585904378633,0.6501103145757944,0.0,0.41976823637663047,1.0,2.0,3,2,1,0.27444685581048905,0.27398209732335166
flat_mlp_search,17,17,0.9047619047619048,0.9047619047619048,257.4734383353383,0.0,257.4734383353383,0.7463315878469573,0.7463315878469573,-0.006222872009293721,-0.006222872009293721,1.0,2.0,0,0,0,0.36685981103359055,0.3406676212303482
flat_mlp_search,18,18,1.0,1.0,179.64771514588716,105.0,284.64771514588716,0.8230071771961703,0.7195589013341014,0.0,0.5844772359878458,1.0,1.0,3,1,2,0.7572311844706756,0.7572311844706756
flat_mlp_search,19,19,0.0,0.0,256.6140865273689,105.0,361.6140865273689,0.7471782398745134,0.6437299640124444,-0.0005382858385491123,0.4084161928773327,1.0,2.0,3,2,1,0.34802230797261247,0.33285533206698986
flat_mlp_search,20,20,1.0,1.0,174.2698436785859,105.0,279.26984367858586,0.8283055727304572,0.7248572968683883,0.0,0.6025138818260286,1.0,1.0,3,1,2,0.6594517032470162,0.6594517032470162
flat_mlp_search,21,21,1.0,1.0,186.4079433880677,70.0,256.4079433880677,0.8163468538048594,0.7473813365634802,0.0,0.37552047797809024,1.0,1.0,2,1,1,0.8801444252375946,0.8801444252375946
flat_mlp_search,22,22,1.0,1.0,174.11874764885772,70.0,244.11874764885772,0.8284544358139333,0.759488918572554,0.0,0.4020244858478295,1.0,1.0,2,1,1,0.656704502706504,0.656704502706504
flat_mlp_search,23,23,0.35714285714285715,0.35714285714285715,266.5201623019708,35.0,301.5201623019708,0.7374185593084032,0.7029358006877136,-0.0009089349910382491,0.13029384896830157,1.0,2.0,1,1,0,0.4260550702789986,0.42291056638155256
flat_mlp_stable_search,0,0,1.0,1.0,178.07739874169323,0.0,178.07739874169323,0.8245542869539968,0.8245542869539968,0.0,0.0,1.0,1.0,0,0,0,0.7286799771216954,0.7286799771216954
flat_mlp_stable_search,1,1,0.0,0.0,265.28263434685886,35.0,300.28263434685886,0.7386377986730454,0.7041550400523557,0.0226598127881652,0.1575841870718813,1.0,2.0,1,1,0,0.41957498768478185,0.41166031224417154
flat_mlp_stable_search,2,2,1.0,1.0,167.24760472290515,35.0,202.24760472290515,0.8352240347557585,0.8007412761350687,0.0,0.20927056060376945,1.0,1.0,1,0,1,0.5317746313255483,0.5317746313255483
flat_mlp_stable_search,3,3,0.0,0.0,246.86469434019344,35.0,281.8646943401934,0.7567835523741937,0.722300793753504,0.005530393383097352,0.14809255223076825,1.0,2.0,1,1,0,0.2618375429050088,0.24422449400175847
flat_mlp_stable_search,4,4,0.0,0.0,188.25075609297488,35.0,223.25075609297488,0.8145312747852465,0.7800485161645568,0.09011864270932234,0.2927959295722892,1.0,1.0,1,0,1,0.9136501107813617,0.9136501107813617
flat_mlp_stable_search,5,5,1.0,1.0,161.14833295628063,0.0,161.14833295628063,0.8412331695012013,0.8412331695012013,0.0,0.0,1.0,1.0,0,0,0,0.4208787810232838,0.4208787810232838
flat_mlp_stable_search,6,6,1.0,1.0,162.24259654169597,0.0,162.24259654169597,0.8401550772988217,0.8401550772988217,0.0,0.0,1.0,1.0,0,0,0,0.4407744825762906,0.4407744825762906
flat_mlp_stable_search,7,7,1.0,1.0,188.76007393538637,70.0,258.76007393538634,0.8140294838075012,0.7450639665661218,0.0,0.37084113467746027,1.0,1.0,2,1,1,0.9229104351888432,0.9229104351888432
flat_mlp_stable_search,8,8,1.0,1.0,173.70540087940842,70.0,243.70540087940842,0.828861674010435,0.7598961567690558,0.0,0.402981137291155,1.0,1.0,2,1,1,0.649189106898335,0.649189106898335
flat_mlp_stable_search,9,9,1.0,1.0,181.62914128211156,0.0,181.62914128211156,0.8210550332195946,0.8210550332195946,0.0,0.0,1.0,1.0,0,0,0,0.7932571142202104,0.7932571142202104
flat_mlp_stable_search,10,10,1.0,1.0,183.45244272721573,70.0,253.45244272721573,0.8192586771160436,0.7502931598746643,0.0,0.38157028033737533,1.0,1.0,2,1,1,0.8264080495857404,0.8264080495857404
flat_mlp_stable_search,11,11,0.9761904761904762,0.9761904761904762,256.96363988141474,35.0,291.96363988141474,0.7468338523335815,0.7123510937128918,-0.005867724744906085,0.1295390964302047,1.0,2.0,1,1,0,0.3607574417177381,0.3360330898310431
flat_mlp_stable_search,12,12,0.0,0.0,245.8360490766309,0.0,245.8360490766309,0.7577969959836149,0.7577969959836149,0.37868316106342936,0.37868316106342936,1.0,2.0,0,0,0,0.2533773325908124,0.23487317342391728
flat_mlp_stable_search,13,13,0.0,0.0,240.86215495821247,0.0,240.86215495821247,0.7626973842776231,0.7626973842776231,0.3942752588647502,0.3942752588647502,1.0,2.0,0,0,0,0.20100303386760396,0.1896559541655679
flat_mlp_stable_search,14,14,0.0,0.0,262.28728741054624,0.0,262.28728741054624,0.7415888793984766,0.7415888793984766,0.45591350731147084,0.45591350731147084,1.0,2.0,0,0,0,0.3859695540551635,0.3844298855504208
flat_mlp_stable_search,15,15,0.0,0.0,248.6106083236965,0.0,248.6106083236965,0.7550634400751759,0.7550634400751759,0.41423336133287025,0.41423336133287025,1.0,2.0,0,0,0,0.2658721590454901,0.260096439306332
flat_mlp_stable_search,16,16,0.0,0.0,263.1000139821539,0.0,263.1000139821539,0.7407881635643804,0.7407881635643804,0.05181932247576718,0.05181932247576718,1.0,2.0,0,0,0,0.4074241595645236,0.39181830892867153
flat_mlp_stable_search,17,17,0.0,0.0,284.27670762260254,0.0,284.27670762260254,0.7199244259875837,0.7199244259875837,0.09723042455315445,0.09723042455315445,1.0,2.0,0,0,0,0.6505235867717262,0.5843337056600231
flat_mlp_stable_search,18,18,1.0,1.0,179.64771514588716,105.0,284.64771514588716,0.8230071771961703,0.7195589013341014,0.0,0.5844772359878458,1.0,1.0,3,1,2,0.7572311844706756,0.7572311844706756
flat_mlp_stable_search,19,19,0.35714285714285715,0.35714285714285715,261.56894717313844,35.0,296.56894717313844,0.7422966037703069,0.7078138451496173,0.018759927994789184,0.1550780875667498,1.0,2.0,1,1,0,0.3910800747399214,0.3778995197558042
flat_mlp_stable_search,20,20,1.0,1.0,174.2698436785859,35.0,209.2698436785859,0.8283055727304572,0.7938228141097676,0.0,0.20083796060867626,1.0,1.0,1,0,1,0.6594517032470162,0.6594517032470162
flat_mlp_stable_search,21,21,1.0,1.0,186.4079433880677,70.0,256.4079433880677,0.8163468538048594,0.7473813365634802,0.0,0.37552047797809024,1.0,1.0,2,1,1,0.8801444252375946,0.8801444252375946
flat_mlp_stable_search,22,22,1.0,1.0,174.11874764885772,70.0,244.11874764885772,0.8284544358139333,0.759488918572554,0.0,0.4020244858478295,1.0,1.0,2,1,1,0.656704502706504,0.656704502706504
flat_mlp_stable_search,23,23,0.35714285714285715,0.35714285714285715,266.5201623019708,35.0,301.5201623019708,0.7374185593084032,0.7029358006877136,-0.0009089349910382491,0.13029384896830157,1.0,2.0,1,1,0,0.4260550702789986,0.42291056638155256
agg_gcn,0,0,1.0,1.0,178.07739874169323,0.0,178.07739874169323,0.8245542869539968,0.8245542869539968,0.0,0.0,1.0,1.0,0,0,0,0.7286799771216954,0.7286799771216954
agg_gcn,1,1,0.0,0.2857142857142857,267.6624205595918,35.0,302.6624205595918,0.7362931817146879,0.7018104230939983,0.03183384609336538,0.16675822037708146,1.0,2.0,1,1,0,0.4373446801969708,0.43329473235992544
agg_gcn,2,2,1.0,1.0,167.24760472290515,35.0,202.24760472290515,0.8352240347557585,0.8007412761350687,0.0,0.20927056060376945,1.0,1.0,1,0,1,0.5317746313255483,0.5317746313255483
agg_gcn,3,3,0.0,0.0,246.86469434019344,35.0,281.8646943401934,0.7567835523741937,0.722300793753504,0.005530393383097352,0.14809255223076825,1.0,2.0,1,1,0,0.2618375429050088,0.24422449400175847
agg_gcn,4,4,0.0,0.0,188.25075609297488,35.0,223.25075609297488,0.8145312747852465,0.7800485161645568,0.09011864270932234,0.2927959295722892,1.0,1.0,1,0,1,0.9136501107813617,0.9136501107813617
agg_gcn,5,5,1.0,1.0,161.14833295628063,0.0,161.14833295628063,0.8412331695012013,0.8412331695012013,0.0,0.0,1.0,1.0,0,0,0,0.4208787810232838,0.4208787810232838
agg_gcn,6,6,1.0,1.0,162.24259654169597,0.0,162.24259654169597,0.8401550772988217,0.8401550772988217,0.0,0.0,1.0,1.0,0,0,0,0.4407744825762906,0.4407744825762906
agg_gcn,7,7,0.0,0.0,260.20768890340867,35.0,295.20768890340867,0.74363774492275,0.7091549863020604,0.3785102086391384,0.5639307759778687,1.0,2.0,1,1,0,0.3814651480563648,0.365524444576442
agg_gcn,8,8,1.0,1.0,173.70540087940842,35.0,208.70540087940842,0.828861674010435,0.7943789153897454,0.0,0.2014905686455775,1.0,1.0,1,0,1,0.649189106898335,0.649189106898335
agg_gcn,9,9,1.0,1.0,181.62914128211156,0.0,181.62914128211156,0.8210550332195946,0.8210550332195946,0.0,0.0,1.0,1.0,0,0,0,0.7932571142202104,0.7932571142202104
agg_gcn,10,10,0.0,0.0,257.3233592113089,35.0,292.3233592113089,0.7464794490528976,0.7119966904322079,0.4026706615944897,0.5934558017631774,1.0,2.0,1,1,0,0.3789123189820155,0.33930326555735346
agg_gcn,11,11,0.0,0.0,285.56258043579385,70.0,355.56258043579385,0.7186575562208928,0.6496920389795134,0.10477489323922065,0.37558853558944216,1.0,2.0,2,1,1,0.61002280349609,0.5960234585072168
agg_gcn,12,12,1.0,1.0,178.31221561233,35.0,213.31221561233,0.8243229402834188,0.7898401816627291,0.0,0.19628492573999404,1.0,1.0,1,0,1,0.7329493747696362,0.7329493747696362
agg_gcn,13,13,0.0,0.0,240.93914383835977,105.0,345.93914383835977,0.7626215331641776,0.6591732573021086,0.3947209232773089,1.0025328985799369,1.0,2.0,3,2,1,0.20292537958133494,0.1903558530759979
agg_gcn,14,14,0.0,0.47619047619047616,258.3218505791714,70.0,328.3218505791714,0.745495713715102,0.6765301964737228,0.43390202096691033,0.8224604849243409,1.0,2.0,2,1,1,0.3606178294458009,0.3483804598106487
agg_gcn,15,15,1.0,1.0,175.79178593933668,105.0,280.7917859393367,0.8268061222272545,0.7233578463651855,0.0,0.5972975326403139,1.0,1.0,3,1,2,0.6871233807152123,0.6871233807152123
agg_gcn,16,16,0.0,0.0,262.0765003686795,35.0,297.0765003686795,0.7417965513609069,0.7073137927402172,0.04772752719542796,0.18765027265430478,1.0,2.0,1,1,0,0.3962190385016481,0.3825136397152684
agg_gcn,17,17,0.0,0.0,275.24221956848294,70.0,345.24221956848294,0.7288253994399183,0.659859882198539,0.062359768965000686,0.3325406443559117,1.0,2.0,2,1,1,0.5384961747696064,0.5022019960771178
agg_gcn,18,18,0.0,0.0,277.1321989406337,70.0,347.1321989406337,0.7269633507974052,0.6579978335560258,0.5426424918100515,0.9322939824686155,1.0,2.0,2,1,1,0.55570953038743,0.5193836267330338
agg_gcn,19,19,0.0,0.0,285.0796424331012,70.0,355.0796424331012,0.7191333572087673,0.650167839967388,0.11032949108322745,0.38296581022714865,1.0,2.0,2,1,1,0.603871942383353,0.5916331130281925
agg_gcn,20,20,1.0,1.0,174.2698436785859,35.0,209.2698436785859,0.8283055727304572,0.7938228141097676,0.0,0.20083796060867626,1.0,1.0,1,0,1,0.6594517032470162,0.6594517032470162
agg_gcn,21,21,0.0,0.0,359.5228991149603,70.0,429.5228991149603,0.645790247177379,0.5768247299359998,0.9286887274245523,1.3042092054026426,1.0,3.0,2,2,0,0.3662950987415849,0.3486236309997593
agg_gcn,22,22,1.0,1.0,174.11874764885772,140.0,314.1187476488577,0.8284544358139333,0.6905234013311746,0.0,0.804048971695659,1.0,1.0,4,1,3,0.656704502706504,0.656704502706504
agg_gcn,23,23,0.0,0.0,273.2959443151545,105.0,378.2959443151545,0.7307429120047739,0.627294636142705,0.024491106826999464,0.4180994587050189,1.0,2.0,3,2,1,0.4970073093497861,0.48450858468322255
agg_gcn_pruned,0,0,1.0,1.0,178.07739874169323,0.0,178.07739874169323,0.8245542869539968,0.8245542869539968,0.0,0.0,1.0,1.0,0,0,0,0.7286799771216954,0.7286799771216954
agg_gcn_pruned,1,1,0.2857142857142857,0.2857142857142857,267.6624205595918,35.0,302.6624205595918,0.7362931817146879,0.7018104230939983,0.03183384609336538,0.16675822037708146,1.0,2.0,1,1,0,0.4373446801969708,0.43329473235992544
agg_gcn_pruned,2,2,1.0,1.0,167.24760472290515,35.0,202.24760472290515,0.8352240347557585,0.8007412761350687,0.0,0.20927056060376945,1.0,1.0,1,0,1,0.5317746313255483,0.5317746313255483
agg_gcn_pruned,3,3,0.0,0.0,246.86469434019344,35.0,281.8646943401934,0.7567835523741937,0.722300793753504,0.005530393383097352,0.14809255223076825,1.0,2.0,1,1,0,0.2618375429050088,0.24422449400175847
agg_gcn_pruned,4,4,0.0,0.0,188.25075609297488,35.0,223.25075609297488,0.8145312747852465,0.7800485161645568,0.09011864270932234,0.2927959295722892,1.0,1.0,1,0,1,0.9136501107813617,0.9136501107813617
agg_gcn_pruned,5,5,1.0,1.0,161.14833295628063,0.0,161.14833295628063,0.8412331695012013,0.8412331695012013,0.0,0.0,1.0,1.0,0,0,0,0.4208787810232838,0.4208787810232838
agg_gcn_pruned,6,6,1.0,1.0,162.24259654169597,0.0,162.24259654169597,0.8401550772988217,0.8401550772988217,0.0,0.0,1.0,1.0,0,0,0,0.4407744825762906,0.4407744825762906
agg_gcn_pruned,7,7,0.0,0.0,258.3860345516083,35.0,293.3860345516083,0.7454324782742775,0.7109497196535879,0.36885957482754156,0.5542801421662717,1.0,2.0,1,1,0,0.3619661465829919,0.3489639504691664
agg_gcn_pruned,8,8,1.0,1.0,173.70540087940842,35.0,208.70540087940842,0.828861674010435,0.7943789153897454,0.0,0.2014905686455775,1.0,1.0,1,0,1,0.649189106898335,0.649189106898335
agg_gcn_pruned,9,9,1.0,1.0,181.62914128211156,0.0,181.62914128211156,0.8210550332195946,0.8210550332195946,0.0,0.0,1.0,1.0,0,0,0,0.7932571142202104,0.7932571142202104
agg_gcn_pruned,10,10,0.0,0.0,254.08495685312056,35.0,289.08495685312056,0.7496699932481572,0.7151872346274675,0.3850181173707876,0.5758032575394753,1.0,2.0,1,1,0,0.32270855134045373,0.3098632441192778
agg_gcn_pruned,11,11,0.40476190476190477,0.40476190476190477,261.39142430115686,70.0,331.39142430115686,0.7424715031515696,0.6735059859101904,0.011262338487264299,0.28207598083748586,1.0,2.0,2,1,1,0.39919549339227123,0.37628567546506253
agg_gcn_pruned,12,12,1.0,1.0,178.31221561233,105.0,283.31221561232996,0.8243229402834188,0.7208746644213498,0.0,0.588854777219982,1.0,1.0,3,1,2,0.7329493747696362,0.7329493747696362
agg_gcn_pruned,13,13,0.0,0.0,240.93914383835977,105.0,345.93914383835977,0.7626215331641776,0.6591732573021086,0.3947209232773089,1.0025328985799369,1.0,2.0,3,2,1,0.20292537958133494,0.1903558530759979
agg_gcn_pruned,14,14,1.0,1.0,180.15306959744677,35.0,215.15306959744677,0.8225092910369982,0.7880265324163086,0.0,0.19427923197871527,1.0,1.0,1,0,1,0.766419447226305,0.766419447226305
agg_gcn_pruned,15,15,1.0,1.0,175.79178593933668,70.0,245.79178593933668,0.8268061222272545,0.7578406049858751,0.0,0.3981983550935425,1.0,1.0,2,1,1,0.6871233807152123,0.6871233807152123
agg_gcn_pruned,16,16,0.0,0.0,255.50689319665662,35.0,290.5068931966566,0.7482690707422103,0.7137863121215205,0.02146359942126317,0.16138634488014,1.0,2.0,1,1,0,0.3386305170127191,0.322789938151424
agg_gcn_pruned,17,17,0.0,0.0,275.24221956848294,0.0,275.24221956848294,0.7288253994399183,0.7288253994399183,0.062359768965000686,0.062359768965000686,1.0,2.0,0,0,0,0.5384961747696064,0.5022019960771178
agg_gcn_pruned,18,18,0.0,0.0,182.56912026009397,105.0,287.569120260094,0.8201289455565577,0.7166806696944886,0.016261855108117628,0.6007390910959637,1.0,1.0,3,1,2,0.8103476410926175,0.8103476410926175
agg_gcn_pruned,19,19,0.0,0.0,285.0796424331012,105.0,390.0796424331012,0.7191333572087673,0.6156850813466983,0.11032949108322745,0.5192839697991093,1.0,2.0,3,2,1,0.603871942383353,0.5916331130281925
agg_gcn_pruned,20,20,1.0,1.0,174.2698436785859,35.0,209.2698436785859,0.8283055727304572,0.7938228141097676,0.0,0.20083796060867626,1.0,1.0,1,0,1,0.6594517032470162,0.6594517032470162
agg_gcn_pruned,21,21,0.0,0.0,268.7655047322938,35.0,303.7655047322938,0.7352063992785284,0.7007236406578387,0.4418135828727668,0.629573821861812,1.0,2.0,1,1,0,0.4477132188176988,0.4433227702935796
agg_gcn_pruned,22,22,1.0,1.0,174.11874764885772,105.0,279.1187476488577,0.8284544358139333,0.7250061599518643,0.0,0.6030367287717443,1.0,1.0,3,1,2,0.656704502706504,0.656704502706504
agg_gcn_pruned,23,23,0.0,0.0,273.2959443151545,105.0,378.2959443151545,0.7307429120047739,0.627294636142705,0.024491106826999464,0.4180994587050189,1.0,2.0,3,2,1,0.4970073093497861,0.48450858468322255
agg_gcn_stable,0,0,1.0,1.0,178.07739874169323,0.0,178.07739874169323,0.8245542869539968,0.8245542869539968,0.0,0.0,1.0,1.0,0,0,0,0.7286799771216954,0.7286799771216954
agg_gcn_stable,1,1,0.2857142857142857,0.2857142857142857,267.6624205595918,35.0,302.6624205595918,0.7362931817146879,0.7018104230939983,0.03183384609336538,0.16675822037708146,1.0,2.0,1,1,0,0.4373446801969708,0.43329473235992544
agg_gcn_stable,2,2,1.0,1.0,167.24760472290515,35.0,202.24760472290515,0.8352240347557585,0.8007412761350687,0.0,0.20927056060376945,1.0,1.0,1,0,1,0.5317746313255483,0.5317746313255483
agg_gcn_stable,3,3,0.0,0.0,246.86469434019344,35.0,281.8646943401934,0.7567835523741937,0.722300793753504,0.005530393383097352,0.14809255223076825,1.0,2.0,1,1,0,0.2618375429050088,0.24422449400175847
agg_gcn_stable,4,4,0.0,0.0,188.25075609297488,35.0,223.25075609297488,0.8145312747852465,0.7800485161645568,0.09011864270932234,0.2927959295722892,1.0,1.0,1,0,1,0.9136501107813617,0.9136501107813617
agg_gcn_stable,5,5,1.0,1.0,161.14833295628063,0.0,161.14833295628063,0.8412331695012013,0.8412331695012013,0.0,0.0,1.0,1.0,0,0,0,0.4208787810232838,0.4208787810232838
agg_gcn_stable,6,6,1.0,1.0,162.24259654169597,0.0,162.24259654169597,0.8401550772988217,0.8401550772988217,0.0,0.0,1.0,1.0,0,0,0,0.4407744825762906,0.4407744825762906
agg_gcn_stable,7,7,0.0,0.0,258.3860345516083,35.0,293.3860345516083,0.7454324782742775,0.7109497196535879,0.36885957482754156,0.5542801421662717,1.0,2.0,1,1,0,0.3619661465829919,0.3489639504691664
agg_gcn_stable,8,8,1.0,1.0,173.70540087940842,35.0,208.70540087940842,0.828861674010435,0.7943789153897454,0.0,0.2014905686455775,1.0,1.0,1,0,1,0.649189106898335,0.649189106898335
agg_gcn_stable,9,9,1.0,1.0,181.62914128211156,0.0,181.62914128211156,0.8210550332195946,0.8210550332195946,0.0,0.0,1.0,1.0,0,0,0,0.7932571142202104,0.7932571142202104
agg_gcn_stable,10,10,0.0,0.0,257.3233592113089,35.0,292.3233592113089,0.7464794490528976,0.7119966904322079,0.4026706615944897,0.5934558017631774,1.0,2.0,1,1,0,0.3789123189820155,0.33930326555735346
agg_gcn_stable,11,11,0.0,0.0,285.56258043579385,70.0,355.56258043579385,0.7186575562208928,0.6496920389795134,0.10477489323922065,0.37558853558944216,1.0,2.0,2,1,1,0.61002280349609,0.5960234585072168
agg_gcn_stable,12,12,1.0,1.0,178.31221561233,35.0,213.31221561233,0.8243229402834188,0.7898401816627291,0.0,0.19628492573999404,1.0,1.0,1,0,1,0.7329493747696362,0.7329493747696362
agg_gcn_stable,13,13,0.0,0.0,187.49853832675984,0.0,187.49853832675984,0.8152723760327488,0.8152723760327488,0.08537006615946076,0.08537006615946076,1.0,1.0,0,0,0,0.8999734241229065,0.8999734241229065
agg_gcn_stable,14,14,1.0,1.0,180.15306959744677,70.0,250.15306959744677,0.8225092910369982,0.7535437737956189,0.0,0.38855846395743054,1.0,1.0,2,1,1,0.766419447226305,0.766419447226305
agg_gcn_stable,15,15,0.0,0.0,245.41778886395502,35.0,280.417788863955,0.7582090750108818,0.7237263163901921,0.39607085480458865,0.5951700323513599,1.0,2.0,1,1,0,0.23127125413569413,0.23107080785413653
agg_gcn_stable,16,16,0.0,0.0,264.06764998226186,70.0,334.06764998226186,0.7398348276036829,0.6708693103623036,0.055687730639765856,0.3355332215575195,1.0,2.0,2,1,1,0.40636693846115074,0.4006149998387445
agg_gcn_stable,17,17,0.0,0.0,272.65437956959715,70.0,342.65437956959715,0.7313749954979338,0.6624094782565545,0.052371413589706754,0.3225522889806177,1.0,2.0,2,1,1,0.5088399504829137,0.4786761779054287
agg_gcn_stable,18,18,0.0,0.0,182.56912026009397,35.0,217.56912026009397,0.8201289455565577,0.785646186935868,0.016261855108117628,0.21108760043739958,1.0,1.0,1,0,1,0.8103476410926175,0.8103476410926175
agg_gcn_stable,19,19,0.35714285714285715,0.35714285714285715,259.07909145704417,35.0,294.07909145704417,0.7447496635891191,0.7102669049684295,0.009062426599997847,0.14538058617195845,1.0,2.0,1,1,0,0.37059769821626737,0.3552644677913107
agg_gcn_stable,20,20,1.0,1.0,174.2698436785859,105.0,279.26984367858586,0.8283055727304572,0.7248572968683883,0.0,0.6025138818260286,1.0,1.0,3,1,2,0.6594517032470162,0.6594517032470162
agg_gcn_stable,21,21,0.0,0.0,268.7655047322938,35.0,303.7655047322938,0.7352063992785284,0.7007236406578387,0.4418135828727668,0.629573821861812,1.0,2.0,1,1,0,0.4477132188176988,0.4433227702935796
agg_gcn_stable,22,22,0.0,0.0,267.9511898899619,0.0,267.9511898899619,0.7360086799113676,0.7360086799113676,0.5388991335403723,0.5388991335403723,1.0,2.0,0,0,0,0.4488770161081579,0.4359199080905626
agg_gcn_stable,23,23,0.0,0.0,273.2959443151545,0.0,273.2959443151545,0.7307429120047739,0.7307429120047739,0.024491106826999464,0.024491106826999464,1.0,2.0,0,0,0,0.4970073093497861,0.48450858468322255
agg_gcn_search,0,0,1.0,1.0,178.07739874169323,0.0,178.07739874169323,0.8245542869539968,0.8245542869539968,0.0,0.0,1.0,1.0,0,0,0,0.7286799771216954,0.7286799771216954
agg_gcn_search,1,1,0.9761904761904762,0.9761904761904762,260.1999537001443,105.0,365.1999537001443,0.7436453658126657,0.6401970899505968,0.003066169761253368,0.40783929261240165,1.0,2.0,3,2,1,0.3719932729006975,0.3654541245467662
agg_gcn_search,2,2,1.0,1.0,167.24760472290515,105.0,272.2476047229052,0.8352240347557585,0.7317757588936895,0.0,0.6278116818113085,1.0,1.0,3,1,2,0.5317746313255483,0.5317746313255483
agg_gcn_search,3,3,0.35714285714285715,0.35714285714285715,246.5710646304492,105.0,351.5710646304492,0.7570728427286215,0.6536245668665525,0.004334379516727251,0.4320208560597403,1.0,2.0,3,2,1,0.24989545237556426,0.2415551330040835
agg_gcn_search,4,4,1.0,1.0,172.68831915864365,105.0,277.68831915864365,0.8298637249668535,0.7264154491047845,0.0,0.6080318605889007,1.0,1.0,3,1,2,0.6306967119753392,0.6306967119753392
agg_gcn_search,5,5,1.0,1.0,161.14833295628063,70.0,231.14833295628063,0.8412331695012013,0.772267652259822,0.0,0.4343824023236463,1.0,1.0,2,1,1,0.4208787810232838,0.4208787810232838
agg_gcn_search,6,6,1.0,1.0,162.24259654169597,0.0,162.24259654169597,0.8401550772988217,0.8401550772988217,0.0,0.0,1.0,1.0,0,0,0,0.4407744825762906,0.4407744825762906
agg_gcn_search,7,7,1.0,1.0,188.76007393538637,70.0,258.76007393538634,0.8140294838075012,0.7450639665661218,0.0,0.37084113467746027,1.0,1.0,2,1,1,0.9229104351888432,0.9229104351888432
agg_gcn_search,8,8,1.0,1.0,173.70540087940842,70.0,243.70540087940842,0.828861674010435,0.7598961567690558,0.0,0.402981137291155,1.0,1.0,2,1,1,0.649189106898335,0.649189106898335
agg_gcn_search,9,9,1.0,1.0,181.62914128211156,0.0,181.62914128211156,0.8210550332195946,0.8210550332195946,0.0,0.0,1.0,1.0,0,0,0,0.7932571142202104,0.7932571142202104
agg_gcn_search,10,10,1.0,1.0,183.45244272721573,70.0,253.45244272721573,0.8192586771160436,0.7502931598746643,0.0,0.38157028033737533,1.0,1.0,2,1,1,0.8264080495857404,0.8264080495857404
agg_gcn_search,11,11,1.0,1.0,258.4803313175583,35.0,293.4803313175583,0.7453395750565929,0.7108568164359033,0.0,0.13540682117511077,1.0,2.0,1,1,0,0.35118396175957745,0.3498211937959843
agg_gcn_search,12,12,1.0,1.0,178.31221561233,105.0,283.31221561232996,0.8243229402834188,0.7208746644213498,0.0,0.588854777219982,1.0,1.0,3,1,2,0.7329493747696362,0.7329493747696362
agg_gcn_search,13,13,1.0,1.0,172.75079180156132,70.0,242.75079180156132,0.8298021755649643,0.7608366583235849,0.0,0.40520798353508525,1.0,1.0,2,1,1,0.6318325782102057,0.6318325782102057
agg_gcn_search,14,14,1.0,1.0,180.15306959744677,70.0,250.15306959744677,0.8225092910369982,0.7535437737956189,0.0,0.38855846395743054,1.0,1.0,2,1,1,0.766419447226305,0.766419447226305
agg_gcn_search,15,15,1.0,1.0,175.79178593933668,70.0,245.79178593933668,0.8268061222272545,0.7578406049858751,0.0,0.3981983550935425,1.0,1.0,2,1,1,0.6871233807152123,0.6871233807152123
agg_gcn_search,16,16,0.9523809523809523,0.9523809523809523,251.10276117272332,105.0,356.1027611727233,0.7526081170712084,0.6491598412091395,0.003856792445488678,0.42362502882211917,1.0,2.0,3,2,1,0.2927509215478928,0.28275237429748473
agg_gcn_search,17,17,0.9523809523809523,0.9523809523809523,258.7405734855905,0.0,258.7405734855905,0.7450831788319305,0.7450831788319305,-0.0013320765216689049,-0.0013320765216689049,1.0,2.0,0,0,0,0.37523226110579744,0.3521870316871867
agg_gcn_search,18,18,1.0,1.0,179.64771514588716,105.0,284.64771514588716,0.8230071771961703,0.7195589013341014,0.0,0.5844772359878458,1.0,1.0,3,1,2,0.7572311844706756,0.7572311844706756
agg_gcn_search,19,19,0.0,0.0,256.6140865273689,105.0,361.6140865273689,0.7471782398745134,0.6437299640124444,-0.0005382858385491123,0.4084161928773327,1.0,2.0,3,2,1,0.34802230797261247,0.33285533206698986
agg_gcn_search,20,20,1.0,1.0,174.2698436785859,105.0,279.26984367858586,0.8283055727304572,0.7248572968683883,0.0,0.6025138818260286,1.0,1.0,3,1,2,0.6594517032470162,0.6594517032470162
agg_gcn_search,21,21,1.0,1.0,186.4079433880677,70.0,256.4079433880677,0.8163468538048594,0.7473813365634802,0.0,0.37552047797809024,1.0,1.0,2,1,1,0.8801444252375946,0.8801444252375946
agg_gcn_search,22,22,1.0,1.0,174.11874764885772,70.0,244.11874764885772,0.8284544358139333,0.759488918572554,0.0,0.4020244858478295,1.0,1.0,2,1,1,0.656704502706504,0.656704502706504
agg_gcn_search,23,23,0.35714285714285715,0.35714285714285715,269.57565868096646,105.0,374.57565868096646,0.7344082180483089,0.63095994218624,0.01054505447473067,0.40415340635275016,1.0,2.0,3,2,1,0.4580335678062639,0.4506878061906042
agg_gcn_stable_search,0,0,1.0,1.0,178.07739874169323,0.0,178.07739874169323,0.8245542869539968,0.8245542869539968,0.0,0.0,1.0,1.0,0,0,0,0.7286799771216954,0.7286799771216954
agg_gcn_stable_search,1,1,0.0,0.0,265.28263434685886,35.0,300.28263434685886,0.7386377986730454,0.7041550400523557,0.0226598127881652,0.1575841870718813,1.0,2.0,1,1,0,0.41957498768478185,0.41166031224417154
agg_gcn_stable_search,2,2,1.0,1.0,167.24760472290515,35.0,202.24760472290515,0.8352240347557585,0.8007412761350687,0.0,0.20927056060376945,1.0,1.0,1,0,1,0.5317746313255483,0.5317746313255483
agg_gcn_stable_search,3,3,0.0,0.0,246.86469434019344,35.0,281.8646943401934,0.7567835523741937,0.722300793753504,0.005530393383097352,0.14809255223076825,1.0,2.0,1,1,0,0.2618375429050088,0.24422449400175847
agg_gcn_stable_search,4,4,0.0,0.0,188.25075609297488,35.0,223.25075609297488,0.8145312747852465,0.7800485161645568,0.09011864270932234,0.2927959295722892,1.0,1.0,1,0,1,0.9136501107813617,0.9136501107813617
agg_gcn_stable_search,5,5,1.0,1.0,161.14833295628063,0.0,161.14833295628063,0.8412331695012013,0.8412331695012013,0.0,0.0,1.0,1.0,0,0,0,0.4208787810232838,0.4208787810232838
agg_gcn_stable_search,6,6,1.0,1.0,162.24259654169597,0.0,162.24259654169597,0.8401550772988217,0.8401550772988217,0.0,0.0,1.0,1.0,0,0,0,0.4407744825762906,0.4407744825762906
agg_gcn_stable_search,7,7,1.0,1.0,188.76007393538637,70.0,258.76007393538634,0.8140294838075012,0.7450639665661218,0.0,0.37084113467746027,1.0,1.0,2,1,1,0.9229104351888432,0.9229104351888432
agg_gcn_stable_search,8,8,1.0,1.0,173.70540087940842,70.0,243.70540087940842,0.828861674010435,0.7598961567690558,0.0,0.402981137291155,1.0,1.0,2,1,1,0.649189106898335,0.649189106898335
agg_gcn_stable_search,9,9,1.0,1.0,181.62914128211156,0.0,181.62914128211156,0.8210550332195946,0.8210550332195946,0.0,0.0,1.0,1.0,0,0,0,0.7932571142202104,0.7932571142202104
agg_gcn_stable_search,10,10,1.0,1.0,183.45244272721573,70.0,253.45244272721573,0.8192586771160436,0.7502931598746643,0.0,0.38157028033737533,1.0,1.0,2,1,1,0.8264080495857404,0.8264080495857404
agg_gcn_stable_search,11,11,1.0,1.0,258.4803313175583,35.0,293.4803313175583,0.7453395750565929,0.7108568164359033,0.0,0.13540682117511077,1.0,2.0,1,1,0,0.35118396175957745,0.3498211937959843
agg_gcn_stable_search,12,12,0.0,0.0,244.54260091035883,0.0,244.54260091035883,0.7590713291523559,0.7590713291523559,0.3714293217129938,0.3714293217129938,1.0,2.0,0,0,0,0.2368937569105235,0.22311455373053468
agg_gcn_stable_search,13,13,0.0,0.0,244.33005986761754,0.0,244.33005986761754,0.7592807291944654,0.7592807291944654,0.414349869656628,0.414349869656628,1.0,2.0,0,0,0,0.23155479527067058,0.22118236243288658
agg_gcn_stable_search,14,14,0.0,0.0,263.3190982278593,0.0,263.3190982278593,0.7405723170168874,0.7405723170168874,0.4616409191153254,0.4616409191153254,1.0,2.0,0,0,0,0.40988317150956666,0.39380998388962973
agg_gcn_stable_search,15,15,0.0,0.0,251.11546470059415,0.0,251.11546470059415,0.7525956012802028,0.7525956012802028,0.42848235689038755,0.42848235689038755,1.0,2.0,0,0,0,0.29264532709437585,0.282867860914492
agg_gcn_stable_search,16,16,0.0,0.0,262.3464174904214,0.0,262.3464174904214,0.7415306231621465,0.7415306231621465,0.04880659990172757,0.04880659990172757,1.0,2.0,0,0,0,0.40405806518017523,0.38496743173110354
agg_gcn_stable_search,17,17,0.0,0.0,280.6707527477523,0.0,280.6707527477523,0.723477090888914,0.723477090888914,0.08331242391448078,0.08331242391448078,1.0,2.0,0,0,0,0.6383226629341341,0.5515522977068394
agg_gcn_stable_search,18,18,1.0,1.0,179.64771514588716,105.0,284.64771514588716,0.8230071771961703,0.7195589013341014,0.0,0.5844772359878458,1.0,1.0,3,1,2,0.7572311844706756,0.7572311844706756
agg_gcn_stable_search,19,19,0.35714285714285715,0.35714285714285715,261.56894717313844,35.0,296.56894717313844,0.7422966037703069,0.7078138451496173,0.018759927994789184,0.1550780875667498,1.0,2.0,1,1,0,0.3910800747399214,0.3778995197558042
agg_gcn_stable_search,20,20,1.0,1.0,174.2698436785859,35.0,209.2698436785859,0.8283055727304572,0.7938228141097676,0.0,0.20083796060867626,1.0,1.0,1,0,1,0.6594517032470162,0.6594517032470162
agg_gcn_stable_search,21,21,1.0,1.0,186.4079433880677,70.0,256.4079433880677,0.8163468538048594,0.7473813365634802,0.0,0.37552047797809024,1.0,1.0,2,1,1,0.8801444252375946,0.8801444252375946
agg_gcn_stable_search,22,22,1.0,1.0,174.11874764885772,70.0,244.11874764885772,0.8284544358139333,0.759488918572554,0.0,0.4020244858478295,1.0,1.0,2,1,1,0.656704502706504,0.656704502706504
agg_gcn_stable_search,23,23,0.0,0.0,272.06742817126576,35.0,307.06742817126576,0.7319532727376692,0.6974705141169796,0.019885828592222498,0.15108861255156233,1.0,2.0,1,1,0,0.4902628488238949,0.47334025610241603
ml_gcn,0,0,1.0,1.0,178.07739874169323,0.0,178.07739874169323,0.8245542869539968,0.8245542869539968,0.0,0.0,1.0,1.0,0,0,0,0.7286799771216954,0.7286799771216954
ml_gcn,1,1,0.0,0.2857142857142857,267.6624205595918,35.0,302.6624205595918,0.7362931817146879,0.7018104230939983,0.03183384609336538,0.16675822037708146,1.0,2.0,1,1,0,0.4373446801969708,0.43329473235992544
ml_gcn,2,2,1.0,1.0,167.24760472290515,35.0,202.24760472290515,0.8352240347557585,0.8007412761350687,0.0,0.20927056060376945,1.0,1.0,1,0,1,0.5317746313255483,0.5317746313255483
ml_gcn,3,3,0.0,0.0,246.86469434019344,35.0,281.8646943401934,0.7567835523741937,0.722300793753504,0.005530393383097352,0.14809255223076825,1.0,2.0,1,1,0,0.2618375429050088,0.24422449400175847
ml_gcn,4,4,0.0,0.0,188.25075609297488,35.0,223.25075609297488,0.8145312747852465,0.7800485161645568,0.09011864270932234,0.2927959295722892,1.0,1.0,1,0,1,0.9136501107813617,0.9136501107813617
ml_gcn,5,5,1.0,1.0,161.14833295628063,0.0,161.14833295628063,0.8412331695012013,0.8412331695012013,0.0,0.0,1.0,1.0,0,0,0,0.4208787810232838,0.4208787810232838
ml_gcn,6,6,1.0,1.0,162.24259654169597,0.0,162.24259654169597,0.8401550772988217,0.8401550772988217,0.0,0.0,1.0,1.0,0,0,0,0.4407744825762906,0.4407744825762906
ml_gcn,7,7,0.0,0.0,260.20768890340867,35.0,295.20768890340867,0.74363774492275,0.7091549863020604,0.3785102086391384,0.5639307759778687,1.0,2.0,1,1,0,0.3814651480563648,0.365524444576442
ml_gcn,8,8,1.0,1.0,173.70540087940842,35.0,208.70540087940842,0.828861674010435,0.7943789153897454,0.0,0.2014905686455775,1.0,1.0,1,0,1,0.649189106898335,0.649189106898335
ml_gcn,9,9,1.0,1.0,181.62914128211156,0.0,181.62914128211156,0.8210550332195946,0.8210550332195946,0.0,0.0,1.0,1.0,0,0,0,0.7932571142202104,0.7932571142202104
ml_gcn,10,10,0.0,0.0,257.3233592113089,35.0,292.3233592113089,0.7464794490528976,0.7119966904322079,0.4026706615944897,0.5934558017631774,1.0,2.0,1,1,0,0.3789123189820155,0.33930326555735346
ml_gcn,11,11,0.0,0.0,285.56258043579385,70.0,355.56258043579385,0.7186575562208928,0.6496920389795134,0.10477489323922065,0.37558853558944216,1.0,2.0,2,1,1,0.61002280349609,0.5960234585072168
ml_gcn,12,12,1.0,1.0,178.31221561233,35.0,213.31221561233,0.8243229402834188,0.7898401816627291,0.0,0.19628492573999404,1.0,1.0,1,0,1,0.7329493747696362,0.7329493747696362
ml_gcn,13,13,0.0,0.0,187.49853832675984,0.0,187.49853832675984,0.8152723760327488,0.8152723760327488,0.08537006615946076,0.08537006615946076,1.0,1.0,0,0,0,0.8999734241229065,0.8999734241229065
ml_gcn,14,14,1.0,1.0,180.15306959744677,70.0,250.15306959744677,0.8225092910369982,0.7535437737956189,0.0,0.38855846395743054,1.0,1.0,2,1,1,0.766419447226305,0.766419447226305
ml_gcn,15,15,1.0,1.0,175.79178593933668,70.0,245.79178593933668,0.8268061222272545,0.7578406049858751,0.0,0.3981983550935425,1.0,1.0,2,1,1,0.6871233807152123,0.6871233807152123
ml_gcn,16,16,0.0,0.0,262.0765003686795,35.0,297.0765003686795,0.7417965513609069,0.7073137927402172,0.04772752719542796,0.18765027265430478,1.0,2.0,1,1,0,0.3962190385016481,0.3825136397152684
ml_gcn,17,17,0.0,0.0,275.24221956848294,70.0,345.24221956848294,0.7288253994399183,0.659859882198539,0.062359768965000686,0.3325406443559117,1.0,2.0,2,1,1,0.5384961747696064,0.5022019960771178
ml_gcn,18,18,0.0,0.0,277.1321989406337,70.0,347.1321989406337,0.7269633507974052,0.6579978335560258,0.5426424918100515,0.9322939824686155,1.0,2.0,2,1,1,0.55570953038743,0.5193836267330338
ml_gcn,19,19,0.0,0.0,285.0796424331012,70.0,355.0796424331012,0.7191333572087673,0.650167839967388,0.11032949108322745,0.38296581022714865,1.0,2.0,2,1,1,0.603871942383353,0.5916331130281925
ml_gcn,20,20,0.0,0.42857142857142855,245.29615690853672,0.0,245.29615690853672,0.7583289094497175,0.7583289094497175,0.4075651399616104,0.4075651399616104,1.0,2.0,0,0,0,0.25188846351026833,0.2299650628048794
ml_gcn,21,21,0.0,0.0,359.5228991149603,105.0,464.5228991149603,0.645790247177379,0.54234197131531,0.9286887274245523,1.491969444391688,1.0,3.0,3,2,1,0.3662950987415849,0.3486236309997593
ml_gcn,22,22,0.0,0.0,267.1332546107669,105.0,372.1332546107669,0.7368145274770769,0.6333662516150079,0.5342015619678702,1.1372382907396144,1.0,2.0,3,1,2,0.432466677644224,0.42848413282515363
ml_gcn,23,23,0.0,0.0,273.2959443151545,70.0,343.2959443151545,0.7307429120047739,0.6617773947633947,0.024491106826999464,0.2868966747456791,1.0,2.0,2,1,1,0.4970073093497861,0.48450858468322255
ml_gcn_pruned,0,0,1.0,1.0,178.07739874169323,0.0,178.07739874169323,0.8245542869539968,0.8245542869539968,0.0,0.0,1.0,1.0,0,0,0,0.7286799771216954,0.7286799771216954
ml_gcn_pruned,1,1,0.2857142857142857,0.2857142857142857,267.6624205595918,35.0,302.6624205595918,0.7362931817146879,0.7018104230939983,0.03183384609336538,0.16675822037708146,1.0,2.0,1,1,0,0.4373446801969708,0.43329473235992544
ml_gcn_pruned,2,2,1.0,1.0,167.24760472290515,35.0,202.24760472290515,0.8352240347557585,0.8007412761350687,0.0,0.20927056060376945,1.0,1.0,1,0,1,0.5317746313255483,0.5317746313255483
ml_gcn_pruned,3,3,0.0,0.0,246.86469434019344,35.0,281.8646943401934,0.7567835523741937,0.722300793753504,0.005530393383097352,0.14809255223076825,1.0,2.0,1,1,0,0.2618375429050088,0.24422449400175847
ml_gcn_pruned,4,4,0.0,0.0,188.25075609297488,35.0,223.25075609297488,0.8145312747852465,0.7800485161645568,0.09011864270932234,0.2927959295722892,1.0,1.0,1,0,1,0.9136501107813617,0.9136501107813617
ml_gcn_pruned,5,5,1.0,1.0,161.14833295628063,0.0,161.14833295628063,0.8412331695012013,0.8412331695012013,0.0,0.0,1.0,1.0,0,0,0,0.4208787810232838,0.4208787810232838
ml_gcn_pruned,6,6,1.0,1.0,162.24259654169597,0.0,162.24259654169597,0.8401550772988217,0.8401550772988217,0.0,0.0,1.0,1.0,0,0,0,0.4407744825762906,0.4407744825762906
ml_gcn_pruned,7,7,1.0,1.0,188.76007393538637,70.0,258.76007393538634,0.8140294838075012,0.7450639665661218,0.0,0.37084113467746027,1.0,1.0,2,1,1,0.9229104351888432,0.9229104351888432
ml_gcn_pruned,8,8,1.0,1.0,173.70540087940842,70.0,243.70540087940842,0.828861674010435,0.7598961567690558,0.0,0.402981137291155,1.0,1.0,2,1,1,0.649189106898335,0.649189106898335
ml_gcn_pruned,9,9,1.0,1.0,181.62914128211156,0.0,181.62914128211156,0.8210550332195946,0.8210550332195946,0.0,0.0,1.0,1.0,0,0,0,0.7932571142202104,0.7932571142202104
ml_gcn_pruned,10,10,0.0,0.0,250.12454843237026,35.0,285.12454843237026,0.753571873465645,0.7190891148449554,0.3634299152085563,0.5542150553772439,1.0,2.0,1,1,0,0.274527459266497,0.27385953120336604
ml_gcn_pruned,11,11,0.0,0.0,285.56258043579385,0.0,285.56258043579385,0.7186575562208928,0.7186575562208928,0.10477489323922065,0.10477489323922065,1.0,2.0,0,0,0,0.61002280349609,0.5960234585072168
ml_gcn_pruned,12,12,1.0,1.0,178.31221561233,35.0,213.31221561233,0.8243229402834188,0.7898401816627291,0.0,0.19628492573999404,1.0,1.0,1,0,1,0.7329493747696362,0.7329493747696362
ml_gcn_pruned,13,13,0.0,0.0,187.49853832675984,0.0,187.49853832675984,0.8152723760327488,0.8152723760327488,0.08537006615946076,0.08537006615946076,1.0,1.0,0,0,0,0.8999734241229065,0.8999734241229065
ml_gcn_pruned,14,14,1.0,1.0,180.15306959744677,70.0,250.15306959744677,0.8225092910369982,0.7535437737956189,0.0,0.38855846395743054,1.0,1.0,2,1,1,0.766419447226305,0.766419447226305
ml_gcn_pruned,15,15,1.0,1.0,175.79178593933668,70.0,245.79178593933668,0.8268061222272545,0.7578406049858751,0.0,0.3981983550935425,1.0,1.0,2,1,1,0.6871233807152123,0.6871233807152123
ml_gcn_pruned,16,16,0.0,0.0,255.50689319665662,35.0,290.5068931966566,0.7482690707422103,0.7137863121215205,0.02146359942126317,0.16138634488014,1.0,2.0,1,1,0,0.3386305170127191,0.322789938151424
ml_gcn_pruned,17,17,0.0,0.0,275.24221956848294,0.0,275.24221956848294,0.7288253994399183,0.7288253994399183,0.062359768965000686,0.062359768965000686,1.0,2.0,0,0,0,0.5384961747696064,0.5022019960771178
ml_gcn_pruned,18,18,1.0,1.0,179.64771514588716,35.0,214.64771514588716,0.8230071771961703,0.7885244185754807,0.0,0.19482574532928196,1.0,1.0,1,0,1,0.7572311844706756,0.7572311844706756
ml_gcn_pruned,19,19,0.0,0.0,285.0796424331012,35.0,320.0796424331012,0.7191333572087673,0.6846505985880776,0.11032949108322745,0.24664765065518807,1.0,2.0,1,1,0,0.603871942383353,0.5916331130281925
ml_gcn_pruned,20,20,0.42857142857142855,0.42857142857142855,245.29615690853672,0.0,245.29615690853672,0.7583289094497175,0.7583289094497175,0.4075651399616104,0.4075651399616104,1.0,2.0,0,0,0,0.25188846351026833,0.2299650628048794
ml_gcn_pruned,21,21,0.0,0.0,268.7655047322938,70.0,338.7655047322938,0.7352063992785284,0.666240882037149,0.4418135828727668,0.8173340608508571,1.0,2.0,2,1,1,0.4477132188176988,0.4433227702935796
ml_gcn_pruned,22,22,0.0,0.0,267.1332546107669,70.0,337.1332546107669,0.7368145274770769,0.6678490102356976,0.5342015619678702,0.9362260478156996,1.0,2.0,2,1,1,0.432466677644224,0.42848413282515363
ml_gcn_pruned,23,23,0.0,0.0,273.2959443151545,70.0,343.2959443151545,0.7307429120047739,0.6617773947633947,0.024491106826999464,0.2868966747456791,1.0,2.0,2,1,1,0.4970073093497861,0.48450858468322255
ml_gcn_stable,0,0,1.0,1.0,178.07739874169323,0.0,178.07739874169323,0.8245542869539968,0.8245542869539968,0.0,0.0,1.0,1.0,0,0,0,0.7286799771216954,0.7286799771216954
ml_gcn_stable,1,1,0.2857142857142857,0.2857142857142857,267.6624205595918,35.0,302.6624205595918,0.7362931817146879,0.7018104230939983,0.03183384609336538,0.16675822037708146,1.0,2.0,1,1,0,0.4373446801969708,0.43329473235992544
ml_gcn_stable,2,2,1.0,1.0,167.24760472290515,35.0,202.24760472290515,0.8352240347557585,0.8007412761350687,0.0,0.20927056060376945,1.0,1.0,1,0,1,0.5317746313255483,0.5317746313255483
ml_gcn_stable,3,3,0.0,0.0,246.86469434019344,35.0,281.8646943401934,0.7567835523741937,0.722300793753504,0.005530393383097352,0.14809255223076825,1.0,2.0,1,1,0,0.2618375429050088,0.24422449400175847
ml_gcn_stable,4,4,0.0,0.0,188.25075609297488,35.0,223.25075609297488,0.8145312747852465,0.7800485161645568,0.09011864270932234,0.2927959295722892,1.0,1.0,1,0,1,0.9136501107813617,0.9136501107813617
ml_gcn_stable,5,5,1.0,1.0,161.14833295628063,0.0,161.14833295628063,0.8412331695012013,0.8412331695012013,0.0,0.0,1.0,1.0,0,0,0,0.4208787810232838,0.4208787810232838
ml_gcn_stable,6,6,1.0,1.0,162.24259654169597,0.0,162.24259654169597,0.8401550772988217,0.8401550772988217,0.0,0.0,1.0,1.0,0,0,0,0.4407744825762906,0.4407744825762906
ml_gcn_stable,7,7,0.0,0.0,258.3860345516083,35.0,293.3860345516083,0.7454324782742775,0.7109497196535879,0.36885957482754156,0.5542801421662717,1.0,2.0,1,1,0,0.3619661465829919,0.3489639504691664
ml_gcn_stable,8,8,1.0,1.0,173.70540087940842,35.0,208.70540087940842,0.828861674010435,0.7943789153897454,0.0,0.2014905686455775,1.0,1.0,1,0,1,0.649189106898335,0.649189106898335
ml_gcn_stable,9,9,1.0,1.0,181.62914128211156,0.0,181.62914128211156,0.8210550332195946,0.8210550332195946,0.0,0.0,1.0,1.0,0,0,0,0.7932571142202104,0.7932571142202104
ml_gcn_stable,10,10,0.0,0.0,257.3233592113089,35.0,292.3233592113089,0.7464794490528976,0.7119966904322079,0.4026706615944897,0.5934558017631774,1.0,2.0,1,1,0,0.3789123189820155,0.33930326555735346
ml_gcn_stable,11,11,0.0,0.0,285.56258043579385,70.0,355.56258043579385,0.7186575562208928,0.6496920389795134,0.10477489323922065,0.37558853558944216,1.0,2.0,2,1,1,0.61002280349609,0.5960234585072168
ml_gcn_stable,12,12,1.0,1.0,178.31221561233,35.0,213.31221561233,0.8243229402834188,0.7898401816627291,0.0,0.19628492573999404,1.0,1.0,1,0,1,0.7329493747696362,0.7329493747696362
ml_gcn_stable,13,13,0.0,0.0,187.49853832675984,0.0,187.49853832675984,0.8152723760327488,0.8152723760327488,0.08537006615946076,0.08537006615946076,1.0,1.0,0,0,0,0.8999734241229065,0.8999734241229065
ml_gcn_stable,14,14,1.0,1.0,180.15306959744677,70.0,250.15306959744677,0.8225092910369982,0.7535437737956189,0.0,0.38855846395743054,1.0,1.0,2,1,1,0.766419447226305,0.766419447226305
ml_gcn_stable,15,15,0.0,0.0,245.41778886395502,35.0,280.417788863955,0.7582090750108818,0.7237263163901921,0.39607085480458865,0.5951700323513599,1.0,2.0,1,1,0,0.23127125413569413,0.23107080785413653
ml_gcn_stable,16,16,0.0,0.0,264.06764998226186,70.0,334.06764998226186,0.7398348276036829,0.6708693103623036,0.055687730639765856,0.3355332215575195,1.0,2.0,2,1,1,0.40636693846115074,0.4006149998387445
ml_gcn_stable,17,17,0.0,0.0,272.65437956959715,70.0,342.65437956959715,0.7313749954979338,0.6624094782565545,0.052371413589706754,0.3225522889806177,1.0,2.0,2,1,1,0.5088399504829137,0.4786761779054287
ml_gcn_stable,18,18,0.0,0.0,182.56912026009397,35.0,217.56912026009397,0.8201289455565577,0.785646186935868,0.016261855108117628,0.21108760043739958,1.0,1.0,1,0,1,0.8103476410926175,0.8103476410926175
ml_gcn_stable,19,19,0.35714285714285715,0.35714285714285715,259.07909145704417,35.0,294.07909145704417,0.7447496635891191,0.7102669049684295,0.009062426599997847,0.14538058617195845,1.0,2.0,1,1,0,0.37059769821626737,0.3552644677913107
ml_gcn_stable,20,20,0.5714285714285714,0.5714285714285714,258.04447490548256,70.0,328.04447490548256,0.7457689902409039,0.6768034729995246,0.48071788818153866,0.8823938093988911,1.0,2.0,2,1,1,0.363610410690466,0.3458588627771142
ml_gcn_stable,21,21,0.0,0.0,273.3658748033969,70.0,343.3658748033969,0.7306740149720228,0.6617084977306434,0.4664926281295773,0.8420131061076677,1.0,2.0,2,1,1,0.5046861614461124,0.48514431639451716
ml_gcn_stable,22,22,1.0,1.0,174.11874764885772,35.0,209.11874764885772,0.8284544358139333,0.7939716771932436,0.0,0.20101224292391476,1.0,1.0,1,0,1,0.656704502706504,0.656704502706504
ml_gcn_stable,23,23,0.0,0.0,283.509032589222,35.0,318.509032589222,0.720680756069732,0.6861979974490424,0.06277641009500362,0.19397919405434344,1.0,2.0,1,1,0,0.5945553928513391,0.5773548417201998
ml_gcn_search,0,0,1.0,1.0,178.07739874169323,0.0,178.07739874169323,0.8245542869539968,0.8245542869539968,0.0,0.0,1.0,1.0,0,0,0,0.7286799771216954,0.7286799771216954
ml_gcn_search,1,1,1.0,1.0,259.40457523562606,105.0,364.40457523562606,0.7444289899156394,0.6409807140535705,0.0,0.40477312285114825,1.0,2.0,3,2,1,0.36489100504487737,0.3582234112329642
ml_gcn_search,2,2,1.0,1.0,167.24760472290515,105.0,272.2476047229052,0.8352240347557585,0.7317757588936895,0.0,0.6278116818113085,1.0,1.0,3,1,2,0.5317746313255483,0.5317746313255483
ml_gcn_search,3,3,0.35714285714285715,0.35714285714285715,246.5710646304492,105.0,351.5710646304492,0.7570728427286215,0.6536245668665525,0.004334379516727251,0.4320208560597403,1.0,2.0,3,2,1,0.24989545237556426,0.2415551330040835
ml_gcn_search,4,4,1.0,1.0,172.68831915864365,105.0,277.68831915864365,0.8298637249668535,0.7264154491047845,0.0,0.6080318605889007,1.0,1.0,3,1,2,0.6306967119753392,0.6306967119753392
ml_gcn_search,5,5,1.0,1.0,161.14833295628063,70.0,231.14833295628063,0.8412331695012013,0.772267652259822,0.0,0.4343824023236463,1.0,1.0,2,1,1,0.4208787810232838,0.4208787810232838
ml_gcn_search,6,6,1.0,1.0,162.24259654169597,0.0,162.24259654169597,0.8401550772988217,0.8401550772988217,0.0,0.0,1.0,1.0,0,0,0,0.4407744825762906,0.4407744825762906
ml_gcn_search,7,7,1.0,1.0,188.76007393538637,70.0,258.76007393538634,0.8140294838075012,0.7450639665661218,0.0,0.37084113467746027,1.0,1.0,2,1,1,0.9229104351888432,0.9229104351888432
ml_gcn_search,8,8,1.0,1.0,173.70540087940842,70.0,243.70540087940842,0.828861674010435,0.7598961567690558,0.0,0.402981137291155,1.0,1.0,2,1,1,0.649189106898335,0.649189106898335
ml_gcn_search,9,9,1.0,1.0,181.62914128211156,0.0,181.62914128211156,0.8210550332195946,0.8210550332195946,0.0,0.0,1.0,1.0,0,0,0,0.7932571142202104,0.7932571142202104
ml_gcn_search,10,10,1.0,1.0,183.45244272721573,70.0,253.45244272721573,0.8192586771160436,0.7502931598746643,0.0,0.38157028033737533,1.0,1.0,2,1,1,0.8264080495857404,0.8264080495857404
ml_gcn_search,11,11,0.9761904761904762,0.9761904761904762,256.96363988141474,35.0,291.96363988141474,0.7468338523335815,0.7123510937128918,-0.005867724744906085,0.1295390964302047,1.0,2.0,1,1,0,0.3607574417177381,0.3360330898310431
ml_gcn_search,12,12,1.0,1.0,178.31221561233,105.0,283.31221561232996,0.8243229402834188,0.7208746644213498,0.0,0.588854777219982,1.0,1.0,3,1,2,0.7329493747696362,0.7329493747696362
ml_gcn_search,13,13,1.0,1.0,172.75079180156132,70.0,242.75079180156132,0.8298021755649643,0.7608366583235849,0.0,0.40520798353508525,1.0,1.0,2,1,1,0.6318325782102057,0.6318325782102057
ml_gcn_search,14,14,1.0,1.0,180.15306959744677,70.0,250.15306959744677,0.8225092910369982,0.7535437737956189,0.0,0.38855846395743054,1.0,1.0,2,1,1,0.766419447226305,0.766419447226305
ml_gcn_search,15,15,1.0,1.0,175.79178593933668,70.0,245.79178593933668,0.8268061222272545,0.7578406049858751,0.0,0.3981983550935425,1.0,1.0,2,1,1,0.6871233807152123,0.6871233807152123
ml_gcn_search,16,16,0.9523809523809523,0.9523809523809523,252.23417586100078,105.0,357.2341758610008,0.7514934227970437,0.6480451469349746,0.008379953857953861,0.42814819023458434,1.0,2.0,3,2,1,0.30177210865999465,0.29303796237273455
ml_gcn_search,17,17,0.9523809523809523,0.9523809523809523,258.7405734855905,0.0,258.7405734855905,0.7450831788319305,0.7450831788319305,-0.0013320765216689049,-0.0013320765216689049,1.0,2.0,0,0,0,0.37523226110579744,0.3521870316871867
ml_gcn_search,18,18,1.0,1.0,179.64771514588716,105.0,284.64771514588716,0.8230071771961703,0.7195589013341014,0.0,0.5844772359878458,1.0,1.0,3,1,2,0.7572311844706756,0.7572311844706756
ml_gcn_search,19,19,0.0,0.0,256.6140865273689,105.0,361.6140865273689,0.7471782398745134,0.6437299640124444,-0.0005382858385491123,0.4084161928773327,1.0,2.0,3,2,1,0.34802230797261247,0.33285533206698986
ml_gcn_search,20,20,1.0,1.0,174.2698436785859,105.0,279.26984367858586,0.8283055727304572,0.7248572968683883,0.0,0.6025138818260286,1.0,1.0,3,1,2,0.6594517032470162,0.6594517032470162
ml_gcn_search,21,21,1.0,1.0,186.4079433880677,70.0,256.4079433880677,0.8163468538048594,0.7473813365634802,0.0,0.37552047797809024,1.0,1.0,2,1,1,0.8801444252375946,0.8801444252375946
ml_gcn_search,22,22,1.0,1.0,174.11874764885772,70.0,244.11874764885772,0.8284544358139333,0.759488918572554,0.0,0.4020244858478295,1.0,1.0,2,1,1,0.656704502706504,0.656704502706504
ml_gcn_search,23,23,0.0,0.0,271.8039437686094,105.0,376.8039437686094,0.7322128632821583,0.6287645874200893,0.018898117530554447,0.41250646940857394,1.0,2.0,3,2,1,0.4889941139581324,0.4709449433509946
ml_gcn_stable_search,0,0,1.0,1.0,178.07739874169323,0.0,178.07739874169323,0.8245542869539968,0.8245542869539968,0.0,0.0,1.0,1.0,0,0,0,0.7286799771216954,0.7286799771216954
ml_gcn_stable_search,1,1,0.0,0.0,265.28263434685886,35.0,300.28263434685886,0.7386377986730454,0.7041550400523557,0.0226598127881652,0.1575841870718813,1.0,2.0,1,1,0,0.41957498768478185,0.41166031224417154
ml_gcn_stable_search,2,2,1.0,1.0,167.24760472290515,35.0,202.24760472290515,0.8352240347557585,0.8007412761350687,0.0,0.20927056060376945,1.0,1.0,1,0,1,0.5317746313255483,0.5317746313255483
ml_gcn_stable_search,3,3,0.0,0.0,246.86469434019344,35.0,281.8646943401934,0.7567835523741937,0.722300793753504,0.005530393383097352,0.14809255223076825,1.0,2.0,1,1,0,0.2618375429050088,0.24422449400175847
ml_gcn_stable_search,4,4,0.0,0.0,188.25075609297488,35.0,223.25075609297488,0.8145312747852465,0.7800485161645568,0.09011864270932234,0.2927959295722892,1.0,1.0,1,0,1,0.9136501107813617,0.9136501107813617
ml_gcn_stable_search,5,5,1.0,1.0,161.14833295628063,0.0,161.14833295628063,0.8412331695012013,0.8412331695012013,0.0,0.0,1.0,1.0,0,0,0,0.4208787810232838,0.4208787810232838
ml_gcn_stable_search,6,6,1.0,1.0,162.24259654169597,0.0,162.24259654169597,0.8401550772988217,0.8401550772988217,0.0,0.0,1.0,1.0,0,0,0,0.4407744825762906,0.4407744825762906
ml_gcn_stable_search,7,7,1.0,1.0,188.76007393538637,70.0,258.76007393538634,0.8140294838075012,0.7450639665661218,0.0,0.37084113467746027,1.0,1.0,2,1,1,0.9229104351888432,0.9229104351888432
ml_gcn_stable_search,8,8,1.0,1.0,173.70540087940842,70.0,243.70540087940842,0.828861674010435,0.7598961567690558,0.0,0.402981137291155,1.0,1.0,2,1,1,0.649189106898335,0.649189106898335
ml_gcn_stable_search,9,9,1.0,1.0,181.62914128211156,0.0,181.62914128211156,0.8210550332195946,0.8210550332195946,0.0,0.0,1.0,1.0,0,0,0,0.7932571142202104,0.7932571142202104
ml_gcn_stable_search,10,10,1.0,1.0,183.45244272721573,70.0,253.45244272721573,0.8192586771160436,0.7502931598746643,0.0,0.38157028033737533,1.0,1.0,2,1,1,0.8264080495857404,0.8264080495857404
ml_gcn_stable_search,11,11,0.9761904761904762,0.9761904761904762,256.96363988141474,35.0,291.96363988141474,0.7468338523335815,0.7123510937128918,-0.005867724744906085,0.1295390964302047,1.0,2.0,1,1,0,0.3607574417177381,0.3360330898310431
ml_gcn_stable_search,12,12,0.0,0.0,246.60517723858322,0.0,246.60517723858322,0.7570392342477013,0.7570392342477013,0.3829965400392394,0.3829965400392394,1.0,2.0,0,0,0,0.25210895180754855,0.24186524762348394
ml_gcn_stable_search,13,13,0.0,0.0,244.18895598587247,0.0,244.18895598587247,0.75941974779717,0.75941974779717,0.41353306366532955,0.41353306366532955,1.0,2.0,0,0,0,0.22375638917504345,0.21989959987156796
ml_gcn_stable_search,14,14,0.0,0.0,261.0639472549657,0.0,261.0639472549657,0.7427941406355018,0.7427941406355018,0.4491229477150448,0.4491229477150448,1.0,2.0,0,0,0,0.3755671506037204,0.3733086114087789
ml_gcn_stable_search,15,15,0.0,0.0,260.2863003533373,0.0,260.2863003533373,0.7435602952183868,0.7435602952183868,0.4806510950583239,0.4806510950583239,1.0,2.0,0,0,0,0.3776142921535261,0.3662390941212481
ml_gcn_stable_search,16,16,0.0,0.0,258.9268887641894,0.0,258.9268887641894,0.7448996169810941,0.7448996169810941,0.035136032828873974,0.035136032828873974,1.0,2.0,0,0,0,0.35717981628838597,0.3538808069471764
ml_gcn_stable_search,17,17,0.0,0.0,275.0769083609317,0.0,275.0769083609317,0.7289882676246978,0.7289882676246978,0.06172171286831333,0.06172171286831333,1.0,2.0,0,0,0,0.588876752934239,0.5006991669175612
ml_gcn_stable_search,18,18,1.0,1.0,179.64771514588716,105.0,284.64771514588716,0.8230071771961703,0.7195589013341014,0.0,0.5844772359878458,1.0,1.0,3,1,2,0.7572311844706756,0.7572311844706756
ml_gcn_stable_search,19,19,0.35714285714285715,0.35714285714285715,261.56894717313844,35.0,296.56894717313844,0.7422966037703069,0.7078138451496173,0.018759927994789184,0.1550780875667498,1.0,2.0,1,1,0,0.3910800747399214,0.3778995197558042
ml_gcn_stable_search,20,20,1.0,1.0,174.2698436785859,35.0,209.2698436785859,0.8283055727304572,0.7938228141097676,0.0,0.20083796060867626,1.0,1.0,1,0,1,0.6594517032470162,0.6594517032470162
ml_gcn_stable_search,21,21,1.0,1.0,186.4079433880677,70.0,256.4079433880677,0.8163468538048594,0.7473813365634802,0.0,0.37552047797809024,1.0,1.0,2,1,1,0.8801444252375946,0.8801444252375946
ml_gcn_stable_search,22,22,1.0,1.0,174.11874764885772,70.0,244.11874764885772,0.8284544358139333,0.759488918572554,0.0,0.4020244858478295,1.0,1.0,2,1,1,0.656704502706504,0.656704502706504
ml_gcn_stable_search,23,23,0.0,0.0,272.06742817126576,35.0,307.06742817126576,0.7319532727376692,0.6974705141169796,0.019885828592222498,0.15108861255156233,1.0,2.0,1,1,0,0.4902628488238949,0.47334025610241603
attn_ml_gcn,0,0,1.0,1.0,178.07739874169323,0.0,178.07739874169323,0.8245542869539968,0.8245542869539968,0.0,0.0,1.0,1.0,0,0,0,0.7286799771216954,0.7286799771216954
attn_ml_gcn,1,1,0.0,0.2857142857142857,267.6624205595918,35.0,302.6624205595918,0.7362931817146879,0.7018104230939983,0.03183384609336538,0.16675822037708146,1.0,2.0,1,1,0,0.4373446801969708,0.43329473235992544
attn_ml_gcn,2,2,1.0,1.0,167.24760472290515,35.0,202.24760472290515,0.8352240347557585,0.8007412761350687,0.0,0.20927056060376945,1.0,1.0,1,0,1,0.5317746313255483,0.5317746313255483
attn_ml_gcn,3,3,0.0,0.0,246.86469434019344,35.0,281.8646943401934,0.7567835523741937,0.722300793753504,0.005530393383097352,0.14809255223076825,1.0,2.0,1,1,0,0.2618375429050088,0.24422449400175847
attn_ml_gcn,4,4,0.0,0.0,188.25075609297488,35.0,223.25075609297488,0.8145312747852465,0.7800485161645568,0.09011864270932234,0.2927959295722892,1.0,1.0,1,0,1,0.9136501107813617,0.9136501107813617
attn_ml_gcn,5,5,1.0,1.0,161.14833295628063,0.0,161.14833295628063,0.8412331695012013,0.8412331695012013,0.0,0.0,1.0,1.0,0,0,0,0.4208787810232838,0.4208787810232838
attn_ml_gcn,6,6,1.0,1.0,162.24259654169597,0.0,162.24259654169597,0.8401550772988217,0.8401550772988217,0.0,0.0,1.0,1.0,0,0,0,0.4407744825762906,0.4407744825762906
attn_ml_gcn,7,7,0.0,0.0,260.20768890340867,35.0,295.20768890340867,0.74363774492275,0.7091549863020604,0.3785102086391384,0.5639307759778687,1.0,2.0,1,1,0,0.3814651480563648,0.365524444576442
attn_ml_gcn,8,8,1.0,1.0,173.70540087940842,35.0,208.70540087940842,0.828861674010435,0.7943789153897454,0.0,0.2014905686455775,1.0,1.0,1,0,1,0.649189106898335,0.649189106898335
attn_ml_gcn,9,9,1.0,1.0,181.62914128211156,0.0,181.62914128211156,0.8210550332195946,0.8210550332195946,0.0,0.0,1.0,1.0,0,0,0,0.7932571142202104,0.7932571142202104
attn_ml_gcn,10,10,0.0,0.0,257.3233592113089,35.0,292.3233592113089,0.7464794490528976,0.7119966904322079,0.4026706615944897,0.5934558017631774,1.0,2.0,1,1,0,0.3789123189820155,0.33930326555735346
attn_ml_gcn,11,11,0.0,0.0,285.56258043579385,70.0,355.56258043579385,0.7186575562208928,0.6496920389795134,0.10477489323922065,0.37558853558944216,1.0,2.0,2,1,1,0.61002280349609,0.5960234585072168
attn_ml_gcn,12,12,1.0,1.0,178.31221561233,35.0,213.31221561233,0.8243229402834188,0.7898401816627291,0.0,0.19628492573999404,1.0,1.0,1,0,1,0.7329493747696362,0.7329493747696362
attn_ml_gcn,13,13,0.0,0.0,187.49853832675984,0.0,187.49853832675984,0.8152723760327488,0.8152723760327488,0.08537006615946076,0.08537006615946076,1.0,1.0,0,0,0,0.8999734241229065,0.8999734241229065
attn_ml_gcn,14,14,1.0,1.0,180.15306959744677,70.0,250.15306959744677,0.8225092910369982,0.7535437737956189,0.0,0.38855846395743054,1.0,1.0,2,1,1,0.766419447226305,0.766419447226305
attn_ml_gcn,15,15,1.0,1.0,175.79178593933668,70.0,245.79178593933668,0.8268061222272545,0.7578406049858751,0.0,0.3981983550935425,1.0,1.0,2,1,1,0.6871233807152123,0.6871233807152123
attn_ml_gcn,16,16,0.0,0.0,262.0765003686795,35.0,297.0765003686795,0.7417965513609069,0.7073137927402172,0.04772752719542796,0.18765027265430478,1.0,2.0,1,1,0,0.3962190385016481,0.3825136397152684
attn_ml_gcn,17,17,0.0,0.0,275.24221956848294,70.0,345.24221956848294,0.7288253994399183,0.659859882198539,0.062359768965000686,0.3325406443559117,1.0,2.0,2,1,1,0.5384961747696064,0.5022019960771178
attn_ml_gcn,18,18,0.0,0.0,277.1321989406337,70.0,347.1321989406337,0.7269633507974052,0.6579978335560258,0.5426424918100515,0.9322939824686155,1.0,2.0,2,1,1,0.55570953038743,0.5193836267330338
attn_ml_gcn,19,19,0.0,0.0,285.0796424331012,70.0,355.0796424331012,0.7191333572087673,0.650167839967388,0.11032949108322745,0.38296581022714865,1.0,2.0,2,1,1,0.603871942383353,0.5916331130281925
attn_ml_gcn,20,20,0.0,0.42857142857142855,245.29615690853672,0.0,245.29615690853672,0.7583289094497175,0.7583289094497175,0.4075651399616104,0.4075651399616104,1.0,2.0,0,0,0,0.25188846351026833,0.2299650628048794
attn_ml_gcn,21,21,0.0,0.0,359.5228991149603,105.0,464.5228991149603,0.645790247177379,0.54234197131531,0.9286887274245523,1.491969444391688,1.0,3.0,3,2,1,0.3662950987415849,0.3486236309997593
attn_ml_gcn,22,22,0.0,0.0,267.1332546107669,105.0,372.1332546107669,0.7368145274770769,0.6333662516150079,0.5342015619678702,1.1372382907396144,1.0,2.0,3,1,2,0.432466677644224,0.42848413282515363
attn_ml_gcn,23,23,0.0,0.0,273.2959443151545,70.0,343.2959443151545,0.7307429120047739,0.6617773947633947,0.024491106826999464,0.2868966747456791,1.0,2.0,2,1,1,0.4970073093497861,0.48450858468322255
attn_ml_gcn_pruned,0,0,1.0,1.0,178.07739874169323,0.0,178.07739874169323,0.8245542869539968,0.8245542869539968,0.0,0.0,1.0,1.0,0,0,0,0.7286799771216954,0.7286799771216954
attn_ml_gcn_pruned,1,1,0.2857142857142857,0.2857142857142857,267.6624205595918,35.0,302.6624205595918,0.7362931817146879,0.7018104230939983,0.03183384609336538,0.16675822037708146,1.0,2.0,1,1,0,0.4373446801969708,0.43329473235992544
attn_ml_gcn_pruned,2,2,1.0,1.0,167.24760472290515,35.0,202.24760472290515,0.8352240347557585,0.8007412761350687,0.0,0.20927056060376945,1.0,1.0,1,0,1,0.5317746313255483,0.5317746313255483
attn_ml_gcn_pruned,3,3,0.0,0.0,246.86469434019344,35.0,281.8646943401934,0.7567835523741937,0.722300793753504,0.005530393383097352,0.14809255223076825,1.0,2.0,1,1,0,0.2618375429050088,0.24422449400175847
attn_ml_gcn_pruned,4,4,0.0,0.0,188.25075609297488,35.0,223.25075609297488,0.8145312747852465,0.7800485161645568,0.09011864270932234,0.2927959295722892,1.0,1.0,1,0,1,0.9136501107813617,0.9136501107813617
attn_ml_gcn_pruned,5,5,1.0,1.0,161.14833295628063,0.0,161.14833295628063,0.8412331695012013,0.8412331695012013,0.0,0.0,1.0,1.0,0,0,0,0.4208787810232838,0.4208787810232838
attn_ml_gcn_pruned,6,6,1.0,1.0,162.24259654169597,0.0,162.24259654169597,0.8401550772988217,0.8401550772988217,0.0,0.0,1.0,1.0,0,0,0,0.4407744825762906,0.4407744825762906
attn_ml_gcn_pruned,7,7,1.0,1.0,188.76007393538637,70.0,258.76007393538634,0.8140294838075012,0.7450639665661218,0.0,0.37084113467746027,1.0,1.0,2,1,1,0.9229104351888432,0.9229104351888432
attn_ml_gcn_pruned,8,8,1.0,1.0,173.70540087940842,70.0,243.70540087940842,0.828861674010435,0.7598961567690558,0.0,0.402981137291155,1.0,1.0,2,1,1,0.649189106898335,0.649189106898335
attn_ml_gcn_pruned,9,9,1.0,1.0,181.62914128211156,0.0,181.62914128211156,0.8210550332195946,0.8210550332195946,0.0,0.0,1.0,1.0,0,0,0,0.7932571142202104,0.7932571142202104
attn_ml_gcn_pruned,10,10,0.0,0.0,250.12454843237026,35.0,285.12454843237026,0.753571873465645,0.7190891148449554,0.3634299152085563,0.5542150553772439,1.0,2.0,1,1,0,0.274527459266497,0.27385953120336604
attn_ml_gcn_pruned,11,11,0.0,0.0,285.56258043579385,0.0,285.56258043579385,0.7186575562208928,0.7186575562208928,0.10477489323922065,0.10477489323922065,1.0,2.0,0,0,0,0.61002280349609,0.5960234585072168
attn_ml_gcn_pruned,12,12,1.0,1.0,178.31221561233,35.0,213.31221561233,0.8243229402834188,0.7898401816627291,0.0,0.19628492573999404,1.0,1.0,1,0,1,0.7329493747696362,0.7329493747696362
attn_ml_gcn_pruned,13,13,0.0,0.0,187.49853832675984,0.0,187.49853832675984,0.8152723760327488,0.8152723760327488,0.08537006615946076,0.08537006615946076,1.0,1.0,0,0,0,0.8999734241229065,0.8999734241229065
attn_ml_gcn_pruned,14,14,1.0,1.0,180.15306959744677,70.0,250.15306959744677,0.8225092910369982,0.7535437737956189,0.0,0.38855846395743054,1.0,1.0,2,1,1,0.766419447226305,0.766419447226305
attn_ml_gcn_pruned,15,15,1.0,1.0,175.79178593933668,70.0,245.79178593933668,0.8268061222272545,0.7578406049858751,0.0,0.3981983550935425,1.0,1.0,2,1,1,0.6871233807152123,0.6871233807152123
attn_ml_gcn_pruned,16,16,0.0,0.0,255.50689319665662,35.0,290.5068931966566,0.7482690707422103,0.7137863121215205,0.02146359942126317,0.16138634488014,1.0,2.0,1,1,0,0.3386305170127191,0.322789938151424
attn_ml_gcn_pruned,17,17,0.0,0.0,275.24221956848294,0.0,275.24221956848294,0.7288253994399183,0.7288253994399183,0.062359768965000686,0.062359768965000686,1.0,2.0,0,0,0,0.5384961747696064,0.5022019960771178
attn_ml_gcn_pruned,18,18,1.0,1.0,179.64771514588716,35.0,214.64771514588716,0.8230071771961703,0.7885244185754807,0.0,0.19482574532928196,1.0,1.0,1,0,1,0.7572311844706756,0.7572311844706756
attn_ml_gcn_pruned,19,19,0.0,0.0,285.0796424331012,35.0,320.0796424331012,0.7191333572087673,0.6846505985880776,0.11032949108322745,0.24664765065518807,1.0,2.0,1,1,0,0.603871942383353,0.5916331130281925
attn_ml_gcn_pruned,20,20,0.42857142857142855,0.42857142857142855,245.29615690853672,0.0,245.29615690853672,0.7583289094497175,0.7583289094497175,0.4075651399616104,0.4075651399616104,1.0,2.0,0,0,0,0.25188846351026833,0.2299650628048794
attn_ml_gcn_pruned,21,21,0.0,0.0,268.7655047322938,70.0,338.7655047322938,0.7352063992785284,0.666240882037149,0.4418135828727668,0.8173340608508571,1.0,2.0,2,1,1,0.4477132188176988,0.4433227702935796
attn_ml_gcn_pruned,22,22,0.0,0.0,267.1332546107669,70.0,337.1332546107669,0.7368145274770769,0.6678490102356976,0.5342015619678702,0.9362260478156996,1.0,2.0,2,1,1,0.432466677644224,0.42848413282515363
attn_ml_gcn_pruned,23,23,0.0,0.0,273.2959443151545,70.0,343.2959443151545,0.7307429120047739,0.6617773947633947,0.024491106826999464,0.2868966747456791,1.0,2.0,2,1,1,0.4970073093497861,0.48450858468322255
attn_ml_gcn_stable,0,0,1.0,1.0,178.07739874169323,0.0,178.07739874169323,0.8245542869539968,0.8245542869539968,0.0,0.0,1.0,1.0,0,0,0,0.7286799771216954,0.7286799771216954
attn_ml_gcn_stable,1,1,0.2857142857142857,0.2857142857142857,267.6624205595918,35.0,302.6624205595918,0.7362931817146879,0.7018104230939983,0.03183384609336538,0.16675822037708146,1.0,2.0,1,1,0,0.4373446801969708,0.43329473235992544
attn_ml_gcn_stable,2,2,1.0,1.0,167.24760472290515,35.0,202.24760472290515,0.8352240347557585,0.8007412761350687,0.0,0.20927056060376945,1.0,1.0,1,0,1,0.5317746313255483,0.5317746313255483
attn_ml_gcn_stable,3,3,0.0,0.0,246.86469434019344,35.0,281.8646943401934,0.7567835523741937,0.722300793753504,0.005530393383097352,0.14809255223076825,1.0,2.0,1,1,0,0.2618375429050088,0.24422449400175847
attn_ml_gcn_stable,4,4,0.0,0.0,188.25075609297488,35.0,223.25075609297488,0.8145312747852465,0.7800485161645568,0.09011864270932234,0.2927959295722892,1.0,1.0,1,0,1,0.9136501107813617,0.9136501107813617
attn_ml_gcn_stable,5,5,1.0,1.0,161.14833295628063,0.0,161.14833295628063,0.8412331695012013,0.8412331695012013,0.0,0.0,1.0,1.0,0,0,0,0.4208787810232838,0.4208787810232838
attn_ml_gcn_stable,6,6,1.0,1.0,162.24259654169597,0.0,162.24259654169597,0.8401550772988217,0.8401550772988217,0.0,0.0,1.0,1.0,0,0,0,0.4407744825762906,0.4407744825762906
attn_ml_gcn_stable,7,7,0.0,0.0,258.3860345516083,35.0,293.3860345516083,0.7454324782742775,0.7109497196535879,0.36885957482754156,0.5542801421662717,1.0,2.0,1,1,0,0.3619661465829919,0.3489639504691664
attn_ml_gcn_stable,8,8,1.0,1.0,173.70540087940842,35.0,208.70540087940842,0.828861674010435,0.7943789153897454,0.0,0.2014905686455775,1.0,1.0,1,0,1,0.649189106898335,0.649189106898335
attn_ml_gcn_stable,9,9,1.0,1.0,181.62914128211156,0.0,181.62914128211156,0.8210550332195946,0.8210550332195946,0.0,0.0,1.0,1.0,0,0,0,0.7932571142202104,0.7932571142202104
attn_ml_gcn_stable,10,10,0.0,0.0,257.3233592113089,35.0,292.3233592113089,0.7464794490528976,0.7119966904322079,0.4026706615944897,0.5934558017631774,1.0,2.0,1,1,0,0.3789123189820155,0.33930326555735346
attn_ml_gcn_stable,11,11,0.0,0.0,285.56258043579385,70.0,355.56258043579385,0.7186575562208928,0.6496920389795134,0.10477489323922065,0.37558853558944216,1.0,2.0,2,1,1,0.61002280349609,0.5960234585072168
attn_ml_gcn_stable,12,12,1.0,1.0,178.31221561233,35.0,213.31221561233,0.8243229402834188,0.7898401816627291,0.0,0.19628492573999404,1.0,1.0,1,0,1,0.7329493747696362,0.7329493747696362
attn_ml_gcn_stable,13,13,0.0,0.0,187.49853832675984,0.0,187.49853832675984,0.8152723760327488,0.8152723760327488,0.08537006615946076,0.08537006615946076,1.0,1.0,0,0,0,0.8999734241229065,0.8999734241229065
attn_ml_gcn_stable,14,14,1.0,1.0,180.15306959744677,70.0,250.15306959744677,0.8225092910369982,0.7535437737956189,0.0,0.38855846395743054,1.0,1.0,2,1,1,0.766419447226305,0.766419447226305
attn_ml_gcn_stable,15,15,0.0,0.0,245.41778886395502,35.0,280.417788863955,0.7582090750108818,0.7237263163901921,0.39607085480458865,0.5951700323513599,1.0,2.0,1,1,0,0.23127125413569413,0.23107080785413653
attn_ml_gcn_stable,16,16,0.0,0.0,264.06764998226186,70.0,334.06764998226186,0.7398348276036829,0.6708693103623036,0.055687730639765856,0.3355332215575195,1.0,2.0,2,1,1,0.40636693846115074,0.4006149998387445
attn_ml_gcn_stable,17,17,0.0,0.0,272.65437956959715,70.0,342.65437956959715,0.7313749954979338,0.6624094782565545,0.052371413589706754,0.3225522889806177,1.0,2.0,2,1,1,0.5088399504829137,0.4786761779054287
attn_ml_gcn_stable,18,18,0.0,0.0,182.56912026009397,35.0,217.56912026009397,0.8201289455565577,0.785646186935868,0.016261855108117628,0.21108760043739958,1.0,1.0,1,0,1,0.8103476410926175,0.8103476410926175
attn_ml_gcn_stable,19,19,0.35714285714285715,0.35714285714285715,259.07909145704417,35.0,294.07909145704417,0.7447496635891191,0.7102669049684295,0.009062426599997847,0.14538058617195845,1.0,2.0,1,1,0,0.37059769821626737,0.3552644677913107
attn_ml_gcn_stable,20,20,0.5714285714285714,0.5714285714285714,258.04447490548256,70.0,328.04447490548256,0.7457689902409039,0.6768034729995246,0.48071788818153866,0.8823938093988911,1.0,2.0,2,1,1,0.363610410690466,0.3458588627771142
attn_ml_gcn_stable,21,21,0.0,0.0,273.3658748033969,70.0,343.3658748033969,0.7306740149720228,0.6617084977306434,0.4664926281295773,0.8420131061076677,1.0,2.0,2,1,1,0.5046861614461124,0.48514431639451716
attn_ml_gcn_stable,22,22,1.0,1.0,174.11874764885772,35.0,209.11874764885772,0.8284544358139333,0.7939716771932436,0.0,0.20101224292391476,1.0,1.0,1,0,1,0.656704502706504,0.656704502706504
attn_ml_gcn_stable,23,23,0.0,0.0,283.509032589222,35.0,318.509032589222,0.720680756069732,0.6861979974490424,0.06277641009500362,0.19397919405434344,1.0,2.0,1,1,0,0.5945553928513391,0.5773548417201998
attn_ml_gcn_search,0,0,1.0,1.0,178.07739874169323,0.0,178.07739874169323,0.8245542869539968,0.8245542869539968,0.0,0.0,1.0,1.0,0,0,0,0.7286799771216954,0.7286799771216954
attn_ml_gcn_search,1,1,1.0,1.0,259.40457523562606,105.0,364.40457523562606,0.7444289899156394,0.6409807140535705,0.0,0.40477312285114825,1.0,2.0,3,2,1,0.36489100504487737,0.3582234112329642
attn_ml_gcn_search,2,2,1.0,1.0,167.24760472290515,105.0,272.2476047229052,0.8352240347557585,0.7317757588936895,0.0,0.6278116818113085,1.0,1.0,3,1,2,0.5317746313255483,0.5317746313255483
attn_ml_gcn_search,3,3,0.35714285714285715,0.35714285714285715,246.5710646304492,105.0,351.5710646304492,0.7570728427286215,0.6536245668665525,0.004334379516727251,0.4320208560597403,1.0,2.0,3,2,1,0.24989545237556426,0.2415551330040835
attn_ml_gcn_search,4,4,1.0,1.0,172.68831915864365,105.0,277.68831915864365,0.8298637249668535,0.7264154491047845,0.0,0.6080318605889007,1.0,1.0,3,1,2,0.6306967119753392,0.6306967119753392
attn_ml_gcn_search,5,5,1.0,1.0,161.14833295628063,70.0,231.14833295628063,0.8412331695012013,0.772267652259822,0.0,0.4343824023236463,1.0,1.0,2,1,1,0.4208787810232838,0.4208787810232838
attn_ml_gcn_search,6,6,1.0,1.0,162.24259654169597,0.0,162.24259654169597,0.8401550772988217,0.8401550772988217,0.0,0.0,1.0,1.0,0,0,0,0.4407744825762906,0.4407744825762906
attn_ml_gcn_search,7,7,1.0,1.0,188.76007393538637,70.0,258.76007393538634,0.8140294838075012,0.7450639665661218,0.0,0.37084113467746027,1.0,1.0,2,1,1,0.9229104351888432,0.9229104351888432
attn_ml_gcn_search,8,8,1.0,1.0,173.70540087940842,70.0,243.70540087940842,0.828861674010435,0.7598961567690558,0.0,0.402981137291155,1.0,1.0,2,1,1,0.649189106898335,0.649189106898335
attn_ml_gcn_search,9,9,1.0,1.0,181.62914128211156,0.0,181.62914128211156,0.8210550332195946,0.8210550332195946,0.0,0.0,1.0,1.0,0,0,0,0.7932571142202104,0.7932571142202104
attn_ml_gcn_search,10,10,1.0,1.0,183.45244272721573,70.0,253.45244272721573,0.8192586771160436,0.7502931598746643,0.0,0.38157028033737533,1.0,1.0,2,1,1,0.8264080495857404,0.8264080495857404
attn_ml_gcn_search,11,11,0.9761904761904762,0.9761904761904762,256.96363988141474,35.0,291.96363988141474,0.7468338523335815,0.7123510937128918,-0.005867724744906085,0.1295390964302047,1.0,2.0,1,1,0,0.3607574417177381,0.3360330898310431
attn_ml_gcn_search,12,12,1.0,1.0,178.31221561233,105.0,283.31221561232996,0.8243229402834188,0.7208746644213498,0.0,0.588854777219982,1.0,1.0,3,1,2,0.7329493747696362,0.7329493747696362
attn_ml_gcn_search,13,13,1.0,1.0,172.75079180156132,70.0,242.75079180156132,0.8298021755649643,0.7608366583235849,0.0,0.40520798353508525,1.0,1.0,2,1,1,0.6318325782102057,0.6318325782102057
attn_ml_gcn_search,14,14,1.0,1.0,180.15306959744677,70.0,250.15306959744677,0.8225092910369982,0.7535437737956189,0.0,0.38855846395743054,1.0,1.0,2,1,1,0.766419447226305,0.766419447226305
attn_ml_gcn_search,15,15,1.0,1.0,175.79178593933668,70.0,245.79178593933668,0.8268061222272545,0.7578406049858751,0.0,0.3981983550935425,1.0,1.0,2,1,1,0.6871233807152123,0.6871233807152123
attn_ml_gcn_search,16,16,0.9523809523809523,0.9523809523809523,252.23417586100078,105.0,357.2341758610008,0.7514934227970437,0.6480451469349746,0.008379953857953861,0.42814819023458434,1.0,2.0,3,2,1,0.30177210865999465,0.29303796237273455
attn_ml_gcn_search,17,17,0.9523809523809523,0.9523809523809523,258.7405734855905,0.0,258.7405734855905,0.7450831788319305,0.7450831788319305,-0.0013320765216689049,-0.0013320765216689049,1.0,2.0,0,0,0,0.37523226110579744,0.3521870316871867
attn_ml_gcn_search,18,18,1.0,1.0,179.64771514588716,105.0,284.64771514588716,0.8230071771961703,0.7195589013341014,0.0,0.5844772359878458,1.0,1.0,3,1,2,0.7572311844706756,0.7572311844706756
attn_ml_gcn_search,19,19,0.0,0.0,256.6140865273689,105.0,361.6140865273689,0.7471782398745134,0.6437299640124444,-0.0005382858385491123,0.4084161928773327,1.0,2.0,3,2,1,0.34802230797261247,0.33285533206698986
attn_ml_gcn_search,20,20,1.0,1.0,174.2698436785859,105.0,279.26984367858586,0.8283055727304572,0.7248572968683883,0.0,0.6025138818260286,1.0,1.0,3,1,2,0.6594517032470162,0.6594517032470162
attn_ml_gcn_search,21,21,1.0,1.0,186.4079433880677,70.0,256.4079433880677,0.8163468538048594,0.7473813365634802,0.0,0.37552047797809024,1.0,1.0,2,1,1,0.8801444252375946,0.8801444252375946
attn_ml_gcn_search,22,22,1.0,1.0,174.11874764885772,70.0,244.11874764885772,0.8284544358139333,0.759488918572554,0.0,0.4020244858478295,1.0,1.0,2,1,1,0.656704502706504,0.656704502706504
attn_ml_gcn_search,23,23,0.0,0.0,271.8039437686094,105.0,376.8039437686094,0.7322128632821583,0.6287645874200893,0.018898117530554447,0.41250646940857394,1.0,2.0,3,2,1,0.4889941139581324,0.4709449433509946
attn_ml_gcn_stable_search,0,0,1.0,1.0,178.07739874169323,0.0,178.07739874169323,0.8245542869539968,0.8245542869539968,0.0,0.0,1.0,1.0,0,0,0,0.7286799771216954,0.7286799771216954
attn_ml_gcn_stable_search,1,1,0.0,0.0,265.28263434685886,35.0,300.28263434685886,0.7386377986730454,0.7041550400523557,0.0226598127881652,0.1575841870718813,1.0,2.0,1,1,0,0.41957498768478185,0.41166031224417154
attn_ml_gcn_stable_search,2,2,1.0,1.0,167.24760472290515,35.0,202.24760472290515,0.8352240347557585,0.8007412761350687,0.0,0.20927056060376945,1.0,1.0,1,0,1,0.5317746313255483,0.5317746313255483
attn_ml_gcn_stable_search,3,3,0.0,0.0,246.86469434019344,35.0,281.8646943401934,0.7567835523741937,0.722300793753504,0.005530393383097352,0.14809255223076825,1.0,2.0,1,1,0,0.2618375429050088,0.24422449400175847
attn_ml_gcn_stable_search,4,4,0.0,0.0,188.25075609297488,35.0,223.25075609297488,0.8145312747852465,0.7800485161645568,0.09011864270932234,0.2927959295722892,1.0,1.0,1,0,1,0.9136501107813617,0.9136501107813617
attn_ml_gcn_stable_search,5,5,1.0,1.0,161.14833295628063,0.0,161.14833295628063,0.8412331695012013,0.8412331695012013,0.0,0.0,1.0,1.0,0,0,0,0.4208787810232838,0.4208787810232838
attn_ml_gcn_stable_search,6,6,1.0,1.0,162.24259654169597,0.0,162.24259654169597,0.8401550772988217,0.8401550772988217,0.0,0.0,1.0,1.0,0,0,0,0.4407744825762906,0.4407744825762906
attn_ml_gcn_stable_search,7,7,1.0,1.0,188.76007393538637,70.0,258.76007393538634,0.8140294838075012,0.7450639665661218,0.0,0.37084113467746027,1.0,1.0,2,1,1,0.9229104351888432,0.9229104351888432
attn_ml_gcn_stable_search,8,8,1.0,1.0,173.70540087940842,70.0,243.70540087940842,0.828861674010435,0.7598961567690558,0.0,0.402981137291155,1.0,1.0,2,1,1,0.649189106898335,0.649189106898335
attn_ml_gcn_stable_search,9,9,1.0,1.0,181.62914128211156,0.0,181.62914128211156,0.8210550332195946,0.8210550332195946,0.0,0.0,1.0,1.0,0,0,0,0.7932571142202104,0.7932571142202104
attn_ml_gcn_stable_search,10,10,1.0,1.0,183.45244272721573,70.0,253.45244272721573,0.8192586771160436,0.7502931598746643,0.0,0.38157028033737533,1.0,1.0,2,1,1,0.8264080495857404,0.8264080495857404
attn_ml_gcn_stable_search,11,11,0.9761904761904762,0.9761904761904762,256.96363988141474,35.0,291.96363988141474,0.7468338523335815,0.7123510937128918,-0.005867724744906085,0.1295390964302047,1.0,2.0,1,1,0,0.3607574417177381,0.3360330898310431
attn_ml_gcn_stable_search,12,12,0.0,0.0,246.60517723858322,0.0,246.60517723858322,0.7570392342477013,0.7570392342477013,0.3829965400392394,0.3829965400392394,1.0,2.0,0,0,0,0.25210895180754855,0.24186524762348394
attn_ml_gcn_stable_search,13,13,0.0,0.0,244.18895598587247,0.0,244.18895598587247,0.75941974779717,0.75941974779717,0.41353306366532955,0.41353306366532955,1.0,2.0,0,0,0,0.22375638917504345,0.21989959987156796
attn_ml_gcn_stable_search,14,14,0.0,0.0,261.0639472549657,0.0,261.0639472549657,0.7427941406355018,0.7427941406355018,0.4491229477150448,0.4491229477150448,1.0,2.0,0,0,0,0.3755671506037204,0.3733086114087789
attn_ml_gcn_stable_search,15,15,0.0,0.0,260.2863003533373,0.0,260.2863003533373,0.7435602952183868,0.7435602952183868,0.4806510950583239,0.4806510950583239,1.0,2.0,0,0,0,0.3776142921535261,0.3662390941212481
attn_ml_gcn_stable_search,16,16,0.0,0.0,258.9268887641894,0.0,258.9268887641894,0.7448996169810941,0.7448996169810941,0.035136032828873974,0.035136032828873974,1.0,2.0,0,0,0,0.35717981628838597,0.3538808069471764
attn_ml_gcn_stable_search,17,17,0.0,0.0,275.0769083609317,0.0,275.0769083609317,0.7289882676246978,0.7289882676246978,0.06172171286831333,0.06172171286831333,1.0,2.0,0,0,0,0.588876752934239,0.5006991669175612
attn_ml_gcn_stable_search,18,18,1.0,1.0,179.64771514588716,105.0,284.64771514588716,0.8230071771961703,0.7195589013341014,0.0,0.5844772359878458,1.0,1.0,3,1,2,0.7572311844706756,0.7572311844706756
attn_ml_gcn_stable_search,19,19,0.35714285714285715,0.35714285714285715,261.56894717313844,35.0,296.56894717313844,0.7422966037703069,0.7078138451496173,0.018759927994789184,0.1550780875667498,1.0,2.0,1,1,0,0.3910800747399214,0.3778995197558042
attn_ml_gcn_stable_search,20,20,1.0,1.0,174.2698436785859,35.0,209.2698436785859,0.8283055727304572,0.7938228141097676,0.0,0.20083796060867626,1.0,1.0,1,0,1,0.6594517032470162,0.6594517032470162
attn_ml_gcn_stable_search,21,21,1.0,1.0,186.4079433880677,70.0,256.4079433880677,0.8163468538048594,0.7473813365634802,0.0,0.37552047797809024,1.0,1.0,2,1,1,0.8801444252375946,0.8801444252375946
attn_ml_gcn_stable_search,22,22,1.0,1.0,174.11874764885772,70.0,244.11874764885772,0.8284544358139333,0.759488918572554,0.0,0.4020244858478295,1.0,1.0,2,1,1,0.656704502706504,0.656704502706504
attn_ml_gcn_stable_search,23,23,0.0,0.0,272.06742817126576,35.0,307.06742817126576,0.7319532727376692,0.6974705141169796,0.019885828592222498,0.15108861255156233,1.0,2.0,1,1,0,0.4902628488238949,0.47334025610241603
