policy,graph_id,hour,raw_assignment_accuracy,assignment_accuracy,energy_w,switching_penalty_w,energy_w_with_switching,energy_saving_vs_all_on,energy_saving_with_switching_vs_all_on,energy_gap_vs_oracle,energy_gap_with_switching_vs_oracle_static,served_ratio,active_bs,switch_events,activation_events,deactivation_events,max_load,mean_active_load
rsrp,0,0,0.21428571428571427,0.19047619047619047,677.2626375805609,0.0,677.2626375805609,0.3327461698713686,0.3327461698713686,2.5761219808721445,2.5761219808721445,1.0,7.0,0,0,0,0.19021790050852747,0.12276009761184649
rsrp,1,1,0.2619047619047619,0.30952380952380953,673.1897878263431,0.0,673.1897878263431,0.33675882972774074,0.33675882972774074,1.6466708430234633,1.6466708430234633,1.0,7.0,0,0,0,0.17218900645773735,0.11218126708141075
rsrp,2,2,0.14285714285714285,0.09523809523809523,701.1120952648822,0.0,701.1120952648822,0.309249167226717,0.309249167226717,3.137655895247017,3.137655895247017,1.0,7.0,0,0,0,0.26668103836680784,0.1847067409477459
rsrp,3,3,0.16666666666666666,0.19047619047619047,705.9879497102525,0.0,705.9879497102525,0.30444536974359365,0.30444536974359365,2.749610457758006,2.749610457758006,1.0,7.0,0,0,0,0.29061343017941776,0.19737129794870736
rsrp,4,4,0.21428571428571427,0.16666666666666666,695.8975513794388,0.0,695.8975513794388,0.3143866488872524,0.3143866488872524,2.6662546155642586,2.6662546155642586,1.0,7.0,0,0,0,0.22204414243568135,0.17116247111542574
rsrp,5,5,0.047619047619047616,0.09523809523809523,710.6263196634253,0.0,710.6263196634253,0.2998755471296302,0.2998755471296302,2.9777807512926735,2.9777807512926735,1.0,7.0,0,0,0,0.26946097698049387,0.20941901211279304
rsrp,6,6,0.19047619047619047,0.16666666666666666,732.625943094107,0.0,732.625943094107,0.27820104128659406,0.27820104128659406,2.8986464496503843,2.8986464496503843,1.0,7.0,0,0,0,0.3131676439690285,0.2665608911535247
rsrp,7,7,0.3333333333333333,0.35714285714285715,681.5625105579056,0.0,681.5625105579056,0.3285098418148713,0.3285098418148713,1.7023170420205467,1.7023170420205467,1.0,7.0,0,0,0,0.21480132510144284,0.13392859885170286
rsrp,8,8,0.16666666666666666,0.16666666666666666,683.9694365177892,0.0,683.9694365177892,0.32613848618937025,0.32613848618937025,2.9135837325569485,2.9135837325569485,1.0,7.0,0,0,0,0.18069735769716777,0.14018035459166014
rsrp,9,9,0.42857142857142855,0.30952380952380953,698.0363015976162,0.0,698.0363015976162,0.31227950581515646,0.31227950581515646,1.805708112158625,1.805708112158625,1.0,7.0,0,0,0,0.21202878053896762,0.1767176664873149
rsrp,10,10,0.47619047619047616,0.40476190476190477,708.089861284999,0.0,708.089861284999,0.30237452090147887,0.30237452090147887,1.6996504857293095,1.6996504857293095,1.0,7.0,0,0,0,0.25804147442383235,0.2028308085324648
rsrp,11,11,0.11904761904761904,0.11904761904761904,663.6542879153843,0.0,663.6542879153843,0.34615341092080365,0.34615341092080365,2.8309234755674364,2.8309234755674364,1.0,7.0,0,0,0,0.1422222621706995,0.08741373484515412
rsrp,12,12,0.2857142857142857,0.2857142857142857,696.9931082735717,0.0,696.9931082735717,0.31330728248909195,0.31330728248909195,1.7107489090623023,1.7107489090623023,1.0,7.0,0,0,0,0.23780896329528947,0.17400807343784866
rsrp,13,13,0.19047619047619047,0.19047619047619047,673.102912297944,0.0,673.102912297944,0.3368444213813359,0.3368444213813359,2.813319243755538,2.813319243755538,1.0,7.0,0,0,0,0.13382475396161903,0.11195561635829614
rsrp,14,14,0.2619047619047619,0.2619047619047619,676.4245947285011,0.0,676.4245947285011,0.3335718278536935,0.3335718278536935,1.7012567479153022,1.7012567479153022,1.0,7.0,0,0,0,0.16442144210446902,0.1205833629311717
rsrp,15,15,0.21428571428571427,0.21428571428571427,686.2655362945784,0.0,686.2655362945784,0.32387631892159763,0.32387631892159763,2.7573230988117152,2.7573230988117152,1.0,7.0,0,0,0,0.2258816062527356,0.14614425011578822
rsrp,16,16,0.19047619047619047,0.14285714285714285,687.5084023582576,0.0,687.5084023582576,0.322651820336692,0.322651820336692,2.759082512851903,2.759082512851903,1.0,7.0,0,0,0,0.22056589931147214,0.149372473657812
rsrp,17,17,0.19047619047619047,0.19047619047619047,678.4711483452021,0.0,678.4711483452021,0.3315555188717221,0.3315555188717221,2.8106037008507867,2.8106037008507867,1.0,7.0,0,0,0,0.15603083373841492,0.1258990866109148
rsrp,18,18,0.11904761904761904,0.11904761904761904,681.5304010462829,0.0,681.5304010462829,0.3285414768016917,0.3285414768016917,2.6203481564097997,2.6203481564097997,1.0,7.0,0,0,0,0.22137648188465,0.13384519752281254
rsrp,19,19,0.2619047619047619,0.21428571428571427,676.5182886524435,0.0,676.5182886524435,0.3334795185690212,0.3334795185690212,3.202218203025364,3.202218203025364,1.0,7.0,0,0,0,0.15935481585017655,0.12082672377258045
rsrp,20,20,0.16666666666666666,0.16666666666666666,708.1054987018238,0.0,708.1054987018238,0.302359114579484,0.302359114579484,3.0309249438847865,3.0309249438847865,1.0,7.0,0,0,0,0.26563508816118653,0.2028714251995424
rsrp,21,21,0.16666666666666666,0.19047619047619047,689.0075419171814,0.0,689.0075419171814,0.32117483554957504,0.32117483554957504,3.069765392923284,3.069765392923284,1.0,7.0,0,0,0,0.20571562890619324,0.15326634264202957
rsrp,22,22,0.4523809523809524,0.40476190476190477,700.8949638085804,0.0,700.8949638085804,0.30946308984376314,0.30946308984376314,1.7586420241321292,1.7586420241321292,1.0,7.0,0,0,0,0.23078102616760846,0.18414276313916983
rsrp,23,23,0.14285714285714285,0.14285714285714285,676.6276896762579,0.0,676.6276896762579,0.33337173430910555,0.33337173430910555,2.906093070391889,2.906093070391889,1.0,7.0,0,0,0,0.17216102091076024,0.12111088227599434
sinr,0,0,0.21428571428571427,0.19047619047619047,677.2626375805609,0.0,677.2626375805609,0.3327461698713686,0.3327461698713686,2.5761219808721445,2.5761219808721445,1.0,7.0,0,0,0,0.19021790050852747,0.12276009761184649
sinr,1,1,0.2619047619047619,0.30952380952380953,673.1897878263431,0.0,673.1897878263431,0.33675882972774074,0.33675882972774074,1.6466708430234633,1.6466708430234633,1.0,7.0,0,0,0,0.17218900645773735,0.11218126708141075
sinr,2,2,0.14285714285714285,0.09523809523809523,701.1120952648822,0.0,701.1120952648822,0.309249167226717,0.309249167226717,3.137655895247017,3.137655895247017,1.0,7.0,0,0,0,0.26668103836680784,0.1847067409477459
sinr,3,3,0.16666666666666666,0.19047619047619047,705.9879497102525,0.0,705.9879497102525,0.30444536974359365,0.30444536974359365,2.749610457758006,2.749610457758006,1.0,7.0,0,0,0,0.29061343017941776,0.19737129794870736
sinr,4,4,0.21428571428571427,0.16666666666666666,695.8975513794388,0.0,695.8975513794388,0.3143866488872524,0.3143866488872524,2.6662546155642586,2.6662546155642586,1.0,7.0,0,0,0,0.22204414243568135,0.17116247111542574
sinr,5,5,0.047619047619047616,0.09523809523809523,710.6263196634253,0.0,710.6263196634253,0.2998755471296302,0.2998755471296302,2.9777807512926735,2.9777807512926735,1.0,7.0,0,0,0,0.26946097698049387,0.20941901211279304
sinr,6,6,0.19047619047619047,0.16666666666666666,732.625943094107,0.0,732.625943094107,0.27820104128659406,0.27820104128659406,2.8986464496503843,2.8986464496503843,1.0,7.0,0,0,0,0.3131676439690285,0.2665608911535247
sinr,7,7,0.3333333333333333,0.35714285714285715,681.5625105579056,0.0,681.5625105579056,0.3285098418148713,0.3285098418148713,1.7023170420205467,1.7023170420205467,1.0,7.0,0,0,0,0.21480132510144284,0.13392859885170286
sinr,8,8,0.16666666666666666,0.16666666666666666,683.9694365177892,0.0,683.9694365177892,0.32613848618937025,0.32613848618937025,2.9135837325569485,2.9135837325569485,1.0,7.0,0,0,0,0.18069735769716777,0.14018035459166014
sinr,9,9,0.42857142857142855,0.30952380952380953,698.0363015976162,0.0,698.0363015976162,0.31227950581515646,0.31227950581515646,1.805708112158625,1.805708112158625,1.0,7.0,0,0,0,0.21202878053896762,0.1767176664873149
sinr,10,10,0.47619047619047616,0.40476190476190477,708.089861284999,0.0,708.089861284999,0.30237452090147887,0.30237452090147887,1.6996504857293095,1.6996504857293095,1.0,7.0,0,0,0,0.25804147442383235,0.2028308085324648
sinr,11,11,0.11904761904761904,0.11904761904761904,663.6542879153843,0.0,663.6542879153843,0.34615341092080365,0.34615341092080365,2.8309234755674364,2.8309234755674364,1.0,7.0,0,0,0,0.1422222621706995,0.08741373484515412
sinr,12,12,0.2857142857142857,0.2857142857142857,696.9931082735717,0.0,696.9931082735717,0.31330728248909195,0.31330728248909195,1.7107489090623023,1.7107489090623023,1.0,7.0,0,0,0,0.23780896329528947,0.17400807343784866
sinr,13,13,0.19047619047619047,0.19047619047619047,673.102912297944,0.0,673.102912297944,0.3368444213813359,0.3368444213813359,2.813319243755538,2.813319243755538,1.0,7.0,0,0,0,0.13382475396161903,0.11195561635829614
sinr,14,14,0.2619047619047619,0.2619047619047619,676.4245947285011,0.0,676.4245947285011,0.3335718278536935,0.3335718278536935,1.7012567479153022,1.7012567479153022,1.0,7.0,0,0,0,0.16442144210446902,0.1205833629311717
sinr,15,15,0.21428571428571427,0.21428571428571427,686.2655362945784,0.0,686.2655362945784,0.32387631892159763,0.32387631892159763,2.7573230988117152,2.7573230988117152,1.0,7.0,0,0,0,0.2258816062527356,0.14614425011578822
sinr,16,16,0.19047619047619047,0.14285714285714285,687.5084023582576,0.0,687.5084023582576,0.322651820336692,0.322651820336692,2.759082512851903,2.759082512851903,1.0,7.0,0,0,0,0.22056589931147214,0.149372473657812
sinr,17,17,0.19047619047619047,0.19047619047619047,678.4711483452021,0.0,678.4711483452021,0.3315555188717221,0.3315555188717221,2.8106037008507867,2.8106037008507867,1.0,7.0,0,0,0,0.15603083373841492,0.1258990866109148
sinr,18,18,0.11904761904761904,0.11904761904761904,681.5304010462829,0.0,681.5304010462829,0.3285414768016917,0.3285414768016917,2.6203481564097997,2.6203481564097997,1.0,7.0,0,0,0,0.22137648188465,0.13384519752281254
sinr,19,19,0.2619047619047619,0.21428571428571427,676.5182886524435,0.0,676.5182886524435,0.3334795185690212,0.3334795185690212,3.202218203025364,3.202218203025364,1.0,7.0,0,0,0,0.15935481585017655,0.12082672377258045
sinr,20,20,0.16666666666666666,0.16666666666666666,708.1054987018238,0.0,708.1054987018238,0.302359114579484,0.302359114579484,3.0309249438847865,3.0309249438847865,1.0,7.0,0,0,0,0.26563508816118653,0.2028714251995424
sinr,21,21,0.16666666666666666,0.19047619047619047,689.0075419171814,0.0,689.0075419171814,0.32117483554957504,0.32117483554957504,3.069765392923284,3.069765392923284,1.0,7.0,0,0,0,0.20571562890619324,0.15326634264202957
sinr,22,22,0.4523809523809524,0.40476190476190477,700.8949638085804,0.0,700.8949638085804,0.30946308984376314,0.30946308984376314,1.7586420241321292,1.7586420241321292,1.0,7.0,0,0,0,0.23078102616760846,0.18414276313916983
sinr,23,23,0.14285714285714285,0.14285714285714285,676.6276896762579,0.0,676.6276896762579,0.33337173430910555,0.33337173430910555,2.906093070391889,2.906093070391889,1.0,7.0,0,0,0,0.17216102091076024,0.12111088227599434
load_aware,0,0,0.21428571428571427,0.21428571428571427,683.0355090547434,0.0,683.0355090547434,0.3270586117687257,0.3270586117687257,2.60660423609491,2.60660423609491,1.0,7.0,0,0,0,0.1881569713153747,0.13775456897335983
load_aware,1,1,0.30952380952380953,0.30952380952380953,678.5633235695925,0.0,678.5633235695925,0.331464705842766,0.331464705842766,1.6677970998871092,1.6677970998871092,1.0,7.0,0,0,0,0.15400105588462545,0.12613850277816235
load_aware,2,2,0.11904761904761904,0.11904761904761904,709.4344663505423,0.0,709.4344663505423,0.3010497868467564,0.3010497868467564,3.1867708770275054,3.1867708770275054,1.0,7.0,0,0,0,0.24558603397191914,0.20632328922218776
load_aware,3,3,0.16666666666666666,0.16666666666666666,716.439753542615,0.0,716.439753542615,0.2941480260663892,0.2941480260663892,2.805121593561876,2.805121593561876,1.0,7.0,0,0,0,0.2773369018046751,0.22451884037042844
load_aware,4,4,0.14285714285714285,0.14285714285714285,701.3775071002215,0.0,701.3775071002215,0.30898767773377195,0.30898767773377195,2.6951251194402706,2.6951251194402706,1.0,7.0,0,0,0,0.20598665121400508,0.18539612233823757
load_aware,5,5,0.09523809523809523,0.09523809523809523,715.6565049343021,0.0,715.6565049343021,0.2949196995721161,0.2949196995721161,3.0059375667556965,3.0059375667556965,1.0,7.0,0,0,0,0.26946097698049387,0.22248442840078494
load_aware,6,6,0.16666666666666666,0.16666666666666666,739.3300089068061,0.0,739.3300089068061,0.271596050338122,0.271596050338122,2.9343219299214187,2.9343219299214187,1.0,7.0,0,0,0,0.39349818510747103,0.2839740491085874
load_aware,7,7,0.35714285714285715,0.35714285714285715,682.0423245715733,0.0,682.0423245715733,0.3280371186486962,0.3280371186486962,1.7042194494535392,1.7042194494535392,1.0,7.0,0,0,0,0.16092183747747618,0.13517486901707346
load_aware,8,8,0.16666666666666666,0.16666666666666666,684.7122530816581,0.0,684.7122530816581,0.3254066472101891,0.3254066472101891,2.917834031861888,2.917834031861888,1.0,7.0,0,0,0,0.18069735769716777,0.1421097482640474
load_aware,9,9,0.30952380952380953,0.30952380952380953,703.9983322529098,0.0,703.9983322529098,0.306405583987281,0.306405583987281,1.829672077551557,1.829672077551557,1.0,7.0,0,0,0,0.21179601296023684,0.19220346039716837
load_aware,10,10,0.40476190476190477,0.40476190476190477,710.3681178401076,0.0,710.3681178401076,0.30012993316245556,0.30012993316245556,1.7083365251035403,1.7083365251035403,1.0,7.0,0,0,0,0.259934698943977,0.20874835802625355
load_aware,11,11,0.11904761904761904,0.11904761904761904,670.4462984491596,0.0,670.4462984491596,0.33946177492693635,0.33946177492693635,2.870130142463045,2.870130142463045,1.0,7.0,0,0,0,0.11639039182768637,0.10505532064716783
load_aware,12,12,0.2857142857142857,0.2857142857142857,719.4357839513782,0.0,719.4357839513782,0.29119627196908554,0.29119627196908554,1.7980330699641838,1.7980330699641838,1.0,7.0,0,0,0,0.25585577031544393,0.23230073753604752
load_aware,13,13,0.19047619047619047,0.19047619047619047,673.102912297944,0.0,673.102912297944,0.3368444213813359,0.3368444213813359,2.813319243755538,2.813319243755538,1.0,7.0,0,0,0,0.13382475396161903,0.11195561635829614
load_aware,14,14,0.2619047619047619,0.2619047619047619,678.9780616366853,0.0,678.9780616366853,0.33105609690966964,0.33105609690966964,1.7114538486269928,1.7114538486269928,1.0,7.0,0,0,0,0.16442144210446902,0.127215744510871
load_aware,15,15,0.19047619047619047,0.19047619047619047,690.7216851259325,0.0,690.7216851259325,0.31948602450647046,0.31948602450647046,2.78172063890413,2.78172063890413,1.0,7.0,0,0,0,0.20552102159867228,0.15771866266475962
load_aware,16,16,0.16666666666666666,0.16666666666666666,693.0617549765057,0.0,693.0617549765057,0.3171805369689599,0.3171805369689599,2.7894465209765316,2.7894465209765316,1.0,7.0,0,0,0,0.22079516037555533,0.16379676617274183
load_aware,17,17,0.19047619047619047,0.19047619047619047,678.4711483452021,0.0,678.4711483452021,0.3315555188717221,0.3315555188717221,2.8106037008507867,2.8106037008507867,1.0,7.0,0,0,0,0.15603083373841492,0.1258990866109148
load_aware,18,18,0.11904761904761904,0.11904761904761904,687.7603877845787,0.0,687.7603877845787,0.3224035588329274,0.3224035588329274,2.6534423822401085,2.6534423822401085,1.0,7.0,0,0,0,0.18572374383392748,0.15002698125864583
load_aware,19,19,0.19047619047619047,0.19047619047619047,683.6464856784271,0.0,683.6464856784271,0.32645666435622944,0.32645666435622944,3.2464952607188153,3.2464952607188153,1.0,7.0,0,0,0,0.17060675863219515,0.1393415212426677
load_aware,20,20,0.19047619047619047,0.19047619047619047,713.4947288375074,0.0,713.4947288375074,0.29704952823890896,0.29704952823890896,3.06160339818586,3.06160339818586,1.0,7.0,0,0,0,0.25160659460059775,0.21686942555196742
load_aware,21,21,0.19047619047619047,0.19047619047619047,691.1300112372684,0.0,691.1300112372684,0.31908373277116414,0.31908373277116414,3.082302196457243,3.082302196457243,1.0,7.0,0,0,0,0.20574304593488313,0.15877924996693077
load_aware,22,22,0.40476190476190477,0.40476190476190477,702.238795208549,0.0,702.238795208549,0.3081391180211339,0.3081391180211339,1.763931190076706,1.763931190076706,1.0,7.0,0,0,0,0.21318515531050733,0.18763323430791953
load_aware,23,23,0.16666666666666666,0.16666666666666666,685.8683119832899,0.0,685.8683119832899,0.32426767292286707,0.32426767292286707,2.959438109784049,2.959438109784049,1.0,7.0,0,0,0,0.16139550460798563,0.14511249865789574
rsrp_sleep,0,0,1.0,1.0,189.38465779497545,0.0,189.38465779497545,0.8134141302512556,0.8134141302512556,0.0,0.0,1.0,1.0,0,0,0,0.9342665053631898,0.9342665053631898
rsrp_sleep,1,1,0.4523809523809524,0.42857142857142855,261.749501058617,35.0,296.749501058617,0.7421187181688503,0.7076359595481606,0.029077958631314252,0.16668176840526328,1.0,2.0,1,1,0,0.4033729821003909,0.3795409187146999
rsrp_sleep,2,2,0.0,0.0,251.10836745254642,0.0,251.10836745254642,0.7526025936428115,0.7526025936428115,0.48193138294575494,0.48193138294575494,1.0,2.0,0,0,0,0.2845192882826535,0.28280334047769456
rsrp_sleep,3,3,1.0,1.0,188.28301170580315,105.0,293.2830117058031,0.8144994958563516,0.7110512199942827,0.0,0.5576711305429141,1.0,1.0,3,1,2,0.9142365764691482,0.9142365764691482
rsrp_sleep,4,4,0.0,0.0,192.08566331559712,70.0,262.0856633155971,0.8107530410683772,0.7417875238269979,0.011980784123416665,0.380767572610859,1.0,1.0,2,1,1,0.9833756966472201,0.9833756966472201
rsrp_sleep,5,5,0.0,0.0,263.3780840690067,105.0,368.3780840690067,0.7405142028876781,0.6370659270256092,0.4742773299168584,1.062022206976226,1.0,2.0,3,2,1,0.40887751745731205,0.394346218809152
rsrp_sleep,6,6,1.0,1.0,187.91802553930125,105.0,292.91802553930125,0.8148590881386195,0.7114108122765506,0.0,0.5587542743633195,1.0,1.0,3,1,2,0.9076004643509318,0.9076004643509318
rsrp_sleep,7,7,0.9761904761904762,0.9285714285714286,254.06194002599784,35.0,289.06194002599784,0.7496926699251253,0.7152099113044357,0.0073264001845743405,0.1460973786430257,1.0,2.0,1,1,0,0.33522123682904204,0.30965400023634404
rsrp_sleep,8,8,0.0,0.0,249.00709257373597,140.0,389.007092573736,0.7546728151982898,0.6167417807155311,0.42478604270576853,1.225847747081681,1.0,2.0,4,2,2,0.27713749176181046,0.26370084157941764
rsrp_sleep,9,9,0.0,0.0,263.5169336949861,140.0,403.5169336949861,0.7403774052266147,0.602446370743856,0.05918789161396514,0.6219081037335878,1.0,2.0,4,2,2,0.40390922608267865,0.3956084881362374
rsrp_sleep,10,10,0.9523809523809523,0.9523809523809523,258.971252642641,140.0,398.971252642641,0.744855908726462,0.6069248742437034,-0.012650927217216558,0.5211105184222118,1.0,2.0,4,2,2,0.36959527496345174,0.3542841149331
rsrp_sleep,11,11,0.0,0.0,176.8055487354569,35.0,211.8055487354569,0.8258073411473331,0.7913245825266434,0.02060446168262149,0.22264085937701222,1.0,1.0,1,0,1,0.705555431553762,0.705555431553762
rsrp_sleep,12,12,0.0,0.0,265.45114432146363,105.0,370.45114432146363,0.7384717789936319,0.635023503131563,0.03239385201541123,0.44076035101359673,1.0,2.0,3,2,1,0.43723390654730154,0.41319222110421516
rsrp_sleep,13,13,0.0,0.0,242.58331803241845,70.0,312.58331803241845,0.7610016571109178,0.6920361398695385,0.3743034207191566,0.7708733094923195,1.0,2.0,2,1,1,0.21457119788088122,0.2053028912038041
rsrp_sleep,14,14,0.0,0.0,255.34220801917454,140.0,395.34220801917456,0.7484313221485965,0.6105002876658379,0.01969216940763858,0.5787728824026062,1.0,2.0,4,2,2,0.3327677343177207,0.3212928001743141
rsrp_sleep,15,15,0.0,0.0,188.9401587685858,35.0,223.9401587685858,0.8138520603265165,0.7793693017058269,0.03445267945035323,0.22607866313075933,1.0,1.0,1,0,1,0.9261847048833782,0.9261847048833782
rsrp_sleep,16,16,0.0,0.0,268.506945369728,105.0,373.506945369728,0.7354611375667705,0.6320128617047015,0.4681126215424248,1.0422200251691394,1.0,2.0,3,2,1,0.4814082351549809,0.4409722306338908
rsrp_sleep,17,17,0.0,0.0,257.9498605316429,140.0,397.9498605316429,0.7458622063727656,0.607931171890007,0.4487641745315696,1.2350680865258883,1.0,2.0,4,2,2,0.3714303812498411,0.3449987321058451
rsrp_sleep,18,18,0.0,0.0,256.5422066076974,140.0,396.5422066076974,0.7472490575293622,0.6093180230466035,0.36277428462124606,1.10646633580379,1.0,2.0,4,2,2,0.35831009653916734,0.3322018782517943
rsrp_sleep,19,19,0.0,0.0,243.97753410976557,70.0,313.97753410976554,0.7596280452120536,0.6906625279706743,0.51547541605636,0.9502829876265286,1.0,2.0,2,1,1,0.23013509668661303,0.21797758281605067
rsrp_sleep,20,20,0.0,0.0,191.82754568233133,105.0,296.82754568233133,0.8110073441553386,0.7075590682932696,0.09198762081737835,0.6897052206437395,1.0,1.0,3,1,2,0.9786826487696605,0.9786826487696605
rsrp_sleep,21,21,0.0,0.0,247.7311243342535,105.0,352.73112433425354,0.7559299267642823,0.6524816509022132,0.46327506627889226,1.0834792589179176,1.0,2.0,3,2,1,0.2571451736816321,0.25210113031139547
rsrp_sleep,22,22,0.42857142857142855,0.42857142857142855,256.1305560003419,70.0,326.1305560003419,0.747654624630205,0.6786891073888257,0.008100431493243103,0.2836123864371617,1.0,2.0,2,1,1,0.3395636065729987,0.32845960000310837
rsrp_sleep,23,23,0.0,0.0,246.36259737310084,0.0,246.36259737310084,0.7572782291890633,0.7572782291890633,0.42222266260378666,0.42222266260378666,1.0,2.0,0,0,0,0.2530610257017736,0.23965997611909848
sinr_sleep,0,0,1.0,1.0,189.38465779497545,0.0,189.38465779497545,0.8134141302512556,0.8134141302512556,0.0,0.0,1.0,1.0,0,0,0,0.9342665053631898,0.9342665053631898
sinr_sleep,1,1,0.4523809523809524,0.42857142857142855,261.749501058617,35.0,296.749501058617,0.7421187181688503,0.7076359595481606,0.029077958631314252,0.16668176840526328,1.0,2.0,1,1,0,0.4033729821003909,0.3795409187146999
sinr_sleep,2,2,0.0,0.0,251.10836745254642,0.0,251.10836745254642,0.7526025936428115,0.7526025936428115,0.48193138294575494,0.48193138294575494,1.0,2.0,0,0,0,0.2845192882826535,0.28280334047769456
sinr_sleep,3,3,1.0,1.0,188.28301170580315,105.0,293.2830117058031,0.8144994958563516,0.7110512199942827,0.0,0.5576711305429141,1.0,1.0,3,1,2,0.9142365764691482,0.9142365764691482
sinr_sleep,4,4,0.0,0.0,192.08566331559712,70.0,262.0856633155971,0.8107530410683772,0.7417875238269979,0.011980784123416665,0.380767572610859,1.0,1.0,2,1,1,0.9833756966472201,0.9833756966472201
sinr_sleep,5,5,0.0,0.0,263.3780840690067,105.0,368.3780840690067,0.7405142028876781,0.6370659270256092,0.4742773299168584,1.062022206976226,1.0,2.0,3,2,1,0.40887751745731205,0.394346218809152
sinr_sleep,6,6,1.0,1.0,187.91802553930125,105.0,292.91802553930125,0.8148590881386195,0.7114108122765506,0.0,0.5587542743633195,1.0,1.0,3,1,2,0.9076004643509318,0.9076004643509318
sinr_sleep,7,7,0.9761904761904762,0.9285714285714286,254.06194002599784,35.0,289.06194002599784,0.7496926699251253,0.7152099113044357,0.0073264001845743405,0.1460973786430257,1.0,2.0,1,1,0,0.33522123682904204,0.30965400023634404
sinr_sleep,8,8,0.0,0.0,249.00709257373597,140.0,389.007092573736,0.7546728151982898,0.6167417807155311,0.42478604270576853,1.225847747081681,1.0,2.0,4,2,2,0.27713749176181046,0.26370084157941764
sinr_sleep,9,9,0.0,0.0,263.5169336949861,140.0,403.5169336949861,0.7403774052266147,0.602446370743856,0.05918789161396514,0.6219081037335878,1.0,2.0,4,2,2,0.40390922608267865,0.3956084881362374
sinr_sleep,10,10,0.9523809523809523,0.9523809523809523,258.971252642641,140.0,398.971252642641,0.744855908726462,0.6069248742437034,-0.012650927217216558,0.5211105184222118,1.0,2.0,4,2,2,0.36959527496345174,0.3542841149331
sinr_sleep,11,11,0.0,0.0,176.8055487354569,35.0,211.8055487354569,0.8258073411473331,0.7913245825266434,0.02060446168262149,0.22264085937701222,1.0,1.0,1,0,1,0.705555431553762,0.705555431553762
sinr_sleep,12,12,0.0,0.0,265.45114432146363,105.0,370.45114432146363,0.7384717789936319,0.635023503131563,0.03239385201541123,0.44076035101359673,1.0,2.0,3,2,1,0.43723390654730154,0.41319222110421516
sinr_sleep,13,13,0.0,0.0,242.58331803241845,70.0,312.58331803241845,0.7610016571109178,0.6920361398695385,0.3743034207191566,0.7708733094923195,1.0,2.0,2,1,1,0.21457119788088122,0.2053028912038041
sinr_sleep,14,14,0.0,0.0,255.34220801917454,140.0,395.34220801917456,0.7484313221485965,0.6105002876658379,0.01969216940763858,0.5787728824026062,1.0,2.0,4,2,2,0.3327677343177207,0.3212928001743141
sinr_sleep,15,15,0.0,0.0,188.9401587685858,35.0,223.9401587685858,0.8138520603265165,0.7793693017058269,0.03445267945035323,0.22607866313075933,1.0,1.0,1,0,1,0.9261847048833782,0.9261847048833782
sinr_sleep,16,16,0.0,0.0,268.506945369728,105.0,373.506945369728,0.7354611375667705,0.6320128617047015,0.4681126215424248,1.0422200251691394,1.0,2.0,3,2,1,0.4814082351549809,0.4409722306338908
sinr_sleep,17,17,0.0,0.0,257.9498605316429,140.0,397.9498605316429,0.7458622063727656,0.607931171890007,0.4487641745315696,1.2350680865258883,1.0,2.0,4,2,2,0.3714303812498411,0.3449987321058451
sinr_sleep,18,18,0.0,0.0,256.5422066076974,140.0,396.5422066076974,0.7472490575293622,0.6093180230466035,0.36277428462124606,1.10646633580379,1.0,2.0,4,2,2,0.35831009653916734,0.3322018782517943
sinr_sleep,19,19,0.0,0.0,243.97753410976557,70.0,313.97753410976554,0.7596280452120536,0.6906625279706743,0.51547541605636,0.9502829876265286,1.0,2.0,2,1,1,0.23013509668661303,0.21797758281605067
sinr_sleep,20,20,0.0,0.0,191.82754568233133,105.0,296.82754568233133,0.8110073441553386,0.7075590682932696,0.09198762081737835,0.6897052206437395,1.0,1.0,3,1,2,0.9786826487696605,0.9786826487696605
sinr_sleep,21,21,0.0,0.0,247.7311243342535,105.0,352.73112433425354,0.7559299267642823,0.6524816509022132,0.46327506627889226,1.0834792589179176,1.0,2.0,3,2,1,0.2571451736816321,0.25210113031139547
sinr_sleep,22,22,0.42857142857142855,0.42857142857142855,256.1305560003419,70.0,326.1305560003419,0.747654624630205,0.6786891073888257,0.008100431493243103,0.2836123864371617,1.0,2.0,2,1,1,0.3395636065729987,0.32845960000310837
sinr_sleep,23,23,0.0,0.0,246.36259737310084,0.0,246.36259737310084,0.7572782291890633,0.7572782291890633,0.42222266260378666,0.42222266260378666,1.0,2.0,0,0,0,0.2530610257017736,0.23965997611909848
load_sleep,0,0,1.0,1.0,189.38465779497545,0.0,189.38465779497545,0.8134141302512556,0.8134141302512556,0.0,0.0,1.0,1.0,0,0,0,0.9342665053631898,0.9342665053631898
load_sleep,1,1,0.42857142857142855,0.42857142857142855,261.749501058617,35.0,296.749501058617,0.7421187181688503,0.7076359595481606,0.029077958631314252,0.16668176840526328,1.0,2.0,1,1,0,0.4033729821003909,0.3795409187146999
load_sleep,2,2,0.0,0.0,251.59171081660702,140.0,391.591710816607,0.752126393284131,0.6141953588013724,0.4847838633597154,1.3110024227695793,1.0,2.0,4,2,2,0.29685815602237703,0.28719737106006377
load_sleep,3,3,0.0,0.0,260.74309640084596,140.0,400.74309640084596,0.7431102498513833,0.6051792153686246,0.3848466414392366,1.128408148829789,1.0,2.0,4,2,2,0.37950110128119635,0.3703917854622362
load_sleep,4,4,0.0,0.0,192.08566331559712,105.0,297.0856633155971,0.8107530410683772,0.7073047652063083,0.011980784123416665,0.5651609668545801,1.0,1.0,3,1,2,0.9833756966472201,0.9833756966472201
load_sleep,5,5,0.0,0.0,259.64907305574815,35.0,294.64907305574815,0.7441881053637949,0.7097053467431053,0.45340392877837565,0.6493188877981648,1.0,2.0,1,1,0,0.36663149604399287,0.36044611868861953
load_sleep,6,6,1.0,1.0,187.91802553930125,35.0,222.91802553930125,0.8148590881386195,0.7803763295179299,0.0,0.18625142478777315,1.0,1.0,1,0,1,0.9076004643509318,0.9076004643509318
load_sleep,7,7,0.0,0.0,252.79712224416008,105.0,357.79712224416005,0.7509387958185615,0.6474905199564925,0.002311543008652213,0.4186244783840061,1.0,2.0,3,2,1,0.32027271420056835,0.2981556567650916
load_sleep,8,8,0.0,0.0,254.75920557080042,140.0,394.7592055708004,0.7490057087972409,0.6110746743144824,0.4576988815714205,1.2587605859473332,1.0,2.0,4,2,2,0.33044110183838055,0.31599277791636754
load_sleep,9,9,1.0,1.0,248.7914899531615,140.0,388.7914899531615,0.7548852315732398,0.6169541970904813,0.0,0.5627202121196226,1.0,2.0,4,2,2,0.2727248416104631,0.26174081775601343
load_sleep,10,10,1.0,1.0,262.2894574790517,140.0,402.2894574790517,0.7415867413999492,0.6036557069171905,0.0,0.5337614456394283,1.0,2.0,4,2,2,0.39763961835669254,0.38444961344592454
load_sleep,11,11,0.0,0.0,247.72047695677233,70.0,317.72047695677236,0.7559404167913573,0.6869748995499779,0.42995865141378875,0.8340314468025704,1.0,2.0,2,1,1,0.25817598240231965,0.25200433597065774
load_sleep,12,12,0.0,0.0,264.24831516863605,140.0,404.24831516863605,0.7396568323461714,0.6017257978634127,0.027715803157952648,0.5722044684888666,1.0,2.0,4,2,2,0.4446491855332503,0.40225741062396425
load_sleep,13,13,0.0,0.0,243.06071745353324,140.0,383.06071745353324,0.7605313128536618,0.6226002783709033,0.37700802408104045,1.170147801627366,1.0,2.0,4,2,2,0.22150544007936984,0.20964288594121128
load_sleep,14,14,0.0,0.0,253.9389807942082,140.0,393.9389807942082,0.7498138120254106,0.6118827775426521,0.0140884745688662,0.5731691875638337,1.0,2.0,4,2,2,0.30973089186933334,0.3085361890382564
load_sleep,15,15,0.0,0.0,188.9401587685858,35.0,223.9401587685858,0.8138520603265165,0.7793693017058269,0.03445267945035323,0.22607866313075933,1.0,1.0,1,0,1,0.9261847048833782,0.9261847048833782
load_sleep,16,16,0.0,0.0,268.506945369728,105.0,373.506945369728,0.7354611375667705,0.6320128617047015,0.4681126215424248,1.0422200251691394,1.0,2.0,3,2,1,0.4814082351549809,0.4409722306338908
load_sleep,17,17,0.0,0.0,263.0067436634483,140.0,403.0067436634483,0.7408800555039918,0.6029490210212332,0.47716593873897417,1.2634698507332929,1.0,2.0,4,2,2,0.39825606324989915,0.3909703969404391
load_sleep,18,18,0.0,0.0,256.5422066076974,140.0,396.5422066076974,0.7472490575293622,0.6093180230466035,0.36277428462124606,1.10646633580379,1.0,2.0,4,2,2,0.35831009653916734,0.3322018782517943
load_sleep,19,19,0.0,0.0,167.50055562997628,105.0,272.50055562997625,0.8349748220394323,0.7315265461773633,0.040435854716056506,0.6926472120713095,1.0,1.0,3,1,2,0.5363737387268415,0.5363737387268415
load_sleep,20,20,1.0,1.0,175.6682420435718,70.0,245.6682420435718,0.8269278403511607,0.7579623231097815,0.0,0.3984783998842407,1.0,1.0,2,1,1,0.6848771280649419,0.6848771280649419
load_sleep,21,21,0.0,0.0,248.01855985128842,105.0,353.0185598512884,0.75564673906277,0.6521984632007011,0.4649728635434486,1.0851770561824736,1.0,2.0,3,2,1,0.27123975326329686,0.2547141804662585
load_sleep,22,22,0.42857142857142855,0.42857142857142855,257.801971258708,70.0,327.801971258708,0.7460079100899428,0.6770423928485635,0.014678929855465072,0.29019088479938365,1.0,2.0,2,1,1,0.3567342082784182,0.3436542841700729
load_sleep,23,23,0.0,0.0,247.26865309938887,70.0,317.26865309938887,0.756385563448878,0.6874200462074986,0.42745321708425127,0.8315550874322665,1.0,2.0,2,1,1,0.2573609184592473,0.24789684635808057
greedy_sleep,0,0,1.0,1.0,189.38465779497545,0.0,189.38465779497545,0.8134141302512556,0.8134141302512556,0.0,0.0,1.0,1.0,0,0,0,0.9342665053631898,0.9342665053631898
greedy_sleep,1,1,0.42857142857142855,0.42857142857142855,261.749501058617,35.0,296.749501058617,0.7421187181688503,0.7076359595481606,0.029077958631314252,0.16668176840526328,1.0,2.0,1,1,0,0.4033729821003909,0.3795409187146999
greedy_sleep,2,2,0.0,0.0,251.59171081660702,140.0,391.591710816607,0.752126393284131,0.6141953588013724,0.4847838633597154,1.3110024227695793,1.0,2.0,4,2,2,0.29685815602237703,0.28719737106006377
greedy_sleep,3,3,0.0,0.0,260.74309640084596,140.0,400.74309640084596,0.7431102498513833,0.6051792153686246,0.3848466414392366,1.128408148829789,1.0,2.0,4,2,2,0.37950110128119635,0.3703917854622362
greedy_sleep,4,4,0.0,0.0,192.08566331559712,105.0,297.0856633155971,0.8107530410683772,0.7073047652063083,0.011980784123416665,0.5651609668545801,1.0,1.0,3,1,2,0.9833756966472201,0.9833756966472201
greedy_sleep,5,5,0.0,0.0,259.64907305574815,35.0,294.64907305574815,0.7441881053637949,0.7097053467431053,0.45340392877837565,0.6493188877981648,1.0,2.0,1,1,0,0.36663149604399287,0.36044611868861953
greedy_sleep,6,6,1.0,1.0,187.91802553930125,35.0,222.91802553930125,0.8148590881386195,0.7803763295179299,0.0,0.18625142478777315,1.0,1.0,1,0,1,0.9076004643509318,0.9076004643509318
greedy_sleep,7,7,0.0,0.0,252.79712224416008,105.0,357.79712224416005,0.7509387958185615,0.6474905199564925,0.002311543008652213,0.4186244783840061,1.0,2.0,3,2,1,0.32027271420056835,0.2981556567650916
greedy_sleep,8,8,0.0,0.0,254.75920557080042,140.0,394.7592055708004,0.7490057087972409,0.6110746743144824,0.4576988815714205,1.2587605859473332,1.0,2.0,4,2,2,0.33044110183838055,0.31599277791636754
greedy_sleep,9,9,1.0,1.0,248.7914899531615,140.0,388.7914899531615,0.7548852315732398,0.6169541970904813,0.0,0.5627202121196226,1.0,2.0,4,2,2,0.2727248416104631,0.26174081775601343
greedy_sleep,10,10,1.0,1.0,262.2894574790517,140.0,402.2894574790517,0.7415867413999492,0.6036557069171905,0.0,0.5337614456394283,1.0,2.0,4,2,2,0.39763961835669254,0.38444961344592454
greedy_sleep,11,11,0.0,0.0,247.72047695677233,70.0,317.72047695677236,0.7559404167913573,0.6869748995499779,0.42995865141378875,0.8340314468025704,1.0,2.0,2,1,1,0.25817598240231965,0.25200433597065774
greedy_sleep,12,12,0.0,0.0,264.24831516863605,140.0,404.24831516863605,0.7396568323461714,0.6017257978634127,0.027715803157952648,0.5722044684888666,1.0,2.0,4,2,2,0.4446491855332503,0.40225741062396425
greedy_sleep,13,13,0.0,0.0,243.06071745353324,140.0,383.06071745353324,0.7605313128536618,0.6226002783709033,0.37700802408104045,1.170147801627366,1.0,2.0,4,2,2,0.22150544007936984,0.20964288594121128
greedy_sleep,14,14,0.0,0.0,253.9389807942082,140.0,393.9389807942082,0.7498138120254106,0.6118827775426521,0.0140884745688662,0.5731691875638337,1.0,2.0,4,2,2,0.30973089186933334,0.3085361890382564
greedy_sleep,15,15,0.0,0.0,188.9401587685858,35.0,223.9401587685858,0.8138520603265165,0.7793693017058269,0.03445267945035323,0.22607866313075933,1.0,1.0,1,0,1,0.9261847048833782,0.9261847048833782
greedy_sleep,16,16,0.0,0.0,268.506945369728,105.0,373.506945369728,0.7354611375667705,0.6320128617047015,0.4681126215424248,1.0422200251691394,1.0,2.0,3,2,1,0.4814082351549809,0.4409722306338908
greedy_sleep,17,17,0.0,0.0,263.0067436634483,140.0,403.0067436634483,0.7408800555039918,0.6029490210212332,0.47716593873897417,1.2634698507332929,1.0,2.0,4,2,2,0.39825606324989915,0.3909703969404391
greedy_sleep,18,18,0.0,0.0,256.5422066076974,140.0,396.5422066076974,0.7472490575293622,0.6093180230466035,0.36277428462124606,1.10646633580379,1.0,2.0,4,2,2,0.35831009653916734,0.3322018782517943
greedy_sleep,19,19,0.0,0.0,167.50055562997628,105.0,272.50055562997625,0.8349748220394323,0.7315265461773633,0.040435854716056506,0.6926472120713095,1.0,1.0,3,1,2,0.5363737387268415,0.5363737387268415
greedy_sleep,20,20,1.0,1.0,175.6682420435718,70.0,245.6682420435718,0.8269278403511607,0.7579623231097815,0.0,0.3984783998842407,1.0,1.0,2,1,1,0.6848771280649419,0.6848771280649419
greedy_sleep,21,21,0.0,0.0,248.01855985128842,105.0,353.0185598512884,0.75564673906277,0.6521984632007011,0.4649728635434486,1.0851770561824736,1.0,2.0,3,2,1,0.27123975326329686,0.2547141804662585
greedy_sleep,22,22,0.42857142857142855,0.42857142857142855,257.801971258708,70.0,327.801971258708,0.7460079100899428,0.6770423928485635,0.014678929855465072,0.29019088479938365,1.0,2.0,2,1,1,0.3567342082784182,0.3436542841700729
greedy_sleep,23,23,0.0,0.0,247.26865309938887,70.0,317.26865309938887,0.756385563448878,0.6874200462074986,0.42745321708425127,0.8315550874322665,1.0,2.0,2,1,1,0.2573609184592473,0.24789684635808057
oracle,0,0,1.0,1.0,189.38465779497545,0.0,189.38465779497545,0.8134141302512556,0.8134141302512556,0.0,0.0,1.0,1.0,0,0,0,0.9342665053631898,0.9342665053631898
oracle,1,1,1.0,1.0,254.3534227540418,35.0,289.3534227540418,0.7494054948236042,0.7149227362029146,0.0,0.137603809773949,1.0,2.0,1,1,0,0.323145260278955,0.31230384321856164
oracle,2,2,1.0,1.0,169.44668986859432,105.0,274.4466898685943,0.8330574484053257,0.7296091725432567,0.0,0.619663919557398,1.0,1.0,3,1,2,0.5717579976108059,0.5717579976108059
oracle,3,3,1.0,1.0,188.28301170580315,70.0,258.2830117058031,0.8144994958563516,0.7455339786149723,0.0,0.371780753695276,1.0,1.0,2,1,1,0.9142365764691482,0.9142365764691482
oracle,4,4,1.0,1.0,189.8115718491461,70.0,259.8115718491461,0.8129935252717773,0.744028008030398,0.0,0.3687867884874423,1.0,1.0,2,1,1,0.9420285790753838,0.9420285790753838
oracle,5,5,1.0,1.0,178.64894122997867,70.0,248.64894122997867,0.823991190906425,0.7550256736650457,0.0,0.3918299180395784,1.0,1.0,2,1,1,0.7390716587268853,0.7390716587268853
oracle,6,6,1.0,1.0,187.91802553930125,70.0,257.91802553930125,0.8148590881386195,0.7458935708972402,0.0,0.3725028495755463,1.0,1.0,2,1,1,0.9076004643509318,0.9076004643509318
oracle,7,7,1.0,1.0,252.214118461946,35.0,287.214118461946,0.751513183781334,0.7170304251606443,0.0,0.13877097845845135,1.0,2.0,1,1,0,0.29886827459486826,0.29285562238132723
oracle,8,8,1.0,1.0,174.7680599824336,35.0,209.7680599824336,0.8278147192291294,0.7933319606084397,0.0,0.20026542609397815,1.0,1.0,1,0,1,0.6685101814987933,0.6685101814987933
oracle,9,9,1.0,1.0,248.7914899531615,105.0,353.7914899531615,0.7548852315732398,0.6514369557111709,0.0,0.422040159089717,1.0,2.0,3,2,1,0.2727248416104631,0.26174081775601343
oracle,10,10,1.0,1.0,262.2894574790517,140.0,402.2894574790517,0.7415867413999492,0.6036557069171905,0.0,0.5337614456394283,1.0,2.0,4,2,2,0.39763961835669254,0.38444961344592454
oracle,11,11,1.0,1.0,173.2361119056506,105.0,278.2361119056506,0.8293240276791619,0.725875751817093,0.0,0.6061091930831721,1.0,1.0,3,1,2,0.6406565801027382,0.6406565801027382
oracle,12,12,1.0,1.0,257.1219731725999,105.0,362.1219731725999,0.7466778589432513,0.6432295830811824,0.0,0.4083664989981855,1.0,2.0,3,2,1,0.3414129248588512,0.3374724833872716
oracle,13,13,1.0,1.0,176.51365366279703,105.0,281.513653662797,0.8260949224997074,0.7226466466376384,0.0,0.5948548331597442,1.0,1.0,3,1,2,0.7002482484144913,0.7002482484144913
oracle,14,14,1.0,1.0,250.4110707915982,105.0,355.4110707915982,0.7532895854269969,0.6498413095649279,0.0,0.4193105347462256,1.0,2.0,3,2,1,0.28076621630135706,0.2764642799236201
oracle,15,15,1.0,1.0,182.6474642310148,105.0,287.6474642310148,0.8200517593783107,0.7166034835162416,0.0,0.5748779510412183,1.0,1.0,3,1,2,0.8117720769275415,0.8117720769275415
oracle,16,16,1.0,1.0,182.8926074401771,70.0,252.8926074401771,0.8198102389751949,0.7508447217338157,0.0,0.38273826908447633,1.0,1.0,2,1,1,0.8162292261850382,0.8162292261850382
oracle,17,17,1.0,1.0,178.04820485366164,0.0,178.04820485366164,0.8245830494052594,0.8245830494052594,0.0,0.0,1.0,1.0,0,0,0,0.7281491791574844,0.7281491791574844
oracle,18,18,1.0,1.0,188.2499614960065,70.0,258.2499614960065,0.8145320576394024,0.7455665403980231,0.0,0.371846025591272,1.0,1.0,2,1,1,0.9136356635637549,0.9136356635637549
oracle,19,19,1.0,1.0,160.99075677826247,0.0,160.99075677826247,0.8413884169672291,0.8413884169672291,0.0,0.0,1.0,1.0,0,0,0,0.41801375960477216,0.41801375960477216
oracle,20,20,1.0,1.0,175.6682420435718,70.0,245.6682420435718,0.8269278403511607,0.7579623231097815,0.0,0.3984783998842407,1.0,1.0,2,1,1,0.6848771280649419,0.6848771280649419
oracle,21,21,1.0,1.0,169.29908124808935,70.0,239.29908124808935,0.8332028756176459,0.7642373583762666,0.0,0.4134694617593502,1.0,1.0,2,1,1,0.5690742045107157,0.5690742045107157
oracle,22,22,1.0,1.0,254.0724594482615,105.0,359.0724594482615,0.7496823059623039,0.646234030100235,0.0,0.41326793241587784,1.0,2.0,3,2,1,0.32843078351560845,0.3097496313478318
oracle,23,23,1.0,1.0,173.2236476404218,105.0,278.2236476404218,0.8293363077434267,0.7258880318813578,0.0,0.6061528055220228,1.0,1.0,3,1,2,0.6404299570985782,0.6404299570985782
flat_mlp,0,0,0.0,0.0,265.979085517342,0.0,265.979085517342,0.737951639884392,0.737951639884392,0.4044383986230097,0.4044383986230097,1.0,2.0,0,0,0,0.42165633296694605,0.41799168652129126
flat_mlp,1,1,0.0,0.0,278.00734041097246,140.0,418.00734041097246,0.7261011424522439,0.5881701079694852,0.09299626244779835,0.6434115015435944,1.0,2.0,4,2,2,0.5302656918829824,0.5273394582815679
flat_mlp,2,2,1.0,1.0,169.44668986859432,105.0,274.4466898685943,0.8330574484053257,0.7296091725432567,0.0,0.619663919557398,1.0,1.0,3,1,2,0.5717579976108059,0.5717579976108059
flat_mlp,3,3,0.0,0.0,269.8585419331015,35.0,304.8585419331015,0.7341295153368458,0.6996467567161562,0.43326017301423947,0.6191505498618776,1.0,2.0,1,1,0,0.46304251967893567,0.45325947211910456
flat_mlp,4,4,0.0,0.47619047619047616,277.07957496652364,70.0,347.07957496652364,0.7270151970773167,0.6580496798359373,0.45976123724813944,0.8285480257355817,1.0,2.0,2,1,1,0.5368104460917972,0.5189052269683966
flat_mlp,5,5,0.0,0.0,279.52018184949884,140.0,419.52018184949884,0.7246106582763558,0.5866796237935972,0.5646338563499597,1.3482936924291165,1.0,2.0,4,2,2,0.5606721358381237,0.5410925622681715
flat_mlp,6,6,0.0,0.0,279.17877679035644,140.0,419.17877679035644,0.7249470179405355,0.587015983457777,0.4856412842203308,1.2306469833714233,1.0,2.0,4,2,2,0.595265685913929,0.5379888799123309
flat_mlp,7,7,0.0,0.30952380952380953,255.44065653049142,70.0,325.4406565304914,0.7483343285413877,0.6793688113000085,0.012792852708728345,0.290334809625631,1.0,2.0,2,1,1,0.35069545536966157,0.32218778664083114
flat_mlp,8,8,0.0,0.5714285714285714,262.54428914697587,70.0,332.54428914697587,0.7413356757172651,0.6723701584758859,0.5022441124159922,0.9027749646039486,1.0,2.0,2,1,1,0.4004624071403723,0.3867662649725081
flat_mlp,9,9,0.5,0.42857142857142855,268.27097239307903,140.0,408.27097239307903,0.7356936232580502,0.5977625887752915,0.0782964177897919,0.6410166299094145,1.0,2.0,4,2,2,0.45778617410104167,0.4388270217552641
flat_mlp,10,10,0.5952380952380952,1.0,262.2894574790517,140.0,402.2894574790517,0.7415867413999492,0.6036557069171905,0.0,0.5337614456394283,1.0,2.0,4,2,2,0.39763961835669254,0.38444961344592454
flat_mlp,11,11,0.0,0.0,251.85619789475882,70.0,321.8561978947588,0.7518658148820111,0.6829002976406318,0.45383197027607614,0.8579047656648574,1.0,2.0,2,1,1,0.3139992488209395,0.2896017990432621
flat_mlp,12,12,0.0,0.0,270.58635363456597,70.0,340.58635363456597,0.733412459473334,0.6644469422319547,0.05236573248031102,0.324610065145768,1.0,2.0,2,1,1,0.4684207559418202,0.4598759421324179
flat_mlp,13,13,1.0,1.0,176.51365366279703,35.0,211.51365366279703,0.8260949224997074,0.7916121638790178,0.0,0.1982849443865814,1.0,1.0,1,0,1,0.7002482484144913,0.7002482484144913
flat_mlp,14,14,0.0,0.0,263.41397079515525,105.0,368.41397079515525,0.7404788465072362,0.6370305706451672,0.05192621860707813,0.47123675335330373,1.0,2.0,3,2,1,0.4056403167185094,0.3946724617741389
flat_mlp,15,15,1.0,1.0,182.6474642310148,35.0,217.6474642310148,0.8200517593783107,0.7855690007576209,0.0,0.19162598368040612,1.0,1.0,1,0,1,0.8117720769275415,0.8117720769275415
flat_mlp,16,16,0.0,0.5476190476190477,276.18322952555076,105.0,381.18322952555076,0.7278982960339401,0.6244500201718711,0.5100841602681419,1.0841915638948563,1.0,2.0,3,2,1,0.5255710896587527,0.5107566320504613
flat_mlp,17,17,1.0,1.0,178.04820485366164,35.0,213.04820485366164,0.8245830494052594,0.7901002907845698,0.0,0.19657597799857968,1.0,1.0,1,0,1,0.7281491791574844,0.7281491791574844
flat_mlp,18,18,1.0,1.0,188.2499614960065,70.0,258.2499614960065,0.8145320576394024,0.7455665403980231,0.0,0.371846025591272,1.0,1.0,2,1,1,0.9136356635637549,0.9136356635637549
flat_mlp,19,19,1.0,1.0,160.99075677826247,0.0,160.99075677826247,0.8413884169672291,0.8413884169672291,0.0,0.0,1.0,1.0,0,0,0,0.41801375960477216,0.41801375960477216
flat_mlp,20,20,0.0,0.0,260.83256370121376,105.0,365.83256370121376,0.7430221047278682,0.6395738288657993,0.4848020374480565,1.0825196372744177,1.0,2.0,3,2,1,0.3820815828299863,0.3712051245564887
flat_mlp,21,21,1.0,1.0,169.29908124808935,105.0,274.29908124808935,0.8332028756176459,0.729754599755577,0.0,0.6202041926390253,1.0,1.0,3,1,2,0.5690742045107157,0.5690742045107157
flat_mlp,22,22,0.5,0.3333333333333333,272.6266890671228,105.0,377.6266890671228,0.7314022767811598,0.6279540009190908,0.07302731535386911,0.486295247769747,1.0,2.0,3,2,1,0.49054967215251616,0.4784244460647529
flat_mlp,23,23,1.0,1.0,173.2236476404218,105.0,278.2236476404218,0.8293363077434267,0.7258880318813578,0.0,0.6061528055220228,1.0,1.0,3,1,2,0.6404299570985782,0.6404299570985782
flat_mlp_pruned,0,0,0.0,0.0,255.30073284712722,0.0,255.30073284712722,0.7484721843870669,0.7484721843870669,0.3480539332996624,0.3480539332996624,1.0,2.0,0,0,0,0.33943332239240454,0.320915753155702
flat_mlp_pruned,1,1,0.3333333333333333,0.3333333333333333,261.491458871097,140.0,401.491458871097,0.7423729469250276,0.6044419124422691,0.028063456114595497,0.5784786952103915,1.0,2.0,4,2,2,0.40069065614281,0.3771950806463362
flat_mlp_pruned,2,2,1.0,1.0,169.44668986859432,105.0,274.4466898685943,0.8330574484053257,0.7296091725432567,0.0,0.619663919557398,1.0,1.0,3,1,2,0.5717579976108059,0.5717579976108059
flat_mlp_pruned,3,3,0.0,0.0,259.4618232348275,35.0,294.4618232348275,0.7443725879459827,0.7098898293252931,0.378041602819924,0.563931979667562,1.0,2.0,1,1,0,0.38211461629472937,0.35874384758934086
flat_mlp_pruned,4,4,0.47619047619047616,0.47619047619047616,277.07957496652364,70.0,347.07957496652364,0.7270151970773167,0.6580496798359373,0.45976123724813944,0.8285480257355817,1.0,2.0,2,1,1,0.5368104460917972,0.5189052269683966
flat_mlp_pruned,5,5,1.0,1.0,178.64894122997867,35.0,213.64894122997867,0.823991190906425,0.7895084322857353,0.0,0.1959149590197892,1.0,1.0,1,0,1,0.7390716587268853,0.7390716587268853
flat_mlp_pruned,6,6,0.0,0.0,279.17877679035644,105.0,384.17877679035644,0.7249470179405355,0.6214987420784666,0.4856412842203308,1.0443955585836502,1.0,2.0,3,2,1,0.595265685913929,0.5379888799123309
flat_mlp_pruned,7,7,0.30952380952380953,0.30952380952380953,255.44065653049142,70.0,325.4406565304914,0.7483343285413877,0.6793688113000085,0.012792852708728345,0.290334809625631,1.0,2.0,2,1,1,0.35069545536966157,0.32218778664083114
flat_mlp_pruned,8,8,0.5714285714285714,0.5714285714285714,262.54428914697587,70.0,332.54428914697587,0.7413356757172651,0.6723701584758859,0.5022441124159922,0.9027749646039486,1.0,2.0,2,1,1,0.4004624071403723,0.3867662649725081
flat_mlp_pruned,9,9,0.38095238095238093,0.38095238095238093,260.7778793989498,70.0,330.7778793989498,0.7430759808877342,0.6741104636463549,0.04817845436773138,0.3295385604275427,1.0,2.0,2,1,1,0.3901863604099612,0.37070799453590697
flat_mlp_pruned,10,10,1.0,1.0,262.2894574790517,70.0,332.2894574790517,0.7415867413999492,0.6726212241585698,0.0,0.26688072281971414,1.0,2.0,2,1,1,0.39763961835669254,0.38444961344592454
flat_mlp_pruned,11,11,0.0,0.0,251.85619789475882,70.0,321.8561978947588,0.7518658148820111,0.6829002976406318,0.45383197027607614,0.8579047656648574,1.0,2.0,2,1,1,0.3139992488209395,0.2896017990432621
flat_mlp_pruned,12,12,0.0,0.0,270.58635363456597,70.0,340.58635363456597,0.733412459473334,0.6644469422319547,0.05236573248031102,0.324610065145768,1.0,2.0,2,1,1,0.4684207559418202,0.4598759421324179
flat_mlp_pruned,13,13,1.0,1.0,176.51365366279703,35.0,211.51365366279703,0.8260949224997074,0.7916121638790178,0.0,0.1982849443865814,1.0,1.0,1,0,1,0.7002482484144913,0.7002482484144913
flat_mlp_pruned,14,14,0.0,0.0,262.50636847915746,105.0,367.50636847915746,0.7413730359811257,0.6379247601190567,0.04830176896462149,0.4676123037108471,1.0,2.0,3,2,1,0.39442921778022144,0.3864215316287045
flat_mlp_pruned,15,15,1.0,1.0,182.6474642310148,35.0,217.6474642310148,0.8200517593783107,0.7855690007576209,0.0,0.19162598368040612,1.0,1.0,1,0,1,0.8117720769275415,0.8117720769275415
flat_mlp_pruned,16,16,1.0,1.0,182.8926074401771,70.0,252.8926074401771,0.8198102389751949,0.7508447217338157,0.0,0.38273826908447633,1.0,1.0,2,1,1,0.8162292261850382,0.8162292261850382
flat_mlp_pruned,17,17,1.0,1.0,178.04820485366164,0.0,178.04820485366164,0.8245830494052594,0.8245830494052594,0.0,0.0,1.0,1.0,0,0,0,0.7281491791574844,0.7281491791574844
flat_mlp_pruned,18,18,1.0,1.0,188.2499614960065,70.0,258.2499614960065,0.8145320576394024,0.7455665403980231,0.0,0.371846025591272,1.0,1.0,2,1,1,0.9136356635637549,0.9136356635637549
flat_mlp_pruned,19,19,1.0,1.0,160.99075677826247,0.0,160.99075677826247,0.8413884169672291,0.8413884169672291,0.0,0.0,1.0,1.0,0,0,0,0.41801375960477216,0.41801375960477216
flat_mlp_pruned,20,20,0.0,0.0,191.82754568233133,70.0,261.82754568233133,0.8110073441553386,0.7420418269139593,0.09198762081737835,0.4904660207016191,1.0,1.0,2,1,1,0.9786826487696605,0.9786826487696605
flat_mlp_pruned,21,21,1.0,1.0,169.29908124808935,70.0,239.29908124808935,0.8332028756176459,0.7642373583762666,0.0,0.4134694617593502,1.0,1.0,2,1,1,0.5690742045107157,0.5690742045107157
flat_mlp_pruned,22,22,0.40476190476190477,0.40476190476190477,262.8111823276331,35.0,297.8111823276331,0.7410727267708048,0.7065899681501152,0.034394608917268865,0.17215058638922814,1.0,2.0,1,1,0,0.4164305641322692,0.3891925666148466
flat_mlp_pruned,23,23,1.0,1.0,173.2236476404218,35.0,208.2236476404218,0.8293363077434267,0.7948535491227371,0.0,0.2020509351740076,1.0,1.0,1,0,1,0.6404299570985782,0.6404299570985782
flat_mlp_stable,0,0,0.0,0.0,255.30073284712722,0.0,255.30073284712722,0.7484721843870669,0.7484721843870669,0.3480539332996624,0.3480539332996624,1.0,2.0,0,0,0,0.33943332239240454,0.320915753155702
flat_mlp_stable,1,1,0.3333333333333333,0.3333333333333333,289.1727010531905,0.0,289.1727010531905,0.7151007871397138,0.7151007871397138,0.13689329564406433,0.13689329564406433,1.0,2.0,0,0,0,0.6401863862141456,0.628842736847187
flat_mlp_stable,2,2,1.0,1.0,169.44668986859432,35.0,204.44668986859432,0.8330574484053257,0.7985746897846361,0.0,0.206554639852466,1.0,1.0,1,0,1,0.5717579976108059,0.5717579976108059
flat_mlp_stable,3,3,0.0,0.0,269.8585419331015,35.0,304.8585419331015,0.7341295153368458,0.6996467567161562,0.43326017301423947,0.6191505498618776,1.0,2.0,1,1,0,0.46304251967893567,0.45325947211910456
flat_mlp_stable,4,4,0.47619047619047616,0.47619047619047616,277.07957496652364,70.0,347.07957496652364,0.7270151970773167,0.6580496798359373,0.45976123724813944,0.8285480257355817,1.0,2.0,2,1,1,0.5368104460917972,0.5189052269683966
flat_mlp_stable,5,5,1.0,1.0,178.64894122997867,35.0,213.64894122997867,0.823991190906425,0.7895084322857353,0.0,0.1959149590197892,1.0,1.0,1,0,1,0.7390716587268853,0.7390716587268853
flat_mlp_stable,6,6,0.0,0.0,306.4307149528379,35.0,341.4307149528379,0.6980978177804553,0.6636150591597656,0.6306616359629154,0.8169130607506885,1.0,2.0,1,1,0,0.8305432999488597,0.7857337722985263
flat_mlp_stable,7,7,0.3333333333333333,0.3333333333333333,275.47559052334225,70.0,345.47559052334225,0.7285954773169042,0.6596299600755249,0.09222906395268252,0.3697710208695852,1.0,2.0,2,1,1,0.5105520414682048,0.5043235502122022
flat_mlp_stable,8,8,0.5714285714285714,0.5714285714285714,262.54428914697587,0.0,262.54428914697587,0.7413356757172651,0.7413356757172651,0.5022441124159922,0.5022441124159922,1.0,2.0,0,0,0,0.4004624071403723,0.3867662649725081
flat_mlp_stable,9,9,0.0,0.0,273.98197952861284,70.0,343.98197952861284,0.730067015242746,0.6611014980013667,0.1012514116949652,0.38261151775477653,1.0,2.0,2,1,1,0.5581194164677943,0.490745268441935
flat_mlp_stable,10,10,1.0,1.0,262.2894574790517,70.0,332.2894574790517,0.7415867413999492,0.6726212241585698,0.0,0.26688072281971414,1.0,2.0,2,1,1,0.39763961835669254,0.38444961344592454
flat_mlp_stable,11,11,0.0,0.0,251.85619789475882,70.0,321.8561978947588,0.7518658148820111,0.6829002976406318,0.45383197027607614,0.8579047656648574,1.0,2.0,2,1,1,0.3139992488209395,0.2896017990432621
flat_mlp_stable,12,12,0.0,0.0,270.58635363456597,70.0,340.58635363456597,0.733412459473334,0.6644469422319547,0.05236573248031102,0.324610065145768,1.0,2.0,2,1,1,0.4684207559418202,0.4598759421324179
flat_mlp_stable,13,13,1.0,1.0,176.51365366279703,35.0,211.51365366279703,0.8260949224997074,0.7916121638790178,0.0,0.1982849443865814,1.0,1.0,1,0,1,0.7002482484144913,0.7002482484144913
flat_mlp_stable,14,14,0.0,0.0,257.2756457328635,35.0,292.2756457328635,0.7465264574060458,0.7120436987853561,0.027413224661214177,0.16718340290995604,1.0,2.0,1,1,0,0.3430762810189282,0.3388695066623952
flat_mlp_stable,15,15,1.0,1.0,182.6474642310148,105.0,287.6474642310148,0.8200517593783107,0.7166034835162416,0.0,0.5748779510412183,1.0,1.0,3,1,2,0.8117720769275415,0.8117720769275415
flat_mlp_stable,16,16,1.0,1.0,182.8926074401771,70.0,252.8926074401771,0.8198102389751949,0.7508447217338157,0.0,0.38273826908447633,1.0,1.0,2,1,1,0.8162292261850382,0.8162292261850382
flat_mlp_stable,17,17,1.0,1.0,178.04820485366164,0.0,178.04820485366164,0.8245830494052594,0.8245830494052594,0.0,0.0,1.0,1.0,0,0,0,0.7281491791574844,0.7281491791574844
flat_mlp_stable,18,18,1.0,1.0,188.2499614960065,70.0,258.2499614960065,0.8145320576394024,0.7455665403980231,0.0,0.371846025591272,1.0,1.0,2,1,1,0.9136356635637549,0.9136356635637549
flat_mlp_stable,19,19,1.0,1.0,160.99075677826247,0.0,160.99075677826247,0.8413884169672291,0.8413884169672291,0.0,0.0,1.0,1.0,0,0,0,0.41801375960477216,0.41801375960477216
flat_mlp_stable,20,20,0.0,0.0,191.82754568233133,70.0,261.82754568233133,0.8110073441553386,0.7420418269139593,0.09198762081737835,0.4904660207016191,1.0,1.0,2,1,1,0.9786826487696605,0.9786826487696605
flat_mlp_stable,21,21,1.0,1.0,169.29908124808935,70.0,239.29908124808935,0.8332028756176459,0.7642373583762666,0.0,0.4134694617593502,1.0,1.0,2,1,1,0.5690742045107157,0.5690742045107157
flat_mlp_stable,22,22,0.40476190476190477,0.40476190476190477,262.8111823276331,35.0,297.8111823276331,0.7410727267708048,0.7065899681501152,0.034394608917268865,0.17215058638922814,1.0,2.0,1,1,0,0.4164305641322692,0.3891925666148466
flat_mlp_stable,23,23,1.0,1.0,173.2236476404218,35.0,208.2236476404218,0.8293363077434267,0.7948535491227371,0.0,0.2020509351740076,1.0,1.0,1,0,1,0.6404299570985782,0.6404299570985782
flat_mlp_search,0,0,1.0,1.0,189.38465779497545,0.0,189.38465779497545,0.8134141302512556,0.8134141302512556,0.0,0.0,1.0,1.0,0,0,0,0.9342665053631898,0.9342665053631898
flat_mlp_search,1,1,0.9523809523809523,0.9523809523809523,251.01204832343984,35.0,286.01204832343984,0.7526974893365125,0.7182147307158229,-0.013136738615202493,0.12446707115874651,1.0,2.0,1,1,0,0.28410817340505645,0.2819277120312713
flat_mlp_search,2,2,1.0,1.0,169.44668986859432,105.0,274.4466898685943,0.8330574484053257,0.7296091725432567,0.0,0.619663919557398,1.0,1.0,3,1,2,0.5717579976108059,0.5717579976108059
flat_mlp_search,3,3,1.0,1.0,188.28301170580315,70.0,258.2830117058031,0.8144994958563516,0.7455339786149723,0.0,0.371780753695276,1.0,1.0,2,1,1,0.9142365764691482,0.9142365764691482
flat_mlp_search,4,4,1.0,1.0,189.8115718491461,70.0,259.8115718491461,0.8129935252717773,0.744028008030398,0.0,0.3687867884874423,1.0,1.0,2,1,1,0.9420285790753838,0.9420285790753838
flat_mlp_search,5,5,1.0,1.0,178.64894122997867,70.0,248.64894122997867,0.823991190906425,0.7550256736650457,0.0,0.3918299180395784,1.0,1.0,2,1,1,0.7390716587268853,0.7390716587268853
flat_mlp_search,6,6,1.0,1.0,187.91802553930125,70.0,257.91802553930125,0.8148590881386195,0.7458935708972402,0.0,0.3725028495755463,1.0,1.0,2,1,1,0.9076004643509318,0.9076004643509318
flat_mlp_search,7,7,1.0,1.0,252.214118461946,35.0,287.214118461946,0.751513183781334,0.7170304251606443,0.0,0.13877097845845135,1.0,2.0,1,1,0,0.29886827459486826,0.29285562238132723
flat_mlp_search,8,8,1.0,1.0,174.7680599824336,35.0,209.7680599824336,0.8278147192291294,0.7933319606084397,0.0,0.20026542609397815,1.0,1.0,1,0,1,0.6685101814987933,0.6685101814987933
flat_mlp_search,9,9,1.0,1.0,248.7914899531615,105.0,353.7914899531615,0.7548852315732398,0.6514369557111709,0.0,0.422040159089717,1.0,2.0,3,2,1,0.2727248416104631,0.26174081775601343
flat_mlp_search,10,10,0.9523809523809523,0.9523809523809523,258.971252642641,140.0,398.971252642641,0.744855908726462,0.6069248742437034,-0.012650927217216558,0.5211105184222118,1.0,2.0,4,2,2,0.36959527496345174,0.3542841149331
flat_mlp_search,11,11,1.0,1.0,173.2361119056506,105.0,278.2361119056506,0.8293240276791619,0.725875751817093,0.0,0.6061091930831721,1.0,1.0,3,1,2,0.6406565801027382,0.6406565801027382
flat_mlp_search,12,12,1.0,1.0,257.1219731725999,105.0,362.1219731725999,0.7466778589432513,0.6432295830811824,0.0,0.4083664989981855,1.0,2.0,3,2,1,0.3414129248588512,0.3374724833872716
flat_mlp_search,13,13,1.0,1.0,176.51365366279703,105.0,281.513653662797,0.8260949224997074,0.7226466466376384,0.0,0.5948548331597442,1.0,1.0,3,1,2,0.7002482484144913,0.7002482484144913
flat_mlp_search,14,14,0.0,0.0,255.49663544206362,105.0,360.4966354420636,0.7482791769043708,0.6448309010423019,0.02030886507688719,0.4396193998231128,1.0,2.0,3,2,1,0.3436631991999869,0.32269668583694194
flat_mlp_search,15,15,1.0,1.0,182.6474642310148,35.0,217.6474642310148,0.8200517593783107,0.7855690007576209,0.0,0.19162598368040612,1.0,1.0,1,0,1,0.8117720769275415,0.8117720769275415
flat_mlp_search,16,16,1.0,1.0,182.8926074401771,70.0,252.8926074401771,0.8198102389751949,0.7508447217338157,0.0,0.38273826908447633,1.0,1.0,2,1,1,0.8162292261850382,0.8162292261850382
flat_mlp_search,17,17,1.0,1.0,178.04820485366164,0.0,178.04820485366164,0.8245830494052594,0.8245830494052594,0.0,0.0,1.0,1.0,0,0,0,0.7281491791574844,0.7281491791574844
flat_mlp_search,18,18,1.0,1.0,188.2499614960065,70.0,258.2499614960065,0.8145320576394024,0.7455665403980231,0.0,0.371846025591272,1.0,1.0,2,1,1,0.9136356635637549,0.9136356635637549
flat_mlp_search,19,19,1.0,1.0,160.99075677826247,0.0,160.99075677826247,0.8413884169672291,0.8413884169672291,0.0,0.0,1.0,1.0,0,0,0,0.41801375960477216,0.41801375960477216
flat_mlp_search,20,20,1.0,1.0,175.6682420435718,70.0,245.6682420435718,0.8269278403511607,0.7579623231097815,0.0,0.3984783998842407,1.0,1.0,2,1,1,0.6848771280649419,0.6848771280649419
flat_mlp_search,21,21,1.0,1.0,169.29908124808935,70.0,239.29908124808935,0.8332028756176459,0.7642373583762666,0.0,0.4134694617593502,1.0,1.0,2,1,1,0.5690742045107157,0.5690742045107157
flat_mlp_search,22,22,1.0,1.0,254.0724594482615,105.0,359.0724594482615,0.7496823059623039,0.646234030100235,0.0,0.41326793241587784,1.0,2.0,3,2,1,0.32843078351560845,0.3097496313478318
flat_mlp_search,23,23,1.0,1.0,173.2236476404218,105.0,278.2236476404218,0.8293363077434267,0.7258880318813578,0.0,0.6061528055220228,1.0,1.0,3,1,2,0.6404299570985782,0.6404299570985782
flat_mlp_stable_search,0,0,1.0,1.0,189.38465779497545,0.0,189.38465779497545,0.8134141302512556,0.8134141302512556,0.0,0.0,1.0,1.0,0,0,0,0.9342665053631898,0.9342665053631898
flat_mlp_stable_search,1,1,0.9523809523809523,0.9523809523809523,251.01204832343984,35.0,286.01204832343984,0.7526974893365125,0.7182147307158229,-0.013136738615202493,0.12446707115874651,1.0,2.0,1,1,0,0.28410817340505645,0.2819277120312713
flat_mlp_stable_search,2,2,0.0,0.0,271.8493426054006,0.0,271.8493426054006,0.7321681353641374,0.7321681353641374,0.604335515885376,0.604335515885376,1.0,2.0,0,0,0,0.4994637331283833,0.4713576600490959
flat_mlp_stable_search,3,3,0.0,0.0,257.954951545032,0.0,257.954951545032,0.7458571905960276,0.7458571905960276,0.37003837578343474,0.37003837578343474,1.0,2.0,0,0,0,0.3586912922331992,0.3450450140457451
flat_mlp_stable_search,4,4,0.0,0.0,273.04449979141884,0.0,273.04449979141884,0.7309906405995873,0.7309906405995873,0.43850291703196376,0.43850291703196376,1.0,2.0,0,0,0,0.5548043347431492,0.4822227253765353
flat_mlp_stable_search,5,5,0.0,0.0,279.87197530758004,0.0,279.87197530758004,0.7242640637363744,0.7242640637363744,0.5666030449477714,0.5666030449477714,1.0,2.0,0,0,0,0.5451225047832502,0.5442906846143639
flat_mlp_stable_search,6,6,0.0,0.0,271.80468503833356,0.0,271.80468503833356,0.732212132967159,0.732212132967159,0.44640028149661576,0.44640028149661576,1.0,2.0,0,0,0,0.4743723839271756,0.4709516821666687
flat_mlp_stable_search,7,7,0.0,0.0,255.38055486915698,0.0,255.38055486915698,0.7483935420008305,0.7483935420008305,0.012554556527289514,0.012554556527289514,1.0,2.0,0,0,0,0.3372245904895965,0.32164140790142726
flat_mlp_stable_search,8,8,0.0,0.0,259.9187756353185,0.0,259.9187756353185,0.743922388536632,0.743922388536632,0.48722126721234776,0.48722126721234776,1.0,2.0,0,0,0,0.37336049200712407,0.36289796032107785
flat_mlp_stable_search,9,9,0.42857142857142855,0.42857142857142855,275.05044421204366,0.0,275.05044421204366,0.7290143406777895,0.7290143406777895,0.10554603078998316,0.10554603078998316,1.0,2.0,0,0,0,0.5084240284329213,0.5004585837458515
flat_mlp_stable_search,10,10,0.30952380952380953,0.30952380952380953,286.57612585934976,0.0,286.57612585934976,0.7176589893011333,0.7176589893011333,0.09259490874595207,0.09259490874595207,1.0,2.0,0,0,0,0.7000494357941326,0.6052375078122707
flat_mlp_stable_search,11,11,1.0,1.0,173.2361119056506,35.0,208.2361119056506,0.8293240276791619,0.7948412690584723,0.0,0.20203639769439072,1.0,1.0,1,0,1,0.6406565801027382,0.6406565801027382
flat_mlp_stable_search,12,12,0.2857142857142857,0.2857142857142857,268.0578245777657,35.0,303.0578245777657,0.7359036211056496,0.7014208624849599,0.04253176525611379,0.1786539315888423,1.0,2.0,1,1,0,0.4646540515291135,0.43688931434332473
flat_mlp_stable_search,13,13,0.0,0.0,184.16854731485833,35.0,219.16854731485833,0.8185531553548194,0.7840703967341297,0.043367147488119165,0.24165209187470058,1.0,1.0,1,0,1,0.8394281329974242,0.8394281329974242
flat_mlp_stable_search,14,14,0.30952380952380953,0.30952380952380953,261.03359204840245,35.0,296.03359204840245,0.7428240472429533,0.7083412886222636,0.042420333986130834,0.1821905122348727,1.0,2.0,1,1,0,0.3854923836747708,0.3730326549854767
flat_mlp_stable_search,15,15,0.0,0.0,188.9401587685858,35.0,223.9401587685858,0.8138520603265165,0.7793693017058269,0.03445267945035323,0.22607866313075933,1.0,1.0,1,0,1,0.9261847048833782,0.9261847048833782
flat_mlp_stable_search,16,16,1.0,1.0,182.8926074401771,70.0,252.8926074401771,0.8198102389751949,0.7508447217338157,0.0,0.38273826908447633,1.0,1.0,2,1,1,0.8162292261850382,0.8162292261850382
flat_mlp_stable_search,17,17,1.0,1.0,178.04820485366164,0.0,178.04820485366164,0.8245830494052594,0.8245830494052594,0.0,0.0,1.0,1.0,0,0,0,0.7281491791574844,0.7281491791574844
flat_mlp_stable_search,18,18,1.0,1.0,188.2499614960065,70.0,258.2499614960065,0.8145320576394024,0.7455665403980231,0.0,0.371846025591272,1.0,1.0,2,1,1,0.9136356635637549,0.9136356635637549
flat_mlp_stable_search,19,19,1.0,1.0,160.99075677826247,0.0,160.99075677826247,0.8413884169672291,0.8413884169672291,0.0,0.0,1.0,1.0,0,0,0,0.41801375960477216,0.41801375960477216
flat_mlp_stable_search,20,20,1.0,1.0,175.6682420435718,70.0,245.6682420435718,0.8269278403511607,0.7579623231097815,0.0,0.3984783998842407,1.0,1.0,2,1,1,0.6848771280649419,0.6848771280649419
flat_mlp_stable_search,21,21,1.0,1.0,169.29908124808935,70.0,239.29908124808935,0.8332028756176459,0.7642373583762666,0.0,0.4134694617593502,1.0,1.0,2,1,1,0.5690742045107157,0.5690742045107157
flat_mlp_stable_search,22,22,0.40476190476190477,0.40476190476190477,262.8111823276331,35.0,297.8111823276331,0.7410727267708048,0.7065899681501152,0.034394608917268865,0.17215058638922814,1.0,2.0,1,1,0,0.4164305641322692,0.3891925666148466
flat_mlp_stable_search,23,23,1.0,1.0,173.2236476404218,35.0,208.2236476404218,0.8293363077434267,0.7948535491227371,0.0,0.2020509351740076,1.0,1.0,1,0,1,0.6404299570985782,0.6404299570985782
agg_gcn,0,0,0.0,0.0,265.979085517342,0.0,265.979085517342,0.737951639884392,0.737951639884392,0.4044383986230097,0.4044383986230097,1.0,2.0,0,0,0,0.42165633296694605,0.41799168652129126
agg_gcn,1,1,0.0,0.0,278.00734041097246,140.0,418.00734041097246,0.7261011424522439,0.5881701079694852,0.09299626244779835,0.6434115015435944,1.0,2.0,4,2,2,0.5302656918829824,0.5273394582815679
agg_gcn,2,2,1.0,1.0,169.44668986859432,105.0,274.4466898685943,0.8330574484053257,0.7296091725432567,0.0,0.619663919557398,1.0,1.0,3,1,2,0.5717579976108059,0.5717579976108059
agg_gcn,3,3,0.0,0.0,269.8585419331015,35.0,304.8585419331015,0.7341295153368458,0.6996467567161562,0.43326017301423947,0.6191505498618776,1.0,2.0,1,1,0,0.46304251967893567,0.45325947211910456
agg_gcn,4,4,0.0,0.47619047619047616,277.07957496652364,70.0,347.07957496652364,0.7270151970773167,0.6580496798359373,0.45976123724813944,0.8285480257355817,1.0,2.0,2,1,1,0.5368104460917972,0.5189052269683966
agg_gcn,5,5,0.0,0.0,261.8364311238872,140.0,401.8364311238872,0.7420330727843476,0.6041020383015889,0.46564781924354914,1.249307655322706,1.0,2.0,4,2,2,0.4023588063443594,0.3803311920353387
agg_gcn,6,6,0.0,0.0,279.17877679035644,140.0,419.17877679035644,0.7249470179405355,0.587015983457777,0.4856412842203308,1.2306469833714233,1.0,2.0,4,2,2,0.595265685913929,0.5379888799123309
agg_gcn,7,7,0.0,0.3333333333333333,275.47559052334225,140.0,415.47559052334225,0.7285954773169042,0.5906644428341455,0.09222906395268252,0.6473129777864879,1.0,2.0,4,2,2,0.5105520414682048,0.5043235502122022
agg_gcn,8,8,0.0,0.5714285714285714,262.54428914697587,0.0,262.54428914697587,0.7413356757172651,0.7413356757172651,0.5022441124159922,0.5022441124159922,1.0,2.0,0,0,0,0.4004624071403723,0.3867662649725081
agg_gcn,9,9,0.5,0.42857142857142855,268.27097239307903,140.0,408.27097239307903,0.7356936232580502,0.5977625887752915,0.0782964177897919,0.6410166299094145,1.0,2.0,4,2,2,0.45778617410104167,0.4388270217552641
agg_gcn,10,10,0.5952380952380952,1.0,262.2894574790517,140.0,402.2894574790517,0.7415867413999492,0.6036557069171905,0.0,0.5337614456394283,1.0,2.0,4,2,2,0.39763961835669254,0.38444961344592454
agg_gcn,11,11,0.0,0.0,191.06336036228407,105.0,296.0633603622841,0.8117602360962718,0.7083119602342028,0.10290723025660323,0.7090164233397753,1.0,1.0,3,1,2,0.9647883702233465,0.9647883702233465
agg_gcn,12,12,0.0,0.0,270.58635363456597,105.0,375.58635363456597,0.733412459473334,0.629964183611265,0.05236573248031102,0.46073223147849657,1.0,2.0,3,2,1,0.4684207559418202,0.4598759421324179
agg_gcn,13,13,1.0,1.0,176.51365366279703,35.0,211.51365366279703,0.8260949224997074,0.7916121638790178,0.0,0.1982849443865814,1.0,1.0,1,0,1,0.7002482484144913,0.7002482484144913
agg_gcn,14,14,0.0,0.0,263.41397079515525,105.0,368.41397079515525,0.7404788465072362,0.6370305706451672,0.05192621860707813,0.47123675335330373,1.0,2.0,3,2,1,0.4056403167185094,0.3946724617741389
agg_gcn,15,15,0.0,0.47619047619047616,276.27472939000387,70.0,346.27472939000387,0.7278081483842327,0.6588426311428534,0.5126119081542142,0.8958638755150264,1.0,2.0,2,1,1,0.532204826968947,0.5115884490000351
agg_gcn,16,16,1.0,1.0,182.8926074401771,105.0,287.89260744017713,0.8198102389751949,0.7163619631131259,0.0,0.5741074036267146,1.0,1.0,3,1,2,0.8162292261850382,0.8162292261850382
agg_gcn,17,17,1.0,1.0,178.04820485366164,0.0,178.04820485366164,0.8245830494052594,0.8245830494052594,0.0,0.0,1.0,1.0,0,0,0,0.7281491791574844,0.7281491791574844
agg_gcn,18,18,1.0,1.0,188.2499614960065,70.0,258.2499614960065,0.8145320576394024,0.7455665403980231,0.0,0.371846025591272,1.0,1.0,2,1,1,0.9136356635637549,0.9136356635637549
agg_gcn,19,19,1.0,1.0,160.99075677826247,0.0,160.99075677826247,0.8413884169672291,0.8413884169672291,0.0,0.0,1.0,1.0,0,0,0,0.41801375960477216,0.41801375960477216
agg_gcn,20,20,0.0,0.0,260.83256370121376,105.0,365.83256370121376,0.7430221047278682,0.6395738288657993,0.4848020374480565,1.0825196372744177,1.0,2.0,3,2,1,0.3820815828299863,0.3712051245564887
agg_gcn,21,21,1.0,1.0,169.29908124808935,105.0,274.29908124808935,0.8332028756176459,0.729754599755577,0.0,0.6202041926390253,1.0,1.0,3,1,2,0.5690742045107157,0.5690742045107157
agg_gcn,22,22,0.5,0.3333333333333333,272.6266890671228,105.0,377.6266890671228,0.7314022767811598,0.6279540009190908,0.07302731535386911,0.486295247769747,1.0,2.0,3,2,1,0.49054967215251616,0.4784244460647529
agg_gcn,23,23,1.0,1.0,173.2236476404218,105.0,278.2236476404218,0.8293363077434267,0.7258880318813578,0.0,0.6061528055220228,1.0,1.0,3,1,2,0.6404299570985782,0.6404299570985782
agg_gcn_pruned,0,0,1.0,1.0,189.38465779497545,0.0,189.38465779497545,0.8134141302512556,0.8134141302512556,0.0,0.0,1.0,1.0,0,0,0,0.9342665053631898,0.9342665053631898
agg_gcn_pruned,1,1,0.3333333333333333,0.3333333333333333,261.491458871097,35.0,296.491458871097,0.7423729469250276,0.707890188304338,0.028063456114595497,0.1656672658885445,1.0,2.0,1,1,0,0.40069065614281,0.3771950806463362
agg_gcn_pruned,2,2,1.0,1.0,169.44668986859432,105.0,274.4466898685943,0.8330574484053257,0.7296091725432567,0.0,0.619663919557398,1.0,1.0,3,1,2,0.5717579976108059,0.5717579976108059
agg_gcn_pruned,3,3,1.0,1.0,188.28301170580315,70.0,258.2830117058031,0.8144994958563516,0.7455339786149723,0.0,0.371780753695276,1.0,1.0,2,1,1,0.9142365764691482,0.9142365764691482
agg_gcn_pruned,4,4,0.47619047619047616,0.47619047619047616,277.07957496652364,105.0,382.07957496652364,0.7270151970773167,0.6235669212152476,0.45976123724813944,1.012941419979303,1.0,2.0,3,2,1,0.5368104460917972,0.5189052269683966
agg_gcn_pruned,5,5,0.0,0.0,261.8364311238872,140.0,401.8364311238872,0.7420330727843476,0.6041020383015889,0.46564781924354914,1.249307655322706,1.0,2.0,4,2,2,0.4023588063443594,0.3803311920353387
agg_gcn_pruned,6,6,1.0,1.0,187.91802553930125,35.0,222.91802553930125,0.8148590881386195,0.7803763295179299,0.0,0.18625142478777315,1.0,1.0,1,0,1,0.9076004643509318,0.9076004643509318
agg_gcn_pruned,7,7,0.3333333333333333,0.3333333333333333,275.47559052334225,105.0,380.47559052334225,0.7285954773169042,0.6251472014548353,0.09222906395268252,0.5085419993280366,1.0,2.0,3,2,1,0.5105520414682048,0.5043235502122022
agg_gcn_pruned,8,8,0.0,0.0,256.5269374490303,70.0,326.5269374490303,0.747264101035438,0.6782985837940587,0.46781361236609526,0.8683444645540516,1.0,2.0,2,1,1,0.3425017231443095,0.33206306771845717
agg_gcn_pruned,9,9,0.38095238095238093,0.38095238095238093,260.7778793989498,70.0,330.7778793989498,0.7430759808877342,0.6741104636463549,0.04817845436773138,0.3295385604275427,1.0,2.0,2,1,1,0.3901863604099612,0.37070799453590697
agg_gcn_pruned,10,10,1.0,1.0,262.2894574790517,70.0,332.2894574790517,0.7415867413999492,0.6726212241585698,0.0,0.26688072281971414,1.0,2.0,2,1,1,0.39763961835669254,0.38444961344592454
agg_gcn_pruned,11,11,0.0,0.0,191.06336036228407,105.0,296.0633603622841,0.8117602360962718,0.7083119602342028,0.10290723025660323,0.7090164233397753,1.0,1.0,3,1,2,0.9647883702233465,0.9647883702233465
agg_gcn_pruned,12,12,0.0,0.0,270.58635363456597,105.0,375.58635363456597,0.733412459473334,0.629964183611265,0.05236573248031102,0.46073223147849657,1.0,2.0,3,2,1,0.4684207559418202,0.4598759421324179
agg_gcn_pruned,13,13,1.0,1.0,176.51365366279703,35.0,211.51365366279703,0.8260949224997074,0.7916121638790178,0.0,0.1982849443865814,1.0,1.0,1,0,1,0.7002482484144913,0.7002482484144913
agg_gcn_pruned,14,14,0.0,0.0,263.41397079515525,105.0,368.41397079515525,0.7404788465072362,0.6370305706451672,0.05192621860707813,0.47123675335330373,1.0,2.0,3,2,1,0.4056403167185094,0.3946724617741389
agg_gcn_pruned,15,15,0.47619047619047616,0.47619047619047616,276.27472939000387,70.0,346.27472939000387,0.7278081483842327,0.6588426311428534,0.5126119081542142,0.8958638755150264,1.0,2.0,2,1,1,0.532204826968947,0.5115884490000351
agg_gcn_pruned,16,16,1.0,1.0,182.8926074401771,105.0,287.89260744017713,0.8198102389751949,0.7163619631131259,0.0,0.5741074036267146,1.0,1.0,3,1,2,0.8162292261850382,0.8162292261850382
agg_gcn_pruned,17,17,1.0,1.0,178.04820485366164,0.0,178.04820485366164,0.8245830494052594,0.8245830494052594,0.0,0.0,1.0,1.0,0,0,0,0.7281491791574844,0.7281491791574844
agg_gcn_pruned,18,18,1.0,1.0,188.2499614960065,70.0,258.2499614960065,0.8145320576394024,0.7455665403980231,0.0,0.371846025591272,1.0,1.0,2,1,1,0.9136356635637549,0.9136356635637549
agg_gcn_pruned,19,19,1.0,1.0,160.99075677826247,0.0,160.99075677826247,0.8413884169672291,0.8413884169672291,0.0,0.0,1.0,1.0,0,0,0,0.41801375960477216,0.41801375960477216
agg_gcn_pruned,20,20,0.0,0.0,260.83256370121376,105.0,365.83256370121376,0.7430221047278682,0.6395738288657993,0.4848020374480565,1.0825196372744177,1.0,2.0,3,2,1,0.3820815828299863,0.3712051245564887
agg_gcn_pruned,21,21,1.0,1.0,169.29908124808935,105.0,274.29908124808935,0.8332028756176459,0.729754599755577,0.0,0.6202041926390253,1.0,1.0,3,1,2,0.5690742045107157,0.5690742045107157
agg_gcn_pruned,22,22,0.40476190476190477,0.40476190476190477,262.8111823276331,35.0,297.8111823276331,0.7410727267708048,0.7065899681501152,0.034394608917268865,0.17215058638922814,1.0,2.0,1,1,0,0.4164305641322692,0.3891925666148466
agg_gcn_pruned,23,23,1.0,1.0,173.2236476404218,35.0,208.2236476404218,0.8293363077434267,0.7948535491227371,0.0,0.2020509351740076,1.0,1.0,1,0,1,0.6404299570985782,0.6404299570985782
agg_gcn_stable,0,0,1.0,1.0,189.38465779497545,0.0,189.38465779497545,0.8134141302512556,0.8134141302512556,0.0,0.0,1.0,1.0,0,0,0,0.9342665053631898,0.9342665053631898
agg_gcn_stable,1,1,0.3333333333333333,0.3333333333333333,263.7336884112159,35.0,298.7336884112159,0.7401638537820533,0.7056810951613637,0.03687886546053979,0.1744826752344888,1.0,2.0,1,1,0,0.41384707748402827,0.39757898555650806
agg_gcn_stable,2,2,1.0,1.0,169.44668986859432,105.0,274.4466898685943,0.8330574484053257,0.7296091725432567,0.0,0.619663919557398,1.0,1.0,3,1,2,0.5717579976108059,0.5717579976108059
agg_gcn_stable,3,3,1.0,1.0,188.28301170580315,70.0,258.2830117058031,0.8144994958563516,0.7455339786149723,0.0,0.371780753695276,1.0,1.0,2,1,1,0.9142365764691482,0.9142365764691482
agg_gcn_stable,4,4,0.5952380952380952,0.5952380952380952,276.6871546986294,35.0,311.6871546986294,0.727401818030907,0.6929190594102173,0.4576938171005095,0.6420872113442306,1.0,2.0,1,1,0,0.5293801522821071,0.5153377699875401
agg_gcn_stable,5,5,0.0,0.0,270.4347225707654,70.0,340.4347225707654,0.733561849683975,0.6645963324425956,0.5137773597137019,0.9056072777532803,1.0,2.0,2,1,1,0.4735778788722216,0.45849747791604967
agg_gcn_stable,6,6,1.0,1.0,187.91802553930125,35.0,222.91802553930125,0.8148590881386195,0.7803763295179299,0.0,0.18625142478777315,1.0,1.0,1,0,1,0.9076004643509318,0.9076004643509318
agg_gcn_stable,7,7,0.9285714285714286,0.9285714285714286,254.06194002599784,35.0,289.06194002599784,0.7496926699251253,0.7152099113044357,0.0073264001845743405,0.1460973786430257,1.0,2.0,1,1,0,0.33522123682904204,0.30965400023634404
agg_gcn_stable,8,8,0.5238095238095238,0.5238095238095238,266.3953474699399,0.0,266.3953474699399,0.7375415295862661,0.7375415295862661,0.5242793648720252,0.5242793648720252,1.0,2.0,0,0,0,0.42705965766527965,0.42177588609036243
agg_gcn_stable,9,9,0.7380952380952381,0.7380952380952381,353.6759180829039,105.0,458.6759180829039,0.6515508196227549,0.5481025437606858,0.4215756260372425,0.8436157851269596,1.0,3.0,3,2,1,0.322706765850244,0.3131873823206297
agg_gcn_stable,10,10,0.5,0.5,269.58494295900726,105.0,374.58494295900726,0.7343990709763475,0.6309507951142785,0.02781463483158961,0.4281357190611609,1.0,2.0,3,1,2,0.47322405882030366,0.45077220871824786
agg_gcn_stable,11,11,0.0,0.0,191.06336036228407,35.0,226.06336036228407,0.8117602360962718,0.7772774774755822,0.10290723025660323,0.30494362795099395,1.0,1.0,1,0,1,0.9647883702233465,0.9647883702233465
agg_gcn_stable,12,12,0.0,0.0,275.7824809904065,35.0,310.7824809904065,0.7282931221769394,0.6938103635562498,0.0725745356865329,0.2086967020192614,1.0,2.0,1,1,0,0.5156430768479259,0.5071134635491499
agg_gcn_stable,13,13,1.0,1.0,176.51365366279703,105.0,281.513653662797,0.8260949224997074,0.7226466466376384,0.0,0.5948548331597442,1.0,1.0,3,1,2,0.7002482484144913,0.7002482484144913
agg_gcn_stable,14,14,0.0,0.0,257.2756457328635,35.0,292.2756457328635,0.7465264574060458,0.7120436987853561,0.027413224661214177,0.16718340290995604,1.0,2.0,1,1,0,0.3430762810189282,0.3388695066623952
agg_gcn_stable,15,15,0.47619047619047616,0.47619047619047616,276.27472939000387,70.0,346.27472939000387,0.7278081483842327,0.6588426311428534,0.5126119081542142,0.8958638755150264,1.0,2.0,2,1,1,0.532204826968947,0.5115884490000351
agg_gcn_stable,16,16,1.0,1.0,182.8926074401771,105.0,287.89260744017713,0.8198102389751949,0.7163619631131259,0.0,0.5741074036267146,1.0,1.0,3,1,2,0.8162292261850382,0.8162292261850382
agg_gcn_stable,17,17,1.0,1.0,178.04820485366164,0.0,178.04820485366164,0.8245830494052594,0.8245830494052594,0.0,0.0,1.0,1.0,0,0,0,0.7281491791574844,0.7281491791574844
agg_gcn_stable,18,18,1.0,1.0,188.2499614960065,70.0,258.2499614960065,0.8145320576394024,0.7455665403980231,0.0,0.371846025591272,1.0,1.0,2,1,1,0.9136356635637549,0.9136356635637549
agg_gcn_stable,19,19,1.0,1.0,160.99075677826247,0.0,160.99075677826247,0.8413884169672291,0.8413884169672291,0.0,0.0,1.0,1.0,0,0,0,0.41801375960477216,0.41801375960477216
agg_gcn_stable,20,20,0.0,0.0,279.7179794070052,35.0,314.7179794070052,0.7244157838354628,0.6899330252147732,0.5923081836136634,0.7915473835557838,1.0,2.0,1,1,0,0.5621289001709323,0.5428907218818655
agg_gcn_stable,21,21,1.0,1.0,169.29908124808935,35.0,204.29908124808935,0.8332028756176459,0.7987201169969563,0.0,0.2067347308796751,1.0,1.0,1,0,1,0.5690742045107157,0.5690742045107157
agg_gcn_stable,22,22,0.40476190476190477,0.40476190476190477,262.8111823276331,35.0,297.8111823276331,0.7410727267708048,0.7065899681501152,0.034394608917268865,0.17215058638922814,1.0,2.0,1,1,0,0.4164305641322692,0.3891925666148466
agg_gcn_stable,23,23,1.0,1.0,173.2236476404218,35.0,208.2236476404218,0.8293363077434267,0.7948535491227371,0.0,0.2020509351740076,1.0,1.0,1,0,1,0.6404299570985782,0.6404299570985782
agg_gcn_search,0,0,1.0,1.0,189.38465779497545,0.0,189.38465779497545,0.8134141302512556,0.8134141302512556,0.0,0.0,1.0,1.0,0,0,0,0.9342665053631898,0.9342665053631898
agg_gcn_search,1,1,0.9761904761904762,0.9761904761904762,255.19613743395013,35.0,290.1961374339501,0.7485752340552216,0.7140924754345319,0.0033131643002234736,0.14091697407417247,1.0,2.0,1,1,0,0.33777415111159625,0.3199648857631827
agg_gcn_search,2,2,1.0,1.0,169.44668986859432,105.0,274.4466898685943,0.8330574484053257,0.7296091725432567,0.0,0.619663919557398,1.0,1.0,3,1,2,0.5717579976108059,0.5717579976108059
agg_gcn_search,3,3,1.0,1.0,188.28301170580315,70.0,258.2830117058031,0.8144994958563516,0.7455339786149723,0.0,0.371780753695276,1.0,1.0,2,1,1,0.9142365764691482,0.9142365764691482
agg_gcn_search,4,4,1.0,1.0,189.8115718491461,70.0,259.8115718491461,0.8129935252717773,0.744028008030398,0.0,0.3687867884874423,1.0,1.0,2,1,1,0.9420285790753838,0.9420285790753838
agg_gcn_search,5,5,1.0,1.0,178.64894122997867,70.0,248.64894122997867,0.823991190906425,0.7550256736650457,0.0,0.3918299180395784,1.0,1.0,2,1,1,0.7390716587268853,0.7390716587268853
agg_gcn_search,6,6,1.0,1.0,187.91802553930125,70.0,257.91802553930125,0.8148590881386195,0.7458935708972402,0.0,0.3725028495755463,1.0,1.0,2,1,1,0.9076004643509318,0.9076004643509318
agg_gcn_search,7,7,1.0,1.0,252.214118461946,35.0,287.214118461946,0.751513183781334,0.7170304251606443,0.0,0.13877097845845135,1.0,2.0,1,1,0,0.29886827459486826,0.29285562238132723
agg_gcn_search,8,8,1.0,1.0,174.7680599824336,35.0,209.7680599824336,0.8278147192291294,0.7933319606084397,0.0,0.20026542609397815,1.0,1.0,1,0,1,0.6685101814987933,0.6685101814987933
agg_gcn_search,9,9,1.0,1.0,248.7914899531615,105.0,353.7914899531615,0.7548852315732398,0.6514369557111709,0.0,0.422040159089717,1.0,2.0,3,2,1,0.2727248416104631,0.26174081775601343
agg_gcn_search,10,10,0.9523809523809523,0.9523809523809523,258.971252642641,140.0,398.971252642641,0.744855908726462,0.6069248742437034,-0.012650927217216558,0.5211105184222118,1.0,2.0,4,2,2,0.36959527496345174,0.3542841149331
agg_gcn_search,11,11,1.0,1.0,173.2361119056506,105.0,278.2361119056506,0.8293240276791619,0.725875751817093,0.0,0.6061091930831721,1.0,1.0,3,1,2,0.6406565801027382,0.6406565801027382
agg_gcn_search,12,12,1.0,1.0,257.1219731725999,105.0,362.1219731725999,0.7466778589432513,0.6432295830811824,0.0,0.4083664989981855,1.0,2.0,3,2,1,0.3414129248588512,0.3374724833872716
agg_gcn_search,13,13,1.0,1.0,176.51365366279703,105.0,281.513653662797,0.8260949224997074,0.7226466466376384,0.0,0.5948548331597442,1.0,1.0,3,1,2,0.7002482484144913,0.7002482484144913
agg_gcn_search,14,14,0.47619047619047616,0.47619047619047616,255.78097819551172,105.0,360.7809781955117,0.7479990362605796,0.6445507603985107,0.02144436900069231,0.4407549037469178,1.0,2.0,3,2,1,0.3579782525446417,0.32528161995919735
agg_gcn_search,15,15,1.0,1.0,182.6474642310148,105.0,287.6474642310148,0.8200517593783107,0.7166034835162416,0.0,0.5748779510412183,1.0,1.0,3,1,2,0.8117720769275415,0.8117720769275415
agg_gcn_search,16,16,1.0,1.0,182.8926074401771,70.0,252.8926074401771,0.8198102389751949,0.7508447217338157,0.0,0.38273826908447633,1.0,1.0,2,1,1,0.8162292261850382,0.8162292261850382
agg_gcn_search,17,17,1.0,1.0,178.04820485366164,0.0,178.04820485366164,0.8245830494052594,0.8245830494052594,0.0,0.0,1.0,1.0,0,0,0,0.7281491791574844,0.7281491791574844
agg_gcn_search,18,18,1.0,1.0,188.2499614960065,70.0,258.2499614960065,0.8145320576394024,0.7455665403980231,0.0,0.371846025591272,1.0,1.0,2,1,1,0.9136356635637549,0.9136356635637549
agg_gcn_search,19,19,1.0,1.0,160.99075677826247,0.0,160.99075677826247,0.8413884169672291,0.8413884169672291,0.0,0.0,1.0,1.0,0,0,0,0.41801375960477216,0.41801375960477216
agg_gcn_search,20,20,1.0,1.0,175.6682420435718,70.0,245.6682420435718,0.8269278403511607,0.7579623231097815,0.0,0.3984783998842407,1.0,1.0,2,1,1,0.6848771280649419,0.6848771280649419
agg_gcn_search,21,21,1.0,1.0,169.29908124808935,70.0,239.29908124808935,0.8332028756176459,0.7642373583762666,0.0,0.4134694617593502,1.0,1.0,2,1,1,0.5690742045107157,0.5690742045107157
agg_gcn_search,22,22,1.0,1.0,254.0724594482615,105.0,359.0724594482615,0.7496823059623039,0.646234030100235,0.0,0.41326793241587784,1.0,2.0,3,2,1,0.32843078351560845,0.3097496313478318
agg_gcn_search,23,23,1.0,1.0,173.2236476404218,105.0,278.2236476404218,0.8293363077434267,0.7258880318813578,0.0,0.6061528055220228,1.0,1.0,3,1,2,0.6404299570985782,0.6404299570985782
agg_gcn_stable_search,0,0,1.0,1.0,189.38465779497545,0.0,189.38465779497545,0.8134141302512556,0.8134141302512556,0.0,0.0,1.0,1.0,0,0,0,0.9342665053631898,0.9342665053631898
agg_gcn_stable_search,1,1,0.9761904761904762,0.9761904761904762,255.19613743395013,35.0,290.1961374339501,0.7485752340552216,0.7140924754345319,0.0033131643002234736,0.14091697407417247,1.0,2.0,1,1,0,0.33777415111159625,0.3199648857631827
agg_gcn_stable_search,2,2,0.0,0.0,271.8493426054006,0.0,271.8493426054006,0.7321681353641374,0.7321681353641374,0.604335515885376,0.604335515885376,1.0,2.0,0,0,0,0.4994637331283833,0.4713576600490959
agg_gcn_stable_search,3,3,0.0,0.0,262.8278958944443,0.0,262.8278958944443,0.7410562602025179,0.7410562602025179,0.39591933182542965,0.39591933182542965,1.0,2.0,0,0,0,0.4012622307363674,0.38934450813131155
agg_gcn_stable_search,4,4,0.0,0.0,273.04449979141884,0.0,273.04449979141884,0.7309906405995873,0.7309906405995873,0.43850291703196376,0.43850291703196376,1.0,2.0,0,0,0,0.5548043347431492,0.4822227253765353
agg_gcn_stable_search,5,5,0.0,0.0,272.6362020090896,0.0,272.6362020090896,0.7313929044245422,0.7313929044245422,0.5261002955406214,0.5261002955406214,1.0,2.0,0,0,0,0.4856501997090724,0.47851092735536005
agg_gcn_stable_search,6,6,0.0,0.0,271.80468503833356,0.0,271.80468503833356,0.732212132967159,0.732212132967159,0.44640028149661576,0.44640028149661576,1.0,2.0,0,0,0,0.4743723839271756,0.4709516821666687
agg_gcn_stable_search,7,7,0.0,0.0,265.89117249787625,0.0,265.89117249787625,0.7380382536966736,0.7380382536966736,0.05422794774271869,0.05422794774271869,1.0,2.0,0,0,0,0.4240003501966303,0.41719247725342024
agg_gcn_stable_search,8,8,0.0,0.0,262.67481389370744,0.0,262.67481389370744,0.7412070799076774,0.7412070799076774,0.502990957959421,0.502990957959421,1.0,2.0,0,0,0,0.40181268200229336,0.38795285357915876
agg_gcn_stable_search,9,9,0.40476190476190477,0.40476190476190477,277.36396367621387,0.0,277.36396367621387,0.7267350111564396,0.7267350111564396,0.1148450605301313,0.1148450605301313,1.0,2.0,0,0,0,0.5363980740010781,0.521490578874672
agg_gcn_stable_search,10,10,0.2857142857142857,0.2857142857142857,283.1414105247135,0.0,283.1414105247135,0.7210429452958488,0.7210429452958488,0.07949977572898512,0.07949977572898512,1.0,2.0,0,0,0,0.6795881612845278,0.5740128229519406
agg_gcn_stable_search,11,11,1.0,1.0,173.2361119056506,35.0,208.2361119056506,0.8293240276791619,0.7948412690584723,0.0,0.20203639769439072,1.0,1.0,1,0,1,0.6406565801027382,0.6406565801027382
agg_gcn_stable_search,12,12,0.2857142857142857,0.2857142857142857,267.31100882710246,35.0,302.31100882710246,0.7366394001703425,0.7021566415496527,0.039627245889494254,0.17574941222222276,1.0,2.0,1,1,0,0.4614989287331569,0.430100080246386
agg_gcn_stable_search,13,13,0.0,0.0,184.16854731485833,35.0,219.16854731485833,0.8185531553548194,0.7840703967341297,0.043367147488119165,0.24165209187470058,1.0,1.0,1,0,1,0.8394281329974242,0.8394281329974242
agg_gcn_stable_search,14,14,0.47619047619047616,0.47619047619047616,255.78097819551172,35.0,290.7809781955117,0.7479990362605796,0.71351627763989,0.02144436900069231,0.16121454724943407,1.0,2.0,1,1,0,0.3579782525446417,0.32528161995919735
agg_gcn_stable_search,15,15,0.0,0.0,267.29574787385593,0.0,267.29574787385593,0.7366544355922602,0.7366544355922602,0.4634517319976418,0.4634517319976418,1.0,2.0,0,0,0,0.4431627334934516,0.42996134430778105
agg_gcn_stable_search,16,16,1.0,1.0,182.8926074401771,35.0,217.8926074401771,0.8198102389751949,0.7853274803545053,0.0,0.19136913454223817,1.0,1.0,1,0,1,0.8162292261850382,0.8162292261850382
agg_gcn_stable_search,17,17,1.0,1.0,178.04820485366164,0.0,178.04820485366164,0.8245830494052594,0.8245830494052594,0.0,0.0,1.0,1.0,0,0,0,0.7281491791574844,0.7281491791574844
agg_gcn_stable_search,18,18,1.0,1.0,188.2499614960065,70.0,258.2499614960065,0.8145320576394024,0.7455665403980231,0.0,0.371846025591272,1.0,1.0,2,1,1,0.9136356635637549,0.9136356635637549
agg_gcn_stable_search,19,19,1.0,1.0,160.99075677826247,0.0,160.99075677826247,0.8413884169672291,0.8413884169672291,0.0,0.0,1.0,1.0,0,0,0,0.41801375960477216,0.41801375960477216
agg_gcn_stable_search,20,20,1.0,1.0,175.6682420435718,70.0,245.6682420435718,0.8269278403511607,0.7579623231097815,0.0,0.3984783998842407,1.0,1.0,2,1,1,0.6848771280649419,0.6848771280649419
agg_gcn_stable_search,21,21,1.0,1.0,169.29908124808935,70.0,239.29908124808935,0.8332028756176459,0.7642373583762666,0.0,0.4134694617593502,1.0,1.0,2,1,1,0.5690742045107157,0.5690742045107157
agg_gcn_stable_search,22,22,0.40476190476190477,0.40476190476190477,262.8111823276331,35.0,297.8111823276331,0.7410727267708048,0.7065899681501152,0.034394608917268865,0.17215058638922814,1.0,2.0,1,1,0,0.4164305641322692,0.3891925666148466
agg_gcn_stable_search,23,23,1.0,1.0,173.2236476404218,35.0,208.2236476404218,0.8293363077434267,0.7948535491227371,0.0,0.2020509351740076,1.0,1.0,1,0,1,0.6404299570985782,0.6404299570985782
ml_gcn,0,0,0.0,0.0,265.979085517342,0.0,265.979085517342,0.737951639884392,0.737951639884392,0.4044383986230097,0.4044383986230097,1.0,2.0,0,0,0,0.42165633296694605,0.41799168652129126
ml_gcn,1,1,0.0,0.0,278.00734041097246,140.0,418.00734041097246,0.7261011424522439,0.5881701079694852,0.09299626244779835,0.6434115015435944,1.0,2.0,4,2,2,0.5302656918829824,0.5273394582815679
ml_gcn,2,2,1.0,1.0,169.44668986859432,105.0,274.4466898685943,0.8330574484053257,0.7296091725432567,0.0,0.619663919557398,1.0,1.0,3,1,2,0.5717579976108059,0.5717579976108059
ml_gcn,3,3,0.0,0.0,269.8585419331015,35.0,304.8585419331015,0.7341295153368458,0.6996467567161562,0.43326017301423947,0.6191505498618776,1.0,2.0,1,1,0,0.46304251967893567,0.45325947211910456
ml_gcn,4,4,0.0,0.47619047619047616,277.07957496652364,70.0,347.07957496652364,0.7270151970773167,0.6580496798359373,0.45976123724813944,0.8285480257355817,1.0,2.0,2,1,1,0.5368104460917972,0.5189052269683966
ml_gcn,5,5,0.0,0.0,279.52018184949884,140.0,419.52018184949884,0.7246106582763558,0.5866796237935972,0.5646338563499597,1.3482936924291165,1.0,2.0,4,2,2,0.5606721358381237,0.5410925622681715
ml_gcn,6,6,0.0,0.0,279.17877679035644,140.0,419.17877679035644,0.7249470179405355,0.587015983457777,0.4856412842203308,1.2306469833714233,1.0,2.0,4,2,2,0.595265685913929,0.5379888799123309
ml_gcn,7,7,0.0,0.30952380952380953,255.44065653049142,70.0,325.4406565304914,0.7483343285413877,0.6793688113000085,0.012792852708728345,0.290334809625631,1.0,2.0,2,1,1,0.35069545536966157,0.32218778664083114
ml_gcn,8,8,0.0,0.5714285714285714,262.54428914697587,70.0,332.54428914697587,0.7413356757172651,0.6723701584758859,0.5022441124159922,0.9027749646039486,1.0,2.0,2,1,1,0.4004624071403723,0.3867662649725081
ml_gcn,9,9,0.5,0.42857142857142855,268.27097239307903,140.0,408.27097239307903,0.7356936232580502,0.5977625887752915,0.0782964177897919,0.6410166299094145,1.0,2.0,4,2,2,0.45778617410104167,0.4388270217552641
ml_gcn,10,10,0.5952380952380952,1.0,262.2894574790517,140.0,402.2894574790517,0.7415867413999492,0.6036557069171905,0.0,0.5337614456394283,1.0,2.0,4,2,2,0.39763961835669254,0.38444961344592454
ml_gcn,11,11,0.0,0.0,191.06336036228407,105.0,296.0633603622841,0.8117602360962718,0.7083119602342028,0.10290723025660323,0.7090164233397753,1.0,1.0,3,1,2,0.9647883702233465,0.9647883702233465
ml_gcn,12,12,0.0,0.0,270.58635363456597,105.0,375.58635363456597,0.733412459473334,0.629964183611265,0.05236573248031102,0.46073223147849657,1.0,2.0,3,2,1,0.4684207559418202,0.4598759421324179
ml_gcn,13,13,1.0,1.0,176.51365366279703,35.0,211.51365366279703,0.8260949224997074,0.7916121638790178,0.0,0.1982849443865814,1.0,1.0,1,0,1,0.7002482484144913,0.7002482484144913
ml_gcn,14,14,0.0,0.0,263.41397079515525,105.0,368.41397079515525,0.7404788465072362,0.6370305706451672,0.05192621860707813,0.47123675335330373,1.0,2.0,3,2,1,0.4056403167185094,0.3946724617741389
ml_gcn,15,15,1.0,1.0,182.6474642310148,35.0,217.6474642310148,0.8200517593783107,0.7855690007576209,0.0,0.19162598368040612,1.0,1.0,1,0,1,0.8117720769275415,0.8117720769275415
ml_gcn,16,16,1.0,1.0,182.8926074401771,70.0,252.8926074401771,0.8198102389751949,0.7508447217338157,0.0,0.38273826908447633,1.0,1.0,2,1,1,0.8162292261850382,0.8162292261850382
ml_gcn,17,17,0.0,0.47619047619047616,259.3131412233274,35.0,294.3131412233274,0.744519072686377,0.7100363140656872,0.45642098125312563,0.6529969592517053,1.0,2.0,1,1,0,0.38080042475456877,0.35739219293934016
ml_gcn,18,18,1.0,1.0,188.2499614960065,105.0,293.2499614960065,0.8145320576394024,0.7110837817773334,0.0,0.557769038386908,1.0,1.0,3,1,2,0.9136356635637549,0.9136356635637549
ml_gcn,19,19,1.0,1.0,160.99075677826247,0.0,160.99075677826247,0.8413884169672291,0.8413884169672291,0.0,0.0,1.0,1.0,0,0,0,0.41801375960477216,0.41801375960477216
ml_gcn,20,20,0.0,0.0,279.7179794070052,35.0,314.7179794070052,0.7244157838354628,0.6899330252147732,0.5923081836136634,0.7915473835557838,1.0,2.0,1,1,0,0.5621289001709323,0.5428907218818655
ml_gcn,21,21,1.0,1.0,169.29908124808935,35.0,204.29908124808935,0.8332028756176459,0.7987201169969563,0.0,0.2067347308796751,1.0,1.0,1,0,1,0.5690742045107157,0.5690742045107157
ml_gcn,22,22,0.5,0.3333333333333333,272.6266890671228,105.0,377.6266890671228,0.7314022767811598,0.6279540009190908,0.07302731535386911,0.486295247769747,1.0,2.0,3,2,1,0.49054967215251616,0.4784244460647529
ml_gcn,23,23,1.0,1.0,173.2236476404218,105.0,278.2236476404218,0.8293363077434267,0.7258880318813578,0.0,0.6061528055220228,1.0,1.0,3,1,2,0.6404299570985782,0.6404299570985782
ml_gcn_pruned,0,0,1.0,1.0,189.38465779497545,0.0,189.38465779497545,0.8134141302512556,0.8134141302512556,0.0,0.0,1.0,1.0,0,0,0,0.9342665053631898,0.9342665053631898
ml_gcn_pruned,1,1,0.35714285714285715,0.35714285714285715,262.79175162679087,35.0,297.79175162679087,0.7410918703184326,0.706609111697743,0.03317560574330818,0.1707794155172572,1.0,2.0,1,1,0,0.39386004347608505,0.3890159238799167
ml_gcn_pruned,2,2,1.0,1.0,169.44668986859432,105.0,274.4466898685943,0.8330574484053257,0.7296091725432567,0.0,0.619663919557398,1.0,1.0,3,1,2,0.5717579976108059,0.5717579976108059
ml_gcn_pruned,3,3,0.0,0.0,260.3667150138784,105.0,365.3667150138784,0.7434810689518441,0.640032793089775,0.38284762207175543,0.9405187526146697,1.0,2.0,3,2,1,0.4013360570099939,0.3669701364898033
ml_gcn_pruned,4,4,0.47619047619047616,0.47619047619047616,277.07957496652364,140.0,417.07957496652364,0.7270151970773167,0.589084162594558,0.45976123724813944,1.197334814223024,1.0,2.0,4,2,2,0.5368104460917972,0.5189052269683966
ml_gcn_pruned,5,5,1.0,1.0,178.64894122997867,35.0,213.64894122997867,0.823991190906425,0.7895084322857353,0.0,0.1959149590197892,1.0,1.0,1,0,1,0.7390716587268853,0.7390716587268853
ml_gcn_pruned,6,6,0.0,0.0,279.17877679035644,105.0,384.17877679035644,0.7249470179405355,0.6214987420784666,0.4856412842203308,1.0443955585836502,1.0,2.0,3,2,1,0.595265685913929,0.5379888799123309
ml_gcn_pruned,7,7,0.30952380952380953,0.30952380952380953,255.44065653049142,70.0,325.4406565304914,0.7483343285413877,0.6793688113000085,0.012792852708728345,0.290334809625631,1.0,2.0,2,1,1,0.35069545536966157,0.32218778664083114
ml_gcn_pruned,8,8,0.5714285714285714,0.5714285714285714,262.54428914697587,70.0,332.54428914697587,0.7413356757172651,0.6723701584758859,0.5022441124159922,0.9027749646039486,1.0,2.0,2,1,1,0.4004624071403723,0.3867662649725081
ml_gcn_pruned,9,9,0.38095238095238093,0.38095238095238093,260.7778793989498,70.0,330.7778793989498,0.7430759808877342,0.6741104636463549,0.04817845436773138,0.3295385604275427,1.0,2.0,2,1,1,0.3901863604099612,0.37070799453590697
ml_gcn_pruned,10,10,1.0,1.0,262.2894574790517,70.0,332.2894574790517,0.7415867413999492,0.6726212241585698,0.0,0.26688072281971414,1.0,2.0,2,1,1,0.39763961835669254,0.38444961344592454
ml_gcn_pruned,11,11,0.0,0.0,191.06336036228407,105.0,296.0633603622841,0.8117602360962718,0.7083119602342028,0.10290723025660323,0.7090164233397753,1.0,1.0,3,1,2,0.9647883702233465,0.9647883702233465
ml_gcn_pruned,12,12,0.0,0.0,270.4999451654313,105.0,375.4999451654313,0.7334975909700184,0.6300493151079495,0.052029672251508056,0.46039617124969356,1.0,2.0,3,2,1,0.4779926994854667,0.45909041059483
ml_gcn_pruned,13,13,1.0,1.0,176.51365366279703,35.0,211.51365366279703,0.8260949224997074,0.7916121638790178,0.0,0.1982849443865814,1.0,1.0,1,0,1,0.7002482484144913,0.7002482484144913
ml_gcn_pruned,14,14,0.0,0.0,262.50636847915746,105.0,367.50636847915746,0.7413730359811257,0.6379247601190567,0.04830176896462149,0.4676123037108471,1.0,2.0,3,2,1,0.39442921778022144,0.3864215316287045
ml_gcn_pruned,15,15,1.0,1.0,182.6474642310148,35.0,217.6474642310148,0.8200517593783107,0.7855690007576209,0.0,0.19162598368040612,1.0,1.0,1,0,1,0.8117720769275415,0.8117720769275415
ml_gcn_pruned,16,16,1.0,1.0,182.8926074401771,70.0,252.8926074401771,0.8198102389751949,0.7508447217338157,0.0,0.38273826908447633,1.0,1.0,2,1,1,0.8162292261850382,0.8162292261850382
ml_gcn_pruned,17,17,0.47619047619047616,0.47619047619047616,259.3131412233274,35.0,294.3131412233274,0.744519072686377,0.7100363140656872,0.45642098125312563,0.6529969592517053,1.0,2.0,1,1,0,0.38080042475456877,0.35739219293934016
ml_gcn_pruned,18,18,1.0,1.0,188.2499614960065,105.0,293.2499614960065,0.8145320576394024,0.7110837817773334,0.0,0.557769038386908,1.0,1.0,3,1,2,0.9136356635637549,0.9136356635637549
ml_gcn_pruned,19,19,1.0,1.0,160.99075677826247,0.0,160.99075677826247,0.8413884169672291,0.8413884169672291,0.0,0.0,1.0,1.0,0,0,0,0.41801375960477216,0.41801375960477216
ml_gcn_pruned,20,20,0.0,0.0,279.7179794070052,35.0,314.7179794070052,0.7244157838354628,0.6899330252147732,0.5923081836136634,0.7915473835557838,1.0,2.0,1,1,0,0.5621289001709323,0.5428907218818655
ml_gcn_pruned,21,21,1.0,1.0,169.29908124808935,35.0,204.29908124808935,0.8332028756176459,0.7987201169969563,0.0,0.2067347308796751,1.0,1.0,1,0,1,0.5690742045107157,0.5690742045107157
ml_gcn_pruned,22,22,0.40476190476190477,0.40476190476190477,262.8111823276331,35.0,297.8111823276331,0.7410727267708048,0.7065899681501152,0.034394608917268865,0.17215058638922814,1.0,2.0,1,1,0,0.4164305641322692,0.3891925666148466
ml_gcn_pruned,23,23,1.0,1.0,173.2236476404218,35.0,208.2236476404218,0.8293363077434267,0.7948535491227371,0.0,0.2020509351740076,1.0,1.0,1,0,1,0.6404299570985782,0.6404299570985782
ml_gcn_stable,0,0,1.0,1.0,189.38465779497545,0.0,189.38465779497545,0.8134141302512556,0.8134141302512556,0.0,0.0,1.0,1.0,0,0,0,0.9342665053631898,0.9342665053631898
ml_gcn_stable,1,1,0.3333333333333333,0.3333333333333333,263.7336884112159,35.0,298.7336884112159,0.7401638537820533,0.7056810951613637,0.03687886546053979,0.1744826752344888,1.0,2.0,1,1,0,0.41384707748402827,0.39757898555650806
ml_gcn_stable,2,2,1.0,1.0,169.44668986859432,105.0,274.4466898685943,0.8330574484053257,0.7296091725432567,0.0,0.619663919557398,1.0,1.0,3,1,2,0.5717579976108059,0.5717579976108059
ml_gcn_stable,3,3,0.0,0.0,269.8585419331015,35.0,304.8585419331015,0.7341295153368458,0.6996467567161562,0.43326017301423947,0.6191505498618776,1.0,2.0,1,1,0,0.46304251967893567,0.45325947211910456
ml_gcn_stable,4,4,0.47619047619047616,0.47619047619047616,277.07957496652364,70.0,347.07957496652364,0.7270151970773167,0.6580496798359373,0.45976123724813944,0.8285480257355817,1.0,2.0,2,1,1,0.5368104460917972,0.5189052269683966
ml_gcn_stable,5,5,1.0,1.0,178.64894122997867,35.0,213.64894122997867,0.823991190906425,0.7895084322857353,0.0,0.1959149590197892,1.0,1.0,1,0,1,0.7390716587268853,0.7390716587268853
ml_gcn_stable,6,6,0.0,0.0,306.4307149528379,35.0,341.4307149528379,0.6980978177804553,0.6636150591597656,0.6306616359629154,0.8169130607506885,1.0,2.0,1,1,0,0.8305432999488597,0.7857337722985263
ml_gcn_stable,7,7,0.3333333333333333,0.3333333333333333,275.47559052334225,70.0,345.47559052334225,0.7285954773169042,0.6596299600755249,0.09222906395268252,0.3697710208695852,1.0,2.0,2,1,1,0.5105520414682048,0.5043235502122022
ml_gcn_stable,8,8,0.5714285714285714,0.5714285714285714,262.54428914697587,0.0,262.54428914697587,0.7413356757172651,0.7413356757172651,0.5022441124159922,0.5022441124159922,1.0,2.0,0,0,0,0.4004624071403723,0.3867662649725081
ml_gcn_stable,9,9,0.0,0.0,273.98197952861284,70.0,343.98197952861284,0.730067015242746,0.6611014980013667,0.1012514116949652,0.38261151775477653,1.0,2.0,2,1,1,0.5581194164677943,0.490745268441935
ml_gcn_stable,10,10,1.0,1.0,262.2894574790517,70.0,332.2894574790517,0.7415867413999492,0.6726212241585698,0.0,0.26688072281971414,1.0,2.0,2,1,1,0.39763961835669254,0.38444961344592454
ml_gcn_stable,11,11,0.0,0.0,251.85619789475882,70.0,321.8561978947588,0.7518658148820111,0.6829002976406318,0.45383197027607614,0.8579047656648574,1.0,2.0,2,1,1,0.3139992488209395,0.2896017990432621
ml_gcn_stable,12,12,0.0,0.0,270.58635363456597,70.0,340.58635363456597,0.733412459473334,0.6644469422319547,0.05236573248031102,0.324610065145768,1.0,2.0,2,1,1,0.4684207559418202,0.4598759421324179
ml_gcn_stable,13,13,1.0,1.0,176.51365366279703,35.0,211.51365366279703,0.8260949224997074,0.7916121638790178,0.0,0.1982849443865814,1.0,1.0,1,0,1,0.7002482484144913,0.7002482484144913
ml_gcn_stable,14,14,0.0,0.0,257.2756457328635,35.0,292.2756457328635,0.7465264574060458,0.7120436987853561,0.027413224661214177,0.16718340290995604,1.0,2.0,1,1,0,0.3430762810189282,0.3388695066623952
ml_gcn_stable,15,15,1.0,1.0,182.6474642310148,105.0,287.6474642310148,0.8200517593783107,0.7166034835162416,0.0,0.5748779510412183,1.0,1.0,3,1,2,0.8117720769275415,0.8117720769275415
ml_gcn_stable,16,16,1.0,1.0,182.8926074401771,70.0,252.8926074401771,0.8198102389751949,0.7508447217338157,0.0,0.38273826908447633,1.0,1.0,2,1,1,0.8162292261850382,0.8162292261850382
ml_gcn_stable,17,17,1.0,1.0,178.04820485366164,0.0,178.04820485366164,0.8245830494052594,0.8245830494052594,0.0,0.0,1.0,1.0,0,0,0,0.7281491791574844,0.7281491791574844
ml_gcn_stable,18,18,1.0,1.0,188.2499614960065,70.0,258.2499614960065,0.8145320576394024,0.7455665403980231,0.0,0.371846025591272,1.0,1.0,2,1,1,0.9136356635637549,0.9136356635637549
ml_gcn_stable,19,19,1.0,1.0,160.99075677826247,0.0,160.99075677826247,0.8413884169672291,0.8413884169672291,0.0,0.0,1.0,1.0,0,0,0,0.41801375960477216,0.41801375960477216
ml_gcn_stable,20,20,0.0,0.0,279.7179794070052,35.0,314.7179794070052,0.7244157838354628,0.6899330252147732,0.5923081836136634,0.7915473835557838,1.0,2.0,1,1,0,0.5621289001709323,0.5428907218818655
ml_gcn_stable,21,21,1.0,1.0,169.29908124808935,35.0,204.29908124808935,0.8332028756176459,0.7987201169969563,0.0,0.2067347308796751,1.0,1.0,1,0,1,0.5690742045107157,0.5690742045107157
ml_gcn_stable,22,22,0.40476190476190477,0.40476190476190477,262.8111823276331,35.0,297.8111823276331,0.7410727267708048,0.7065899681501152,0.034394608917268865,0.17215058638922814,1.0,2.0,1,1,0,0.4164305641322692,0.3891925666148466
ml_gcn_stable,23,23,1.0,1.0,173.2236476404218,35.0,208.2236476404218,0.8293363077434267,0.7948535491227371,0.0,0.2020509351740076,1.0,1.0,1,0,1,0.6404299570985782,0.6404299570985782
ml_gcn_search,0,0,1.0,1.0,189.38465779497545,0.0,189.38465779497545,0.8134141302512556,0.8134141302512556,0.0,0.0,1.0,1.0,0,0,0,0.9342665053631898,0.9342665053631898
ml_gcn_search,1,1,1.0,1.0,254.3534227540418,35.0,289.3534227540418,0.7494054948236042,0.7149227362029146,0.0,0.137603809773949,1.0,2.0,1,1,0,0.323145260278955,0.31230384321856164
ml_gcn_search,2,2,1.0,1.0,169.44668986859432,105.0,274.4466898685943,0.8330574484053257,0.7296091725432567,0.0,0.619663919557398,1.0,1.0,3,1,2,0.5717579976108059,0.5717579976108059
ml_gcn_search,3,3,1.0,1.0,188.28301170580315,70.0,258.2830117058031,0.8144994958563516,0.7455339786149723,0.0,0.371780753695276,1.0,1.0,2,1,1,0.9142365764691482,0.9142365764691482
ml_gcn_search,4,4,1.0,1.0,189.8115718491461,70.0,259.8115718491461,0.8129935252717773,0.744028008030398,0.0,0.3687867884874423,1.0,1.0,2,1,1,0.9420285790753838,0.9420285790753838
ml_gcn_search,5,5,1.0,1.0,178.64894122997867,70.0,248.64894122997867,0.823991190906425,0.7550256736650457,0.0,0.3918299180395784,1.0,1.0,2,1,1,0.7390716587268853,0.7390716587268853
ml_gcn_search,6,6,1.0,1.0,187.91802553930125,70.0,257.91802553930125,0.8148590881386195,0.7458935708972402,0.0,0.3725028495755463,1.0,1.0,2,1,1,0.9076004643509318,0.9076004643509318
ml_gcn_search,7,7,0.35714285714285715,0.35714285714285715,252.35008935345047,105.0,357.35008935345047,0.7513792223118715,0.6479309464498025,0.0005391089615984368,0.41685204433695244,1.0,2.0,3,2,1,0.32130388837319845,0.2940917213950041
ml_gcn_search,8,8,1.0,1.0,174.7680599824336,35.0,209.7680599824336,0.8278147192291294,0.7933319606084397,0.0,0.20026542609397815,1.0,1.0,1,0,1,0.6685101814987933,0.6685101814987933
ml_gcn_search,9,9,1.0,1.0,248.7914899531615,105.0,353.7914899531615,0.7548852315732398,0.6514369557111709,0.0,0.422040159089717,1.0,2.0,3,2,1,0.2727248416104631,0.26174081775601343
ml_gcn_search,10,10,0.9523809523809523,0.9523809523809523,258.971252642641,140.0,398.971252642641,0.744855908726462,0.6069248742437034,-0.012650927217216558,0.5211105184222118,1.0,2.0,4,2,2,0.36959527496345174,0.3542841149331
ml_gcn_search,11,11,0.0,0.0,176.8055487354569,35.0,211.8055487354569,0.8258073411473331,0.7913245825266434,0.02060446168262149,0.22264085937701222,1.0,1.0,1,0,1,0.705555431553762,0.705555431553762
ml_gcn_search,12,12,1.0,1.0,257.1219731725999,35.0,292.1219731725999,0.7466778589432513,0.7121951003225617,0.0,0.1361221663327285,1.0,2.0,1,1,0,0.3414129248588512,0.3374724833872716
ml_gcn_search,13,13,1.0,1.0,176.51365366279703,105.0,281.513653662797,0.8260949224997074,0.7226466466376384,0.0,0.5948548331597442,1.0,1.0,3,1,2,0.7002482484144913,0.7002482484144913
ml_gcn_search,14,14,0.0,0.0,255.49663544206362,105.0,360.4966354420636,0.7482791769043708,0.6448309010423019,0.02030886507688719,0.4396193998231128,1.0,2.0,3,2,1,0.3436631991999869,0.32269668583694194
ml_gcn_search,15,15,1.0,1.0,182.6474642310148,35.0,217.6474642310148,0.8200517593783107,0.7855690007576209,0.0,0.19162598368040612,1.0,1.0,1,0,1,0.8117720769275415,0.8117720769275415
ml_gcn_search,16,16,1.0,1.0,182.8926074401771,70.0,252.8926074401771,0.8198102389751949,0.7508447217338157,0.0,0.38273826908447633,1.0,1.0,2,1,1,0.8162292261850382,0.8162292261850382
ml_gcn_search,17,17,1.0,1.0,178.04820485366164,0.0,178.04820485366164,0.8245830494052594,0.8245830494052594,0.0,0.0,1.0,1.0,0,0,0,0.7281491791574844,0.7281491791574844
ml_gcn_search,18,18,1.0,1.0,188.2499614960065,70.0,258.2499614960065,0.8145320576394024,0.7455665403980231,0.0,0.371846025591272,1.0,1.0,2,1,1,0.9136356635637549,0.9136356635637549
ml_gcn_search,19,19,1.0,1.0,160.99075677826247,0.0,160.99075677826247,0.8413884169672291,0.8413884169672291,0.0,0.0,1.0,1.0,0,0,0,0.41801375960477216,0.41801375960477216
ml_gcn_search,20,20,1.0,1.0,175.6682420435718,70.0,245.6682420435718,0.8269278403511607,0.7579623231097815,0.0,0.3984783998842407,1.0,1.0,2,1,1,0.6848771280649419,0.6848771280649419
ml_gcn_search,21,21,1.0,1.0,169.29908124808935,70.0,239.29908124808935,0.8332028756176459,0.7642373583762666,0.0,0.4134694617593502,1.0,1.0,2,1,1,0.5690742045107157,0.5690742045107157
ml_gcn_search,22,22,1.0,1.0,254.0724594482615,105.0,359.0724594482615,0.7496823059623039,0.646234030100235,0.0,0.41326793241587784,1.0,2.0,3,2,1,0.32843078351560845,0.3097496313478318
ml_gcn_search,23,23,1.0,1.0,173.2236476404218,105.0,278.2236476404218,0.8293363077434267,0.7258880318813578,0.0,0.6061528055220228,1.0,1.0,3,1,2,0.6404299570985782,0.6404299570985782
ml_gcn_stable_search,0,0,1.0,1.0,189.38465779497545,0.0,189.38465779497545,0.8134141302512556,0.8134141302512556,0.0,0.0,1.0,1.0,0,0,0,0.9342665053631898,0.9342665053631898
ml_gcn_stable_search,1,1,1.0,1.0,254.3534227540418,35.0,289.3534227540418,0.7494054948236042,0.7149227362029146,0.0,0.137603809773949,1.0,2.0,1,1,0,0.323145260278955,0.31230384321856164
ml_gcn_stable_search,2,2,1.0,1.0,169.44668986859432,105.0,274.4466898685943,0.8330574484053257,0.7296091725432567,0.0,0.619663919557398,1.0,1.0,3,1,2,0.5717579976108059,0.5717579976108059
ml_gcn_stable_search,3,3,1.0,1.0,188.28301170580315,70.0,258.2830117058031,0.8144994958563516,0.7455339786149723,0.0,0.371780753695276,1.0,1.0,2,1,1,0.9142365764691482,0.9142365764691482
ml_gcn_stable_search,4,4,1.0,1.0,189.8115718491461,70.0,259.8115718491461,0.8129935252717773,0.744028008030398,0.0,0.3687867884874423,1.0,1.0,2,1,1,0.9420285790753838,0.9420285790753838
ml_gcn_stable_search,5,5,1.0,1.0,178.64894122997867,70.0,248.64894122997867,0.823991190906425,0.7550256736650457,0.0,0.3918299180395784,1.0,1.0,2,1,1,0.7390716587268853,0.7390716587268853
ml_gcn_stable_search,6,6,1.0,1.0,187.91802553930125,70.0,257.91802553930125,0.8148590881386195,0.7458935708972402,0.0,0.3725028495755463,1.0,1.0,2,1,1,0.9076004643509318,0.9076004643509318
ml_gcn_stable_search,7,7,0.9285714285714286,0.9285714285714286,254.06194002599784,35.0,289.06194002599784,0.7496926699251253,0.7152099113044357,0.0073264001845743405,0.1460973786430257,1.0,2.0,1,1,0,0.33522123682904204,0.30965400023634404
ml_gcn_stable_search,8,8,1.0,1.0,174.7680599824336,35.0,209.7680599824336,0.8278147192291294,0.7933319606084397,0.0,0.20026542609397815,1.0,1.0,1,0,1,0.6685101814987933,0.6685101814987933
ml_gcn_stable_search,9,9,0.0,0.0,263.5169336949861,35.0,298.5169336949861,0.7403774052266147,0.7058946466059249,0.05918789161396514,0.1998679446438708,1.0,2.0,1,1,0,0.40390922608267865,0.3956084881362374
ml_gcn_stable_search,10,10,0.0,0.0,282.58848829153305,0.0,282.58848829153305,0.7215876962644995,0.7215876962644995,0.0773917145110668,0.0773917145110668,1.0,2.0,0,0,0,0.5770689339132906,0.5689862571957551
ml_gcn_stable_search,11,11,0.0,0.0,191.06336036228407,35.0,226.06336036228407,0.8117602360962718,0.7772774774755822,0.10290723025660323,0.30494362795099395,1.0,1.0,1,0,1,0.9647883702233465,0.9647883702233465
ml_gcn_stable_search,12,12,0.4523809523809524,0.4523809523809524,269.6510155689032,35.0,304.6510155689032,0.7343339748089623,0.6998512161882727,0.04872801123026865,0.18485017756299715,1.0,2.0,1,1,0,0.4786816636669369,0.45137286880821104
ml_gcn_stable_search,13,13,0.0,0.0,277.8977352305753,0.0,277.8977352305753,0.7262091278516499,0.7262091278516499,0.5743696278671869,0.5743696278671869,1.0,2.0,0,0,0,0.5382849062188958,0.5263430475506843
ml_gcn_stable_search,14,14,0.0,0.0,261.5131259409966,0.0,261.5131259409966,0.7423516000581314,0.7423516000581314,0.044335320775964984,0.044335320775964984,1.0,2.0,0,0,0,0.3883245832203978,0.37739205400905984
ml_gcn_stable_search,15,15,0.0,0.0,188.9401587685858,35.0,223.9401587685858,0.8138520603265165,0.7793693017058269,0.03445267945035323,0.22607866313075933,1.0,1.0,1,0,1,0.9261847048833782,0.9261847048833782
ml_gcn_stable_search,16,16,1.0,1.0,182.8926074401771,70.0,252.8926074401771,0.8198102389751949,0.7508447217338157,0.0,0.38273826908447633,1.0,1.0,2,1,1,0.8162292261850382,0.8162292261850382
ml_gcn_stable_search,17,17,1.0,1.0,178.04820485366164,0.0,178.04820485366164,0.8245830494052594,0.8245830494052594,0.0,0.0,1.0,1.0,0,0,0,0.7281491791574844,0.7281491791574844
ml_gcn_stable_search,18,18,1.0,1.0,188.2499614960065,70.0,258.2499614960065,0.8145320576394024,0.7455665403980231,0.0,0.371846025591272,1.0,1.0,2,1,1,0.9136356635637549,0.9136356635637549
ml_gcn_stable_search,19,19,1.0,1.0,160.99075677826247,0.0,160.99075677826247,0.8413884169672291,0.8413884169672291,0.0,0.0,1.0,1.0,0,0,0,0.41801375960477216,0.41801375960477216
ml_gcn_stable_search,20,20,1.0,1.0,175.6682420435718,70.0,245.6682420435718,0.8269278403511607,0.7579623231097815,0.0,0.3984783998842407,1.0,1.0,2,1,1,0.6848771280649419,0.6848771280649419
ml_gcn_stable_search,21,21,1.0,1.0,169.29908124808935,70.0,239.29908124808935,0.8332028756176459,0.7642373583762666,0.0,0.4134694617593502,1.0,1.0,2,1,1,0.5690742045107157,0.5690742045107157
ml_gcn_stable_search,22,22,0.40476190476190477,0.40476190476190477,262.8111823276331,35.0,297.8111823276331,0.7410727267708048,0.7065899681501152,0.034394608917268865,0.17215058638922814,1.0,2.0,1,1,0,0.4164305641322692,0.3891925666148466
ml_gcn_stable_search,23,23,1.0,1.0,173.2236476404218,35.0,208.2236476404218,0.8293363077434267,0.7948535491227371,0.0,0.2020509351740076,1.0,1.0,1,0,1,0.6404299570985782,0.6404299570985782
attn_ml_gcn,0,0,0.0,0.0,265.979085517342,0.0,265.979085517342,0.737951639884392,0.737951639884392,0.4044383986230097,0.4044383986230097,1.0,2.0,0,0,0,0.42165633296694605,0.41799168652129126
attn_ml_gcn,1,1,0.0,0.0,278.00734041097246,140.0,418.00734041097246,0.7261011424522439,0.5881701079694852,0.09299626244779835,0.6434115015435944,1.0,2.0,4,2,2,0.5302656918829824,0.5273394582815679
attn_ml_gcn,2,2,1.0,1.0,169.44668986859432,105.0,274.4466898685943,0.8330574484053257,0.7296091725432567,0.0,0.619663919557398,1.0,1.0,3,1,2,0.5717579976108059,0.5717579976108059
attn_ml_gcn,3,3,0.0,0.0,269.8585419331015,35.0,304.8585419331015,0.7341295153368458,0.6996467567161562,0.43326017301423947,0.6191505498618776,1.0,2.0,1,1,0,0.46304251967893567,0.45325947211910456
attn_ml_gcn,4,4,0.0,0.47619047619047616,277.07957496652364,70.0,347.07957496652364,0.7270151970773167,0.6580496798359373,0.45976123724813944,0.8285480257355817,1.0,2.0,2,1,1,0.5368104460917972,0.5189052269683966
attn_ml_gcn,5,5,0.0,0.0,279.52018184949884,140.0,419.52018184949884,0.7246106582763558,0.5866796237935972,0.5646338563499597,1.3482936924291165,1.0,2.0,4,2,2,0.5606721358381237,0.5410925622681715
attn_ml_gcn,6,6,0.0,0.0,279.17877679035644,140.0,419.17877679035644,0.7249470179405355,0.587015983457777,0.4856412842203308,1.2306469833714233,1.0,2.0,4,2,2,0.595265685913929,0.5379888799123309
attn_ml_gcn,7,7,0.0,0.30952380952380953,255.44065653049142,70.0,325.4406565304914,0.7483343285413877,0.6793688113000085,0.012792852708728345,0.290334809625631,1.0,2.0,2,1,1,0.35069545536966157,0.32218778664083114
attn_ml_gcn,8,8,0.0,0.5714285714285714,262.54428914697587,70.0,332.54428914697587,0.7413356757172651,0.6723701584758859,0.5022441124159922,0.9027749646039486,1.0,2.0,2,1,1,0.4004624071403723,0.3867662649725081
attn_ml_gcn,9,9,0.5,0.42857142857142855,268.27097239307903,140.0,408.27097239307903,0.7356936232580502,0.5977625887752915,0.0782964177897919,0.6410166299094145,1.0,2.0,4,2,2,0.45778617410104167,0.4388270217552641
attn_ml_gcn,10,10,0.5952380952380952,1.0,262.2894574790517,140.0,402.2894574790517,0.7415867413999492,0.6036557069171905,0.0,0.5337614456394283,1.0,2.0,4,2,2,0.39763961835669254,0.38444961344592454
attn_ml_gcn,11,11,0.0,0.0,191.06336036228407,105.0,296.0633603622841,0.8117602360962718,0.7083119602342028,0.10290723025660323,0.7090164233397753,1.0,1.0,3,1,2,0.9647883702233465,0.9647883702233465
attn_ml_gcn,12,12,0.0,0.0,270.58635363456597,105.0,375.58635363456597,0.733412459473334,0.629964183611265,0.05236573248031102,0.46073223147849657,1.0,2.0,3,2,1,0.4684207559418202,0.4598759421324179
attn_ml_gcn,13,13,1.0,1.0,176.51365366279703,35.0,211.51365366279703,0.8260949224997074,0.7916121638790178,0.0,0.1982849443865814,1.0,1.0,1,0,1,0.7002482484144913,0.7002482484144913
attn_ml_gcn,14,14,0.0,0.0,263.41397079515525,105.0,368.41397079515525,0.7404788465072362,0.6370305706451672,0.05192621860707813,0.47123675335330373,1.0,2.0,3,2,1,0.4056403167185094,0.3946724617741389
attn_ml_gcn,15,15,1.0,1.0,182.6474642310148,35.0,217.6474642310148,0.8200517593783107,0.7855690007576209,0.0,0.19162598368040612,1.0,1.0,1,0,1,0.8117720769275415,0.8117720769275415
attn_ml_gcn,16,16,1.0,1.0,182.8926074401771,70.0,252.8926074401771,0.8198102389751949,0.7508447217338157,0.0,0.38273826908447633,1.0,1.0,2,1,1,0.8162292261850382,0.8162292261850382
attn_ml_gcn,17,17,0.0,0.47619047619047616,259.3131412233274,35.0,294.3131412233274,0.744519072686377,0.7100363140656872,0.45642098125312563,0.6529969592517053,1.0,2.0,1,1,0,0.38080042475456877,0.35739219293934016
attn_ml_gcn,18,18,1.0,1.0,188.2499614960065,105.0,293.2499614960065,0.8145320576394024,0.7110837817773334,0.0,0.557769038386908,1.0,1.0,3,1,2,0.9136356635637549,0.9136356635637549
attn_ml_gcn,19,19,1.0,1.0,160.99075677826247,0.0,160.99075677826247,0.8413884169672291,0.8413884169672291,0.0,0.0,1.0,1.0,0,0,0,0.41801375960477216,0.41801375960477216
attn_ml_gcn,20,20,0.0,0.0,279.7179794070052,35.0,314.7179794070052,0.7244157838354628,0.6899330252147732,0.5923081836136634,0.7915473835557838,1.0,2.0,1,1,0,0.5621289001709323,0.5428907218818655
attn_ml_gcn,21,21,1.0,1.0,169.29908124808935,35.0,204.29908124808935,0.8332028756176459,0.7987201169969563,0.0,0.2067347308796751,1.0,1.0,1,0,1,0.5690742045107157,0.5690742045107157
attn_ml_gcn,22,22,0.5,0.3333333333333333,272.6266890671228,105.0,377.6266890671228,0.7314022767811598,0.6279540009190908,0.07302731535386911,0.486295247769747,1.0,2.0,3,2,1,0.49054967215251616,0.4784244460647529
attn_ml_gcn,23,23,1.0,1.0,173.2236476404218,105.0,278.2236476404218,0.8293363077434267,0.7258880318813578,0.0,0.6061528055220228,1.0,1.0,3,1,2,0.6404299570985782,0.6404299570985782
attn_ml_gcn_pruned,0,0,1.0,1.0,189.38465779497545,0.0,189.38465779497545,0.8134141302512556,0.8134141302512556,0.0,0.0,1.0,1.0,0,0,0,0.9342665053631898,0.9342665053631898
attn_ml_gcn_pruned,1,1,0.35714285714285715,0.35714285714285715,262.79175162679087,35.0,297.79175162679087,0.7410918703184326,0.706609111697743,0.03317560574330818,0.1707794155172572,1.0,2.0,1,1,0,0.39386004347608505,0.3890159238799167
attn_ml_gcn_pruned,2,2,1.0,1.0,169.44668986859432,105.0,274.4466898685943,0.8330574484053257,0.7296091725432567,0.0,0.619663919557398,1.0,1.0,3,1,2,0.5717579976108059,0.5717579976108059
attn_ml_gcn_pruned,3,3,0.0,0.0,260.3667150138784,105.0,365.3667150138784,0.7434810689518441,0.640032793089775,0.38284762207175543,0.9405187526146697,1.0,2.0,3,2,1,0.4013360570099939,0.3669701364898033
attn_ml_gcn_pruned,4,4,0.47619047619047616,0.47619047619047616,277.07957496652364,140.0,417.07957496652364,0.7270151970773167,0.589084162594558,0.45976123724813944,1.197334814223024,1.0,2.0,4,2,2,0.5368104460917972,0.5189052269683966
attn_ml_gcn_pruned,5,5,1.0,1.0,178.64894122997867,35.0,213.64894122997867,0.823991190906425,0.7895084322857353,0.0,0.1959149590197892,1.0,1.0,1,0,1,0.7390716587268853,0.7390716587268853
attn_ml_gcn_pruned,6,6,0.0,0.0,279.17877679035644,105.0,384.17877679035644,0.7249470179405355,0.6214987420784666,0.4856412842203308,1.0443955585836502,1.0,2.0,3,2,1,0.595265685913929,0.5379888799123309
attn_ml_gcn_pruned,7,7,0.30952380952380953,0.30952380952380953,255.44065653049142,70.0,325.4406565304914,0.7483343285413877,0.6793688113000085,0.012792852708728345,0.290334809625631,1.0,2.0,2,1,1,0.35069545536966157,0.32218778664083114
attn_ml_gcn_pruned,8,8,0.5714285714285714,0.5714285714285714,262.54428914697587,70.0,332.54428914697587,0.7413356757172651,0.6723701584758859,0.5022441124159922,0.9027749646039486,1.0,2.0,2,1,1,0.4004624071403723,0.3867662649725081
attn_ml_gcn_pruned,9,9,0.38095238095238093,0.38095238095238093,260.7778793989498,70.0,330.7778793989498,0.7430759808877342,0.6741104636463549,0.04817845436773138,0.3295385604275427,1.0,2.0,2,1,1,0.3901863604099612,0.37070799453590697
attn_ml_gcn_pruned,10,10,1.0,1.0,262.2894574790517,70.0,332.2894574790517,0.7415867413999492,0.6726212241585698,0.0,0.26688072281971414,1.0,2.0,2,1,1,0.39763961835669254,0.38444961344592454
attn_ml_gcn_pruned,11,11,0.0,0.0,191.06336036228407,105.0,296.0633603622841,0.8117602360962718,0.7083119602342028,0.10290723025660323,0.7090164233397753,1.0,1.0,3,1,2,0.9647883702233465,0.9647883702233465
attn_ml_gcn_pruned,12,12,0.0,0.0,270.4999451654313,105.0,375.4999451654313,0.7334975909700184,0.6300493151079495,0.052029672251508056,0.46039617124969356,1.0,2.0,3,2,1,0.4779926994854667,0.45909041059483
attn_ml_gcn_pruned,13,13,1.0,1.0,176.51365366279703,35.0,211.51365366279703,0.8260949224997074,0.7916121638790178,0.0,0.1982849443865814,1.0,1.0,1,0,1,0.7002482484144913,0.7002482484144913
attn_ml_gcn_pruned,14,14,0.0,0.0,262.50636847915746,105.0,367.50636847915746,0.7413730359811257,0.6379247601190567,0.04830176896462149,0.4676123037108471,1.0,2.0,3,2,1,0.39442921778022144,0.3864215316287045
attn_ml_gcn_pruned,15,15,1.0,1.0,182.6474642310148,35.0,217.6474642310148,0.8200517593783107,0.7855690007576209,0.0,0.19162598368040612,1.0,1.0,1,0,1,0.8117720769275415,0.8117720769275415
attn_ml_gcn_pruned,16,16,1.0,1.0,182.8926074401771,70.0,252.8926074401771,0.8198102389751949,0.7508447217338157,0.0,0.38273826908447633,1.0,1.0,2,1,1,0.8162292261850382,0.8162292261850382
attn_ml_gcn_pruned,17,17,0.47619047619047616,0.47619047619047616,259.3131412233274,35.0,294.3131412233274,0.744519072686377,0.7100363140656872,0.45642098125312563,0.6529969592517053,1.0,2.0,1,1,0,0.38080042475456877,0.35739219293934016
attn_ml_gcn_pruned,18,18,1.0,1.0,188.2499614960065,105.0,293.2499614960065,0.8145320576394024,0.7110837817773334,0.0,0.557769038386908,1.0,1.0,3,1,2,0.9136356635637549,0.9136356635637549
attn_ml_gcn_pruned,19,19,1.0,1.0,160.99075677826247,0.0,160.99075677826247,0.8413884169672291,0.8413884169672291,0.0,0.0,1.0,1.0,0,0,0,0.41801375960477216,0.41801375960477216
attn_ml_gcn_pruned,20,20,0.0,0.0,279.7179794070052,35.0,314.7179794070052,0.7244157838354628,0.6899330252147732,0.5923081836136634,0.7915473835557838,1.0,2.0,1,1,0,0.5621289001709323,0.5428907218818655
attn_ml_gcn_pruned,21,21,1.0,1.0,169.29908124808935,35.0,204.29908124808935,0.8332028756176459,0.7987201169969563,0.0,0.2067347308796751,1.0,1.0,1,0,1,0.5690742045107157,0.5690742045107157
attn_ml_gcn_pruned,22,22,0.40476190476190477,0.40476190476190477,262.8111823276331,35.0,297.8111823276331,0.7410727267708048,0.7065899681501152,0.034394608917268865,0.17215058638922814,1.0,2.0,1,1,0,0.4164305641322692,0.3891925666148466
attn_ml_gcn_pruned,23,23,1.0,1.0,173.2236476404218,35.0,208.2236476404218,0.8293363077434267,0.7948535491227371,0.0,0.2020509351740076,1.0,1.0,1,0,1,0.6404299570985782,0.6404299570985782
attn_ml_gcn_stable,0,0,1.0,1.0,189.38465779497545,0.0,189.38465779497545,0.8134141302512556,0.8134141302512556,0.0,0.0,1.0,1.0,0,0,0,0.9342665053631898,0.9342665053631898
attn_ml_gcn_stable,1,1,0.3333333333333333,0.3333333333333333,263.7336884112159,35.0,298.7336884112159,0.7401638537820533,0.7056810951613637,0.03687886546053979,0.1744826752344888,1.0,2.0,1,1,0,0.41384707748402827,0.39757898555650806
attn_ml_gcn_stable,2,2,1.0,1.0,169.44668986859432,105.0,274.4466898685943,0.8330574484053257,0.7296091725432567,0.0,0.619663919557398,1.0,1.0,3,1,2,0.5717579976108059,0.5717579976108059
attn_ml_gcn_stable,3,3,0.0,0.0,269.8585419331015,35.0,304.8585419331015,0.7341295153368458,0.6996467567161562,0.43326017301423947,0.6191505498618776,1.0,2.0,1,1,0,0.46304251967893567,0.45325947211910456
attn_ml_gcn_stable,4,4,0.47619047619047616,0.47619047619047616,277.07957496652364,70.0,347.07957496652364,0.7270151970773167,0.6580496798359373,0.45976123724813944,0.8285480257355817,1.0,2.0,2,1,1,0.5368104460917972,0.5189052269683966
attn_ml_gcn_stable,5,5,1.0,1.0,178.64894122997867,35.0,213.64894122997867,0.823991190906425,0.7895084322857353,0.0,0.1959149590197892,1.0,1.0,1,0,1,0.7390716587268853,0.7390716587268853
attn_ml_gcn_stable,6,6,0.0,0.0,306.4307149528379,35.0,341.4307149528379,0.6980978177804553,0.6636150591597656,0.6306616359629154,0.8169130607506885,1.0,2.0,1,1,0,0.8305432999488597,0.7857337722985263
attn_ml_gcn_stable,7,7,0.3333333333333333,0.3333333333333333,275.47559052334225,70.0,345.47559052334225,0.7285954773169042,0.6596299600755249,0.09222906395268252,0.3697710208695852,1.0,2.0,2,1,1,0.5105520414682048,0.5043235502122022
attn_ml_gcn_stable,8,8,0.5714285714285714,0.5714285714285714,262.54428914697587,0.0,262.54428914697587,0.7413356757172651,0.7413356757172651,0.5022441124159922,0.5022441124159922,1.0,2.0,0,0,0,0.4004624071403723,0.3867662649725081
attn_ml_gcn_stable,9,9,0.0,0.0,273.98197952861284,70.0,343.98197952861284,0.730067015242746,0.6611014980013667,0.1012514116949652,0.38261151775477653,1.0,2.0,2,1,1,0.5581194164677943,0.490745268441935
attn_ml_gcn_stable,10,10,1.0,1.0,262.2894574790517,70.0,332.2894574790517,0.7415867413999492,0.6726212241585698,0.0,0.26688072281971414,1.0,2.0,2,1,1,0.39763961835669254,0.38444961344592454
attn_ml_gcn_stable,11,11,0.0,0.0,251.85619789475882,70.0,321.8561978947588,0.7518658148820111,0.6829002976406318,0.45383197027607614,0.8579047656648574,1.0,2.0,2,1,1,0.3139992488209395,0.2896017990432621
attn_ml_gcn_stable,12,12,0.0,0.0,270.58635363456597,70.0,340.58635363456597,0.733412459473334,0.6644469422319547,0.05236573248031102,0.324610065145768,1.0,2.0,2,1,1,0.4684207559418202,0.4598759421324179
attn_ml_gcn_stable,13,13,1.0,1.0,176.51365366279703,35.0,211.51365366279703,0.8260949224997074,0.7916121638790178,0.0,0.1982849443865814,1.0,1.0,1,0,1,0.7002482484144913,0.7002482484144913
attn_ml_gcn_stable,14,14,0.0,0.0,257.2756457328635,35.0,292.2756457328635,0.7465264574060458,0.7120436987853561,0.027413224661214177,0.16718340290995604,1.0,2.0,1,1,0,0.3430762810189282,0.3388695066623952
attn_ml_gcn_stable,15,15,1.0,1.0,182.6474642310148,105.0,287.6474642310148,0.8200517593783107,0.7166034835162416,0.0,0.5748779510412183,1.0,1.0,3,1,2,0.8117720769275415,0.8117720769275415
attn_ml_gcn_stable,16,16,1.0,1.0,182.8926074401771,70.0,252.8926074401771,0.8198102389751949,0.7508447217338157,0.0,0.38273826908447633,1.0,1.0,2,1,1,0.8162292261850382,0.8162292261850382
attn_ml_gcn_stable,17,17,1.0,1.0,178.04820485366164,0.0,178.04820485366164,0.8245830494052594,0.8245830494052594,0.0,0.0,1.0,1.0,0,0,0,0.7281491791574844,0.7281491791574844
attn_ml_gcn_stable,18,18,1.0,1.0,188.2499614960065,70.0,258.2499614960065,0.8145320576394024,0.7455665403980231,0.0,0.371846025591272,1.0,1.0,2,1,1,0.9136356635637549,0.9136356635637549
attn_ml_gcn_stable,19,19,1.0,1.0,160.99075677826247,0.0,160.99075677826247,0.8413884169672291,0.8413884169672291,0.0,0.0,1.0,1.0,0,0,0,0.41801375960477216,0.41801375960477216
attn_ml_gcn_stable,20,20,0.0,0.0,279.7179794070052,35.0,314.7179794070052,0.7244157838354628,0.6899330252147732,0.5923081836136634,0.7915473835557838,1.0,2.0,1,1,0,0.5621289001709323,0.5428907218818655
attn_ml_gcn_stable,21,21,1.0,1.0,169.29908124808935,35.0,204.29908124808935,0.8332028756176459,0.7987201169969563,0.0,0.2067347308796751,1.0,1.0,1,0,1,0.5690742045107157,0.5690742045107157
attn_ml_gcn_stable,22,22,0.40476190476190477,0.40476190476190477,262.8111823276331,35.0,297.8111823276331,0.7410727267708048,0.7065899681501152,0.034394608917268865,0.17215058638922814,1.0,2.0,1,1,0,0.4164305641322692,0.3891925666148466
attn_ml_gcn_stable,23,23,1.0,1.0,173.2236476404218,35.0,208.2236476404218,0.8293363077434267,0.7948535491227371,0.0,0.2020509351740076,1.0,1.0,1,0,1,0.6404299570985782,0.6404299570985782
attn_ml_gcn_search,0,0,1.0,1.0,189.38465779497545,0.0,189.38465779497545,0.8134141302512556,0.8134141302512556,0.0,0.0,1.0,1.0,0,0,0,0.9342665053631898,0.9342665053631898
attn_ml_gcn_search,1,1,1.0,1.0,254.3534227540418,35.0,289.3534227540418,0.7494054948236042,0.7149227362029146,0.0,0.137603809773949,1.0,2.0,1,1,0,0.323145260278955,0.31230384321856164
attn_ml_gcn_search,2,2,1.0,1.0,169.44668986859432,105.0,274.4466898685943,0.8330574484053257,0.7296091725432567,0.0,0.619663919557398,1.0,1.0,3,1,2,0.5717579976108059,0.5717579976108059
attn_ml_gcn_search,3,3,1.0,1.0,188.28301170580315,70.0,258.2830117058031,0.8144994958563516,0.7455339786149723,0.0,0.371780753695276,1.0,1.0,2,1,1,0.9142365764691482,0.9142365764691482
attn_ml_gcn_search,4,4,1.0,1.0,189.8115718491461,70.0,259.8115718491461,0.8129935252717773,0.744028008030398,0.0,0.3687867884874423,1.0,1.0,2,1,1,0.9420285790753838,0.9420285790753838
attn_ml_gcn_search,5,5,1.0,1.0,178.64894122997867,70.0,248.64894122997867,0.823991190906425,0.7550256736650457,0.0,0.3918299180395784,1.0,1.0,2,1,1,0.7390716587268853,0.7390716587268853
attn_ml_gcn_search,6,6,1.0,1.0,187.91802553930125,70.0,257.91802553930125,0.8148590881386195,0.7458935708972402,0.0,0.3725028495755463,1.0,1.0,2,1,1,0.9076004643509318,0.9076004643509318
attn_ml_gcn_search,7,7,0.35714285714285715,0.35714285714285715,252.35008935345047,105.0,357.35008935345047,0.7513792223118715,0.6479309464498025,0.0005391089615984368,0.41685204433695244,1.0,2.0,3,2,1,0.32130388837319845,0.2940917213950041
attn_ml_gcn_search,8,8,1.0,1.0,174.7680599824336,35.0,209.7680599824336,0.8278147192291294,0.7933319606084397,0.0,0.20026542609397815,1.0,1.0,1,0,1,0.6685101814987933,0.6685101814987933
attn_ml_gcn_search,9,9,1.0,1.0,248.7914899531615,105.0,353.7914899531615,0.7548852315732398,0.6514369557111709,0.0,0.422040159089717,1.0,2.0,3,2,1,0.2727248416104631,0.26174081775601343
attn_ml_gcn_search,10,10,0.9523809523809523,0.9523809523809523,258.971252642641,140.0,398.971252642641,0.744855908726462,0.6069248742437034,-0.012650927217216558,0.5211105184222118,1.0,2.0,4,2,2,0.36959527496345174,0.3542841149331
attn_ml_gcn_search,11,11,1.0,1.0,173.2361119056506,105.0,278.2361119056506,0.8293240276791619,0.725875751817093,0.0,0.6061091930831721,1.0,1.0,3,1,2,0.6406565801027382,0.6406565801027382
attn_ml_gcn_search,12,12,1.0,1.0,257.1219731725999,105.0,362.1219731725999,0.7466778589432513,0.6432295830811824,0.0,0.4083664989981855,1.0,2.0,3,2,1,0.3414129248588512,0.3374724833872716
attn_ml_gcn_search,13,13,1.0,1.0,176.51365366279703,105.0,281.513653662797,0.8260949224997074,0.7226466466376384,0.0,0.5948548331597442,1.0,1.0,3,1,2,0.7002482484144913,0.7002482484144913
attn_ml_gcn_search,14,14,0.4523809523809524,0.4523809523809524,257.1265471063569,105.0,362.1265471063569,0.7466733526045746,0.6432250767425056,0.026817809186829317,0.44612834393305495,1.0,2.0,3,2,1,0.34256524885827794,0.3375140646032446
attn_ml_gcn_search,15,15,1.0,1.0,182.6474642310148,105.0,287.6474642310148,0.8200517593783107,0.7166034835162416,0.0,0.5748779510412183,1.0,1.0,3,1,2,0.8117720769275415,0.8117720769275415
attn_ml_gcn_search,16,16,1.0,1.0,182.8926074401771,70.0,252.8926074401771,0.8198102389751949,0.7508447217338157,0.0,0.38273826908447633,1.0,1.0,2,1,1,0.8162292261850382,0.8162292261850382
attn_ml_gcn_search,17,17,1.0,1.0,178.04820485366164,0.0,178.04820485366164,0.8245830494052594,0.8245830494052594,0.0,0.0,1.0,1.0,0,0,0,0.7281491791574844,0.7281491791574844
attn_ml_gcn_search,18,18,1.0,1.0,188.2499614960065,70.0,258.2499614960065,0.8145320576394024,0.7455665403980231,0.0,0.371846025591272,1.0,1.0,2,1,1,0.9136356635637549,0.9136356635637549
attn_ml_gcn_search,19,19,1.0,1.0,160.99075677826247,0.0,160.99075677826247,0.8413884169672291,0.8413884169672291,0.0,0.0,1.0,1.0,0,0,0,0.41801375960477216,0.41801375960477216
attn_ml_gcn_search,20,20,1.0,1.0,175.6682420435718,70.0,245.6682420435718,0.8269278403511607,0.7579623231097815,0.0,0.3984783998842407,1.0,1.0,2,1,1,0.6848771280649419,0.6848771280649419
attn_ml_gcn_search,21,21,1.0,1.0,169.29908124808935,70.0,239.29908124808935,0.8332028756176459,0.7642373583762666,0.0,0.4134694617593502,1.0,1.0,2,1,1,0.5690742045107157,0.5690742045107157
attn_ml_gcn_search,22,22,1.0,1.0,254.0724594482615,105.0,359.0724594482615,0.7496823059623039,0.646234030100235,0.0,0.41326793241587784,1.0,2.0,3,2,1,0.32843078351560845,0.3097496313478318
attn_ml_gcn_search,23,23,1.0,1.0,173.2236476404218,105.0,278.2236476404218,0.8293363077434267,0.7258880318813578,0.0,0.6061528055220228,1.0,1.0,3,1,2,0.6404299570985782,0.6404299570985782
attn_ml_gcn_stable_search,0,0,1.0,1.0,189.38465779497545,0.0,189.38465779497545,0.8134141302512556,0.8134141302512556,0.0,0.0,1.0,1.0,0,0,0,0.9342665053631898,0.9342665053631898
attn_ml_gcn_stable_search,1,1,1.0,1.0,254.3534227540418,35.0,289.3534227540418,0.7494054948236042,0.7149227362029146,0.0,0.137603809773949,1.0,2.0,1,1,0,0.323145260278955,0.31230384321856164
attn_ml_gcn_stable_search,2,2,1.0,1.0,169.44668986859432,105.0,274.4466898685943,0.8330574484053257,0.7296091725432567,0.0,0.619663919557398,1.0,1.0,3,1,2,0.5717579976108059,0.5717579976108059
attn_ml_gcn_stable_search,3,3,1.0,1.0,188.28301170580315,70.0,258.2830117058031,0.8144994958563516,0.7455339786149723,0.0,0.371780753695276,1.0,1.0,2,1,1,0.9142365764691482,0.9142365764691482
attn_ml_gcn_stable_search,4,4,1.0,1.0,189.8115718491461,70.0,259.8115718491461,0.8129935252717773,0.744028008030398,0.0,0.3687867884874423,1.0,1.0,2,1,1,0.9420285790753838,0.9420285790753838
attn_ml_gcn_stable_search,5,5,1.0,1.0,178.64894122997867,70.0,248.64894122997867,0.823991190906425,0.7550256736650457,0.0,0.3918299180395784,1.0,1.0,2,1,1,0.7390716587268853,0.7390716587268853
attn_ml_gcn_stable_search,6,6,1.0,1.0,187.91802553930125,70.0,257.91802553930125,0.8148590881386195,0.7458935708972402,0.0,0.3725028495755463,1.0,1.0,2,1,1,0.9076004643509318,0.9076004643509318
attn_ml_gcn_stable_search,7,7,0.9285714285714286,0.9285714285714286,254.06194002599784,35.0,289.06194002599784,0.7496926699251253,0.7152099113044357,0.0073264001845743405,0.1460973786430257,1.0,2.0,1,1,0,0.33522123682904204,0.30965400023634404
attn_ml_gcn_stable_search,8,8,1.0,1.0,174.7680599824336,35.0,209.7680599824336,0.8278147192291294,0.7933319606084397,0.0,0.20026542609397815,1.0,1.0,1,0,1,0.6685101814987933,0.6685101814987933
attn_ml_gcn_stable_search,9,9,0.0,0.0,263.5169336949861,35.0,298.5169336949861,0.7403774052266147,0.7058946466059249,0.05918789161396514,0.1998679446438708,1.0,2.0,1,1,0,0.40390922608267865,0.3956084881362374
attn_ml_gcn_stable_search,10,10,0.0,0.0,282.58848829153305,0.0,282.58848829153305,0.7215876962644995,0.7215876962644995,0.0773917145110668,0.0773917145110668,1.0,2.0,0,0,0,0.5770689339132906,0.5689862571957551
attn_ml_gcn_stable_search,11,11,0.0,0.0,191.06336036228407,35.0,226.06336036228407,0.8117602360962718,0.7772774774755822,0.10290723025660323,0.30494362795099395,1.0,1.0,1,0,1,0.9647883702233465,0.9647883702233465
attn_ml_gcn_stable_search,12,12,0.4523809523809524,0.4523809523809524,269.6510155689032,35.0,304.6510155689032,0.7343339748089623,0.6998512161882727,0.04872801123026865,0.18485017756299715,1.0,2.0,1,1,0,0.4786816636669369,0.45137286880821104
attn_ml_gcn_stable_search,13,13,0.0,0.0,277.8977352305753,0.0,277.8977352305753,0.7262091278516499,0.7262091278516499,0.5743696278671869,0.5743696278671869,1.0,2.0,0,0,0,0.5382849062188958,0.5263430475506843
attn_ml_gcn_stable_search,14,14,0.0,0.0,261.5131259409966,0.0,261.5131259409966,0.7423516000581314,0.7423516000581314,0.044335320775964984,0.044335320775964984,1.0,2.0,0,0,0,0.3883245832203978,0.37739205400905984
attn_ml_gcn_stable_search,15,15,0.0,0.0,188.9401587685858,35.0,223.9401587685858,0.8138520603265165,0.7793693017058269,0.03445267945035323,0.22607866313075933,1.0,1.0,1,0,1,0.9261847048833782,0.9261847048833782
attn_ml_gcn_stable_search,16,16,1.0,1.0,182.8926074401771,70.0,252.8926074401771,0.8198102389751949,0.7508447217338157,0.0,0.38273826908447633,1.0,1.0,2,1,1,0.8162292261850382,0.8162292261850382
attn_ml_gcn_stable_search,17,17,1.0,1.0,178.04820485366164,0.0,178.04820485366164,0.8245830494052594,0.8245830494052594,0.0,0.0,1.0,1.0,0,0,0,0.7281491791574844,0.7281491791574844
attn_ml_gcn_stable_search,18,18,1.0,1.0,188.2499614960065,70.0,258.2499614960065,0.8145320576394024,0.7455665403980231,0.0,0.371846025591272,1.0,1.0,2,1,1,0.9136356635637549,0.9136356635637549
attn_ml_gcn_stable_search,19,19,1.0,1.0,160.99075677826247,0.0,160.99075677826247,0.8413884169672291,0.8413884169672291,0.0,0.0,1.0,1.0,0,0,0,0.41801375960477216,0.41801375960477216
attn_ml_gcn_stable_search,20,20,1.0,1.0,175.6682420435718,70.0,245.6682420435718,0.8269278403511607,0.7579623231097815,0.0,0.3984783998842407,1.0,1.0,2,1,1,0.6848771280649419,0.6848771280649419
attn_ml_gcn_stable_search,21,21,1.0,1.0,169.29908124808935,70.0,239.29908124808935,0.8332028756176459,0.7642373583762666,0.0,0.4134694617593502,1.0,1.0,2,1,1,0.5690742045107157,0.5690742045107157
attn_ml_gcn_stable_search,22,22,0.40476190476190477,0.40476190476190477,262.8111823276331,35.0,297.8111823276331,0.7410727267708048,0.7065899681501152,0.034394608917268865,0.17215058638922814,1.0,2.0,1,1,0,0.4164305641322692,0.3891925666148466
attn_ml_gcn_stable_search,23,23,1.0,1.0,173.2236476404218,35.0,208.2236476404218,0.8293363077434267,0.7948535491227371,0.0,0.2020509351740076,1.0,1.0,1,0,1,0.6404299570985782,0.6404299570985782
