policy,graph_id,hour,raw_assignment_accuracy,assignment_accuracy,energy_w,switching_penalty_w,energy_w_with_switching,energy_saving_vs_all_on,energy_saving_with_switching_vs_all_on,energy_gap_vs_oracle,energy_gap_with_switching_vs_oracle_static,served_ratio,active_bs,switch_events,activation_events,deactivation_events,max_load,mean_active_load
rsrp,0,0,0.2619047619047619,0.2619047619047619,709.0390234113224,0.0,709.0390234113224,0.30143938580165275,0.30143938580165275,1.799486512869828,1.799486512869828,1.0,7.0,0,0,0,0.27280639555089237,0.2052961647047333
rsrp,1,1,0.07142857142857142,0.09523809523809523,676.5867746387729,0.0,676.5867746387729,0.3334120446908641,0.3334120446908641,2.762205287367731,2.762205287367731,1.0,7.0,0,0,0,0.17865376191018542,0.12100460945135787
rsrp,2,2,0.16666666666666666,0.14285714285714285,667.6192735643616,0.0,667.6192735643616,0.3422470211188556,0.3422470211188556,2.75792176050996,2.75792176050996,1.0,7.0,0,0,0,0.14922848901434696,0.09771239886847138
rsrp,3,3,0.30952380952380953,0.2619047619047619,674.6313419399254,0.0,674.6313419399254,0.33533857936953165,0.33533857936953165,1.7030089811982025,1.7030089811982025,1.0,7.0,0,0,0,0.15790721983932068,0.11592556348032576
rsrp,4,4,0.16666666666666666,0.16666666666666666,678.0052242753042,0.0,678.0052242753042,0.33201455736423235,0.33201455736423235,2.7019474398407852,2.7019474398407852,1.0,7.0,0,0,0,0.15447834264608856,0.12468889422156929
rsrp,5,5,0.07142857142857142,0.09523809523809523,672.5123159691525,0.0,672.5123159691525,0.33742628968556404,0.33742628968556404,2.9864010620473627,2.9864010620473627,1.0,7.0,0,0,0,0.15108277738778952,0.11042159991987668
rsrp,6,6,0.16666666666666666,0.16666666666666666,673.985800578145,0.0,673.985800578145,0.3359745807111872,0.3359745807111872,2.8336806356754596,2.8336806356754596,1.0,7.0,0,0,0,0.15753607399009434,0.11424883267050659
rsrp,7,7,0.09523809523809523,0.16666666666666666,710.8770337820113,0.0,710.8770337820113,0.2996285381458017,0.2996285381458017,3.1805931315161913,3.1805931315161913,1.0,7.0,0,0,0,0.2708720327845589,0.21007021761561379
rsrp,8,8,0.2857142857142857,0.30952380952380953,697.3324102638865,0.0,697.3324102638865,0.31297299481390495,0.31297299481390495,1.746741280763765,1.746741280763765,1.0,7.0,0,0,0,0.23933443442270705,0.17488937730879625
rsrp,9,9,0.40476190476190477,0.40476190476190477,688.178835862429,0.0,688.178835862429,0.32199129471681875,0.32199129471681875,1.663163984656599,1.663163984656599,1.0,7.0,0,0,0,0.21272890620106794,0.15111385938293206
rsrp,10,10,0.30952380952380953,0.2857142857142857,685.0834846925518,0.0,685.0834846925518,0.32504090178073713,0.32504090178073713,3.2608337018455655,3.2608337018455655,1.0,7.0,0,0,0,0.18844608542761987,0.1430739862144204
rsrp,11,11,0.09523809523809523,0.09523809523809523,690.9157015431175,0.0,690.9157015431175,0.3192948753269778,0.3192948753269778,2.989858608750626,2.989858608750626,1.0,7.0,0,0,0,0.20245515351676474,0.1582226014106949
rsrp,12,12,0.09523809523809523,0.14285714285714285,694.4575441472826,0.0,694.4575441472826,0.3158053752243521,0.3158053752243521,2.954938913250806,2.954938913250806,1.0,7.0,0,0,0,0.2297987807369294,0.1674221925903445
rsrp,13,13,0.11904761904761904,0.14285714285714285,673.0845464842474,0.0,673.0845464842474,0.33686251577906656,0.33686251577906656,2.558224876501098,2.558224876501098,1.0,7.0,0,0,0,0.13845112542265167,0.11190791294609743
rsrp,14,14,0.11904761904761904,0.11904761904761904,689.236563486989,0.0,689.236563486989,0.3209491985349862,0.3209491985349862,2.8102316992565415,2.8102316992565415,1.0,7.0,0,0,0,0.18126562229436083,0.1538612038623091
rsrp,15,15,0.19047619047619047,0.16666666666666666,678.2236655399626,0.0,678.2236655399626,0.33179934429560337,0.33179934429560337,2.984695189274076,2.984695189274076,1.0,7.0,0,0,0,0.16917426386954168,0.125256274129773
rsrp,16,16,0.11904761904761904,0.11904761904761904,672.3883946168924,0.0,672.3883946168924,0.3375483796877908,0.3375483796877908,2.9456394432877278,2.9456394432877278,1.0,7.0,0,0,0,0.14493272243878533,0.11009972627764249
rsrp,17,17,0.07142857142857142,0.11904761904761904,681.9294493362765,0.0,681.9294493362765,0.32814832577706743,0.32814832577706743,3.041897482255191,3.041897482255191,1.0,7.0,0,0,0,0.19079473416002254,0.1348816865877313
rsrp,18,18,0.11904761904761904,0.16666666666666666,696.944905632109,0.0,696.944905632109,0.3133547727762473,0.3133547727762473,2.713933332832526,2.713933332832526,1.0,7.0,0,0,0,0.2221999095999353,0.17388287177171158
rsrp,19,19,0.35714285714285715,0.3333333333333333,673.4786563163027,0.0,673.4786563163027,0.33647423023024364,0.33647423023024364,1.736183399242012,1.736183399242012,1.0,7.0,0,0,0,0.14022620947165398,0.11293157484753964
rsrp,20,20,0.07142857142857142,0.09523809523809523,681.7512431141322,0.0,681.7512431141322,0.328323898409722,0.328323898409722,2.820820193816434,2.820820193816434,1.0,7.0,0,0,0,0.19352053934190858,0.13441881328346
rsrp,21,21,0.16666666666666666,0.16666666666666666,676.4011802044199,0.0,676.4011802044199,0.3335948963503252,0.3335948963503252,2.659828131303833,2.659828131303833,1.0,7.0,0,0,0,0.2058014811417854,0.12052254598550607
rsrp,22,22,0.14285714285714285,0.14285714285714285,678.1861872922392,0.0,678.1861872922392,0.33183626867759686,0.33183626867759686,3.08888572420132,3.08888572420132,1.0,7.0,0,0,0,0.18502022307247828,0.12515892803179016
rsrp,23,23,0.14285714285714285,0.14285714285714285,592.7413912097899,35.0,627.7413912097899,0.41601833378345826,0.3815355751627686,2.1302555666386365,2.3150898745798143,1.0,6.0,1,0,1,0.1544659030254031,0.13557997336299968
sinr,0,0,0.2619047619047619,0.2619047619047619,709.0390234113224,0.0,709.0390234113224,0.30143938580165275,0.30143938580165275,1.799486512869828,1.799486512869828,1.0,7.0,0,0,0,0.27280639555089237,0.2052961647047333
sinr,1,1,0.07142857142857142,0.09523809523809523,676.5867746387729,0.0,676.5867746387729,0.3334120446908641,0.3334120446908641,2.762205287367731,2.762205287367731,1.0,7.0,0,0,0,0.17865376191018542,0.12100460945135787
sinr,2,2,0.16666666666666666,0.14285714285714285,667.6192735643616,0.0,667.6192735643616,0.3422470211188556,0.3422470211188556,2.75792176050996,2.75792176050996,1.0,7.0,0,0,0,0.14922848901434696,0.09771239886847138
sinr,3,3,0.30952380952380953,0.2619047619047619,674.6313419399254,0.0,674.6313419399254,0.33533857936953165,0.33533857936953165,1.7030089811982025,1.7030089811982025,1.0,7.0,0,0,0,0.15790721983932068,0.11592556348032576
sinr,4,4,0.16666666666666666,0.16666666666666666,678.0052242753042,0.0,678.0052242753042,0.33201455736423235,0.33201455736423235,2.7019474398407852,2.7019474398407852,1.0,7.0,0,0,0,0.15447834264608856,0.12468889422156929
sinr,5,5,0.07142857142857142,0.09523809523809523,672.5123159691525,0.0,672.5123159691525,0.33742628968556404,0.33742628968556404,2.9864010620473627,2.9864010620473627,1.0,7.0,0,0,0,0.15108277738778952,0.11042159991987668
sinr,6,6,0.16666666666666666,0.16666666666666666,673.985800578145,0.0,673.985800578145,0.3359745807111872,0.3359745807111872,2.8336806356754596,2.8336806356754596,1.0,7.0,0,0,0,0.15753607399009434,0.11424883267050659
sinr,7,7,0.09523809523809523,0.16666666666666666,710.8770337820113,0.0,710.8770337820113,0.2996285381458017,0.2996285381458017,3.1805931315161913,3.1805931315161913,1.0,7.0,0,0,0,0.2708720327845589,0.21007021761561379
sinr,8,8,0.2857142857142857,0.30952380952380953,697.3324102638865,0.0,697.3324102638865,0.31297299481390495,0.31297299481390495,1.746741280763765,1.746741280763765,1.0,7.0,0,0,0,0.23933443442270705,0.17488937730879625
sinr,9,9,0.40476190476190477,0.40476190476190477,688.178835862429,0.0,688.178835862429,0.32199129471681875,0.32199129471681875,1.663163984656599,1.663163984656599,1.0,7.0,0,0,0,0.21272890620106794,0.15111385938293206
sinr,10,10,0.30952380952380953,0.2857142857142857,685.0834846925518,0.0,685.0834846925518,0.32504090178073713,0.32504090178073713,3.2608337018455655,3.2608337018455655,1.0,7.0,0,0,0,0.18844608542761987,0.1430739862144204
sinr,11,11,0.09523809523809523,0.09523809523809523,690.9157015431175,0.0,690.9157015431175,0.3192948753269778,0.3192948753269778,2.989858608750626,2.989858608750626,1.0,7.0,0,0,0,0.20245515351676474,0.1582226014106949
sinr,12,12,0.09523809523809523,0.14285714285714285,694.4575441472826,0.0,694.4575441472826,0.3158053752243521,0.3158053752243521,2.954938913250806,2.954938913250806,1.0,7.0,0,0,0,0.2297987807369294,0.1674221925903445
sinr,13,13,0.11904761904761904,0.14285714285714285,673.0845464842474,0.0,673.0845464842474,0.33686251577906656,0.33686251577906656,2.558224876501098,2.558224876501098,1.0,7.0,0,0,0,0.13845112542265167,0.11190791294609743
sinr,14,14,0.11904761904761904,0.11904761904761904,689.236563486989,0.0,689.236563486989,0.3209491985349862,0.3209491985349862,2.8102316992565415,2.8102316992565415,1.0,7.0,0,0,0,0.18126562229436083,0.1538612038623091
sinr,15,15,0.19047619047619047,0.16666666666666666,678.2236655399626,0.0,678.2236655399626,0.33179934429560337,0.33179934429560337,2.984695189274076,2.984695189274076,1.0,7.0,0,0,0,0.16917426386954168,0.125256274129773
sinr,16,16,0.11904761904761904,0.11904761904761904,672.3883946168924,0.0,672.3883946168924,0.3375483796877908,0.3375483796877908,2.9456394432877278,2.9456394432877278,1.0,7.0,0,0,0,0.14493272243878533,0.11009972627764249
sinr,17,17,0.07142857142857142,0.11904761904761904,681.9294493362765,0.0,681.9294493362765,0.32814832577706743,0.32814832577706743,3.041897482255191,3.041897482255191,1.0,7.0,0,0,0,0.19079473416002254,0.1348816865877313
sinr,18,18,0.11904761904761904,0.16666666666666666,696.944905632109,0.0,696.944905632109,0.3133547727762473,0.3133547727762473,2.713933332832526,2.713933332832526,1.0,7.0,0,0,0,0.2221999095999353,0.17388287177171158
sinr,19,19,0.35714285714285715,0.3333333333333333,673.4786563163027,0.0,673.4786563163027,0.33647423023024364,0.33647423023024364,1.736183399242012,1.736183399242012,1.0,7.0,0,0,0,0.14022620947165398,0.11293157484753964
sinr,20,20,0.07142857142857142,0.09523809523809523,681.7512431141322,0.0,681.7512431141322,0.328323898409722,0.328323898409722,2.820820193816434,2.820820193816434,1.0,7.0,0,0,0,0.19352053934190858,0.13441881328346
sinr,21,21,0.16666666666666666,0.16666666666666666,676.4011802044199,0.0,676.4011802044199,0.3335948963503252,0.3335948963503252,2.659828131303833,2.659828131303833,1.0,7.0,0,0,0,0.2058014811417854,0.12052254598550607
sinr,22,22,0.14285714285714285,0.14285714285714285,678.1861872922392,0.0,678.1861872922392,0.33183626867759686,0.33183626867759686,3.08888572420132,3.08888572420132,1.0,7.0,0,0,0,0.18502022307247828,0.12515892803179016
sinr,23,23,0.14285714285714285,0.14285714285714285,592.7413912097899,35.0,627.7413912097899,0.41601833378345826,0.3815355751627686,2.1302555666386365,2.3150898745798143,1.0,6.0,1,0,1,0.1544659030254031,0.13557997336299968
load_aware,0,0,0.2619047619047619,0.2619047619047619,708.927373260281,0.0,708.927373260281,0.30154938595046205,0.30154938595046205,1.799045686509529,1.799045686509529,1.0,7.0,0,0,0,0.25383064220011925,0.20500616431241775
load_aware,1,1,0.11904761904761904,0.11904761904761904,679.4192369596261,0.0,679.4192369596261,0.33062144141908756,0.33062144141908756,2.777955380510585,2.777955380510585,1.0,7.0,0,0,0,0.14884707343238288,0.12836165444058747
load_aware,2,2,0.14285714285714285,0.14285714285714285,677.061636000831,0.0,677.061636000831,0.33294420098440297,0.33294420098440297,2.8110713034840353,2.8110713034840353,1.0,7.0,0,0,0,0.14581951621654993,0.12223801558657378
load_aware,3,3,0.2619047619047619,0.2619047619047619,687.8467004147565,0.0,687.8467004147565,0.3223185217588606,0.3223185217588606,1.755958244635185,1.755958244635185,1.0,7.0,0,0,0,0.16827820744005212,0.1502511699084586
load_aware,4,4,0.14285714285714285,0.14285714285714285,680.1814993895191,0.0,680.1814993895191,0.32987044395121273,0.32987044395121273,2.7138300268755216,2.7138300268755216,1.0,7.0,0,0,0,0.16329601111491782,0.13034155685589396
load_aware,5,5,0.11904761904761904,0.11904761904761904,676.2461964717924,0.0,676.2461964717924,0.3337475896829632,0.3337475896829632,3.008534106822656,3.008534106822656,1.0,7.0,0,0,0,0.13742797267486823,0.1201199908358245
load_aware,6,6,0.11904761904761904,0.11904761904761904,682.1173869551012,0.0,682.1173869551012,0.32796316556147664,0.32796316556147664,2.879933695018725,2.879933695018725,1.0,7.0,0,0,0,0.18280026807615268,0.13536983624701623
load_aware,7,7,0.16666666666666666,0.16666666666666666,719.754535972308,0.0,719.754535972308,0.29088223056915474,0.29088223056915474,3.232800788984494,3.232800788984494,1.0,7.0,0,0,0,0.30397843994208407,0.2331286648631376
load_aware,8,8,0.3333333333333333,0.3333333333333333,705.1622795762892,0.0,705.1622795762892,0.30525883785587277,0.30525883785587277,1.777582562406222,1.777582562406222,1.0,7.0,0,0,0,0.23933443442270705,0.19522670019815383
load_aware,9,9,0.38095238095238093,0.38095238095238093,693.0691174041542,0.0,693.0691174041542,0.31717328334566086,0.31717328334566086,1.682088748101892,1.682088748101892,1.0,7.0,0,0,0,0.19564659519833125,0.1638158893614393
load_aware,10,10,0.2619047619047619,0.2619047619047619,699.5620660583872,0.0,699.5620660583872,0.310776289597648,0.310776289597648,3.3508823292273076,3.3508823292273076,1.0,7.0,0,0,0,0.22013330233827386,0.1806806910607457
load_aware,11,11,0.09523809523809523,0.09523809523809523,692.0096999200389,0.0,692.0096999200389,0.3182170444137548,0.3182170444137548,2.9961761650492753,2.9961761650492753,1.0,7.0,0,0,0,0.20245515351676474,0.16106415563646467
load_aware,12,12,0.09523809523809523,0.09523809523809523,706.0522623059315,0.0,706.0522623059315,0.304382007580363,0.304382007580363,3.0209708865806126,3.0209708865806126,1.0,7.0,0,0,0,0.21851656558655236,0.19753834365177034
load_aware,13,13,0.14285714285714285,0.14285714285714285,676.2730253430167,0.0,676.2730253430167,0.3337211572975205,0.3337211572975205,2.57508059671148,2.57508059671148,1.0,7.0,0,0,0,0.14605914575071915,0.12018967621562796
load_aware,14,14,0.11904761904761904,0.11904761904761904,689.236563486989,0.0,689.236563486989,0.3209491985349862,0.3209491985349862,2.8102316992565415,2.8102316992565415,1.0,7.0,0,0,0,0.18126562229436083,0.1538612038623091
load_aware,15,15,0.14285714285714285,0.14285714285714285,683.4169900231129,0.0,683.4169900231129,0.32668276845013505,0.32668276845013505,3.015206974892576,3.015206974892576,1.0,7.0,0,0,0,0.16749181989306494,0.138745428631462
load_aware,16,16,0.14285714285714285,0.14285714285714285,679.5394601327454,0.0,679.5394601327454,0.33050299494310803,0.33050299494310803,2.987602580050314,2.987602580050314,1.0,7.0,0,0,0,0.15251877045808654,0.12867392242271541
load_aware,17,17,0.11904761904761904,0.11904761904761904,689.1864849301004,0.0,689.1864849301004,0.3209985370146794,0.3209985370146794,3.084911013821927,3.084911013821927,1.0,7.0,0,0,0,0.19542552986078227,0.1537311296885727
load_aware,18,18,0.16666666666666666,0.16666666666666666,700.4194054376036,0.0,700.4194054376036,0.3099316202585186,0.3099316202585186,2.7324485132123044,2.7324485132123044,1.0,7.0,0,0,0,0.19644664368054623,0.1829075465911781
load_aware,19,19,0.30952380952380953,0.30952380952380953,674.573369666759,0.0,674.573369666759,0.335395694909597,0.335395694909597,1.7406309588912379,1.7406309588912379,1.0,7.0,0,0,0,0.13876047791959656,0.11577498614742618
load_aware,20,20,0.11904761904761904,0.11904761904761904,689.2587944108842,0.0,689.2587944108842,0.3209272961469121,0.3209272961469121,2.8628956632643727,2.8628956632643727,1.0,7.0,0,0,0,0.17768989642533486,0.1539189465217771
load_aware,21,21,0.16666666666666666,0.16666666666666666,682.769685702777,0.0,682.769685702777,0.32732050669677143,0.32732050669677143,2.69428643247091,2.69428643247091,1.0,7.0,0,0,0,0.1985437164401322,0.13706411870851198
load_aware,22,22,0.14285714285714285,0.14285714285714285,678.1861872922392,0.0,678.1861872922392,0.33183626867759686,0.33183626867759686,3.08888572420132,3.08888572420132,1.0,7.0,0,0,0,0.18502022307247828,0.12515892803179016
load_aware,23,23,0.11904761904761904,0.11904761904761904,697.6970522296591,0.0,697.6970522296591,0.31261374164565603,0.31261374164565603,2.684524337184818,2.684524337184818,1.0,7.0,0,0,0,0.2189521233451598,0.17583649929781558
rsrp_sleep,0,0,0.4523809523809524,0.42857142857142855,254.78732531388437,0.0,254.78732531388437,0.7489780046168627,0.7489780046168627,0.005972389833637687,0.005972389833637687,1.0,2.0,0,0,0,0.34364479729493025,0.31624841194440345
rsrp_sleep,1,1,0.0,0.0,189.97238696485823,105.0,294.97238696485823,0.8128350867341297,0.7093868108720608,0.05635396002920978,0.6402133702054101,1.0,1.0,3,1,2,0.9449524902701499,0.9449524902701499
rsrp_sleep,2,2,0.0,0.0,178.93183156672106,70.0,248.93183156672106,0.8237124812150531,0.7547469639736739,0.007178567363005295,0.4011973347231383,1.0,1.0,2,1,1,0.7442151193949285,0.7442151193949285
rsrp_sleep,3,3,0.38095238095238093,0.38095238095238093,249.22881586705728,105.0,354.2288158670573,0.7544543686038845,0.6510060927418155,-0.001428356819452831,0.4192694752879154,1.0,2.0,3,2,1,0.2875882223121243,0.265716507882339
rsrp_sleep,4,4,0.0,0.0,247.38967823334627,0.0,247.38967823334627,0.7562663268636982,0.7562663268636982,0.3507618425180475,0.3507618425180475,1.0,2.0,0,0,0,0.26390969358401406,0.24899707484860237
rsrp_sleep,5,5,0.0,0.0,252.97219740713388,70.0,322.9721974071339,0.7507663079732672,0.6818007907318878,0.49952441385253404,0.9144581893644089,1.0,2.0,2,1,1,0.3215798279798395,0.29974724915576256
rsrp_sleep,6,6,0.0,0.0,187.25370578634875,105.0,292.25370578634875,0.8155135903582771,0.7120653144962081,0.06511280388370984,0.6623605002010914,1.0,1.0,3,1,2,0.8955219233881588,0.8955219233881588
rsrp_sleep,7,7,0.0,0.0,171.27621255626104,70.0,241.27621255626104,0.8312549629987576,0.7622894457573783,0.007257407086783014,0.4189200509750243,1.0,1.0,2,1,1,0.6050220464774735,0.6050220464774735
rsrp_sleep,8,8,0.0,0.0,253.50988469692672,105.0,358.50988469692675,0.7502365668010574,0.6467882909389884,-0.001443135110835793,0.4121441730870656,1.0,2.0,3,2,1,0.308386492275532,0.3046353154266064
rsrp_sleep,9,9,0.9523809523809523,0.9761904761904762,257.5356528032324,70.0,327.5356528032324,0.7462702928046973,0.6773047755633179,-0.0033699969121076027,0.26752104072397087,1.0,2.0,2,1,1,0.3675773858724674,0.34123320730211254
rsrp_sleep,10,10,0.0,0.0,240.46743887926544,140.0,380.46743887926544,0.7630862671140242,0.6251552326312655,0.4955721319615139,1.36629333833548,1.0,2.0,4,2,2,0.20095671286980807,0.18606762617514022
rsrp_sleep,11,11,0.0,0.0,247.00206792446025,70.0,317.0020679244602,0.7566482089414185,0.6876826917000392,0.4263727469017623,0.8306045540365061,1.0,2.0,2,1,1,0.2768865851439036,0.24547334476782043
rsrp_sleep,12,12,0.0,0.0,253.4458151870275,140.0,393.4458151870275,0.7502996894709089,0.6123686549881502,0.4433750851026294,1.2406757300758005,1.0,2.0,4,2,2,0.3191174230960797,0.30405286533661335
rsrp_sleep,13,13,0.0,0.0,242.86240399299237,70.0,312.86240399299237,0.7607266955734066,0.6917611783320273,0.2838789004568974,0.6539300963372445,1.0,2.0,2,1,1,0.219789905411699,0.20784003629993045
rsrp_sleep,14,14,0.0,0.0,262.0818923041157,140.0,402.0818923041157,0.7417912391092457,0.603860204626487,0.44883888458586024,1.2227856920465263,1.0,2.0,4,2,2,0.42573882292812554,0.3825626573101426
rsrp_sleep,15,15,1.0,1.0,170.20716349034467,105.0,275.20716349034467,0.8323082133100053,0.7288599374479363,0.0,0.6168953047969472,1.0,1.0,3,1,2,0.5855847907335396,0.5855847907335396
rsrp_sleep,16,16,0.0,0.0,247.88320062368692,105.0,352.8832006236869,0.7557800979076976,0.6523318220456287,0.4546023422466913,1.0707523901386735,1.0,2.0,3,2,1,0.2655314565069376,0.25348364203351753
rsrp_sleep,17,17,0.0,0.0,255.62545345933842,140.0,395.6254534593384,0.748152262601637,0.6102212281188785,0.5151301615486308,1.3449310274101727,1.0,2.0,4,2,2,0.38033960653349286,0.3238677587212586
rsrp_sleep,18,18,1.0,1.0,187.65681641909447,105.0,292.65681641909447,0.8151164370255227,0.7116681611634538,0.0,0.5595320330144747,1.0,1.0,3,1,2,0.9028512076198992,0.9028512076198992
rsrp_sleep,19,19,0.42857142857142855,0.40476190476190477,251.29360889596146,105.0,356.2936088959615,0.7524200897576734,0.6489718138956044,0.020946090196237045,0.44753608562658925,1.0,2.0,3,2,1,0.30401461652025435,0.2844873535996497
rsrp_sleep,20,20,0.0,0.0,245.74879383086179,140.0,385.7487938308618,0.7578829617429933,0.6199519272602346,0.3772794161488552,1.161898193946596,1.0,2.0,4,2,2,0.23456025097140065,0.23407994391692533
rsrp_sleep,21,21,0.0,0.0,185.9158780586955,35.0,220.9158780586955,0.8168316472328123,0.7823488886121226,0.005941711056199491,0.19531746666461222,1.0,1.0,1,0,1,0.8711977828853728,0.8711977828853728
rsrp_sleep,22,22,1.0,1.0,165.86088069866736,70.0,235.86088069866736,0.8365902653215099,0.7676247480801306,0.0,0.4220404456140237,1.0,1.0,2,1,1,0.5065614672484972,0.5065614672484972
rsrp_sleep,23,23,0.16666666666666666,0.14285714285714285,598.2522943662746,175.0,773.2522943662746,0.4105888725455423,0.23817507944209404,2.159358537240342,3.08353007694623,1.0,6.0,5,5,0,0.2090687090530537,0.15227967989780156
sinr_sleep,0,0,0.4523809523809524,0.42857142857142855,254.78732531388437,0.0,254.78732531388437,0.7489780046168627,0.7489780046168627,0.005972389833637687,0.005972389833637687,1.0,2.0,0,0,0,0.34364479729493025,0.31624841194440345
sinr_sleep,1,1,0.0,0.0,189.97238696485823,105.0,294.97238696485823,0.8128350867341297,0.7093868108720608,0.05635396002920978,0.6402133702054101,1.0,1.0,3,1,2,0.9449524902701499,0.9449524902701499
sinr_sleep,2,2,0.0,0.0,178.93183156672106,70.0,248.93183156672106,0.8237124812150531,0.7547469639736739,0.007178567363005295,0.4011973347231383,1.0,1.0,2,1,1,0.7442151193949285,0.7442151193949285
sinr_sleep,3,3,0.38095238095238093,0.38095238095238093,249.22881586705728,105.0,354.2288158670573,0.7544543686038845,0.6510060927418155,-0.001428356819452831,0.4192694752879154,1.0,2.0,3,2,1,0.2875882223121243,0.265716507882339
sinr_sleep,4,4,0.0,0.0,247.38967823334627,0.0,247.38967823334627,0.7562663268636982,0.7562663268636982,0.3507618425180475,0.3507618425180475,1.0,2.0,0,0,0,0.26390969358401406,0.24899707484860237
sinr_sleep,5,5,0.0,0.0,252.97219740713388,70.0,322.9721974071339,0.7507663079732672,0.6818007907318878,0.49952441385253404,0.9144581893644089,1.0,2.0,2,1,1,0.3215798279798395,0.29974724915576256
sinr_sleep,6,6,0.0,0.0,187.25370578634875,105.0,292.25370578634875,0.8155135903582771,0.7120653144962081,0.06511280388370984,0.6623605002010914,1.0,1.0,3,1,2,0.8955219233881588,0.8955219233881588
sinr_sleep,7,7,0.0,0.0,171.27621255626104,70.0,241.27621255626104,0.8312549629987576,0.7622894457573783,0.007257407086783014,0.4189200509750243,1.0,1.0,2,1,1,0.6050220464774735,0.6050220464774735
sinr_sleep,8,8,0.0,0.0,253.50988469692672,105.0,358.50988469692675,0.7502365668010574,0.6467882909389884,-0.001443135110835793,0.4121441730870656,1.0,2.0,3,2,1,0.308386492275532,0.3046353154266064
sinr_sleep,9,9,0.9523809523809523,0.9761904761904762,257.5356528032324,70.0,327.5356528032324,0.7462702928046973,0.6773047755633179,-0.0033699969121076027,0.26752104072397087,1.0,2.0,2,1,1,0.3675773858724674,0.34123320730211254
sinr_sleep,10,10,0.0,0.0,240.46743887926544,140.0,380.46743887926544,0.7630862671140242,0.6251552326312655,0.4955721319615139,1.36629333833548,1.0,2.0,4,2,2,0.20095671286980807,0.18606762617514022
sinr_sleep,11,11,0.0,0.0,247.00206792446025,70.0,317.0020679244602,0.7566482089414185,0.6876826917000392,0.4263727469017623,0.8306045540365061,1.0,2.0,2,1,1,0.2768865851439036,0.24547334476782043
sinr_sleep,12,12,0.0,0.0,253.4458151870275,140.0,393.4458151870275,0.7502996894709089,0.6123686549881502,0.4433750851026294,1.2406757300758005,1.0,2.0,4,2,2,0.3191174230960797,0.30405286533661335
sinr_sleep,13,13,0.0,0.0,242.86240399299237,70.0,312.86240399299237,0.7607266955734066,0.6917611783320273,0.2838789004568974,0.6539300963372445,1.0,2.0,2,1,1,0.219789905411699,0.20784003629993045
sinr_sleep,14,14,0.0,0.0,262.0818923041157,140.0,402.0818923041157,0.7417912391092457,0.603860204626487,0.44883888458586024,1.2227856920465263,1.0,2.0,4,2,2,0.42573882292812554,0.3825626573101426
sinr_sleep,15,15,1.0,1.0,170.20716349034467,105.0,275.20716349034467,0.8323082133100053,0.7288599374479363,0.0,0.6168953047969472,1.0,1.0,3,1,2,0.5855847907335396,0.5855847907335396
sinr_sleep,16,16,0.0,0.0,247.88320062368692,105.0,352.8832006236869,0.7557800979076976,0.6523318220456287,0.4546023422466913,1.0707523901386735,1.0,2.0,3,2,1,0.2655314565069376,0.25348364203351753
sinr_sleep,17,17,0.0,0.0,255.62545345933842,140.0,395.6254534593384,0.748152262601637,0.6102212281188785,0.5151301615486308,1.3449310274101727,1.0,2.0,4,2,2,0.38033960653349286,0.3238677587212586
sinr_sleep,18,18,1.0,1.0,187.65681641909447,105.0,292.65681641909447,0.8151164370255227,0.7116681611634538,0.0,0.5595320330144747,1.0,1.0,3,1,2,0.9028512076198992,0.9028512076198992
sinr_sleep,19,19,0.42857142857142855,0.40476190476190477,251.29360889596146,105.0,356.2936088959615,0.7524200897576734,0.6489718138956044,0.020946090196237045,0.44753608562658925,1.0,2.0,3,2,1,0.30401461652025435,0.2844873535996497
sinr_sleep,20,20,0.0,0.0,245.74879383086179,140.0,385.7487938308618,0.7578829617429933,0.6199519272602346,0.3772794161488552,1.161898193946596,1.0,2.0,4,2,2,0.23456025097140065,0.23407994391692533
sinr_sleep,21,21,0.0,0.0,185.9158780586955,35.0,220.9158780586955,0.8168316472328123,0.7823488886121226,0.005941711056199491,0.19531746666461222,1.0,1.0,1,0,1,0.8711977828853728,0.8711977828853728
sinr_sleep,22,22,1.0,1.0,165.86088069866736,70.0,235.86088069866736,0.8365902653215099,0.7676247480801306,0.0,0.4220404456140237,1.0,1.0,2,1,1,0.5065614672484972,0.5065614672484972
sinr_sleep,23,23,0.16666666666666666,0.14285714285714285,598.2522943662746,175.0,773.2522943662746,0.4105888725455423,0.23817507944209404,2.159358537240342,3.08353007694623,1.0,6.0,5,5,0,0.2090687090530537,0.15227967989780156
load_sleep,0,0,0.0,0.0,258.66845454584035,0.0,258.66845454584035,0.7451542319745414,0.7451542319745414,0.021296185253657302,0.021296185253657302,1.0,2.0,0,0,0,0.39625256621504223,0.35153140496218505
load_sleep,1,1,0.0,0.0,246.05241993334883,70.0,316.0524199333488,0.7575838227257647,0.6886183054843854,0.3681906740448745,0.7574302808290079,1.0,2.0,2,1,1,0.24061897066164,0.236840181212262
load_sleep,2,2,0.0,0.0,178.93183156672106,105.0,283.93183156672103,0.8237124812150531,0.7202642053529842,0.007178567363005295,0.5982067184032047,1.0,1.0,3,1,2,0.7442151193949285,0.7442151193949285
load_sleep,3,3,0.35714285714285715,0.35714285714285715,253.7893717939321,105.0,358.7893717939321,0.7499612100552393,0.6465129341931704,0.016844176434267635,0.4375420085416359,1.0,2.0,3,2,1,0.3115726820629514,0.3071761072175645
load_sleep,4,4,0.0,0.0,184.0560257476192,105.0,289.0560257476192,0.8186640140417545,0.7152157381796855,0.004956464800040916,0.5782624914589871,1.0,1.0,3,1,2,0.8373822863203493,0.8373822863203493
load_sleep,5,5,0.0,0.0,256.31181642257627,105.0,361.31181642257627,0.7474760429334224,0.6440277670713535,0.5193204242360878,1.1417210875039001,1.0,2.0,3,2,1,0.33485491334932943,0.33010742202342064
load_sleep,6,6,0.0,0.0,191.4528376828932,35.0,226.4528376828932,0.8113765145981348,0.7768937559774451,0.08899777390031952,0.2880803393394467,1.0,1.0,1,0,1,0.9718697760526038,0.9718697760526038
load_sleep,7,7,0.0,0.0,171.27621255626104,70.0,241.27621255626104,0.8312549629987576,0.7622894457573783,0.007257407086783014,0.4189200509750243,1.0,1.0,2,1,1,0.6050220464774735,0.6050220464774735
load_sleep,8,8,0.0,0.0,256.4930801505133,105.0,361.4930801505133,0.7472974579797897,0.6438491821177208,0.010307453246088972,0.42389476144399024,1.0,2.0,3,2,1,0.33495461238786445,0.3317552740955756
load_sleep,9,9,1.0,1.0,258.40648184913255,140.0,398.40648184913255,0.745412333153564,0.6074812986708054,0.0,0.541782075272157,1.0,2.0,4,2,2,0.34954181644129584,0.34914983499211427
load_sleep,10,10,1.0,1.0,160.78625279268942,35.0,195.78625279268942,0.8415898987264143,0.8071071401057247,0.0,0.2176803015934915,1.0,1.0,1,0,1,0.4142955053216259,0.4142955053216259
load_sleep,11,11,0.0,0.0,257.33596728093244,105.0,362.33596728093244,0.7464670273094262,0.6430187514473572,0.48604832992483826,1.0923960406269544,1.0,2.0,3,2,1,0.34609800095588666,0.33941788437211307
load_sleep,12,12,0.0,0.0,248.90576558030966,0.0,248.90576558030966,0.7547726447484634,0.7547726447484634,0.4175194816765842,0.4175194816765842,1.0,2.0,0,0,0,0.2652181995077358,0.2627796870937241
load_sleep,13,13,0.0,0.0,244.84659320670505,140.0,384.84659320670505,0.7587718293529999,0.6208407948702414,0.29436820890528687,1.0344706006659812,1.0,2.0,4,2,2,0.23449048011690704,0.2258781200609551
load_sleep,14,14,0.0,0.0,255.8594564121435,140.0,395.85945641214346,0.7479217178205483,0.6099906833377897,0.41444006749142775,1.1883868749520936,1.0,2.0,4,2,2,0.3347699472802563,0.3259950582922137
load_sleep,15,15,1.0,1.0,170.20716349034467,105.0,275.20716349034467,0.8323082133100053,0.7288599374479363,0.0,0.6168953047969472,1.0,1.0,3,1,2,0.5855847907335396,0.5855847907335396
load_sleep,16,16,0.0,0.0,249.70646395402997,105.0,354.70646395402997,0.7539837793556355,0.6505355034935666,0.4653014259448872,1.0814514738368697,1.0,2.0,3,2,1,0.2728148016923056,0.2700587632184545
load_sleep,17,17,0.0,0.0,258.44936017723046,140.0,398.44936017723046,0.7453700884953395,0.6074390540125808,0.5318678775459097,1.3616687434074517,1.0,2.0,4,2,2,0.3536199355610097,0.3495396379748221
load_sleep,18,18,0.0,0.0,191.7716141064547,105.0,296.7716141064547,0.8110624491562022,0.7076141732941332,0.021927248718589837,0.5814592817330646,1.0,1.0,3,1,2,0.9776657110264491,0.9776657110264491
load_sleep,19,19,0.40476190476190477,0.40476190476190477,251.8537802224654,105.0,356.8537802224654,0.7518681968251573,0.6484199209630883,0.02322193289731826,0.44981192832767036,1.0,2.0,3,2,1,0.3154907666898027,0.2895798202042308
load_sleep,20,20,0.0,0.0,247.5331804650114,140.0,387.5331804650114,0.7561249453546686,0.61819391087191,0.38727986800603453,1.1718986458037752,1.0,2.0,4,2,2,0.2548910464697164,0.2503016405910128
load_sleep,21,21,1.0,1.0,184.8177444232739,105.0,289.8177444232739,0.817913552292341,0.714465276430272,0.0,0.5681272668252382,1.0,1.0,3,1,2,0.8512317167867981,0.8512317167867981
load_sleep,22,22,0.0,0.0,190.41583527711896,70.0,260.41583527711896,0.812398191845203,0.7434326746038237,0.14804548531888323,0.5700859309329069,1.0,1.0,2,1,1,0.953015186856708,0.953015186856708
load_sleep,23,23,0.0,0.0,251.98762620532239,35.0,286.9876262053224,0.7517363288617513,0.7172535702410617,0.3307416714114541,0.5155759793526317,1.0,2.0,1,1,0,0.29285999742400143,0.290796601866567
greedy_sleep,0,0,0.0,0.0,258.66845454584035,0.0,258.66845454584035,0.7451542319745414,0.7451542319745414,0.021296185253657302,0.021296185253657302,1.0,2.0,0,0,0,0.39625256621504223,0.35153140496218505
greedy_sleep,1,1,0.0,0.0,246.05241993334883,70.0,316.0524199333488,0.7575838227257647,0.6886183054843854,0.3681906740448745,0.7574302808290079,1.0,2.0,2,1,1,0.24061897066164,0.236840181212262
greedy_sleep,2,2,0.0,0.0,178.93183156672106,105.0,283.93183156672103,0.8237124812150531,0.7202642053529842,0.007178567363005295,0.5982067184032047,1.0,1.0,3,1,2,0.7442151193949285,0.7442151193949285
greedy_sleep,3,3,0.35714285714285715,0.35714285714285715,253.7893717939321,105.0,358.7893717939321,0.7499612100552393,0.6465129341931704,0.016844176434267635,0.4375420085416359,1.0,2.0,3,2,1,0.3115726820629514,0.3071761072175645
greedy_sleep,4,4,0.0,0.0,184.0560257476192,105.0,289.0560257476192,0.8186640140417545,0.7152157381796855,0.004956464800040916,0.5782624914589871,1.0,1.0,3,1,2,0.8373822863203493,0.8373822863203493
greedy_sleep,5,5,0.0,0.0,256.31181642257627,105.0,361.31181642257627,0.7474760429334224,0.6440277670713535,0.5193204242360878,1.1417210875039001,1.0,2.0,3,2,1,0.33485491334932943,0.33010742202342064
greedy_sleep,6,6,0.0,0.0,191.4528376828932,35.0,226.4528376828932,0.8113765145981348,0.7768937559774451,0.08899777390031952,0.2880803393394467,1.0,1.0,1,0,1,0.9718697760526038,0.9718697760526038
greedy_sleep,7,7,0.0,0.0,171.27621255626104,70.0,241.27621255626104,0.8312549629987576,0.7622894457573783,0.007257407086783014,0.4189200509750243,1.0,1.0,2,1,1,0.6050220464774735,0.6050220464774735
greedy_sleep,8,8,0.0,0.0,256.4930801505133,105.0,361.4930801505133,0.7472974579797897,0.6438491821177208,0.010307453246088972,0.42389476144399024,1.0,2.0,3,2,1,0.33495461238786445,0.3317552740955756
greedy_sleep,9,9,1.0,1.0,258.40648184913255,140.0,398.40648184913255,0.745412333153564,0.6074812986708054,0.0,0.541782075272157,1.0,2.0,4,2,2,0.34954181644129584,0.34914983499211427
greedy_sleep,10,10,1.0,1.0,160.78625279268942,35.0,195.78625279268942,0.8415898987264143,0.8071071401057247,0.0,0.2176803015934915,1.0,1.0,1,0,1,0.4142955053216259,0.4142955053216259
greedy_sleep,11,11,0.0,0.0,257.33596728093244,105.0,362.33596728093244,0.7464670273094262,0.6430187514473572,0.48604832992483826,1.0923960406269544,1.0,2.0,3,2,1,0.34609800095588666,0.33941788437211307
greedy_sleep,12,12,0.0,0.0,248.90576558030966,0.0,248.90576558030966,0.7547726447484634,0.7547726447484634,0.4175194816765842,0.4175194816765842,1.0,2.0,0,0,0,0.2652181995077358,0.2627796870937241
greedy_sleep,13,13,0.0,0.0,244.84659320670505,140.0,384.84659320670505,0.7587718293529999,0.6208407948702414,0.29436820890528687,1.0344706006659812,1.0,2.0,4,2,2,0.23449048011690704,0.2258781200609551
greedy_sleep,14,14,0.0,0.0,255.8594564121435,140.0,395.85945641214346,0.7479217178205483,0.6099906833377897,0.41444006749142775,1.1883868749520936,1.0,2.0,4,2,2,0.3347699472802563,0.3259950582922137
greedy_sleep,15,15,1.0,1.0,170.20716349034467,105.0,275.20716349034467,0.8323082133100053,0.7288599374479363,0.0,0.6168953047969472,1.0,1.0,3,1,2,0.5855847907335396,0.5855847907335396
greedy_sleep,16,16,0.0,0.0,249.70646395402997,105.0,354.70646395402997,0.7539837793556355,0.6505355034935666,0.4653014259448872,1.0814514738368697,1.0,2.0,3,2,1,0.2728148016923056,0.2700587632184545
greedy_sleep,17,17,0.0,0.0,258.44936017723046,140.0,398.44936017723046,0.7453700884953395,0.6074390540125808,0.5318678775459097,1.3616687434074517,1.0,2.0,4,2,2,0.3536199355610097,0.3495396379748221
greedy_sleep,18,18,0.0,0.0,191.7716141064547,105.0,296.7716141064547,0.8110624491562022,0.7076141732941332,0.021927248718589837,0.5814592817330646,1.0,1.0,3,1,2,0.9776657110264491,0.9776657110264491
greedy_sleep,19,19,0.40476190476190477,0.40476190476190477,251.8537802224654,105.0,356.8537802224654,0.7518681968251573,0.6484199209630883,0.02322193289731826,0.44981192832767036,1.0,2.0,3,2,1,0.3154907666898027,0.2895798202042308
greedy_sleep,20,20,0.0,0.0,247.5331804650114,140.0,387.5331804650114,0.7561249453546686,0.61819391087191,0.38727986800603453,1.1718986458037752,1.0,2.0,4,2,2,0.2548910464697164,0.2503016405910128
greedy_sleep,21,21,1.0,1.0,184.8177444232739,105.0,289.8177444232739,0.817913552292341,0.714465276430272,0.0,0.5681272668252382,1.0,1.0,3,1,2,0.8512317167867981,0.8512317167867981
greedy_sleep,22,22,0.0,0.0,190.41583527711896,70.0,260.41583527711896,0.812398191845203,0.7434326746038237,0.14804548531888323,0.5700859309329069,1.0,1.0,2,1,1,0.953015186856708,0.953015186856708
greedy_sleep,23,23,0.0,0.0,251.98762620532239,35.0,286.9876262053224,0.7517363288617513,0.7172535702410617,0.3307416714114541,0.5155759793526317,1.0,2.0,1,1,0,0.29285999742400143,0.290796601866567
oracle,0,0,1.0,1.0,253.27467024817622,0.0,253.27467024817622,0.7504683051742106,0.7504683051742106,0.0,0.0,1.0,2.0,0,0,0,0.30658317058031737,0.30249700225614745
oracle,1,1,1.0,1.0,179.83781398387072,105.0,284.8378139838707,0.82281988770062,0.7193716118385509,0.0,0.5838594101762004,1.0,1.0,3,1,2,0.7606875269794674,0.7606875269794674
oracle,2,2,1.0,1.0,177.65651232551576,70.0,247.65651232551576,0.8249689533738761,0.7560034361324968,0.0,0.394018767360133,1.0,1.0,2,1,1,0.7210274968275595,0.7210274968275595
oracle,3,3,1.0,1.0,249.5853127505598,105.0,354.5853127505598,0.7541031401472318,0.6506548642851628,0.0,0.4206978321073682,1.0,2.0,3,2,1,0.2752924337586832,0.26895738864145274
oracle,4,4,1.0,1.0,183.14825785437517,105.0,288.1482578543752,0.8195583666459358,0.7161100907838668,0.0,0.5733060266589464,1.0,1.0,3,1,2,0.8208774155340938,0.8208774155340938
oracle,5,5,1.0,1.0,168.7016197070144,70.0,238.7016197070144,0.8337915076778183,0.7648259904364391,0.0,0.4149337755118749,1.0,1.0,2,1,1,0.5582112674002622,0.5582112674002622
oracle,6,6,1.0,1.0,175.8064545873146,70.0,245.8064545873146,0.8267916703573255,0.7578261531159461,0.0,0.3981651308782544,1.0,1.0,2,1,1,0.6873900834057196,0.6873900834057196
oracle,7,7,1.0,1.0,170.0421474701593,70.0,240.0421474701593,0.8324707906697938,0.7635052734284145,0.0,0.4116626438882413,1.0,1.0,2,1,1,0.5825844994574417,0.5825844994574417
oracle,8,8,1.0,1.0,253.87626244506896,35.0,288.87626244506896,0.7498756035023951,0.7153928448817054,0.0,0.1378624360659671,1.0,2.0,1,1,0,0.32303135705187525,0.3079660222278996
oracle,9,9,1.0,1.0,258.40648184913255,70.0,328.40648184913255,0.745412333153564,0.6764468159121847,0.0,0.2708910376360785,1.0,2.0,2,1,1,0.34954181644129584,0.34914983499211427
oracle,10,10,1.0,1.0,160.78625279268942,35.0,195.78625279268942,0.8415898987264143,0.8071071401057247,0.0,0.2176803015934915,1.0,1.0,1,0,1,0.4142955053216259,0.4142955053216259
oracle,11,11,1.0,1.0,173.16796641058642,70.0,243.16796641058642,0.8293911660979445,0.7604256488565652,0.0,0.40423180713474405,1.0,1.0,2,1,1,0.6394175711015715,0.6394175711015715
oracle,12,12,1.0,1.0,175.59248306479293,0.0,175.59248306479293,0.8270024797391202,0.8270024797391202,0.0,0.0,1.0,1.0,0,0,0,0.6834996920871439,0.6834996920871439
oracle,13,13,1.0,1.0,189.1630152240716,70.0,259.1630152240716,0.8136324973161856,0.7446669800748063,0.0,0.3700511958803473,1.0,1.0,2,1,1,0.9302366404376653,0.9302366404376653
oracle,14,14,1.0,1.0,180.89098456177192,70.0,250.89098456177192,0.8217822812199291,0.7528167639785498,0.0,0.386973403730333,1.0,1.0,2,1,1,0.7798360829413075,0.7798360829413075
oracle,15,15,1.0,1.0,170.20716349034467,70.0,240.20716349034467,0.8323082133100053,0.7633426960686259,0.0,0.41126353653129816,1.0,1.0,2,1,1,0.5855847907335396,0.5855847907335396
oracle,16,16,1.0,1.0,170.41303552476165,70.0,240.41303552476165,0.8321053837194466,0.7631398664780673,0.0,0.410766698594655,1.0,1.0,2,1,1,0.5893279186320298,0.5893279186320298
oracle,17,17,1.0,1.0,168.7151770499116,0.0,168.7151770499116,0.8337781506897423,0.8337781506897423,0.0,0.0,1.0,1.0,0,0,0,0.5584577645438473,0.5584577645438473
oracle,18,18,1.0,1.0,187.65681641909447,0.0,187.65681641909447,0.8151164370255227,0.8151164370255227,0.0,0.0,1.0,1.0,0,0,0,0.9028512076198992,0.9028512076198992
oracle,19,19,1.0,1.0,246.1379805545463,105.0,351.1379805545463,0.7574995265472451,0.6540512506851761,0.0,0.42658999543035214,1.0,2.0,3,2,1,0.2404803698812049,0.23761800504132996
oracle,20,20,1.0,1.0,178.43060090016002,105.0,283.43060090016,0.824206304531862,0.7207580286697931,0.0,0.5884640833483055,1.0,1.0,3,1,2,0.7351018345483642,0.7351018345483642
oracle,21,21,1.0,1.0,184.8177444232739,70.0,254.8177444232739,0.817913552292341,0.7489480350509616,0.0,0.37875151121682543,1.0,1.0,2,1,1,0.8512317167867981,0.8512317167867981
oracle,22,22,1.0,1.0,165.86088069866736,70.0,235.86088069866736,0.8365902653215099,0.7676247480801306,0.0,0.4220404456140237,1.0,1.0,2,1,1,0.5065614672484972,0.5065614672484972
oracle,23,23,1.0,1.0,189.3587851187159,70.0,259.3587851187159,0.8134396205726937,0.7444741033313144,0.0,0.36966861588235506,1.0,1.0,2,1,1,0.9337960930675621,0.9337960930675621
flat_mlp,0,0,0.0,0.0,280.68534109674584,0.0,280.68534109674584,0.7234627181312849,0.7234627181312849,0.10822507762703129,0.10822507762703129,1.0,2.0,0,0,0,0.5633731570128306,0.5516849190613256
flat_mlp,1,1,0.0,0.0,189.97238696485823,105.0,294.97238696485823,0.8128350867341297,0.7093868108720608,0.05635396002920978,0.6402133702054101,1.0,1.0,3,1,2,0.9449524902701499,0.9449524902701499
flat_mlp,2,2,0.0,0.0,189.40996988708412,70.0,259.4099698870841,0.8133891922294738,0.7444236749880945,0.06615832658041139,0.4601770939405444,1.0,1.0,2,1,1,0.9347267252197109,0.9347267252197109
flat_mlp,3,3,0.5,0.3333333333333333,258.4371438395233,105.0,363.4371438395233,0.7453821242960361,0.6419338484339672,0.03546615380292895,0.45616398591029717,1.0,2.0,3,2,1,0.38278730607043815,0.3494285803593029
flat_mlp,4,4,0.0,0.0,261.3019013437008,70.0,331.3019013437008,0.7425597031096544,0.673594185868275,0.42672337921700115,0.8089273969896321,1.0,2.0,2,1,1,0.38129222143273006,0.37547183039728016
flat_mlp,5,5,0.0,0.0,170.00605533268345,105.0,275.00605533268345,0.8325063494259276,0.7290580735638587,0.007732205701015013,0.6301328689688274,1.0,1.0,3,1,2,0.5819282787760627,0.5819282787760627
flat_mlp,6,6,1.0,1.0,175.8064545873146,70.0,245.8064545873146,0.8267916703573255,0.7578261531159461,0.0,0.3981651308782544,1.0,1.0,2,1,1,0.6873900834057196,0.6873900834057196
flat_mlp,7,7,0.0,0.0,171.27621255626104,0.0,171.27621255626104,0.8312549629987576,0.8312549629987576,0.007257407086783014,0.007257407086783014,1.0,1.0,0,0,0,0.6050220464774735,0.6050220464774735
flat_mlp,8,8,0.0,0.0,255.26768713191817,105.0,360.26768713191814,0.7485047417419526,0.6450564658798836,0.005480719912324483,0.41906802811022564,1.0,2.0,3,2,1,0.32915626671709597,0.32061533756289246
flat_mlp,9,9,0.0,0.0,259.54115889151785,140.0,399.54115889151785,0.7442944247374208,0.6063633902546622,0.004391054877051316,0.5461731301492083,1.0,2.0,4,2,2,0.38253858969607224,0.35946508083198075
flat_mlp,10,10,1.0,1.0,160.78625279268942,105.0,265.7862527926894,0.8415898987264143,0.7381416228643454,0.0,0.6530409047804745,1.0,1.0,3,1,2,0.4142955053216259,0.4142955053216259
flat_mlp,11,11,1.0,1.0,173.16796641058642,70.0,243.16796641058642,0.8293911660979445,0.7604256488565652,0.0,0.40423180713474405,1.0,1.0,2,1,1,0.6394175711015715,0.6394175711015715
flat_mlp,12,12,1.0,1.0,175.59248306479293,0.0,175.59248306479293,0.8270024797391202,0.8270024797391202,0.0,0.0,1.0,1.0,0,0,0,0.6834996920871439,0.6834996920871439
flat_mlp,13,13,0.0,0.0,266.29792420676716,105.0,371.29792420676716,0.737637513096781,0.6341892372347121,0.4077695044738318,0.9628462982943525,1.0,2.0,3,2,1,0.43649966641901433,0.4208902200615197
flat_mlp,14,14,1.0,1.0,180.89098456177192,105.0,285.8909845617719,0.8217822812199291,0.7183340053578602,0.0,0.5804601055954995,1.0,1.0,3,1,2,0.7798360829413075,0.7798360829413075
flat_mlp,15,15,0.0,0.0,190.16717905455636,0.0,190.16717905455636,0.8126431733452647,0.8126431733452647,0.11726895128796361,0.11726895128796361,1.0,1.0,0,0,0,0.9484941646282974,0.9484941646282974
flat_mlp,16,16,1.0,1.0,170.41303552476165,0.0,170.41303552476165,0.8321053837194466,0.8321053837194466,0.0,0.0,1.0,1.0,0,0,0,0.5893279186320298,0.5893279186320298
flat_mlp,17,17,1.0,1.0,168.7151770499116,0.0,168.7151770499116,0.8337781506897423,0.8337781506897423,0.0,0.0,1.0,1.0,0,0,0,0.5584577645438473,0.5584577645438473
flat_mlp,18,18,1.0,1.0,187.65681641909447,0.0,187.65681641909447,0.8151164370255227,0.8151164370255227,0.0,0.0,1.0,1.0,0,0,0,0.9028512076198992,0.9028512076198992
flat_mlp,19,19,0.0,0.35714285714285715,253.200575176281,35.0,288.200575176281,0.7505413052450433,0.7160585466243536,0.028693640070592788,0.1708903052140435,1.0,2.0,1,1,0,0.31934344412051197,0.3018234106934638
flat_mlp,20,20,0.0,0.5238095238095238,255.4582849238805,70.0,325.4582849238805,0.7483169606661276,0.6793514434247483,0.43169548068058666,0.824004869579457,1.0,2.0,2,1,1,0.3250498088602588,0.32234804476254997
flat_mlp,21,21,0.0,0.0,243.31682688500678,70.0,313.3168268850068,0.7602789882906337,0.6913134710492544,0.3165230841025574,0.6952745953193828,1.0,2.0,2,1,1,0.2183265730590584,0.21197115350006168
flat_mlp,22,22,1.0,1.0,165.86088069866736,105.0,270.86088069866736,0.8365902653215099,0.733141989459441,0.0,0.6330606684210356,1.0,1.0,3,1,2,0.5065614672484972,0.5065614672484972
flat_mlp,23,23,0.0,0.0,260.302385838963,105.0,365.302385838963,0.7435444474492975,0.6400961715872285,0.37465175262805994,0.9291546764515926,1.0,2.0,3,2,1,0.38251027887352707,0.36638532580875427
flat_mlp_pruned,0,0,0.3333333333333333,0.3333333333333333,274.13772297903637,0.0,274.13772297903637,0.7299135734196686,0.7299135734196686,0.08237323025795304,0.08237323025795304,1.0,2.0,0,0,0,0.5233501345359654,0.49216111799123974
flat_mlp_pruned,1,1,0.0,0.0,189.97238696485823,105.0,294.97238696485823,0.8128350867341297,0.7093868108720608,0.05635396002920978,0.6402133702054101,1.0,1.0,3,1,2,0.9449524902701499,0.9449524902701499
flat_mlp_pruned,2,2,0.0,0.0,189.40996988708412,70.0,259.4099698870841,0.8133891922294738,0.7444236749880945,0.06615832658041139,0.4601770939405444,1.0,1.0,2,1,1,0.9347267252197109,0.9347267252197109
flat_mlp_pruned,3,3,0.9523809523809523,0.9523809523809523,247.45580175950428,105.0,352.4558017595043,0.7562011805325081,0.6527529046704391,-0.008532196737008313,0.41216563537036005,1.0,2.0,3,2,1,0.2538177649804501,0.2495981978136752
flat_mlp_pruned,4,4,0.0,0.0,261.3019013437008,70.0,331.3019013437008,0.7425597031096544,0.673594185868275,0.42672337921700115,0.8089273969896321,1.0,2.0,2,1,1,0.38129222143273006,0.37547183039728016
flat_mlp_pruned,5,5,0.0,0.0,170.00605533268345,105.0,275.00605533268345,0.8325063494259276,0.7290580735638587,0.007732205701015013,0.6301328689688274,1.0,1.0,3,1,2,0.5819282787760627,0.5819282787760627
flat_mlp_pruned,6,6,1.0,1.0,175.8064545873146,70.0,245.8064545873146,0.8267916703573255,0.7578261531159461,0.0,0.3981651308782544,1.0,1.0,2,1,1,0.6873900834057196,0.6873900834057196
flat_mlp_pruned,7,7,0.0,0.0,171.27621255626104,0.0,171.27621255626104,0.8312549629987576,0.8312549629987576,0.007257407086783014,0.007257407086783014,1.0,1.0,0,0,0,0.6050220464774735,0.6050220464774735
flat_mlp_pruned,8,8,0.0,0.0,255.26768713191817,105.0,360.26768713191814,0.7485047417419526,0.6450564658798836,0.005480719912324483,0.41906802811022564,1.0,2.0,3,2,1,0.32915626671709597,0.32061533756289246
flat_mlp_pruned,9,9,0.0,0.0,259.54115889151785,140.0,399.54115889151785,0.7442944247374208,0.6063633902546622,0.004391054877051316,0.5461731301492083,1.0,2.0,4,2,2,0.38253858969607224,0.35946508083198075
flat_mlp_pruned,10,10,1.0,1.0,160.78625279268942,105.0,265.7862527926894,0.8415898987264143,0.7381416228643454,0.0,0.6530409047804745,1.0,1.0,3,1,2,0.4142955053216259,0.4142955053216259
flat_mlp_pruned,11,11,1.0,1.0,173.16796641058642,70.0,243.16796641058642,0.8293911660979445,0.7604256488565652,0.0,0.40423180713474405,1.0,1.0,2,1,1,0.6394175711015715,0.6394175711015715
flat_mlp_pruned,12,12,1.0,1.0,175.59248306479293,0.0,175.59248306479293,0.8270024797391202,0.8270024797391202,0.0,0.0,1.0,1.0,0,0,0,0.6834996920871439,0.6834996920871439
flat_mlp_pruned,13,13,0.0,0.0,250.31600011286173,35.0,285.31600011286173,0.7533832511203332,0.7189004924996436,0.323281931282137,0.5083075292223106,1.0,2.0,1,1,0,0.28514341149679373,0.2756000010260158
flat_mlp_pruned,14,14,1.0,1.0,180.89098456177192,35.0,215.89098456177192,0.8217822812199291,0.7872995225992395,0.0,0.1934867018651665,1.0,1.0,1,0,1,0.7798360829413075,0.7798360829413075
flat_mlp_pruned,15,15,0.0,0.0,190.16717905455636,0.0,190.16717905455636,0.8126431733452647,0.8126431733452647,0.11726895128796361,0.11726895128796361,1.0,1.0,0,0,0,0.9484941646282974,0.9484941646282974
flat_mlp_pruned,16,16,1.0,1.0,170.41303552476165,0.0,170.41303552476165,0.8321053837194466,0.8321053837194466,0.0,0.0,1.0,1.0,0,0,0,0.5893279186320298,0.5893279186320298
flat_mlp_pruned,17,17,1.0,1.0,168.7151770499116,0.0,168.7151770499116,0.8337781506897423,0.8337781506897423,0.0,0.0,1.0,1.0,0,0,0,0.5584577645438473,0.5584577645438473
flat_mlp_pruned,18,18,1.0,1.0,187.65681641909447,0.0,187.65681641909447,0.8151164370255227,0.8151164370255227,0.0,0.0,1.0,1.0,0,0,0,0.9028512076198992,0.9028512076198992
flat_mlp_pruned,19,19,0.35714285714285715,0.35714285714285715,253.200575176281,35.0,288.200575176281,0.7505413052450433,0.7160585466243536,0.028693640070592788,0.1708903052140435,1.0,2.0,1,1,0,0.31934344412051197,0.3018234106934638
flat_mlp_pruned,20,20,1.0,1.0,178.43060090016002,35.0,213.43060090016002,0.824206304531862,0.7897235459111724,0.0,0.19615469444943517,1.0,1.0,1,0,1,0.7351018345483642,0.7351018345483642
flat_mlp_pruned,21,21,0.0,0.0,243.31682688500678,105.0,348.3168268850068,0.7602789882906337,0.6568307124285647,0.3165230841025574,0.8846503509277955,1.0,2.0,3,2,1,0.2183265730590584,0.21197115350006168
flat_mlp_pruned,22,22,1.0,1.0,165.86088069866736,105.0,270.86088069866736,0.8365902653215099,0.733141989459441,0.0,0.6330606684210356,1.0,1.0,3,1,2,0.5065614672484972,0.5065614672484972
flat_mlp_pruned,23,23,0.0,0.0,260.302385838963,105.0,365.302385838963,0.7435444474492975,0.6400961715872285,0.37465175262805994,0.9291546764515926,1.0,2.0,3,2,1,0.38251027887352707,0.36638532580875427
flat_mlp_stable,0,0,0.3333333333333333,0.3333333333333333,274.13772297903637,0.0,274.13772297903637,0.7299135734196686,0.7299135734196686,0.08237323025795304,0.08237323025795304,1.0,2.0,0,0,0,0.5233501345359654,0.49216111799123974
flat_mlp_stable,1,1,0.0,0.0,247.88748787822334,70.0,317.88748787822334,0.7557758740116026,0.6868103567702234,0.37839469012037624,0.7676342969045098,1.0,2.0,2,1,1,0.269653712610883,0.25352261707475776
flat_mlp_stable,2,2,0.0,0.0,246.83855582487536,70.0,316.83855582487536,0.7568093046060341,0.6878437873646548,0.38941462147246814,0.7834333888326012,1.0,2.0,2,1,1,0.2644415674813442,0.2439868711352302
flat_mlp_stable,3,3,0.0,0.0,266.79951980366815,70.0,336.79951980366815,0.7371433302426915,0.6681778130013122,0.06897123417800044,0.3494364555829126,1.0,2.0,2,1,1,0.4342229811582309,0.425450180033347
flat_mlp_stable,4,4,0.0,0.0,261.3019013437008,70.0,331.3019013437008,0.7425597031096544,0.673594185868275,0.42672337921700115,0.8089273969896321,1.0,2.0,2,1,1,0.38129222143273006,0.37547183039728016
flat_mlp_stable,5,5,1.0,1.0,168.7016197070144,35.0,203.7016197070144,0.8337915076778183,0.7993087490571287,0.0,0.20746688775593744,1.0,1.0,1,0,1,0.5582112674002622,0.5582112674002622
flat_mlp_stable,6,6,0.0,0.0,187.25370578634875,0.0,187.25370578634875,0.8155135903582771,0.8155135903582771,0.06511280388370984,0.06511280388370984,1.0,1.0,0,0,0,0.8955219233881588,0.8955219233881588
flat_mlp_stable,7,7,0.0,0.0,171.27621255626104,70.0,241.27621255626104,0.8312549629987576,0.7622894457573783,0.007257407086783014,0.4189200509750243,1.0,1.0,2,1,1,0.6050220464774735,0.6050220464774735
flat_mlp_stable,8,8,0.0,0.0,257.5433236887344,35.0,292.5433236887344,0.746262735282035,0.7117799766613454,0.014444285607280371,0.15230672167324746,1.0,2.0,1,1,0,0.3700183832927161,0.34130294262485794
flat_mlp_stable,9,9,0.0,0.0,259.54115889151785,70.0,329.54115889151785,0.7442944247374208,0.6753289074960416,0.004391054877051316,0.2752820925131298,1.0,2.0,2,1,1,0.38253858969607224,0.35946508083198075
flat_mlp_stable,10,10,0.0,0.0,175.89497321100907,35.0,210.89497321100907,0.8267044598906315,0.7922217012699418,0.09396773763861613,0.31164803923210765,1.0,1.0,1,0,1,0.6889995129274376,0.6889995129274376
flat_mlp_stable,11,11,1.0,1.0,173.16796641058642,0.0,173.16796641058642,0.8293911660979445,0.8293911660979445,0.0,0.0,1.0,1.0,0,0,0,0.6394175711015715,0.6394175711015715
flat_mlp_stable,12,12,1.0,1.0,175.59248306479293,0.0,175.59248306479293,0.8270024797391202,0.8270024797391202,0.0,0.0,1.0,1.0,0,0,0,0.6834996920871439,0.6834996920871439
flat_mlp_stable,13,13,0.0,0.0,251.61104574326043,35.0,286.61104574326043,0.7521073440953099,0.7176245854746203,0.3301281196285464,0.51515371756872,1.0,2.0,1,1,0,0.3134007984984227,0.28737314312054957
flat_mlp_stable,14,14,1.0,1.0,180.89098456177192,35.0,215.89098456177192,0.8217822812199291,0.7872995225992395,0.0,0.1934867018651665,1.0,1.0,1,0,1,0.7798360829413075,0.7798360829413075
flat_mlp_stable,15,15,0.0,0.0,190.16717905455636,0.0,190.16717905455636,0.8126431733452647,0.8126431733452647,0.11726895128796361,0.11726895128796361,1.0,1.0,0,0,0,0.9484941646282974,0.9484941646282974
flat_mlp_stable,16,16,1.0,1.0,170.41303552476165,0.0,170.41303552476165,0.8321053837194466,0.8321053837194466,0.0,0.0,1.0,1.0,0,0,0,0.5893279186320298,0.5893279186320298
flat_mlp_stable,17,17,1.0,1.0,168.7151770499116,0.0,168.7151770499116,0.8337781506897423,0.8337781506897423,0.0,0.0,1.0,1.0,0,0,0,0.5584577645438473,0.5584577645438473
flat_mlp_stable,18,18,1.0,1.0,187.65681641909447,0.0,187.65681641909447,0.8151164370255227,0.8151164370255227,0.0,0.0,1.0,1.0,0,0,0,0.9028512076198992,0.9028512076198992
flat_mlp_stable,19,19,0.35714285714285715,0.35714285714285715,253.200575176281,35.0,288.200575176281,0.7505413052450433,0.7160585466243536,0.028693640070592788,0.1708903052140435,1.0,2.0,1,1,0,0.31934344412051197,0.3018234106934638
flat_mlp_stable,20,20,1.0,1.0,178.43060090016002,35.0,213.43060090016002,0.824206304531862,0.7897235459111724,0.0,0.19615469444943517,1.0,1.0,1,0,1,0.7351018345483642,0.7351018345483642
flat_mlp_stable,21,21,0.0,0.0,191.08085499273682,0.0,191.08085499273682,0.8117430000071558,0.8117430000071558,0.0338880370443165,0.0338880370443165,1.0,1.0,0,0,0,0.9651064544133966,0.9651064544133966
flat_mlp_stable,22,22,1.0,1.0,165.86088069866736,0.0,165.86088069866736,0.8365902653215099,0.8365902653215099,0.0,0.0,1.0,1.0,0,0,0,0.5065614672484972,0.5065614672484972
flat_mlp_stable,23,23,0.0,0.0,268.80809712340704,35.0,303.80809712340704,0.7351644363316187,0.700681677710929,0.4195702457368507,0.6044045536780283,1.0,2.0,1,1,0,0.4532805231811197,0.44370997384915517
flat_mlp_search,0,0,0.9761904761904762,0.9761904761904762,250.45604565983794,0.0,250.45604565983794,0.7532452752119823,0.7532452752119823,-0.011128726712293794,-0.011128726712293794,1.0,2.0,0,0,0,0.30416343426683223,0.276873142362163
flat_mlp_search,1,1,1.0,1.0,179.83781398387072,105.0,284.8378139838707,0.82281988770062,0.7193716118385509,0.0,0.5838594101762004,1.0,1.0,3,1,2,0.7606875269794674,0.7606875269794674
flat_mlp_search,2,2,1.0,1.0,177.65651232551576,70.0,247.65651232551576,0.8249689533738761,0.7560034361324968,0.0,0.394018767360133,1.0,1.0,2,1,1,0.7210274968275595,0.7210274968275595
flat_mlp_search,3,3,0.9523809523809523,0.9523809523809523,247.45580175950428,105.0,352.4558017595043,0.7562011805325081,0.6527529046704391,-0.008532196737008313,0.41216563537036005,1.0,2.0,3,2,1,0.2538177649804501,0.2495981978136752
flat_mlp_search,4,4,1.0,1.0,183.14825785437517,105.0,288.1482578543752,0.8195583666459358,0.7161100907838668,0.0,0.5733060266589464,1.0,1.0,3,1,2,0.8208774155340938,0.8208774155340938
flat_mlp_search,5,5,1.0,1.0,168.7016197070144,70.0,238.7016197070144,0.8337915076778183,0.7648259904364391,0.0,0.4149337755118749,1.0,1.0,2,1,1,0.5582112674002622,0.5582112674002622
flat_mlp_search,6,6,1.0,1.0,175.8064545873146,70.0,245.8064545873146,0.8267916703573255,0.7578261531159461,0.0,0.3981651308782544,1.0,1.0,2,1,1,0.6873900834057196,0.6873900834057196
flat_mlp_search,7,7,1.0,1.0,170.0421474701593,70.0,240.0421474701593,0.8324707906697938,0.7635052734284145,0.0,0.4116626438882413,1.0,1.0,2,1,1,0.5825844994574417,0.5825844994574417
flat_mlp_search,8,8,0.0,0.0,253.50988469692672,105.0,358.50988469692675,0.7502365668010574,0.6467882909389884,-0.001443135110835793,0.4121441730870656,1.0,2.0,3,2,1,0.308386492275532,0.3046353154266064
flat_mlp_search,9,9,0.9761904761904762,0.9761904761904762,257.5356528032324,70.0,327.5356528032324,0.7462702928046973,0.6773047755633179,-0.0033699969121076027,0.26752104072397087,1.0,2.0,2,1,1,0.3675773858724674,0.34123320730211254
flat_mlp_search,10,10,1.0,1.0,160.78625279268942,35.0,195.78625279268942,0.8415898987264143,0.8071071401057247,0.0,0.2176803015934915,1.0,1.0,1,0,1,0.4142955053216259,0.4142955053216259
flat_mlp_search,11,11,1.0,1.0,173.16796641058642,70.0,243.16796641058642,0.8293911660979445,0.7604256488565652,0.0,0.40423180713474405,1.0,1.0,2,1,1,0.6394175711015715,0.6394175711015715
flat_mlp_search,12,12,1.0,1.0,175.59248306479293,0.0,175.59248306479293,0.8270024797391202,0.8270024797391202,0.0,0.0,1.0,1.0,0,0,0,0.6834996920871439,0.6834996920871439
flat_mlp_search,13,13,1.0,1.0,189.1630152240716,70.0,259.1630152240716,0.8136324973161856,0.7446669800748063,0.0,0.3700511958803473,1.0,1.0,2,1,1,0.9302366404376653,0.9302366404376653
flat_mlp_search,14,14,1.0,1.0,180.89098456177192,70.0,250.89098456177192,0.8217822812199291,0.7528167639785498,0.0,0.386973403730333,1.0,1.0,2,1,1,0.7798360829413075,0.7798360829413075
flat_mlp_search,15,15,1.0,1.0,170.20716349034467,70.0,240.20716349034467,0.8323082133100053,0.7633426960686259,0.0,0.41126353653129816,1.0,1.0,2,1,1,0.5855847907335396,0.5855847907335396
flat_mlp_search,16,16,1.0,1.0,170.41303552476165,70.0,240.41303552476165,0.8321053837194466,0.7631398664780673,0.0,0.410766698594655,1.0,1.0,2,1,1,0.5893279186320298,0.5893279186320298
flat_mlp_search,17,17,1.0,1.0,168.7151770499116,0.0,168.7151770499116,0.8337781506897423,0.8337781506897423,0.0,0.0,1.0,1.0,0,0,0,0.5584577645438473,0.5584577645438473
flat_mlp_search,18,18,1.0,1.0,187.65681641909447,0.0,187.65681641909447,0.8151164370255227,0.8151164370255227,0.0,0.0,1.0,1.0,0,0,0,0.9028512076198992,0.9028512076198992
flat_mlp_search,19,19,0.8809523809523809,0.8809523809523809,245.01809260888962,105.0,350.0180926088896,0.7586028644247392,0.6551545885626703,-0.004549838034477961,0.42204015739587414,1.0,2.0,3,2,1,0.23601727366056235,0.2274372055353602
flat_mlp_search,20,20,1.0,1.0,178.43060090016002,105.0,283.43060090016,0.824206304531862,0.7207580286697931,0.0,0.5884640833483055,1.0,1.0,3,1,2,0.7351018345483642,0.7351018345483642
flat_mlp_search,21,21,1.0,1.0,184.8177444232739,70.0,254.8177444232739,0.817913552292341,0.7489480350509616,0.0,0.37875151121682543,1.0,1.0,2,1,1,0.8512317167867981,0.8512317167867981
flat_mlp_search,22,22,1.0,1.0,165.86088069866736,70.0,235.86088069866736,0.8365902653215099,0.7676247480801306,0.0,0.4220404456140237,1.0,1.0,2,1,1,0.5065614672484972,0.5065614672484972
flat_mlp_search,23,23,1.0,1.0,189.3587851187159,70.0,259.3587851187159,0.8134396205726937,0.7444741033313144,0.0,0.36966861588235506,1.0,1.0,2,1,1,0.9337960930675621,0.9337960930675621
flat_mlp_stable_search,0,0,0.9761904761904762,0.9761904761904762,250.45604565983794,0.0,250.45604565983794,0.7532452752119823,0.7532452752119823,-0.011128726712293794,-0.011128726712293794,1.0,2.0,0,0,0,0.30416343426683223,0.276873142362163
flat_mlp_stable_search,1,1,0.0,0.0,253.88798707993388,0.0,253.88798707993388,0.7498640521379962,0.7498640521379962,0.4117608608315522,0.4117608608315522,1.0,2.0,0,0,0,0.36840203875537686,0.30807260981758067
flat_mlp_stable_search,2,2,0.0,0.0,263.54609505674944,0.0,263.54609505674944,0.7403486748209365,0.7403486748209365,0.48345867881195514,0.48345867881195514,1.0,2.0,0,0,0,0.40406682285052403,0.3958735914249949
flat_mlp_stable_search,3,3,0.0,0.0,265.8753251147261,0.0,265.8753251147261,0.7380538668820432,0.7380538668820432,0.06526831320578072,0.06526831320578072,1.0,2.0,0,0,0,0.4299282784809393,0.4170484101338735
flat_mlp_stable_search,4,4,1.0,1.0,183.14825785437517,35.0,218.14825785437517,0.8195583666459358,0.7850756080252461,0.0,0.19110200888631546,1.0,1.0,1,0,1,0.8208774155340938,0.8208774155340938
flat_mlp_stable_search,5,5,0.0,0.0,170.00605533268345,0.0,170.00605533268345,0.8325063494259276,0.8325063494259276,0.007732205701015013,0.007732205701015013,1.0,1.0,0,0,0,0.5819282787760627,0.5819282787760627
flat_mlp_stable_search,6,6,1.0,1.0,175.8064545873146,70.0,245.8064545873146,0.8267916703573255,0.7578261531159461,0.0,0.3981651308782544,1.0,1.0,2,1,1,0.6873900834057196,0.6873900834057196
flat_mlp_stable_search,7,7,0.0,0.0,171.27621255626104,0.0,171.27621255626104,0.8312549629987576,0.8312549629987576,0.007257407086783014,0.007257407086783014,1.0,1.0,0,0,0,0.6050220464774735,0.6050220464774735
flat_mlp_stable_search,8,8,0.0,0.0,257.5433236887344,35.0,292.5433236887344,0.746262735282035,0.7117799766613454,0.014444285607280371,0.15230672167324746,1.0,2.0,1,1,0,0.3700183832927161,0.34130294262485794
flat_mlp_stable_search,9,9,0.0,0.0,276.3907480627872,0.0,276.3907480627872,0.727693844273116,0.727693844273116,0.06959680765343407,0.06959680765343407,1.0,2.0,0,0,0,0.5424402172009013,0.5126431642071566
flat_mlp_stable_search,10,10,0.0,0.0,175.89497321100907,35.0,210.89497321100907,0.8267044598906315,0.7922217012699418,0.09396773763861613,0.31164803923210765,1.0,1.0,1,0,1,0.6889995129274376,0.6889995129274376
flat_mlp_stable_search,11,11,1.0,1.0,173.16796641058642,0.0,173.16796641058642,0.8293911660979445,0.8293911660979445,0.0,0.0,1.0,1.0,0,0,0,0.6394175711015715,0.6394175711015715
flat_mlp_stable_search,12,12,1.0,1.0,175.59248306479293,0.0,175.59248306479293,0.8270024797391202,0.8270024797391202,0.0,0.0,1.0,1.0,0,0,0,0.6834996920871439,0.6834996920871439
flat_mlp_stable_search,13,13,1.0,1.0,189.1630152240716,70.0,259.1630152240716,0.8136324973161856,0.7446669800748063,0.0,0.3700511958803473,1.0,1.0,2,1,1,0.9302366404376653,0.9302366404376653
flat_mlp_stable_search,14,14,1.0,1.0,180.89098456177192,70.0,250.89098456177192,0.8217822812199291,0.7528167639785498,0.0,0.386973403730333,1.0,1.0,2,1,1,0.7798360829413075,0.7798360829413075
flat_mlp_stable_search,15,15,0.0,0.0,190.16717905455636,0.0,190.16717905455636,0.8126431733452647,0.8126431733452647,0.11726895128796361,0.11726895128796361,1.0,1.0,0,0,0,0.9484941646282974,0.9484941646282974
flat_mlp_stable_search,16,16,1.0,1.0,170.41303552476165,0.0,170.41303552476165,0.8321053837194466,0.8321053837194466,0.0,0.0,1.0,1.0,0,0,0,0.5893279186320298,0.5893279186320298
flat_mlp_stable_search,17,17,1.0,1.0,168.7151770499116,0.0,168.7151770499116,0.8337781506897423,0.8337781506897423,0.0,0.0,1.0,1.0,0,0,0,0.5584577645438473,0.5584577645438473
flat_mlp_stable_search,18,18,1.0,1.0,187.65681641909447,0.0,187.65681641909447,0.8151164370255227,0.8151164370255227,0.0,0.0,1.0,1.0,0,0,0,0.9028512076198992,0.9028512076198992
flat_mlp_stable_search,19,19,0.35714285714285715,0.35714285714285715,253.200575176281,35.0,288.200575176281,0.7505413052450433,0.7160585466243536,0.028693640070592788,0.1708903052140435,1.0,2.0,1,1,0,0.31934344412051197,0.3018234106934638
flat_mlp_stable_search,20,20,1.0,1.0,178.43060090016002,35.0,213.43060090016002,0.824206304531862,0.7897235459111724,0.0,0.19615469444943517,1.0,1.0,1,0,1,0.7351018345483642,0.7351018345483642
flat_mlp_stable_search,21,21,0.0,0.0,191.08085499273682,0.0,191.08085499273682,0.8117430000071558,0.8117430000071558,0.0338880370443165,0.0338880370443165,1.0,1.0,0,0,0,0.9651064544133966,0.9651064544133966
flat_mlp_stable_search,22,22,1.0,1.0,165.86088069866736,0.0,165.86088069866736,0.8365902653215099,0.8365902653215099,0.0,0.0,1.0,1.0,0,0,0,0.5065614672484972,0.5065614672484972
flat_mlp_stable_search,23,23,1.0,1.0,189.3587851187159,70.0,259.3587851187159,0.8134396205726937,0.7444741033313144,0.0,0.36966861588235506,1.0,1.0,2,1,1,0.9337960930675621,0.9337960930675621
agg_gcn,0,0,0.0,0.0,280.68534109674584,0.0,280.68534109674584,0.7234627181312849,0.7234627181312849,0.10822507762703129,0.10822507762703129,1.0,2.0,0,0,0,0.5633731570128306,0.5516849190613256
agg_gcn,1,1,0.0,0.0,189.97238696485823,105.0,294.97238696485823,0.8128350867341297,0.7093868108720608,0.05635396002920978,0.6402133702054101,1.0,1.0,3,1,2,0.9449524902701499,0.9449524902701499
agg_gcn,2,2,0.0,0.0,189.40996988708412,70.0,259.4099698870841,0.8133891922294738,0.7444236749880945,0.06615832658041139,0.4601770939405444,1.0,1.0,2,1,1,0.9347267252197109,0.9347267252197109
agg_gcn,3,3,0.5,0.38095238095238093,252.70961567169934,105.0,357.70961567169934,0.751025009190444,0.6475767333283751,0.012517975864477318,0.43321580797184556,1.0,2.0,3,2,1,0.29886322350846223,0.29736014246999387
agg_gcn,4,4,0.0,0.0,261.3019013437008,140.0,401.3019013437008,0.7425597031096544,0.6046286686268958,0.42672337921700115,1.191131414762263,1.0,2.0,4,2,2,0.38129222143273006,0.37547183039728016
agg_gcn,5,5,0.0,0.0,170.00605533268345,105.0,275.00605533268345,0.8325063494259276,0.7290580735638587,0.007732205701015013,0.6301328689688274,1.0,1.0,3,1,2,0.5819282787760627,0.5819282787760627
agg_gcn,6,6,1.0,1.0,175.8064545873146,70.0,245.8064545873146,0.8267916703573255,0.7578261531159461,0.0,0.3981651308782544,1.0,1.0,2,1,1,0.6873900834057196,0.6873900834057196
agg_gcn,7,7,0.0,0.0,171.27621255626104,0.0,171.27621255626104,0.8312549629987576,0.8312549629987576,0.007257407086783014,0.007257407086783014,1.0,1.0,0,0,0,0.6050220464774735,0.6050220464774735
agg_gcn,8,8,0.0,0.0,257.5433236887344,35.0,292.5433236887344,0.746262735282035,0.7117799766613454,0.014444285607280371,0.15230672167324746,1.0,2.0,1,1,0,0.3700183832927161,0.34130294262485794
agg_gcn,9,9,0.0,0.0,259.54115889151785,70.0,329.54115889151785,0.7442944247374208,0.6753289074960416,0.004391054877051316,0.2752820925131298,1.0,2.0,2,1,1,0.38253858969607224,0.35946508083198075
agg_gcn,10,10,1.0,1.0,160.78625279268942,105.0,265.7862527926894,0.8415898987264143,0.7381416228643454,0.0,0.6530409047804745,1.0,1.0,3,1,2,0.4142955053216259,0.4142955053216259
agg_gcn,11,11,1.0,1.0,173.16796641058642,70.0,243.16796641058642,0.8293911660979445,0.7604256488565652,0.0,0.40423180713474405,1.0,1.0,2,1,1,0.6394175711015715,0.6394175711015715
agg_gcn,12,12,1.0,1.0,175.59248306479293,0.0,175.59248306479293,0.8270024797391202,0.8270024797391202,0.0,0.0,1.0,1.0,0,0,0,0.6834996920871439,0.6834996920871439
agg_gcn,13,13,0.0,0.0,249.54179450814183,105.0,354.54179450814183,0.7541460152629145,0.6506977394008455,0.3191891354266532,0.874265929247174,1.0,2.0,3,2,1,0.2869223974059453,0.2685617682558348
agg_gcn,14,14,1.0,1.0,180.89098456177192,105.0,285.8909845617719,0.8217822812199291,0.7183340053578602,0.0,0.5804601055954995,1.0,1.0,3,1,2,0.7798360829413075,0.7798360829413075
agg_gcn,15,15,0.0,0.0,190.16717905455636,0.0,190.16717905455636,0.8126431733452647,0.8126431733452647,0.11726895128796361,0.11726895128796361,1.0,1.0,0,0,0,0.9484941646282974,0.9484941646282974
agg_gcn,16,16,1.0,1.0,170.41303552476165,0.0,170.41303552476165,0.8321053837194466,0.8321053837194466,0.0,0.0,1.0,1.0,0,0,0,0.5893279186320298,0.5893279186320298
agg_gcn,17,17,1.0,1.0,168.7151770499116,0.0,168.7151770499116,0.8337781506897423,0.8337781506897423,0.0,0.0,1.0,1.0,0,0,0,0.5584577645438473,0.5584577645438473
agg_gcn,18,18,0.0,0.5238095238095238,269.0550663365575,35.0,304.0550663365575,0.7349211169097956,0.700438358289106,0.4337612215251276,0.6202718991966192,1.0,2.0,1,1,0,0.4547827687018408,0.4459551485141593
agg_gcn,19,19,0.5238095238095238,0.9761904761904762,246.22298892956042,70.0,316.2229889295604,0.7574157744536351,0.6884502572122557,0.0003453687838935041,0.2847386990707949,1.0,2.0,2,1,1,0.2611807395374914,0.23839080845054927
agg_gcn,20,20,0.0,0.5238095238095238,255.4582849238805,140.0,395.4582849238805,0.7483169606661276,0.610385926183369,0.43169548068058666,1.2163142584783273,1.0,2.0,4,2,2,0.3250498088602588,0.32234804476254997
agg_gcn,21,21,0.0,0.0,243.31682688500678,70.0,313.3168268850068,0.7602789882906337,0.6913134710492544,0.3165230841025574,0.6952745953193828,1.0,2.0,2,1,1,0.2183265730590584,0.21197115350006168
agg_gcn,22,22,0.0,0.5714285714285714,265.56699352518353,140.0,405.56699352518353,0.7383576418471098,0.6004266073643512,0.6011430326820716,1.445223923910119,1.0,2.0,4,2,2,0.4166955612942011,0.4142453956834866
agg_gcn,23,23,0.0,0.0,260.302385838963,140.0,400.302385838963,0.7435444474492975,0.6056134129665389,0.37465175262805994,1.11398898439277,1.0,2.0,4,2,2,0.38251027887352707,0.36638532580875427
agg_gcn_pruned,0,0,0.3333333333333333,0.3333333333333333,274.13772297903637,0.0,274.13772297903637,0.7299135734196686,0.7299135734196686,0.08237323025795304,0.08237323025795304,1.0,2.0,0,0,0,0.5233501345359654,0.49216111799123974
agg_gcn_pruned,1,1,0.0,0.0,189.97238696485823,105.0,294.97238696485823,0.8128350867341297,0.7093868108720608,0.05635396002920978,0.6402133702054101,1.0,1.0,3,1,2,0.9449524902701499,0.9449524902701499
agg_gcn_pruned,2,2,0.0,0.0,189.40996988708412,70.0,259.4099698870841,0.8133891922294738,0.7444236749880945,0.06615832658041139,0.4601770939405444,1.0,1.0,2,1,1,0.9347267252197109,0.9347267252197109
agg_gcn_pruned,3,3,0.9523809523809523,0.9523809523809523,247.45580175950428,105.0,352.4558017595043,0.7562011805325081,0.6527529046704391,-0.008532196737008313,0.41216563537036005,1.0,2.0,3,2,1,0.2538177649804501,0.2495981978136752
agg_gcn_pruned,4,4,0.0,0.0,261.3019013437008,70.0,331.3019013437008,0.7425597031096544,0.673594185868275,0.42672337921700115,0.8089273969896321,1.0,2.0,2,1,1,0.38129222143273006,0.37547183039728016
agg_gcn_pruned,5,5,0.0,0.0,170.00605533268345,105.0,275.00605533268345,0.8325063494259276,0.7290580735638587,0.007732205701015013,0.6301328689688274,1.0,1.0,3,1,2,0.5819282787760627,0.5819282787760627
agg_gcn_pruned,6,6,1.0,1.0,175.8064545873146,70.0,245.8064545873146,0.8267916703573255,0.7578261531159461,0.0,0.3981651308782544,1.0,1.0,2,1,1,0.6873900834057196,0.6873900834057196
agg_gcn_pruned,7,7,0.0,0.0,171.27621255626104,0.0,171.27621255626104,0.8312549629987576,0.8312549629987576,0.007257407086783014,0.007257407086783014,1.0,1.0,0,0,0,0.6050220464774735,0.6050220464774735
agg_gcn_pruned,8,8,0.0,0.0,257.5433236887344,35.0,292.5433236887344,0.746262735282035,0.7117799766613454,0.014444285607280371,0.15230672167324746,1.0,2.0,1,1,0,0.3700183832927161,0.34130294262485794
agg_gcn_pruned,9,9,0.0,0.0,259.54115889151785,70.0,329.54115889151785,0.7442944247374208,0.6753289074960416,0.004391054877051316,0.2752820925131298,1.0,2.0,2,1,1,0.38253858969607224,0.35946508083198075
agg_gcn_pruned,10,10,1.0,1.0,160.78625279268942,105.0,265.7862527926894,0.8415898987264143,0.7381416228643454,0.0,0.6530409047804745,1.0,1.0,3,1,2,0.4142955053216259,0.4142955053216259
agg_gcn_pruned,11,11,1.0,1.0,173.16796641058642,70.0,243.16796641058642,0.8293911660979445,0.7604256488565652,0.0,0.40423180713474405,1.0,1.0,2,1,1,0.6394175711015715,0.6394175711015715
agg_gcn_pruned,12,12,1.0,1.0,175.59248306479293,0.0,175.59248306479293,0.8270024797391202,0.8270024797391202,0.0,0.0,1.0,1.0,0,0,0,0.6834996920871439,0.6834996920871439
agg_gcn_pruned,13,13,0.0,0.0,246.77559858962877,35.0,281.77559858962877,0.7568713314387894,0.7223885728180998,0.3045657910311519,0.4895913889713254,1.0,2.0,1,1,0,0.24623975694234176,0.2434145326329888
agg_gcn_pruned,14,14,1.0,1.0,180.89098456177192,35.0,215.89098456177192,0.8217822812199291,0.7872995225992395,0.0,0.1934867018651665,1.0,1.0,1,0,1,0.7798360829413075,0.7798360829413075
agg_gcn_pruned,15,15,0.0,0.0,190.16717905455636,0.0,190.16717905455636,0.8126431733452647,0.8126431733452647,0.11726895128796361,0.11726895128796361,1.0,1.0,0,0,0,0.9484941646282974,0.9484941646282974
agg_gcn_pruned,16,16,1.0,1.0,170.41303552476165,0.0,170.41303552476165,0.8321053837194466,0.8321053837194466,0.0,0.0,1.0,1.0,0,0,0,0.5893279186320298,0.5893279186320298
agg_gcn_pruned,17,17,1.0,1.0,168.7151770499116,0.0,168.7151770499116,0.8337781506897423,0.8337781506897423,0.0,0.0,1.0,1.0,0,0,0,0.5584577645438473,0.5584577645438473
agg_gcn_pruned,18,18,0.5238095238095238,0.5238095238095238,269.0550663365575,35.0,304.0550663365575,0.7349211169097956,0.700438358289106,0.4337612215251276,0.6202718991966192,1.0,2.0,1,1,0,0.4547827687018408,0.4459551485141593
agg_gcn_pruned,19,19,0.9761904761904762,0.9761904761904762,246.22298892956042,70.0,316.2229889295604,0.7574157744536351,0.6884502572122557,0.0003453687838935041,0.2847386990707949,1.0,2.0,2,1,1,0.2611807395374914,0.23839080845054927
agg_gcn_pruned,20,20,1.0,1.0,178.43060090016002,105.0,283.43060090016,0.824206304531862,0.7207580286697931,0.0,0.5884640833483055,1.0,1.0,3,1,2,0.7351018345483642,0.7351018345483642
agg_gcn_pruned,21,21,0.0,0.0,243.31682688500678,105.0,348.3168268850068,0.7602789882906337,0.6568307124285647,0.3165230841025574,0.8846503509277955,1.0,2.0,3,2,1,0.2183265730590584,0.21197115350006168
agg_gcn_pruned,22,22,0.5714285714285714,0.5714285714285714,265.56699352518353,140.0,405.56699352518353,0.7383576418471098,0.6004266073643512,0.6011430326820716,1.445223923910119,1.0,2.0,4,2,2,0.4166955612942011,0.4142453956834866
agg_gcn_pruned,23,23,0.0,0.0,249.18649010797395,140.0,389.18649010797395,0.754496068859139,0.6165650343763804,0.315948927068527,1.0552861588332372,1.0,2.0,4,2,2,0.28115706066051904,0.26533172825430895
agg_gcn_stable,0,0,0.3333333333333333,0.3333333333333333,274.13772297903637,0.0,274.13772297903637,0.7299135734196686,0.7299135734196686,0.08237323025795304,0.08237323025795304,1.0,2.0,0,0,0,0.5233501345359654,0.49216111799123974
agg_gcn_stable,1,1,0.0,0.0,247.88748787822334,70.0,317.88748787822334,0.7557758740116026,0.6868103567702234,0.37839469012037624,0.7676342969045098,1.0,2.0,2,1,1,0.269653712610883,0.25352261707475776
agg_gcn_stable,2,2,0.0,0.0,246.83855582487536,70.0,316.83855582487536,0.7568093046060341,0.6878437873646548,0.38941462147246814,0.7834333888326012,1.0,2.0,2,1,1,0.2644415674813442,0.2439868711352302
agg_gcn_stable,3,3,0.0,0.0,266.79951980366815,70.0,336.79951980366815,0.7371433302426915,0.6681778130013122,0.06897123417800044,0.3494364555829126,1.0,2.0,2,1,1,0.4342229811582309,0.425450180033347
agg_gcn_stable,4,4,0.0,0.0,261.3019013437008,70.0,331.3019013437008,0.7425597031096544,0.673594185868275,0.42672337921700115,0.8089273969896321,1.0,2.0,2,1,1,0.38129222143273006,0.37547183039728016
agg_gcn_stable,5,5,1.0,1.0,168.7016197070144,35.0,203.7016197070144,0.8337915076778183,0.7993087490571287,0.0,0.20746688775593744,1.0,1.0,1,0,1,0.5582112674002622,0.5582112674002622
agg_gcn_stable,6,6,0.0,0.0,187.25370578634875,0.0,187.25370578634875,0.8155135903582771,0.8155135903582771,0.06511280388370984,0.06511280388370984,1.0,1.0,0,0,0,0.8955219233881588,0.8955219233881588
agg_gcn_stable,7,7,0.0,0.0,171.27621255626104,70.0,241.27621255626104,0.8312549629987576,0.7622894457573783,0.007257407086783014,0.4189200509750243,1.0,1.0,2,1,1,0.6050220464774735,0.6050220464774735
agg_gcn_stable,8,8,0.0,0.0,257.5433236887344,35.0,292.5433236887344,0.746262735282035,0.7117799766613454,0.014444285607280371,0.15230672167324746,1.0,2.0,1,1,0,0.3700183832927161,0.34130294262485794
agg_gcn_stable,9,9,0.0,0.0,259.54115889151785,70.0,329.54115889151785,0.7442944247374208,0.6753289074960416,0.004391054877051316,0.2752820925131298,1.0,2.0,2,1,1,0.38253858969607224,0.35946508083198075
agg_gcn_stable,10,10,0.0,0.0,175.89497321100907,35.0,210.89497321100907,0.8267044598906315,0.7922217012699418,0.09396773763861613,0.31164803923210765,1.0,1.0,1,0,1,0.6889995129274376,0.6889995129274376
agg_gcn_stable,11,11,1.0,1.0,173.16796641058642,0.0,173.16796641058642,0.8293911660979445,0.8293911660979445,0.0,0.0,1.0,1.0,0,0,0,0.6394175711015715,0.6394175711015715
agg_gcn_stable,12,12,1.0,1.0,175.59248306479293,0.0,175.59248306479293,0.8270024797391202,0.8270024797391202,0.0,0.0,1.0,1.0,0,0,0,0.6834996920871439,0.6834996920871439
agg_gcn_stable,13,13,0.0,0.0,251.61104574326043,35.0,286.61104574326043,0.7521073440953099,0.7176245854746203,0.3301281196285464,0.51515371756872,1.0,2.0,1,1,0,0.3134007984984227,0.28737314312054957
agg_gcn_stable,14,14,1.0,1.0,180.89098456177192,35.0,215.89098456177192,0.8217822812199291,0.7872995225992395,0.0,0.1934867018651665,1.0,1.0,1,0,1,0.7798360829413075,0.7798360829413075
agg_gcn_stable,15,15,0.0,0.0,190.16717905455636,0.0,190.16717905455636,0.8126431733452647,0.8126431733452647,0.11726895128796361,0.11726895128796361,1.0,1.0,0,0,0,0.9484941646282974,0.9484941646282974
agg_gcn_stable,16,16,1.0,1.0,170.41303552476165,0.0,170.41303552476165,0.8321053837194466,0.8321053837194466,0.0,0.0,1.0,1.0,0,0,0,0.5893279186320298,0.5893279186320298
agg_gcn_stable,17,17,1.0,1.0,168.7151770499116,0.0,168.7151770499116,0.8337781506897423,0.8337781506897423,0.0,0.0,1.0,1.0,0,0,0,0.5584577645438473,0.5584577645438473
agg_gcn_stable,18,18,1.0,1.0,187.65681641909447,0.0,187.65681641909447,0.8151164370255227,0.8151164370255227,0.0,0.0,1.0,1.0,0,0,0,0.9028512076198992,0.9028512076198992
agg_gcn_stable,19,19,0.35714285714285715,0.35714285714285715,253.200575176281,35.0,288.200575176281,0.7505413052450433,0.7160585466243536,0.028693640070592788,0.1708903052140435,1.0,2.0,1,1,0,0.31934344412051197,0.3018234106934638
agg_gcn_stable,20,20,1.0,1.0,178.43060090016002,35.0,213.43060090016002,0.824206304531862,0.7897235459111724,0.0,0.19615469444943517,1.0,1.0,1,0,1,0.7351018345483642,0.7351018345483642
agg_gcn_stable,21,21,0.0,0.0,191.08085499273682,0.0,191.08085499273682,0.8117430000071558,0.8117430000071558,0.0338880370443165,0.0338880370443165,1.0,1.0,0,0,0,0.9651064544133966,0.9651064544133966
agg_gcn_stable,22,22,1.0,1.0,165.86088069866736,0.0,165.86088069866736,0.8365902653215099,0.8365902653215099,0.0,0.0,1.0,1.0,0,0,0,0.5065614672484972,0.5065614672484972
agg_gcn_stable,23,23,0.0,0.0,268.80809712340704,35.0,303.80809712340704,0.7351644363316187,0.700681677710929,0.4195702457368507,0.6044045536780283,1.0,2.0,1,1,0,0.4532805231811197,0.44370997384915517
agg_gcn_search,0,0,0.42857142857142855,0.42857142857142855,254.78732531388437,0.0,254.78732531388437,0.7489780046168627,0.7489780046168627,0.005972389833637687,0.005972389833637687,1.0,2.0,0,0,0,0.34364479729493025,0.31624841194440345
agg_gcn_search,1,1,1.0,1.0,179.83781398387072,105.0,284.8378139838707,0.82281988770062,0.7193716118385509,0.0,0.5838594101762004,1.0,1.0,3,1,2,0.7606875269794674,0.7606875269794674
agg_gcn_search,2,2,1.0,1.0,177.65651232551576,70.0,247.65651232551576,0.8249689533738761,0.7560034361324968,0.0,0.394018767360133,1.0,1.0,2,1,1,0.7210274968275595,0.7210274968275595
agg_gcn_search,3,3,0.9523809523809523,0.9523809523809523,247.45580175950428,105.0,352.4558017595043,0.7562011805325081,0.6527529046704391,-0.008532196737008313,0.41216563537036005,1.0,2.0,3,2,1,0.2538177649804501,0.2495981978136752
agg_gcn_search,4,4,1.0,1.0,183.14825785437517,105.0,288.1482578543752,0.8195583666459358,0.7161100907838668,0.0,0.5733060266589464,1.0,1.0,3,1,2,0.8208774155340938,0.8208774155340938
agg_gcn_search,5,5,1.0,1.0,168.7016197070144,70.0,238.7016197070144,0.8337915076778183,0.7648259904364391,0.0,0.4149337755118749,1.0,1.0,2,1,1,0.5582112674002622,0.5582112674002622
agg_gcn_search,6,6,1.0,1.0,175.8064545873146,70.0,245.8064545873146,0.8267916703573255,0.7578261531159461,0.0,0.3981651308782544,1.0,1.0,2,1,1,0.6873900834057196,0.6873900834057196
agg_gcn_search,7,7,1.0,1.0,170.0421474701593,70.0,240.0421474701593,0.8324707906697938,0.7635052734284145,0.0,0.4116626438882413,1.0,1.0,2,1,1,0.5825844994574417,0.5825844994574417
agg_gcn_search,8,8,0.0,0.0,253.50988469692672,105.0,358.50988469692675,0.7502365668010574,0.6467882909389884,-0.001443135110835793,0.4121441730870656,1.0,2.0,3,2,1,0.308386492275532,0.3046353154266064
agg_gcn_search,9,9,0.9761904761904762,0.9761904761904762,257.5356528032324,70.0,327.5356528032324,0.7462702928046973,0.6773047755633179,-0.0033699969121076027,0.26752104072397087,1.0,2.0,2,1,1,0.3675773858724674,0.34123320730211254
agg_gcn_search,10,10,1.0,1.0,160.78625279268942,35.0,195.78625279268942,0.8415898987264143,0.8071071401057247,0.0,0.2176803015934915,1.0,1.0,1,0,1,0.4142955053216259,0.4142955053216259
agg_gcn_search,11,11,1.0,1.0,173.16796641058642,70.0,243.16796641058642,0.8293911660979445,0.7604256488565652,0.0,0.40423180713474405,1.0,1.0,2,1,1,0.6394175711015715,0.6394175711015715
agg_gcn_search,12,12,1.0,1.0,175.59248306479293,0.0,175.59248306479293,0.8270024797391202,0.8270024797391202,0.0,0.0,1.0,1.0,0,0,0,0.6834996920871439,0.6834996920871439
agg_gcn_search,13,13,1.0,1.0,189.1630152240716,70.0,259.1630152240716,0.8136324973161856,0.7446669800748063,0.0,0.3700511958803473,1.0,1.0,2,1,1,0.9302366404376653,0.9302366404376653
agg_gcn_search,14,14,1.0,1.0,180.89098456177192,70.0,250.89098456177192,0.8217822812199291,0.7528167639785498,0.0,0.386973403730333,1.0,1.0,2,1,1,0.7798360829413075,0.7798360829413075
agg_gcn_search,15,15,1.0,1.0,170.20716349034467,70.0,240.20716349034467,0.8323082133100053,0.7633426960686259,0.0,0.41126353653129816,1.0,1.0,2,1,1,0.5855847907335396,0.5855847907335396
agg_gcn_search,16,16,1.0,1.0,170.41303552476165,70.0,240.41303552476165,0.8321053837194466,0.7631398664780673,0.0,0.410766698594655,1.0,1.0,2,1,1,0.5893279186320298,0.5893279186320298
agg_gcn_search,17,17,1.0,1.0,168.7151770499116,0.0,168.7151770499116,0.8337781506897423,0.8337781506897423,0.0,0.0,1.0,1.0,0,0,0,0.5584577645438473,0.5584577645438473
agg_gcn_search,18,18,1.0,1.0,187.65681641909447,0.0,187.65681641909447,0.8151164370255227,0.8151164370255227,0.0,0.0,1.0,1.0,0,0,0,0.9028512076198992,0.9028512076198992
agg_gcn_search,19,19,0.8809523809523809,0.8809523809523809,245.01809260888962,105.0,350.0180926088896,0.7586028644247392,0.6551545885626703,-0.004549838034477961,0.42204015739587414,1.0,2.0,3,2,1,0.23601727366056235,0.2274372055353602
agg_gcn_search,20,20,1.0,1.0,178.43060090016002,105.0,283.43060090016,0.824206304531862,0.7207580286697931,0.0,0.5884640833483055,1.0,1.0,3,1,2,0.7351018345483642,0.7351018345483642
agg_gcn_search,21,21,1.0,1.0,184.8177444232739,70.0,254.8177444232739,0.817913552292341,0.7489480350509616,0.0,0.37875151121682543,1.0,1.0,2,1,1,0.8512317167867981,0.8512317167867981
agg_gcn_search,22,22,1.0,1.0,165.86088069866736,70.0,235.86088069866736,0.8365902653215099,0.7676247480801306,0.0,0.4220404456140237,1.0,1.0,2,1,1,0.5065614672484972,0.5065614672484972
agg_gcn_search,23,23,1.0,1.0,189.3587851187159,70.0,259.3587851187159,0.8134396205726937,0.7444741033313144,0.0,0.36966861588235506,1.0,1.0,2,1,1,0.9337960930675621,0.9337960930675621
agg_gcn_stable_search,0,0,0.42857142857142855,0.42857142857142855,254.78732531388437,0.0,254.78732531388437,0.7489780046168627,0.7489780046168627,0.005972389833637687,0.005972389833637687,1.0,2.0,0,0,0,0.34364479729493025,0.31624841194440345
agg_gcn_stable_search,1,1,0.0,0.0,257.51692956325206,0.0,257.51692956325206,0.7462887393465497,0.7462887393465497,0.43193983433510946,0.43193983433510946,1.0,2.0,0,0,0,0.3642854002279873,0.34106299602956425
agg_gcn_stable_search,2,2,1.0,1.0,177.65651232551576,35.0,212.65651232551576,0.8249689533738761,0.7904861947531864,0.0,0.1970093836800665,1.0,1.0,1,0,1,0.7210274968275595,0.7210274968275595
agg_gcn_stable_search,3,3,0.38095238095238093,0.38095238095238093,252.70961567169934,35.0,287.70961567169934,0.751025009190444,0.7165422505697543,0.012517975864477318,0.15275058656693338,1.0,2.0,1,1,0,0.29886322350846223,0.29736014246999387
agg_gcn_stable_search,4,4,0.0,0.0,247.38967823334627,0.0,247.38967823334627,0.7562663268636982,0.7562663268636982,0.3507618425180475,0.3507618425180475,1.0,2.0,0,0,0,0.26390969358401406,0.24899707484860237
agg_gcn_stable_search,5,5,0.0,0.0,173.9628192512023,35.0,208.9628192512023,0.8286080598510323,0.7941253012303425,0.031186419865589083,0.23865330762152653,1.0,1.0,1,0,1,0.6538694409309508,0.6538694409309508
agg_gcn_stable_search,6,6,1.0,1.0,175.8064545873146,70.0,245.8064545873146,0.8267916703573255,0.7578261531159461,0.0,0.3981651308782544,1.0,1.0,2,1,1,0.6873900834057196,0.6873900834057196
agg_gcn_stable_search,7,7,0.0,0.0,171.27621255626104,0.0,171.27621255626104,0.8312549629987576,0.8312549629987576,0.007257407086783014,0.007257407086783014,1.0,1.0,0,0,0,0.6050220464774735,0.6050220464774735
agg_gcn_stable_search,8,8,0.0,0.0,257.5433236887344,35.0,292.5433236887344,0.746262735282035,0.7117799766613454,0.014444285607280371,0.15230672167324746,1.0,2.0,1,1,0,0.3700183832927161,0.34130294262485794
agg_gcn_stable_search,9,9,0.0,0.0,278.18561519226813,0.0,278.18561519226813,0.7259255022736274,0.7259255022736274,0.07654271364091939,0.07654271364091939,1.0,2.0,0,0,0,0.5570390994347019,0.5289601381115284
agg_gcn_stable_search,10,10,0.0,0.0,175.89497321100907,35.0,210.89497321100907,0.8267044598906315,0.7922217012699418,0.09396773763861613,0.31164803923210765,1.0,1.0,1,0,1,0.6889995129274376,0.6889995129274376
agg_gcn_stable_search,11,11,1.0,1.0,173.16796641058642,0.0,173.16796641058642,0.8293911660979445,0.8293911660979445,0.0,0.0,1.0,1.0,0,0,0,0.6394175711015715,0.6394175711015715
agg_gcn_stable_search,12,12,1.0,1.0,175.59248306479293,0.0,175.59248306479293,0.8270024797391202,0.8270024797391202,0.0,0.0,1.0,1.0,0,0,0,0.6834996920871439,0.6834996920871439
agg_gcn_stable_search,13,13,1.0,1.0,189.1630152240716,70.0,259.1630152240716,0.8136324973161856,0.7446669800748063,0.0,0.3700511958803473,1.0,1.0,2,1,1,0.9302366404376653,0.9302366404376653
agg_gcn_stable_search,14,14,1.0,1.0,180.89098456177192,70.0,250.89098456177192,0.8217822812199291,0.7528167639785498,0.0,0.386973403730333,1.0,1.0,2,1,1,0.7798360829413075,0.7798360829413075
agg_gcn_stable_search,15,15,0.0,0.0,190.16717905455636,0.0,190.16717905455636,0.8126431733452647,0.8126431733452647,0.11726895128796361,0.11726895128796361,1.0,1.0,0,0,0,0.9484941646282974,0.9484941646282974
agg_gcn_stable_search,16,16,1.0,1.0,170.41303552476165,0.0,170.41303552476165,0.8321053837194466,0.8321053837194466,0.0,0.0,1.0,1.0,0,0,0,0.5893279186320298,0.5893279186320298
agg_gcn_stable_search,17,17,1.0,1.0,168.7151770499116,0.0,168.7151770499116,0.8337781506897423,0.8337781506897423,0.0,0.0,1.0,1.0,0,0,0,0.5584577645438473,0.5584577645438473
agg_gcn_stable_search,18,18,1.0,1.0,187.65681641909447,0.0,187.65681641909447,0.8151164370255227,0.8151164370255227,0.0,0.0,1.0,1.0,0,0,0,0.9028512076198992,0.9028512076198992
agg_gcn_stable_search,19,19,0.35714285714285715,0.35714285714285715,253.200575176281,35.0,288.200575176281,0.7505413052450433,0.7160585466243536,0.028693640070592788,0.1708903052140435,1.0,2.0,1,1,0,0.31934344412051197,0.3018234106934638
agg_gcn_stable_search,20,20,1.0,1.0,178.43060090016002,35.0,213.43060090016002,0.824206304531862,0.7897235459111724,0.0,0.19615469444943517,1.0,1.0,1,0,1,0.7351018345483642,0.7351018345483642
agg_gcn_stable_search,21,21,0.0,0.0,191.08085499273682,0.0,191.08085499273682,0.8117430000071558,0.8117430000071558,0.0338880370443165,0.0338880370443165,1.0,1.0,0,0,0,0.9651064544133966,0.9651064544133966
agg_gcn_stable_search,22,22,1.0,1.0,165.86088069866736,0.0,165.86088069866736,0.8365902653215099,0.8365902653215099,0.0,0.0,1.0,1.0,0,0,0,0.5065614672484972,0.5065614672484972
agg_gcn_stable_search,23,23,1.0,1.0,189.3587851187159,70.0,259.3587851187159,0.8134396205726937,0.7444741033313144,0.0,0.36966861588235506,1.0,1.0,2,1,1,0.9337960930675621,0.9337960930675621
ml_gcn,0,0,0.5476190476190477,0.3333333333333333,274.13772297903637,0.0,274.13772297903637,0.7299135734196686,0.7299135734196686,0.08237323025795304,0.08237323025795304,1.0,2.0,0,0,0,0.5233501345359654,0.49216111799123974
ml_gcn,1,1,0.0,0.0,189.97238696485823,105.0,294.97238696485823,0.8128350867341297,0.7093868108720608,0.05635396002920978,0.6402133702054101,1.0,1.0,3,1,2,0.9449524902701499,0.9449524902701499
ml_gcn,2,2,0.0,0.0,189.40996988708412,70.0,259.4099698870841,0.8133891922294738,0.7444236749880945,0.06615832658041139,0.4601770939405444,1.0,1.0,2,1,1,0.9347267252197109,0.9347267252197109
ml_gcn,3,3,0.5,0.3333333333333333,258.4371438395233,105.0,363.4371438395233,0.7453821242960361,0.6419338484339672,0.03546615380292895,0.45616398591029717,1.0,2.0,3,2,1,0.38278730607043815,0.3494285803593029
ml_gcn,4,4,0.0,0.0,261.3019013437008,70.0,331.3019013437008,0.7425597031096544,0.673594185868275,0.42672337921700115,0.8089273969896321,1.0,2.0,2,1,1,0.38129222143273006,0.37547183039728016
ml_gcn,5,5,0.0,0.0,170.00605533268345,105.0,275.00605533268345,0.8325063494259276,0.7290580735638587,0.007732205701015013,0.6301328689688274,1.0,1.0,3,1,2,0.5819282787760627,0.5819282787760627
ml_gcn,6,6,1.0,1.0,175.8064545873146,70.0,245.8064545873146,0.8267916703573255,0.7578261531159461,0.0,0.3981651308782544,1.0,1.0,2,1,1,0.6873900834057196,0.6873900834057196
ml_gcn,7,7,0.0,0.0,171.27621255626104,0.0,171.27621255626104,0.8312549629987576,0.8312549629987576,0.007257407086783014,0.007257407086783014,1.0,1.0,0,0,0,0.6050220464774735,0.6050220464774735
ml_gcn,8,8,0.0,0.0,257.5433236887344,35.0,292.5433236887344,0.746262735282035,0.7117799766613454,0.014444285607280371,0.15230672167324746,1.0,2.0,1,1,0,0.3700183832927161,0.34130294262485794
ml_gcn,9,9,0.0,0.0,259.54115889151785,70.0,329.54115889151785,0.7442944247374208,0.6753289074960416,0.004391054877051316,0.2752820925131298,1.0,2.0,2,1,1,0.38253858969607224,0.35946508083198075
ml_gcn,10,10,1.0,1.0,160.78625279268942,105.0,265.7862527926894,0.8415898987264143,0.7381416228643454,0.0,0.6530409047804745,1.0,1.0,3,1,2,0.4142955053216259,0.4142955053216259
ml_gcn,11,11,1.0,1.0,173.16796641058642,70.0,243.16796641058642,0.8293911660979445,0.7604256488565652,0.0,0.40423180713474405,1.0,1.0,2,1,1,0.6394175711015715,0.6394175711015715
ml_gcn,12,12,1.0,1.0,175.59248306479293,0.0,175.59248306479293,0.8270024797391202,0.8270024797391202,0.0,0.0,1.0,1.0,0,0,0,0.6834996920871439,0.6834996920871439
ml_gcn,13,13,1.0,1.0,189.1630152240716,70.0,259.1630152240716,0.8136324973161856,0.7446669800748063,0.0,0.3700511958803473,1.0,1.0,2,1,1,0.9302366404376653,0.9302366404376653
ml_gcn,14,14,1.0,1.0,180.89098456177192,70.0,250.89098456177192,0.8217822812199291,0.7528167639785498,0.0,0.386973403730333,1.0,1.0,2,1,1,0.7798360829413075,0.7798360829413075
ml_gcn,15,15,0.0,0.0,190.16717905455636,0.0,190.16717905455636,0.8126431733452647,0.8126431733452647,0.11726895128796361,0.11726895128796361,1.0,1.0,0,0,0,0.9484941646282974,0.9484941646282974
ml_gcn,16,16,1.0,1.0,170.41303552476165,0.0,170.41303552476165,0.8321053837194466,0.8321053837194466,0.0,0.0,1.0,1.0,0,0,0,0.5893279186320298,0.5893279186320298
ml_gcn,17,17,1.0,1.0,168.7151770499116,0.0,168.7151770499116,0.8337781506897423,0.8337781506897423,0.0,0.0,1.0,1.0,0,0,0,0.5584577645438473,0.5584577645438473
ml_gcn,18,18,0.0,0.5238095238095238,269.0550663365575,35.0,304.0550663365575,0.7349211169097956,0.700438358289106,0.4337612215251276,0.6202718991966192,1.0,2.0,1,1,0,0.4547827687018408,0.4459551485141593
ml_gcn,19,19,0.5238095238095238,0.9761904761904762,246.22298892956042,70.0,316.2229889295604,0.7574157744536351,0.6884502572122557,0.0003453687838935041,0.2847386990707949,1.0,2.0,2,1,1,0.2611807395374914,0.23839080845054927
ml_gcn,20,20,0.0,0.5238095238095238,255.4582849238805,140.0,395.4582849238805,0.7483169606661276,0.610385926183369,0.43169548068058666,1.2163142584783273,1.0,2.0,4,2,2,0.3250498088602588,0.32234804476254997
ml_gcn,21,21,0.0,0.0,243.31682688500678,70.0,313.3168268850068,0.7602789882906337,0.6913134710492544,0.3165230841025574,0.6952745953193828,1.0,2.0,2,1,1,0.2183265730590584,0.21197115350006168
ml_gcn,22,22,1.0,1.0,165.86088069866736,105.0,270.86088069866736,0.8365902653215099,0.733141989459441,0.0,0.6330606684210356,1.0,1.0,3,1,2,0.5065614672484972,0.5065614672484972
ml_gcn,23,23,0.0,0.0,260.302385838963,105.0,365.302385838963,0.7435444474492975,0.6400961715872285,0.37465175262805994,0.9291546764515926,1.0,2.0,3,2,1,0.38251027887352707,0.36638532580875427
ml_gcn_pruned,0,0,0.3333333333333333,0.3333333333333333,274.13772297903637,0.0,274.13772297903637,0.7299135734196686,0.7299135734196686,0.08237323025795304,0.08237323025795304,1.0,2.0,0,0,0,0.5233501345359654,0.49216111799123974
ml_gcn_pruned,1,1,0.0,0.0,189.97238696485823,105.0,294.97238696485823,0.8128350867341297,0.7093868108720608,0.05635396002920978,0.6402133702054101,1.0,1.0,3,1,2,0.9449524902701499,0.9449524902701499
ml_gcn_pruned,2,2,0.0,0.0,189.40996988708412,70.0,259.4099698870841,0.8133891922294738,0.7444236749880945,0.06615832658041139,0.4601770939405444,1.0,1.0,2,1,1,0.9347267252197109,0.9347267252197109
ml_gcn_pruned,3,3,0.3333333333333333,0.3333333333333333,258.4371438395233,105.0,363.4371438395233,0.7453821242960361,0.6419338484339672,0.03546615380292895,0.45616398591029717,1.0,2.0,3,2,1,0.38278730607043815,0.3494285803593029
ml_gcn_pruned,4,4,0.0,0.0,261.3019013437008,70.0,331.3019013437008,0.7425597031096544,0.673594185868275,0.42672337921700115,0.8089273969896321,1.0,2.0,2,1,1,0.38129222143273006,0.37547183039728016
ml_gcn_pruned,5,5,0.0,0.0,170.00605533268345,105.0,275.00605533268345,0.8325063494259276,0.7290580735638587,0.007732205701015013,0.6301328689688274,1.0,1.0,3,1,2,0.5819282787760627,0.5819282787760627
ml_gcn_pruned,6,6,1.0,1.0,175.8064545873146,70.0,245.8064545873146,0.8267916703573255,0.7578261531159461,0.0,0.3981651308782544,1.0,1.0,2,1,1,0.6873900834057196,0.6873900834057196
ml_gcn_pruned,7,7,0.0,0.0,171.27621255626104,0.0,171.27621255626104,0.8312549629987576,0.8312549629987576,0.007257407086783014,0.007257407086783014,1.0,1.0,0,0,0,0.6050220464774735,0.6050220464774735
ml_gcn_pruned,8,8,0.0,0.0,257.5433236887344,35.0,292.5433236887344,0.746262735282035,0.7117799766613454,0.014444285607280371,0.15230672167324746,1.0,2.0,1,1,0,0.3700183832927161,0.34130294262485794
ml_gcn_pruned,9,9,0.0,0.0,259.54115889151785,70.0,329.54115889151785,0.7442944247374208,0.6753289074960416,0.004391054877051316,0.2752820925131298,1.0,2.0,2,1,1,0.38253858969607224,0.35946508083198075
ml_gcn_pruned,10,10,1.0,1.0,160.78625279268942,105.0,265.7862527926894,0.8415898987264143,0.7381416228643454,0.0,0.6530409047804745,1.0,1.0,3,1,2,0.4142955053216259,0.4142955053216259
ml_gcn_pruned,11,11,1.0,1.0,173.16796641058642,70.0,243.16796641058642,0.8293911660979445,0.7604256488565652,0.0,0.40423180713474405,1.0,1.0,2,1,1,0.6394175711015715,0.6394175711015715
ml_gcn_pruned,12,12,1.0,1.0,175.59248306479293,0.0,175.59248306479293,0.8270024797391202,0.8270024797391202,0.0,0.0,1.0,1.0,0,0,0,0.6834996920871439,0.6834996920871439
ml_gcn_pruned,13,13,1.0,1.0,189.1630152240716,70.0,259.1630152240716,0.8136324973161856,0.7446669800748063,0.0,0.3700511958803473,1.0,1.0,2,1,1,0.9302366404376653,0.9302366404376653
ml_gcn_pruned,14,14,1.0,1.0,180.89098456177192,70.0,250.89098456177192,0.8217822812199291,0.7528167639785498,0.0,0.386973403730333,1.0,1.0,2,1,1,0.7798360829413075,0.7798360829413075
ml_gcn_pruned,15,15,0.0,0.0,190.16717905455636,0.0,190.16717905455636,0.8126431733452647,0.8126431733452647,0.11726895128796361,0.11726895128796361,1.0,1.0,0,0,0,0.9484941646282974,0.9484941646282974
ml_gcn_pruned,16,16,1.0,1.0,170.41303552476165,0.0,170.41303552476165,0.8321053837194466,0.8321053837194466,0.0,0.0,1.0,1.0,0,0,0,0.5893279186320298,0.5893279186320298
ml_gcn_pruned,17,17,1.0,1.0,168.7151770499116,0.0,168.7151770499116,0.8337781506897423,0.8337781506897423,0.0,0.0,1.0,1.0,0,0,0,0.5584577645438473,0.5584577645438473
ml_gcn_pruned,18,18,0.5238095238095238,0.5238095238095238,269.0550663365575,35.0,304.0550663365575,0.7349211169097956,0.700438358289106,0.4337612215251276,0.6202718991966192,1.0,2.0,1,1,0,0.4547827687018408,0.4459551485141593
ml_gcn_pruned,19,19,0.9761904761904762,0.9761904761904762,246.22298892956042,70.0,316.2229889295604,0.7574157744536351,0.6884502572122557,0.0003453687838935041,0.2847386990707949,1.0,2.0,2,1,1,0.2611807395374914,0.23839080845054927
ml_gcn_pruned,20,20,0.5238095238095238,0.5238095238095238,255.4582849238805,140.0,395.4582849238805,0.7483169606661276,0.610385926183369,0.43169548068058666,1.2163142584783273,1.0,2.0,4,2,2,0.3250498088602588,0.32234804476254997
ml_gcn_pruned,21,21,0.0,0.0,243.31682688500678,70.0,313.3168268850068,0.7602789882906337,0.6913134710492544,0.3165230841025574,0.6952745953193828,1.0,2.0,2,1,1,0.2183265730590584,0.21197115350006168
ml_gcn_pruned,22,22,1.0,1.0,165.86088069866736,105.0,270.86088069866736,0.8365902653215099,0.733141989459441,0.0,0.6330606684210356,1.0,1.0,3,1,2,0.5065614672484972,0.5065614672484972
ml_gcn_pruned,23,23,0.0,0.0,246.64663219294812,105.0,351.6466321929481,0.7569983919281299,0.653550116066061,0.30253598764016354,0.8570389114636962,1.0,2.0,3,2,1,0.25523359735108175,0.24224211084498293
ml_gcn_stable,0,0,0.3333333333333333,0.3333333333333333,274.13772297903637,0.0,274.13772297903637,0.7299135734196686,0.7299135734196686,0.08237323025795304,0.08237323025795304,1.0,2.0,0,0,0,0.5233501345359654,0.49216111799123974
ml_gcn_stable,1,1,0.0,0.0,247.88748787822334,70.0,317.88748787822334,0.7557758740116026,0.6868103567702234,0.37839469012037624,0.7676342969045098,1.0,2.0,2,1,1,0.269653712610883,0.25352261707475776
ml_gcn_stable,2,2,0.0,0.0,246.83855582487536,70.0,316.83855582487536,0.7568093046060341,0.6878437873646548,0.38941462147246814,0.7834333888326012,1.0,2.0,2,1,1,0.2644415674813442,0.2439868711352302
ml_gcn_stable,3,3,0.0,0.0,266.79951980366815,70.0,336.79951980366815,0.7371433302426915,0.6681778130013122,0.06897123417800044,0.3494364555829126,1.0,2.0,2,1,1,0.4342229811582309,0.425450180033347
ml_gcn_stable,4,4,0.0,0.0,261.3019013437008,70.0,331.3019013437008,0.7425597031096544,0.673594185868275,0.42672337921700115,0.8089273969896321,1.0,2.0,2,1,1,0.38129222143273006,0.37547183039728016
ml_gcn_stable,5,5,1.0,1.0,168.7016197070144,35.0,203.7016197070144,0.8337915076778183,0.7993087490571287,0.0,0.20746688775593744,1.0,1.0,1,0,1,0.5582112674002622,0.5582112674002622
ml_gcn_stable,6,6,0.0,0.0,187.25370578634875,0.0,187.25370578634875,0.8155135903582771,0.8155135903582771,0.06511280388370984,0.06511280388370984,1.0,1.0,0,0,0,0.8955219233881588,0.8955219233881588
ml_gcn_stable,7,7,0.0,0.0,171.27621255626104,70.0,241.27621255626104,0.8312549629987576,0.7622894457573783,0.007257407086783014,0.4189200509750243,1.0,1.0,2,1,1,0.6050220464774735,0.6050220464774735
ml_gcn_stable,8,8,0.0,0.0,257.5433236887344,35.0,292.5433236887344,0.746262735282035,0.7117799766613454,0.014444285607280371,0.15230672167324746,1.0,2.0,1,1,0,0.3700183832927161,0.34130294262485794
ml_gcn_stable,9,9,0.0,0.0,259.54115889151785,70.0,329.54115889151785,0.7442944247374208,0.6753289074960416,0.004391054877051316,0.2752820925131298,1.0,2.0,2,1,1,0.38253858969607224,0.35946508083198075
ml_gcn_stable,10,10,0.0,0.0,175.89497321100907,35.0,210.89497321100907,0.8267044598906315,0.7922217012699418,0.09396773763861613,0.31164803923210765,1.0,1.0,1,0,1,0.6889995129274376,0.6889995129274376
ml_gcn_stable,11,11,1.0,1.0,173.16796641058642,0.0,173.16796641058642,0.8293911660979445,0.8293911660979445,0.0,0.0,1.0,1.0,0,0,0,0.6394175711015715,0.6394175711015715
ml_gcn_stable,12,12,1.0,1.0,175.59248306479293,0.0,175.59248306479293,0.8270024797391202,0.8270024797391202,0.0,0.0,1.0,1.0,0,0,0,0.6834996920871439,0.6834996920871439
ml_gcn_stable,13,13,0.0,0.0,251.61104574326043,35.0,286.61104574326043,0.7521073440953099,0.7176245854746203,0.3301281196285464,0.51515371756872,1.0,2.0,1,1,0,0.3134007984984227,0.28737314312054957
ml_gcn_stable,14,14,1.0,1.0,180.89098456177192,35.0,215.89098456177192,0.8217822812199291,0.7872995225992395,0.0,0.1934867018651665,1.0,1.0,1,0,1,0.7798360829413075,0.7798360829413075
ml_gcn_stable,15,15,0.0,0.0,190.16717905455636,0.0,190.16717905455636,0.8126431733452647,0.8126431733452647,0.11726895128796361,0.11726895128796361,1.0,1.0,0,0,0,0.9484941646282974,0.9484941646282974
ml_gcn_stable,16,16,1.0,1.0,170.41303552476165,0.0,170.41303552476165,0.8321053837194466,0.8321053837194466,0.0,0.0,1.0,1.0,0,0,0,0.5893279186320298,0.5893279186320298
ml_gcn_stable,17,17,1.0,1.0,168.7151770499116,0.0,168.7151770499116,0.8337781506897423,0.8337781506897423,0.0,0.0,1.0,1.0,0,0,0,0.5584577645438473,0.5584577645438473
ml_gcn_stable,18,18,1.0,1.0,187.65681641909447,0.0,187.65681641909447,0.8151164370255227,0.8151164370255227,0.0,0.0,1.0,1.0,0,0,0,0.9028512076198992,0.9028512076198992
ml_gcn_stable,19,19,0.35714285714285715,0.35714285714285715,253.200575176281,35.0,288.200575176281,0.7505413052450433,0.7160585466243536,0.028693640070592788,0.1708903052140435,1.0,2.0,1,1,0,0.31934344412051197,0.3018234106934638
ml_gcn_stable,20,20,1.0,1.0,178.43060090016002,35.0,213.43060090016002,0.824206304531862,0.7897235459111724,0.0,0.19615469444943517,1.0,1.0,1,0,1,0.7351018345483642,0.7351018345483642
ml_gcn_stable,21,21,0.0,0.0,191.08085499273682,0.0,191.08085499273682,0.8117430000071558,0.8117430000071558,0.0338880370443165,0.0338880370443165,1.0,1.0,0,0,0,0.9651064544133966,0.9651064544133966
ml_gcn_stable,22,22,1.0,1.0,165.86088069866736,0.0,165.86088069866736,0.8365902653215099,0.8365902653215099,0.0,0.0,1.0,1.0,0,0,0,0.5065614672484972,0.5065614672484972
ml_gcn_stable,23,23,0.0,0.0,268.80809712340704,35.0,303.80809712340704,0.7351644363316187,0.700681677710929,0.4195702457368507,0.6044045536780283,1.0,2.0,1,1,0,0.4532805231811197,0.44370997384915517
ml_gcn_search,0,0,0.9761904761904762,0.9761904761904762,250.45604565983794,0.0,250.45604565983794,0.7532452752119823,0.7532452752119823,-0.011128726712293794,-0.011128726712293794,1.0,2.0,0,0,0,0.30416343426683223,0.276873142362163
ml_gcn_search,1,1,1.0,1.0,179.83781398387072,105.0,284.8378139838707,0.82281988770062,0.7193716118385509,0.0,0.5838594101762004,1.0,1.0,3,1,2,0.7606875269794674,0.7606875269794674
ml_gcn_search,2,2,1.0,1.0,177.65651232551576,70.0,247.65651232551576,0.8249689533738761,0.7560034361324968,0.0,0.394018767360133,1.0,1.0,2,1,1,0.7210274968275595,0.7210274968275595
ml_gcn_search,3,3,0.9047619047619048,0.9047619047619048,248.79999909009518,105.0,353.7999990900952,0.7548768481870983,0.6514285723250294,-0.0031464738522073246,0.4175513582551609,1.0,2.0,3,2,1,0.27174678115051626,0.2618181735463198
ml_gcn_search,4,4,1.0,1.0,183.14825785437517,105.0,288.1482578543752,0.8195583666459358,0.7161100907838668,0.0,0.5733060266589464,1.0,1.0,3,1,2,0.8208774155340938,0.8208774155340938
ml_gcn_search,5,5,1.0,1.0,168.7016197070144,70.0,238.7016197070144,0.8337915076778183,0.7648259904364391,0.0,0.4149337755118749,1.0,1.0,2,1,1,0.5582112674002622,0.5582112674002622
ml_gcn_search,6,6,1.0,1.0,175.8064545873146,70.0,245.8064545873146,0.8267916703573255,0.7578261531159461,0.0,0.3981651308782544,1.0,1.0,2,1,1,0.6873900834057196,0.6873900834057196
ml_gcn_search,7,7,1.0,1.0,170.0421474701593,70.0,240.0421474701593,0.8324707906697938,0.7635052734284145,0.0,0.4116626438882413,1.0,1.0,2,1,1,0.5825844994574417,0.5825844994574417
ml_gcn_search,8,8,0.0,0.0,253.50988469692672,105.0,358.50988469692675,0.7502365668010574,0.6467882909389884,-0.001443135110835793,0.4121441730870656,1.0,2.0,3,2,1,0.308386492275532,0.3046353154266064
ml_gcn_search,9,9,0.9761904761904762,0.9761904761904762,258.5280251999581,70.0,328.5280251999581,0.7452925860098935,0.6763270687685141,0.0004703572060414608,0.27136139484211996,1.0,2.0,2,1,1,0.37432956686968705,0.35025477454507387
ml_gcn_search,10,10,1.0,1.0,160.78625279268942,35.0,195.78625279268942,0.8415898987264143,0.8071071401057247,0.0,0.2176803015934915,1.0,1.0,1,0,1,0.4142955053216259,0.4142955053216259
ml_gcn_search,11,11,1.0,1.0,173.16796641058642,70.0,243.16796641058642,0.8293911660979445,0.7604256488565652,0.0,0.40423180713474405,1.0,1.0,2,1,1,0.6394175711015715,0.6394175711015715
ml_gcn_search,12,12,1.0,1.0,175.59248306479293,0.0,175.59248306479293,0.8270024797391202,0.8270024797391202,0.0,0.0,1.0,1.0,0,0,0,0.6834996920871439,0.6834996920871439
ml_gcn_search,13,13,1.0,1.0,189.1630152240716,70.0,259.1630152240716,0.8136324973161856,0.7446669800748063,0.0,0.3700511958803473,1.0,1.0,2,1,1,0.9302366404376653,0.9302366404376653
ml_gcn_search,14,14,1.0,1.0,180.89098456177192,70.0,250.89098456177192,0.8217822812199291,0.7528167639785498,0.0,0.386973403730333,1.0,1.0,2,1,1,0.7798360829413075,0.7798360829413075
ml_gcn_search,15,15,1.0,1.0,170.20716349034467,70.0,240.20716349034467,0.8323082133100053,0.7633426960686259,0.0,0.41126353653129816,1.0,1.0,2,1,1,0.5855847907335396,0.5855847907335396
ml_gcn_search,16,16,1.0,1.0,170.41303552476165,70.0,240.41303552476165,0.8321053837194466,0.7631398664780673,0.0,0.410766698594655,1.0,1.0,2,1,1,0.5893279186320298,0.5893279186320298
ml_gcn_search,17,17,1.0,1.0,168.7151770499116,0.0,168.7151770499116,0.8337781506897423,0.8337781506897423,0.0,0.0,1.0,1.0,0,0,0,0.5584577645438473,0.5584577645438473
ml_gcn_search,18,18,1.0,1.0,187.65681641909447,0.0,187.65681641909447,0.8151164370255227,0.8151164370255227,0.0,0.0,1.0,1.0,0,0,0,0.9028512076198992,0.9028512076198992
ml_gcn_search,19,19,0.8809523809523809,0.8809523809523809,245.01809260888962,105.0,350.0180926088896,0.7586028644247392,0.6551545885626703,-0.004549838034477961,0.42204015739587414,1.0,2.0,3,2,1,0.23601727366056235,0.2274372055353602
ml_gcn_search,20,20,1.0,1.0,178.43060090016002,105.0,283.43060090016,0.824206304531862,0.7207580286697931,0.0,0.5884640833483055,1.0,1.0,3,1,2,0.7351018345483642,0.7351018345483642
ml_gcn_search,21,21,1.0,1.0,184.8177444232739,70.0,254.8177444232739,0.817913552292341,0.7489480350509616,0.0,0.37875151121682543,1.0,1.0,2,1,1,0.8512317167867981,0.8512317167867981
ml_gcn_search,22,22,1.0,1.0,165.86088069866736,70.0,235.86088069866736,0.8365902653215099,0.7676247480801306,0.0,0.4220404456140237,1.0,1.0,2,1,1,0.5065614672484972,0.5065614672484972
ml_gcn_search,23,23,1.0,1.0,189.3587851187159,70.0,259.3587851187159,0.8134396205726937,0.7444741033313144,0.0,0.36966861588235506,1.0,1.0,2,1,1,0.9337960930675621,0.9337960930675621
ml_gcn_stable_search,0,0,0.9761904761904762,0.9761904761904762,250.45604565983794,0.0,250.45604565983794,0.7532452752119823,0.7532452752119823,-0.011128726712293794,-0.011128726712293794,1.0,2.0,0,0,0,0.30416343426683223,0.276873142362163
ml_gcn_stable_search,1,1,0.0,0.0,257.35759313957595,0.0,257.35759313957595,0.7464457210447527,0.7464457210447527,0.4310538336651369,0.4310538336651369,1.0,2.0,0,0,0,0.415198004866581,0.339614483087054
ml_gcn_stable_search,2,2,0.0,0.0,263.9249608127078,0.0,263.9249608127078,0.7399754080662977,0.7399754080662977,0.4855912533570649,0.4855912533570649,1.0,2.0,0,0,0,0.4098872026569863,0.39931782557007134
ml_gcn_stable_search,3,3,0.0,0.0,265.59512315813697,0.0,265.59512315813697,0.7383299279230178,0.7383299279230178,0.06414564315159708,0.06414564315159708,1.0,2.0,0,0,0,0.43338260058672795,0.41450111961942704
ml_gcn_stable_search,4,4,1.0,1.0,183.14825785437517,35.0,218.14825785437517,0.8195583666459358,0.7850756080252461,0.0,0.19110200888631546,1.0,1.0,1,0,1,0.8208774155340938,0.8208774155340938
ml_gcn_stable_search,5,5,0.0,0.0,170.00605533268345,0.0,170.00605533268345,0.8325063494259276,0.8325063494259276,0.007732205701015013,0.007732205701015013,1.0,1.0,0,0,0,0.5819282787760627,0.5819282787760627
ml_gcn_stable_search,6,6,1.0,1.0,175.8064545873146,70.0,245.8064545873146,0.8267916703573255,0.7578261531159461,0.0,0.3981651308782544,1.0,1.0,2,1,1,0.6873900834057196,0.6873900834057196
ml_gcn_stable_search,7,7,0.0,0.0,171.27621255626104,0.0,171.27621255626104,0.8312549629987576,0.8312549629987576,0.007257407086783014,0.007257407086783014,1.0,1.0,0,0,0,0.6050220464774735,0.6050220464774735
ml_gcn_stable_search,8,8,0.0,0.0,257.5433236887344,35.0,292.5433236887344,0.746262735282035,0.7117799766613454,0.014444285607280371,0.15230672167324746,1.0,2.0,1,1,0,0.3700183832927161,0.34130294262485794
ml_gcn_stable_search,9,9,0.0,0.0,275.46925965471206,0.0,275.46925965471206,0.7286017146258995,0.7286017146258995,0.06603076549581836,0.06603076549581836,1.0,2.0,0,0,0,0.5431086561625247,0.5042659968610188
ml_gcn_stable_search,10,10,0.0,0.0,175.89497321100907,35.0,210.89497321100907,0.8267044598906315,0.7922217012699418,0.09396773763861613,0.31164803923210765,1.0,1.0,1,0,1,0.6889995129274376,0.6889995129274376
ml_gcn_stable_search,11,11,1.0,1.0,173.16796641058642,0.0,173.16796641058642,0.8293911660979445,0.8293911660979445,0.0,0.0,1.0,1.0,0,0,0,0.6394175711015715,0.6394175711015715
ml_gcn_stable_search,12,12,1.0,1.0,175.59248306479293,0.0,175.59248306479293,0.8270024797391202,0.8270024797391202,0.0,0.0,1.0,1.0,0,0,0,0.6834996920871439,0.6834996920871439
ml_gcn_stable_search,13,13,1.0,1.0,189.1630152240716,70.0,259.1630152240716,0.8136324973161856,0.7446669800748063,0.0,0.3700511958803473,1.0,1.0,2,1,1,0.9302366404376653,0.9302366404376653
ml_gcn_stable_search,14,14,1.0,1.0,180.89098456177192,70.0,250.89098456177192,0.8217822812199291,0.7528167639785498,0.0,0.386973403730333,1.0,1.0,2,1,1,0.7798360829413075,0.7798360829413075
ml_gcn_stable_search,15,15,0.0,0.0,190.16717905455636,0.0,190.16717905455636,0.8126431733452647,0.8126431733452647,0.11726895128796361,0.11726895128796361,1.0,1.0,0,0,0,0.9484941646282974,0.9484941646282974
ml_gcn_stable_search,16,16,1.0,1.0,170.41303552476165,0.0,170.41303552476165,0.8321053837194466,0.8321053837194466,0.0,0.0,1.0,1.0,0,0,0,0.5893279186320298,0.5893279186320298
ml_gcn_stable_search,17,17,1.0,1.0,168.7151770499116,0.0,168.7151770499116,0.8337781506897423,0.8337781506897423,0.0,0.0,1.0,1.0,0,0,0,0.5584577645438473,0.5584577645438473
ml_gcn_stable_search,18,18,1.0,1.0,187.65681641909447,0.0,187.65681641909447,0.8151164370255227,0.8151164370255227,0.0,0.0,1.0,1.0,0,0,0,0.9028512076198992,0.9028512076198992
ml_gcn_stable_search,19,19,0.35714285714285715,0.35714285714285715,253.200575176281,35.0,288.200575176281,0.7505413052450433,0.7160585466243536,0.028693640070592788,0.1708903052140435,1.0,2.0,1,1,0,0.31934344412051197,0.3018234106934638
ml_gcn_stable_search,20,20,1.0,1.0,178.43060090016002,35.0,213.43060090016002,0.824206304531862,0.7897235459111724,0.0,0.19615469444943517,1.0,1.0,1,0,1,0.7351018345483642,0.7351018345483642
ml_gcn_stable_search,21,21,0.0,0.0,191.08085499273682,0.0,191.08085499273682,0.8117430000071558,0.8117430000071558,0.0338880370443165,0.0338880370443165,1.0,1.0,0,0,0,0.9651064544133966,0.9651064544133966
ml_gcn_stable_search,22,22,1.0,1.0,165.86088069866736,0.0,165.86088069866736,0.8365902653215099,0.8365902653215099,0.0,0.0,1.0,1.0,0,0,0,0.5065614672484972,0.5065614672484972
ml_gcn_stable_search,23,23,1.0,1.0,189.3587851187159,70.0,259.3587851187159,0.8134396205726937,0.7444741033313144,0.0,0.36966861588235506,1.0,1.0,2,1,1,0.9337960930675621,0.9337960930675621
attn_ml_gcn,0,0,0.5476190476190477,0.3333333333333333,274.13772297903637,0.0,274.13772297903637,0.7299135734196686,0.7299135734196686,0.08237323025795304,0.08237323025795304,1.0,2.0,0,0,0,0.5233501345359654,0.49216111799123974
attn_ml_gcn,1,1,0.0,0.0,189.97238696485823,105.0,294.97238696485823,0.8128350867341297,0.7093868108720608,0.05635396002920978,0.6402133702054101,1.0,1.0,3,1,2,0.9449524902701499,0.9449524902701499
attn_ml_gcn,2,2,0.0,0.0,189.40996988708412,70.0,259.4099698870841,0.8133891922294738,0.7444236749880945,0.06615832658041139,0.4601770939405444,1.0,1.0,2,1,1,0.9347267252197109,0.9347267252197109
attn_ml_gcn,3,3,0.5,0.3333333333333333,258.4371438395233,105.0,363.4371438395233,0.7453821242960361,0.6419338484339672,0.03546615380292895,0.45616398591029717,1.0,2.0,3,2,1,0.38278730607043815,0.3494285803593029
attn_ml_gcn,4,4,0.0,0.0,261.3019013437008,70.0,331.3019013437008,0.7425597031096544,0.673594185868275,0.42672337921700115,0.8089273969896321,1.0,2.0,2,1,1,0.38129222143273006,0.37547183039728016
attn_ml_gcn,5,5,0.0,0.0,170.00605533268345,105.0,275.00605533268345,0.8325063494259276,0.7290580735638587,0.007732205701015013,0.6301328689688274,1.0,1.0,3,1,2,0.5819282787760627,0.5819282787760627
attn_ml_gcn,6,6,1.0,1.0,175.8064545873146,70.0,245.8064545873146,0.8267916703573255,0.7578261531159461,0.0,0.3981651308782544,1.0,1.0,2,1,1,0.6873900834057196,0.6873900834057196
attn_ml_gcn,7,7,0.0,0.0,171.27621255626104,0.0,171.27621255626104,0.8312549629987576,0.8312549629987576,0.007257407086783014,0.007257407086783014,1.0,1.0,0,0,0,0.6050220464774735,0.6050220464774735
attn_ml_gcn,8,8,0.0,0.0,257.5433236887344,35.0,292.5433236887344,0.746262735282035,0.7117799766613454,0.014444285607280371,0.15230672167324746,1.0,2.0,1,1,0,0.3700183832927161,0.34130294262485794
attn_ml_gcn,9,9,0.0,0.0,259.54115889151785,70.0,329.54115889151785,0.7442944247374208,0.6753289074960416,0.004391054877051316,0.2752820925131298,1.0,2.0,2,1,1,0.38253858969607224,0.35946508083198075
attn_ml_gcn,10,10,1.0,1.0,160.78625279268942,105.0,265.7862527926894,0.8415898987264143,0.7381416228643454,0.0,0.6530409047804745,1.0,1.0,3,1,2,0.4142955053216259,0.4142955053216259
attn_ml_gcn,11,11,1.0,1.0,173.16796641058642,70.0,243.16796641058642,0.8293911660979445,0.7604256488565652,0.0,0.40423180713474405,1.0,1.0,2,1,1,0.6394175711015715,0.6394175711015715
attn_ml_gcn,12,12,1.0,1.0,175.59248306479293,0.0,175.59248306479293,0.8270024797391202,0.8270024797391202,0.0,0.0,1.0,1.0,0,0,0,0.6834996920871439,0.6834996920871439
attn_ml_gcn,13,13,1.0,1.0,189.1630152240716,70.0,259.1630152240716,0.8136324973161856,0.7446669800748063,0.0,0.3700511958803473,1.0,1.0,2,1,1,0.9302366404376653,0.9302366404376653
attn_ml_gcn,14,14,1.0,1.0,180.89098456177192,70.0,250.89098456177192,0.8217822812199291,0.7528167639785498,0.0,0.386973403730333,1.0,1.0,2,1,1,0.7798360829413075,0.7798360829413075
attn_ml_gcn,15,15,0.0,0.0,190.16717905455636,0.0,190.16717905455636,0.8126431733452647,0.8126431733452647,0.11726895128796361,0.11726895128796361,1.0,1.0,0,0,0,0.9484941646282974,0.9484941646282974
attn_ml_gcn,16,16,1.0,1.0,170.41303552476165,0.0,170.41303552476165,0.8321053837194466,0.8321053837194466,0.0,0.0,1.0,1.0,0,0,0,0.5893279186320298,0.5893279186320298
attn_ml_gcn,17,17,1.0,1.0,168.7151770499116,0.0,168.7151770499116,0.8337781506897423,0.8337781506897423,0.0,0.0,1.0,1.0,0,0,0,0.5584577645438473,0.5584577645438473
attn_ml_gcn,18,18,0.0,0.5476190476190477,269.742727200964,35.0,304.742727200964,0.7342436185212177,0.699760859900528,0.4374256813488024,0.623936359020294,1.0,2.0,1,1,0,0.4548401601318372,0.4522066109178544
attn_ml_gcn,19,19,0.5238095238095238,0.9761904761904762,246.22298892956042,70.0,316.2229889295604,0.7574157744536351,0.6884502572122557,0.0003453687838935041,0.2847386990707949,1.0,2.0,2,1,1,0.2611807395374914,0.23839080845054927
attn_ml_gcn,20,20,0.0,0.5238095238095238,255.4582849238805,140.0,395.4582849238805,0.7483169606661276,0.610385926183369,0.43169548068058666,1.2163142584783273,1.0,2.0,4,2,2,0.3250498088602588,0.32234804476254997
attn_ml_gcn,21,21,0.0,0.0,243.31682688500678,70.0,313.3168268850068,0.7602789882906337,0.6913134710492544,0.3165230841025574,0.6952745953193828,1.0,2.0,2,1,1,0.2183265730590584,0.21197115350006168
attn_ml_gcn,22,22,1.0,1.0,165.86088069866736,105.0,270.86088069866736,0.8365902653215099,0.733141989459441,0.0,0.6330606684210356,1.0,1.0,3,1,2,0.5065614672484972,0.5065614672484972
attn_ml_gcn,23,23,0.0,0.0,260.302385838963,105.0,365.302385838963,0.7435444474492975,0.6400961715872285,0.37465175262805994,0.9291546764515926,1.0,2.0,3,2,1,0.38251027887352707,0.36638532580875427
attn_ml_gcn_pruned,0,0,0.3333333333333333,0.3333333333333333,274.13772297903637,0.0,274.13772297903637,0.7299135734196686,0.7299135734196686,0.08237323025795304,0.08237323025795304,1.0,2.0,0,0,0,0.5233501345359654,0.49216111799123974
attn_ml_gcn_pruned,1,1,0.0,0.0,189.97238696485823,105.0,294.97238696485823,0.8128350867341297,0.7093868108720608,0.05635396002920978,0.6402133702054101,1.0,1.0,3,1,2,0.9449524902701499,0.9449524902701499
attn_ml_gcn_pruned,2,2,0.0,0.0,189.40996988708412,70.0,259.4099698870841,0.8133891922294738,0.7444236749880945,0.06615832658041139,0.4601770939405444,1.0,1.0,2,1,1,0.9347267252197109,0.9347267252197109
attn_ml_gcn_pruned,3,3,0.3333333333333333,0.3333333333333333,258.4371438395233,105.0,363.4371438395233,0.7453821242960361,0.6419338484339672,0.03546615380292895,0.45616398591029717,1.0,2.0,3,2,1,0.38278730607043815,0.3494285803593029
attn_ml_gcn_pruned,4,4,0.0,0.0,261.3019013437008,70.0,331.3019013437008,0.7425597031096544,0.673594185868275,0.42672337921700115,0.8089273969896321,1.0,2.0,2,1,1,0.38129222143273006,0.37547183039728016
attn_ml_gcn_pruned,5,5,0.0,0.0,170.00605533268345,105.0,275.00605533268345,0.8325063494259276,0.7290580735638587,0.007732205701015013,0.6301328689688274,1.0,1.0,3,1,2,0.5819282787760627,0.5819282787760627
attn_ml_gcn_pruned,6,6,1.0,1.0,175.8064545873146,70.0,245.8064545873146,0.8267916703573255,0.7578261531159461,0.0,0.3981651308782544,1.0,1.0,2,1,1,0.6873900834057196,0.6873900834057196
attn_ml_gcn_pruned,7,7,0.0,0.0,171.27621255626104,0.0,171.27621255626104,0.8312549629987576,0.8312549629987576,0.007257407086783014,0.007257407086783014,1.0,1.0,0,0,0,0.6050220464774735,0.6050220464774735
attn_ml_gcn_pruned,8,8,0.0,0.0,257.5433236887344,35.0,292.5433236887344,0.746262735282035,0.7117799766613454,0.014444285607280371,0.15230672167324746,1.0,2.0,1,1,0,0.3700183832927161,0.34130294262485794
attn_ml_gcn_pruned,9,9,0.0,0.0,259.54115889151785,70.0,329.54115889151785,0.7442944247374208,0.6753289074960416,0.004391054877051316,0.2752820925131298,1.0,2.0,2,1,1,0.38253858969607224,0.35946508083198075
attn_ml_gcn_pruned,10,10,1.0,1.0,160.78625279268942,105.0,265.7862527926894,0.8415898987264143,0.7381416228643454,0.0,0.6530409047804745,1.0,1.0,3,1,2,0.4142955053216259,0.4142955053216259
attn_ml_gcn_pruned,11,11,1.0,1.0,173.16796641058642,70.0,243.16796641058642,0.8293911660979445,0.7604256488565652,0.0,0.40423180713474405,1.0,1.0,2,1,1,0.6394175711015715,0.6394175711015715
attn_ml_gcn_pruned,12,12,1.0,1.0,175.59248306479293,0.0,175.59248306479293,0.8270024797391202,0.8270024797391202,0.0,0.0,1.0,1.0,0,0,0,0.6834996920871439,0.6834996920871439
attn_ml_gcn_pruned,13,13,1.0,1.0,189.1630152240716,70.0,259.1630152240716,0.8136324973161856,0.7446669800748063,0.0,0.3700511958803473,1.0,1.0,2,1,1,0.9302366404376653,0.9302366404376653
attn_ml_gcn_pruned,14,14,1.0,1.0,180.89098456177192,70.0,250.89098456177192,0.8217822812199291,0.7528167639785498,0.0,0.386973403730333,1.0,1.0,2,1,1,0.7798360829413075,0.7798360829413075
attn_ml_gcn_pruned,15,15,0.0,0.0,190.16717905455636,0.0,190.16717905455636,0.8126431733452647,0.8126431733452647,0.11726895128796361,0.11726895128796361,1.0,1.0,0,0,0,0.9484941646282974,0.9484941646282974
attn_ml_gcn_pruned,16,16,1.0,1.0,170.41303552476165,0.0,170.41303552476165,0.8321053837194466,0.8321053837194466,0.0,0.0,1.0,1.0,0,0,0,0.5893279186320298,0.5893279186320298
attn_ml_gcn_pruned,17,17,1.0,1.0,168.7151770499116,0.0,168.7151770499116,0.8337781506897423,0.8337781506897423,0.0,0.0,1.0,1.0,0,0,0,0.5584577645438473,0.5584577645438473
attn_ml_gcn_pruned,18,18,0.5476190476190477,0.5476190476190477,269.742727200964,35.0,304.742727200964,0.7342436185212177,0.699760859900528,0.4374256813488024,0.623936359020294,1.0,2.0,1,1,0,0.4548401601318372,0.4522066109178544
attn_ml_gcn_pruned,19,19,0.9761904761904762,0.9761904761904762,246.22298892956042,70.0,316.2229889295604,0.7574157744536351,0.6884502572122557,0.0003453687838935041,0.2847386990707949,1.0,2.0,2,1,1,0.2611807395374914,0.23839080845054927
attn_ml_gcn_pruned,20,20,0.5238095238095238,0.5238095238095238,255.4582849238805,140.0,395.4582849238805,0.7483169606661276,0.610385926183369,0.43169548068058666,1.2163142584783273,1.0,2.0,4,2,2,0.3250498088602588,0.32234804476254997
attn_ml_gcn_pruned,21,21,0.0,0.0,243.31682688500678,70.0,313.3168268850068,0.7602789882906337,0.6913134710492544,0.3165230841025574,0.6952745953193828,1.0,2.0,2,1,1,0.2183265730590584,0.21197115350006168
attn_ml_gcn_pruned,22,22,1.0,1.0,165.86088069866736,105.0,270.86088069866736,0.8365902653215099,0.733141989459441,0.0,0.6330606684210356,1.0,1.0,3,1,2,0.5065614672484972,0.5065614672484972
attn_ml_gcn_pruned,23,23,0.0,0.0,246.64663219294812,105.0,351.6466321929481,0.7569983919281299,0.653550116066061,0.30253598764016354,0.8570389114636962,1.0,2.0,3,2,1,0.25523359735108175,0.24224211084498293
attn_ml_gcn_stable,0,0,0.3333333333333333,0.3333333333333333,274.13772297903637,0.0,274.13772297903637,0.7299135734196686,0.7299135734196686,0.08237323025795304,0.08237323025795304,1.0,2.0,0,0,0,0.5233501345359654,0.49216111799123974
attn_ml_gcn_stable,1,1,0.0,0.0,247.88748787822334,70.0,317.88748787822334,0.7557758740116026,0.6868103567702234,0.37839469012037624,0.7676342969045098,1.0,2.0,2,1,1,0.269653712610883,0.25352261707475776
attn_ml_gcn_stable,2,2,0.0,0.0,246.83855582487536,70.0,316.83855582487536,0.7568093046060341,0.6878437873646548,0.38941462147246814,0.7834333888326012,1.0,2.0,2,1,1,0.2644415674813442,0.2439868711352302
attn_ml_gcn_stable,3,3,0.0,0.0,266.79951980366815,70.0,336.79951980366815,0.7371433302426915,0.6681778130013122,0.06897123417800044,0.3494364555829126,1.0,2.0,2,1,1,0.4342229811582309,0.425450180033347
attn_ml_gcn_stable,4,4,0.0,0.0,261.3019013437008,70.0,331.3019013437008,0.7425597031096544,0.673594185868275,0.42672337921700115,0.8089273969896321,1.0,2.0,2,1,1,0.38129222143273006,0.37547183039728016
attn_ml_gcn_stable,5,5,1.0,1.0,168.7016197070144,35.0,203.7016197070144,0.8337915076778183,0.7993087490571287,0.0,0.20746688775593744,1.0,1.0,1,0,1,0.5582112674002622,0.5582112674002622
attn_ml_gcn_stable,6,6,0.0,0.0,187.25370578634875,0.0,187.25370578634875,0.8155135903582771,0.8155135903582771,0.06511280388370984,0.06511280388370984,1.0,1.0,0,0,0,0.8955219233881588,0.8955219233881588
attn_ml_gcn_stable,7,7,0.0,0.0,171.27621255626104,70.0,241.27621255626104,0.8312549629987576,0.7622894457573783,0.007257407086783014,0.4189200509750243,1.0,1.0,2,1,1,0.6050220464774735,0.6050220464774735
attn_ml_gcn_stable,8,8,0.0,0.0,257.5433236887344,35.0,292.5433236887344,0.746262735282035,0.7117799766613454,0.014444285607280371,0.15230672167324746,1.0,2.0,1,1,0,0.3700183832927161,0.34130294262485794
attn_ml_gcn_stable,9,9,0.0,0.0,259.54115889151785,70.0,329.54115889151785,0.7442944247374208,0.6753289074960416,0.004391054877051316,0.2752820925131298,1.0,2.0,2,1,1,0.38253858969607224,0.35946508083198075
attn_ml_gcn_stable,10,10,0.0,0.0,175.89497321100907,35.0,210.89497321100907,0.8267044598906315,0.7922217012699418,0.09396773763861613,0.31164803923210765,1.0,1.0,1,0,1,0.6889995129274376,0.6889995129274376
attn_ml_gcn_stable,11,11,1.0,1.0,173.16796641058642,0.0,173.16796641058642,0.8293911660979445,0.8293911660979445,0.0,0.0,1.0,1.0,0,0,0,0.6394175711015715,0.6394175711015715
attn_ml_gcn_stable,12,12,1.0,1.0,175.59248306479293,0.0,175.59248306479293,0.8270024797391202,0.8270024797391202,0.0,0.0,1.0,1.0,0,0,0,0.6834996920871439,0.6834996920871439
attn_ml_gcn_stable,13,13,0.0,0.0,251.61104574326043,35.0,286.61104574326043,0.7521073440953099,0.7176245854746203,0.3301281196285464,0.51515371756872,1.0,2.0,1,1,0,0.3134007984984227,0.28737314312054957
attn_ml_gcn_stable,14,14,1.0,1.0,180.89098456177192,35.0,215.89098456177192,0.8217822812199291,0.7872995225992395,0.0,0.1934867018651665,1.0,1.0,1,0,1,0.7798360829413075,0.7798360829413075
attn_ml_gcn_stable,15,15,0.0,0.0,190.16717905455636,0.0,190.16717905455636,0.8126431733452647,0.8126431733452647,0.11726895128796361,0.11726895128796361,1.0,1.0,0,0,0,0.9484941646282974,0.9484941646282974
attn_ml_gcn_stable,16,16,1.0,1.0,170.41303552476165,0.0,170.41303552476165,0.8321053837194466,0.8321053837194466,0.0,0.0,1.0,1.0,0,0,0,0.5893279186320298,0.5893279186320298
attn_ml_gcn_stable,17,17,1.0,1.0,168.7151770499116,0.0,168.7151770499116,0.8337781506897423,0.8337781506897423,0.0,0.0,1.0,1.0,0,0,0,0.5584577645438473,0.5584577645438473
attn_ml_gcn_stable,18,18,1.0,1.0,187.65681641909447,0.0,187.65681641909447,0.8151164370255227,0.8151164370255227,0.0,0.0,1.0,1.0,0,0,0,0.9028512076198992,0.9028512076198992
attn_ml_gcn_stable,19,19,0.35714285714285715,0.35714285714285715,253.200575176281,35.0,288.200575176281,0.7505413052450433,0.7160585466243536,0.028693640070592788,0.1708903052140435,1.0,2.0,1,1,0,0.31934344412051197,0.3018234106934638
attn_ml_gcn_stable,20,20,1.0,1.0,178.43060090016002,35.0,213.43060090016002,0.824206304531862,0.7897235459111724,0.0,0.19615469444943517,1.0,1.0,1,0,1,0.7351018345483642,0.7351018345483642
attn_ml_gcn_stable,21,21,0.0,0.0,191.08085499273682,0.0,191.08085499273682,0.8117430000071558,0.8117430000071558,0.0338880370443165,0.0338880370443165,1.0,1.0,0,0,0,0.9651064544133966,0.9651064544133966
attn_ml_gcn_stable,22,22,1.0,1.0,165.86088069866736,0.0,165.86088069866736,0.8365902653215099,0.8365902653215099,0.0,0.0,1.0,1.0,0,0,0,0.5065614672484972,0.5065614672484972
attn_ml_gcn_stable,23,23,0.0,0.0,268.80809712340704,35.0,303.80809712340704,0.7351644363316187,0.700681677710929,0.4195702457368507,0.6044045536780283,1.0,2.0,1,1,0,0.4532805231811197,0.44370997384915517
attn_ml_gcn_search,0,0,0.9761904761904762,0.9761904761904762,250.45604565983794,0.0,250.45604565983794,0.7532452752119823,0.7532452752119823,-0.011128726712293794,-0.011128726712293794,1.0,2.0,0,0,0,0.30416343426683223,0.276873142362163
attn_ml_gcn_search,1,1,1.0,1.0,179.83781398387072,105.0,284.8378139838707,0.82281988770062,0.7193716118385509,0.0,0.5838594101762004,1.0,1.0,3,1,2,0.7606875269794674,0.7606875269794674
attn_ml_gcn_search,2,2,1.0,1.0,177.65651232551576,70.0,247.65651232551576,0.8249689533738761,0.7560034361324968,0.0,0.394018767360133,1.0,1.0,2,1,1,0.7210274968275595,0.7210274968275595
attn_ml_gcn_search,3,3,0.9047619047619048,0.9047619047619048,248.79999909009518,105.0,353.7999990900952,0.7548768481870983,0.6514285723250294,-0.0031464738522073246,0.4175513582551609,1.0,2.0,3,2,1,0.27174678115051626,0.2618181735463198
attn_ml_gcn_search,4,4,1.0,1.0,183.14825785437517,105.0,288.1482578543752,0.8195583666459358,0.7161100907838668,0.0,0.5733060266589464,1.0,1.0,3,1,2,0.8208774155340938,0.8208774155340938
attn_ml_gcn_search,5,5,1.0,1.0,168.7016197070144,70.0,238.7016197070144,0.8337915076778183,0.7648259904364391,0.0,0.4149337755118749,1.0,1.0,2,1,1,0.5582112674002622,0.5582112674002622
attn_ml_gcn_search,6,6,1.0,1.0,175.8064545873146,70.0,245.8064545873146,0.8267916703573255,0.7578261531159461,0.0,0.3981651308782544,1.0,1.0,2,1,1,0.6873900834057196,0.6873900834057196
attn_ml_gcn_search,7,7,1.0,1.0,170.0421474701593,70.0,240.0421474701593,0.8324707906697938,0.7635052734284145,0.0,0.4116626438882413,1.0,1.0,2,1,1,0.5825844994574417,0.5825844994574417
attn_ml_gcn_search,8,8,0.0,0.0,253.50988469692672,105.0,358.50988469692675,0.7502365668010574,0.6467882909389884,-0.001443135110835793,0.4121441730870656,1.0,2.0,3,2,1,0.308386492275532,0.3046353154266064
attn_ml_gcn_search,9,9,0.9761904761904762,0.9761904761904762,258.5280251999581,70.0,328.5280251999581,0.7452925860098935,0.6763270687685141,0.0004703572060414608,0.27136139484211996,1.0,2.0,2,1,1,0.37432956686968705,0.35025477454507387
attn_ml_gcn_search,10,10,1.0,1.0,160.78625279268942,35.0,195.78625279268942,0.8415898987264143,0.8071071401057247,0.0,0.2176803015934915,1.0,1.0,1,0,1,0.4142955053216259,0.4142955053216259
attn_ml_gcn_search,11,11,1.0,1.0,173.16796641058642,70.0,243.16796641058642,0.8293911660979445,0.7604256488565652,0.0,0.40423180713474405,1.0,1.0,2,1,1,0.6394175711015715,0.6394175711015715
attn_ml_gcn_search,12,12,1.0,1.0,175.59248306479293,0.0,175.59248306479293,0.8270024797391202,0.8270024797391202,0.0,0.0,1.0,1.0,0,0,0,0.6834996920871439,0.6834996920871439
attn_ml_gcn_search,13,13,1.0,1.0,189.1630152240716,70.0,259.1630152240716,0.8136324973161856,0.7446669800748063,0.0,0.3700511958803473,1.0,1.0,2,1,1,0.9302366404376653,0.9302366404376653
attn_ml_gcn_search,14,14,1.0,1.0,180.89098456177192,70.0,250.89098456177192,0.8217822812199291,0.7528167639785498,0.0,0.386973403730333,1.0,1.0,2,1,1,0.7798360829413075,0.7798360829413075
attn_ml_gcn_search,15,15,1.0,1.0,170.20716349034467,70.0,240.20716349034467,0.8323082133100053,0.7633426960686259,0.0,0.41126353653129816,1.0,1.0,2,1,1,0.5855847907335396,0.5855847907335396
attn_ml_gcn_search,16,16,1.0,1.0,170.41303552476165,70.0,240.41303552476165,0.8321053837194466,0.7631398664780673,0.0,0.410766698594655,1.0,1.0,2,1,1,0.5893279186320298,0.5893279186320298
attn_ml_gcn_search,17,17,1.0,1.0,168.7151770499116,0.0,168.7151770499116,0.8337781506897423,0.8337781506897423,0.0,0.0,1.0,1.0,0,0,0,0.5584577645438473,0.5584577645438473
attn_ml_gcn_search,18,18,1.0,1.0,187.65681641909447,0.0,187.65681641909447,0.8151164370255227,0.8151164370255227,0.0,0.0,1.0,1.0,0,0,0,0.9028512076198992,0.9028512076198992
attn_ml_gcn_search,19,19,0.8809523809523809,0.8809523809523809,245.01809260888962,105.0,350.0180926088896,0.7586028644247392,0.6551545885626703,-0.004549838034477961,0.42204015739587414,1.0,2.0,3,2,1,0.23601727366056235,0.2274372055353602
attn_ml_gcn_search,20,20,1.0,1.0,178.43060090016002,105.0,283.43060090016,0.824206304531862,0.7207580286697931,0.0,0.5884640833483055,1.0,1.0,3,1,2,0.7351018345483642,0.7351018345483642
attn_ml_gcn_search,21,21,1.0,1.0,184.8177444232739,70.0,254.8177444232739,0.817913552292341,0.7489480350509616,0.0,0.37875151121682543,1.0,1.0,2,1,1,0.8512317167867981,0.8512317167867981
attn_ml_gcn_search,22,22,1.0,1.0,165.86088069866736,70.0,235.86088069866736,0.8365902653215099,0.7676247480801306,0.0,0.4220404456140237,1.0,1.0,2,1,1,0.5065614672484972,0.5065614672484972
attn_ml_gcn_search,23,23,1.0,1.0,189.3587851187159,70.0,259.3587851187159,0.8134396205726937,0.7444741033313144,0.0,0.36966861588235506,1.0,1.0,2,1,1,0.9337960930675621,0.9337960930675621
attn_ml_gcn_stable_search,0,0,0.9761904761904762,0.9761904761904762,250.45604565983794,0.0,250.45604565983794,0.7532452752119823,0.7532452752119823,-0.011128726712293794,-0.011128726712293794,1.0,2.0,0,0,0,0.30416343426683223,0.276873142362163
attn_ml_gcn_stable_search,1,1,0.0,0.0,257.35759313957595,0.0,257.35759313957595,0.7464457210447527,0.7464457210447527,0.4310538336651369,0.4310538336651369,1.0,2.0,0,0,0,0.415198004866581,0.339614483087054
attn_ml_gcn_stable_search,2,2,0.0,0.0,263.9249608127078,0.0,263.9249608127078,0.7399754080662977,0.7399754080662977,0.4855912533570649,0.4855912533570649,1.0,2.0,0,0,0,0.4098872026569863,0.39931782557007134
attn_ml_gcn_stable_search,3,3,0.0,0.0,265.59512315813697,0.0,265.59512315813697,0.7383299279230178,0.7383299279230178,0.06414564315159708,0.06414564315159708,1.0,2.0,0,0,0,0.43338260058672795,0.41450111961942704
attn_ml_gcn_stable_search,4,4,1.0,1.0,183.14825785437517,35.0,218.14825785437517,0.8195583666459358,0.7850756080252461,0.0,0.19110200888631546,1.0,1.0,1,0,1,0.8208774155340938,0.8208774155340938
attn_ml_gcn_stable_search,5,5,0.0,0.0,170.00605533268345,0.0,170.00605533268345,0.8325063494259276,0.8325063494259276,0.007732205701015013,0.007732205701015013,1.0,1.0,0,0,0,0.5819282787760627,0.5819282787760627
attn_ml_gcn_stable_search,6,6,1.0,1.0,175.8064545873146,70.0,245.8064545873146,0.8267916703573255,0.7578261531159461,0.0,0.3981651308782544,1.0,1.0,2,1,1,0.6873900834057196,0.6873900834057196
attn_ml_gcn_stable_search,7,7,0.0,0.0,171.27621255626104,0.0,171.27621255626104,0.8312549629987576,0.8312549629987576,0.007257407086783014,0.007257407086783014,1.0,1.0,0,0,0,0.6050220464774735,0.6050220464774735
attn_ml_gcn_stable_search,8,8,0.0,0.0,257.5433236887344,35.0,292.5433236887344,0.746262735282035,0.7117799766613454,0.014444285607280371,0.15230672167324746,1.0,2.0,1,1,0,0.3700183832927161,0.34130294262485794
attn_ml_gcn_stable_search,9,9,0.0,0.0,275.46925965471206,0.0,275.46925965471206,0.7286017146258995,0.7286017146258995,0.06603076549581836,0.06603076549581836,1.0,2.0,0,0,0,0.5431086561625247,0.5042659968610188
attn_ml_gcn_stable_search,10,10,0.0,0.0,175.89497321100907,35.0,210.89497321100907,0.8267044598906315,0.7922217012699418,0.09396773763861613,0.31164803923210765,1.0,1.0,1,0,1,0.6889995129274376,0.6889995129274376
attn_ml_gcn_stable_search,11,11,1.0,1.0,173.16796641058642,0.0,173.16796641058642,0.8293911660979445,0.8293911660979445,0.0,0.0,1.0,1.0,0,0,0,0.6394175711015715,0.6394175711015715
attn_ml_gcn_stable_search,12,12,1.0,1.0,175.59248306479293,0.0,175.59248306479293,0.8270024797391202,0.8270024797391202,0.0,0.0,1.0,1.0,0,0,0,0.6834996920871439,0.6834996920871439
attn_ml_gcn_stable_search,13,13,1.0,1.0,189.1630152240716,70.0,259.1630152240716,0.8136324973161856,0.7446669800748063,0.0,0.3700511958803473,1.0,1.0,2,1,1,0.9302366404376653,0.9302366404376653
attn_ml_gcn_stable_search,14,14,1.0,1.0,180.89098456177192,70.0,250.89098456177192,0.8217822812199291,0.7528167639785498,0.0,0.386973403730333,1.0,1.0,2,1,1,0.7798360829413075,0.7798360829413075
attn_ml_gcn_stable_search,15,15,0.0,0.0,190.16717905455636,0.0,190.16717905455636,0.8126431733452647,0.8126431733452647,0.11726895128796361,0.11726895128796361,1.0,1.0,0,0,0,0.9484941646282974,0.9484941646282974
attn_ml_gcn_stable_search,16,16,1.0,1.0,170.41303552476165,0.0,170.41303552476165,0.8321053837194466,0.8321053837194466,0.0,0.0,1.0,1.0,0,0,0,0.5893279186320298,0.5893279186320298
attn_ml_gcn_stable_search,17,17,1.0,1.0,168.7151770499116,0.0,168.7151770499116,0.8337781506897423,0.8337781506897423,0.0,0.0,1.0,1.0,0,0,0,0.5584577645438473,0.5584577645438473
attn_ml_gcn_stable_search,18,18,1.0,1.0,187.65681641909447,0.0,187.65681641909447,0.8151164370255227,0.8151164370255227,0.0,0.0,1.0,1.0,0,0,0,0.9028512076198992,0.9028512076198992
attn_ml_gcn_stable_search,19,19,0.35714285714285715,0.35714285714285715,253.200575176281,35.0,288.200575176281,0.7505413052450433,0.7160585466243536,0.028693640070592788,0.1708903052140435,1.0,2.0,1,1,0,0.31934344412051197,0.3018234106934638
attn_ml_gcn_stable_search,20,20,1.0,1.0,178.43060090016002,35.0,213.43060090016002,0.824206304531862,0.7897235459111724,0.0,0.19615469444943517,1.0,1.0,1,0,1,0.7351018345483642,0.7351018345483642
attn_ml_gcn_stable_search,21,21,0.0,0.0,191.08085499273682,0.0,191.08085499273682,0.8117430000071558,0.8117430000071558,0.0338880370443165,0.0338880370443165,1.0,1.0,0,0,0,0.9651064544133966,0.9651064544133966
attn_ml_gcn_stable_search,22,22,1.0,1.0,165.86088069866736,0.0,165.86088069866736,0.8365902653215099,0.8365902653215099,0.0,0.0,1.0,1.0,0,0,0,0.5065614672484972,0.5065614672484972
attn_ml_gcn_stable_search,23,23,1.0,1.0,189.3587851187159,70.0,259.3587851187159,0.8134396205726937,0.7444741033313144,0.0,0.36966861588235506,1.0,1.0,2,1,1,0.9337960930675621,0.9337960930675621
