policy,graph_id,hour,raw_assignment_accuracy,assignment_accuracy,energy_w,switching_penalty_w,energy_w_with_switching,energy_saving_vs_all_on,energy_saving_with_switching_vs_all_on,energy_gap_vs_oracle,energy_gap_with_switching_vs_oracle_static,served_ratio,active_bs,switch_events,activation_events,deactivation_events,max_load,mean_active_load
rsrp,0,0,0.23809523809523808,0.21428571428571427,696.3737105075395,0.0,696.3737105075395,0.31391752659355715,0.31391752659355715,2.8852023777836195,2.8852023777836195,1.0,7.0,0,0,0,0.25339666347281475,0.17239924807153115
rsrp,1,1,0.047619047619047616,0.07142857142857142,706.8761296524997,0.0,706.8761296524997,0.3035703156133008,0.3035703156133008,2.8056294508107733,2.8056294508107733,1.0,7.0,0,0,0,0.23943270336460928,0.19967825883766152
rsrp,2,2,0.09523809523809523,0.09523809523809523,685.1256860076785,0.0,685.1256860076785,0.32499932413036603,0.32499932413036603,2.604965352674598,2.604965352674598,1.0,7.0,0,0,0,0.18856871535914577,0.14318360001994415
rsrp,3,3,0.19047619047619047,0.16666666666666666,670.5527253504852,0.0,670.5527253504852,0.33935692083696045,0.33935692083696045,3.036967157085588,3.036967157085588,1.0,7.0,0,0,0,0.13904173557856517,0.10533175415710436
rsrp,4,4,0.09523809523809523,0.09523809523809523,592.8784061934657,35.0,627.8784061934657,0.41588334365175794,0.3814005850310683,2.250062656822684,2.44192694434014,1.0,6.0,1,0,1,0.1892542909565224,0.13599517028322936
rsrp,5,5,0.14285714285714285,0.11904761904761904,677.6946469535775,35.0,712.6946469535775,0.3323205448733227,0.297837786252633,2.8804653493442074,3.0808746160214318,1.0,7.0,1,1,0,0.17424446026210727,0.12388219987942188
rsrp,6,6,0.35714285714285715,0.30952380952380953,687.3187530880714,0.0,687.3187530880714,0.32283866690830404,0.32283866690830404,1.715295961084078,1.715295961084078,1.0,7.0,0,0,0,0.16034425800084376,0.14887987815083464
rsrp,7,7,0.2857142857142857,0.2857142857142857,697.3461475346403,0.0,697.3461475346403,0.31295946055700463,0.31295946055700463,1.7908742568450997,1.7908742568450997,1.0,7.0,0,0,0,0.2098673657598451,0.17492505853153334
rsrp,8,8,0.11904761904761904,0.11904761904761904,714.0572586082199,0.0,714.0572586082199,0.29649531171603954,0.29649531171603954,2.8697416341122413,2.8697416341122413,1.0,7.0,0,0,0,0.2823757243136052,0.21833054183953213
rsrp,9,9,0.2619047619047619,0.2857142857142857,703.2326700121044,0.0,703.2326700121044,0.3071599310225572,0.3071599310225572,1.700748979577644,1.700748979577644,1.0,7.0,0,0,0,0.2533125154000189,0.19021472730416722
rsrp,10,10,0.09523809523809523,0.14285714285714285,679.6484130881441,0.0,679.6484130881441,0.33039565212990724,0.33039565212990724,3.1681882982609078,3.1681882982609078,1.0,7.0,0,0,0,0.19373259918693833,0.1289569171120627
rsrp,11,11,0.23809523809523808,0.19047619047619047,702.2927341747065,0.0,702.2927341747065,0.3080859761825551,0.3080859761825551,2.7828393725155856,2.7828393725155856,1.0,7.0,0,0,0,0.27925492933871027,0.18777333551871814
rsrp,12,12,0.2857142857142857,0.35714285714285715,700.6405345010565,0.0,700.6405345010565,0.30971375911225957,0.30971375911225957,1.8142775496736463,1.8142775496736463,1.0,7.0,0,0,0,0.22852586424291788,0.18348190779495235
rsrp,13,13,0.047619047619047616,0.07142857142857142,691.6243010703879,0.0,691.6243010703879,0.31859674771390356,0.31859674771390356,2.737534508904376,2.737534508904376,1.0,7.0,0,0,0,0.23881596669069036,0.16006311966334535
rsrp,14,14,0.09523809523809523,0.09523809523809523,672.2412742896429,0.0,672.2412742896429,0.3376933258230119,0.3376933258230119,2.828708173775705,2.828708173775705,1.0,7.0,0,0,0,0.1544102552683947,0.10971759555751393
rsrp,15,15,0.16666666666666666,0.16666666666666666,683.5528029933528,0.0,683.5528029933528,0.3265489625681253,0.3265489625681253,3.1114452544461573,3.1114452544461573,1.0,7.0,0,0,0,0.18883696401382805,0.13909818959312378
rsrp,16,16,0.42857142857142855,0.40476190476190477,686.2657554149878,0.0,686.2657554149878,0.3238761030394209,0.3238761030394209,1.710562017105904,1.710562017105904,1.0,7.0,0,0,0,0.17356606991661497,0.14614481925970882
rsrp,17,17,0.35714285714285715,0.3333333333333333,675.3829615831553,0.0,675.3829615831553,0.3345980674057583,0.3345980674057583,1.7452376748665845,1.7452376748665845,1.0,7.0,0,0,0,0.1514673124383972,0.11787782229391001
rsrp,18,18,0.21428571428571427,0.19047619047619047,702.0016951311328,0.0,702.0016951311328,0.3083727141565194,0.3083727141565194,2.938164313364606,2.938164313364606,1.0,7.0,0,0,0,0.25522594077947336,0.18701738995099412
rsrp,19,19,0.09523809523809523,0.09523809523809523,701.0005435381838,0.0,701.0005435381838,0.30935907040573024,0.30935907040573024,2.8435949831694805,2.8435949831694805,1.0,7.0,0,0,0,0.286923690956419,0.1844169962030748
rsrp,20,20,0.19047619047619047,0.19047619047619047,677.7206815615314,0.0,677.7206815615314,0.3322948950132696,0.3322948950132696,2.784678673977883,2.784678673977883,1.0,7.0,0,0,0,0.17703853476999654,0.1239498222377438
rsrp,21,21,0.21428571428571427,0.2857142857142857,732.0053066946086,0.0,732.0053066946086,0.2788125057195974,0.2788125057195974,1.829360268868753,1.829360268868753,1.0,7.0,0,0,0,0.34330711506953643,0.26494884855742495
rsrp,22,22,0.16666666666666666,0.14285714285714285,716.6890302960586,0.0,716.6890302960586,0.2939024332058536,0.2939024332058536,3.2317376585630466,3.2317376585630466,1.0,7.0,0,0,0,0.28644694347223604,0.22516631245729515
rsrp,23,23,0.07142857142857142,0.09523809523809523,679.4118777870327,0.0,679.4118777870327,0.33062869183543575,0.33062869183543575,3.052401102992791,3.052401102992791,1.0,7.0,0,0,0,0.20962784022063094,0.1283425397065784
sinr,0,0,0.23809523809523808,0.21428571428571427,696.3737105075395,0.0,696.3737105075395,0.31391752659355715,0.31391752659355715,2.8852023777836195,2.8852023777836195,1.0,7.0,0,0,0,0.25339666347281475,0.17239924807153115
sinr,1,1,0.047619047619047616,0.07142857142857142,706.8761296524997,0.0,706.8761296524997,0.3035703156133008,0.3035703156133008,2.8056294508107733,2.8056294508107733,1.0,7.0,0,0,0,0.23943270336460928,0.19967825883766152
sinr,2,2,0.09523809523809523,0.09523809523809523,685.1256860076785,0.0,685.1256860076785,0.32499932413036603,0.32499932413036603,2.604965352674598,2.604965352674598,1.0,7.0,0,0,0,0.18856871535914577,0.14318360001994415
sinr,3,3,0.19047619047619047,0.16666666666666666,670.5527253504852,0.0,670.5527253504852,0.33935692083696045,0.33935692083696045,3.036967157085588,3.036967157085588,1.0,7.0,0,0,0,0.13904173557856517,0.10533175415710436
sinr,4,4,0.09523809523809523,0.09523809523809523,592.8784061934657,35.0,627.8784061934657,0.41588334365175794,0.3814005850310683,2.250062656822684,2.44192694434014,1.0,6.0,1,0,1,0.1892542909565224,0.13599517028322936
sinr,5,5,0.14285714285714285,0.11904761904761904,677.6946469535775,35.0,712.6946469535775,0.3323205448733227,0.297837786252633,2.8804653493442074,3.0808746160214318,1.0,7.0,1,1,0,0.17424446026210727,0.12388219987942188
sinr,6,6,0.35714285714285715,0.30952380952380953,687.3187530880714,0.0,687.3187530880714,0.32283866690830404,0.32283866690830404,1.715295961084078,1.715295961084078,1.0,7.0,0,0,0,0.16034425800084376,0.14887987815083464
sinr,7,7,0.2857142857142857,0.2857142857142857,697.3461475346403,0.0,697.3461475346403,0.31295946055700463,0.31295946055700463,1.7908742568450997,1.7908742568450997,1.0,7.0,0,0,0,0.2098673657598451,0.17492505853153334
sinr,8,8,0.11904761904761904,0.11904761904761904,714.0572586082199,0.0,714.0572586082199,0.29649531171603954,0.29649531171603954,2.8697416341122413,2.8697416341122413,1.0,7.0,0,0,0,0.2823757243136052,0.21833054183953213
sinr,9,9,0.2619047619047619,0.2857142857142857,703.2326700121044,0.0,703.2326700121044,0.3071599310225572,0.3071599310225572,1.700748979577644,1.700748979577644,1.0,7.0,0,0,0,0.2533125154000189,0.19021472730416722
sinr,10,10,0.09523809523809523,0.14285714285714285,679.6484130881441,0.0,679.6484130881441,0.33039565212990724,0.33039565212990724,3.1681882982609078,3.1681882982609078,1.0,7.0,0,0,0,0.19373259918693833,0.1289569171120627
sinr,11,11,0.23809523809523808,0.19047619047619047,702.2927341747065,0.0,702.2927341747065,0.3080859761825551,0.3080859761825551,2.7828393725155856,2.7828393725155856,1.0,7.0,0,0,0,0.27925492933871027,0.18777333551871814
sinr,12,12,0.2857142857142857,0.35714285714285715,700.6405345010565,0.0,700.6405345010565,0.30971375911225957,0.30971375911225957,1.8142775496736463,1.8142775496736463,1.0,7.0,0,0,0,0.22852586424291788,0.18348190779495235
sinr,13,13,0.047619047619047616,0.07142857142857142,691.6243010703879,0.0,691.6243010703879,0.31859674771390356,0.31859674771390356,2.737534508904376,2.737534508904376,1.0,7.0,0,0,0,0.23881596669069036,0.16006311966334535
sinr,14,14,0.09523809523809523,0.09523809523809523,672.2412742896429,0.0,672.2412742896429,0.3376933258230119,0.3376933258230119,2.828708173775705,2.828708173775705,1.0,7.0,0,0,0,0.1544102552683947,0.10971759555751393
sinr,15,15,0.16666666666666666,0.16666666666666666,683.5528029933528,0.0,683.5528029933528,0.3265489625681253,0.3265489625681253,3.1114452544461573,3.1114452544461573,1.0,7.0,0,0,0,0.18883696401382805,0.13909818959312378
sinr,16,16,0.42857142857142855,0.40476190476190477,686.2657554149878,0.0,686.2657554149878,0.3238761030394209,0.3238761030394209,1.710562017105904,1.710562017105904,1.0,7.0,0,0,0,0.17356606991661497,0.14614481925970882
sinr,17,17,0.35714285714285715,0.3333333333333333,675.3829615831553,0.0,675.3829615831553,0.3345980674057583,0.3345980674057583,1.7452376748665845,1.7452376748665845,1.0,7.0,0,0,0,0.1514673124383972,0.11787782229391001
sinr,18,18,0.21428571428571427,0.19047619047619047,702.0016951311328,0.0,702.0016951311328,0.3083727141565194,0.3083727141565194,2.938164313364606,2.938164313364606,1.0,7.0,0,0,0,0.25522594077947336,0.18701738995099412
sinr,19,19,0.09523809523809523,0.09523809523809523,701.0005435381838,0.0,701.0005435381838,0.30935907040573024,0.30935907040573024,2.8435949831694805,2.8435949831694805,1.0,7.0,0,0,0,0.286923690956419,0.1844169962030748
sinr,20,20,0.19047619047619047,0.19047619047619047,677.7206815615314,0.0,677.7206815615314,0.3322948950132696,0.3322948950132696,2.784678673977883,2.784678673977883,1.0,7.0,0,0,0,0.17703853476999654,0.1239498222377438
sinr,21,21,0.21428571428571427,0.2857142857142857,732.0053066946086,0.0,732.0053066946086,0.2788125057195974,0.2788125057195974,1.829360268868753,1.829360268868753,1.0,7.0,0,0,0,0.34330711506953643,0.26494884855742495
sinr,22,22,0.16666666666666666,0.14285714285714285,716.6890302960586,0.0,716.6890302960586,0.2939024332058536,0.2939024332058536,3.2317376585630466,3.2317376585630466,1.0,7.0,0,0,0,0.28644694347223604,0.22516631245729515
sinr,23,23,0.07142857142857142,0.09523809523809523,679.4118777870327,0.0,679.4118777870327,0.33062869183543575,0.33062869183543575,3.052401102992791,3.052401102992791,1.0,7.0,0,0,0,0.20962784022063094,0.1283425397065784
load_aware,0,0,0.19047619047619047,0.19047619047619047,693.7492046501012,0.0,693.7492046501012,0.3165032466501466,0.3165032466501466,2.87055975666802,2.87055975666802,1.0,7.0,0,0,0,0.2272802642793482,0.16558234974052263
load_aware,1,1,0.07142857142857142,0.07142857142857142,709.9497473035366,0.0,709.9497473035366,0.3005421208832152,0.3005421208832152,2.822176974998736,2.822176974998736,1.0,7.0,0,0,0,0.23922348554352016,0.20766168130788729
load_aware,2,2,0.11904761904761904,0.11904761904761904,692.7517133695546,0.0,692.7517133695546,0.31748599668024174,0.31748599668024174,2.6450916608536255,2.6450916608536255,1.0,7.0,0,0,0,0.17642784038868628,0.16299146329754463
load_aware,3,3,0.14285714285714285,0.14285714285714285,673.1932619868435,0.0,673.1932619868435,0.33675540690951383,0.33675540690951383,3.0528641317380854,3.0528641317380854,1.0,7.0,0,0,0,0.13906799929171837,0.11219029087491794
load_aware,4,4,0.09523809523809523,0.09523809523809523,684.7089721423247,0.0,684.7089721423247,0.3254098796627343,0.3254098796627343,2.7534628313399,2.7534628313399,1.0,7.0,0,0,0,0.16804510174191686,0.14210122634370057
load_aware,5,5,0.14285714285714285,0.14285714285714285,678.3663109096883,0.0,678.3663109096883,0.33165880698552874,0.33165880698552874,2.8843112830841413,2.8843112830841413,1.0,7.0,0,0,0,0.14497291668457837,0.1256267815836058
load_aware,6,6,0.30952380952380953,0.30952380952380953,691.037072157676,0.0,691.037072157676,0.3191752983668217,0.3191752983668217,1.729985414421932,1.729985414421932,1.0,7.0,0,0,0,0.1777952174024936,0.15853784976019752
load_aware,7,7,0.2619047619047619,0.2619047619047619,697.4903809464174,0.0,697.4903809464174,0.3128173586734804,0.3128173586734804,1.7914514986027674,1.7914514986027674,1.0,7.0,0,0,0,0.2098673657598451,0.1752996907699155
load_aware,8,8,0.11904761904761904,0.11904761904761904,714.0572586082199,0.0,714.0572586082199,0.29649531171603954,0.29649531171603954,2.8697416341122413,2.8697416341122413,1.0,7.0,0,0,0,0.2823757243136052,0.21833054183953213
load_aware,9,9,0.2857142857142857,0.2857142857142857,719.2371206926459,0.0,719.2371206926459,0.2913919993175902,0.2913919993175902,1.7622137062426169,1.7622137062426169,1.0,7.0,0,0,0,0.2637039861583271,0.23178472907180772
load_aware,10,10,0.14285714285714285,0.14285714285714285,680.785104571364,0.0,680.785104571364,0.32927575904299117,0.32927575904299117,3.1751594675417456,3.1751594675417456,1.0,7.0,0,0,0,0.18101079943867687,0.1319093625230232
load_aware,11,11,0.16666666666666666,0.16666666666666666,718.7850919336117,0.0,718.7850919336117,0.2918373478486584,0.2918373478486584,2.8716740382327446,2.8716740382327446,1.0,7.0,0,0,0,0.2633548882613571,0.23061062839899135
load_aware,12,12,0.35714285714285715,0.35714285714285715,718.2429464921897,0.0,718.2429464921897,0.292371481288483,0.292371481288483,1.884981527601543,1.884981527601543,1.0,7.0,0,0,0,0.2624052689818458,0.2292024584212722
load_aware,13,13,0.09523809523809523,0.09523809523809523,699.0392047894114,0.0,699.0392047894114,0.3112914238527966,0.3112914238527966,2.7776046141438298,2.7776046141438298,1.0,7.0,0,0,0,0.21562384826099415,0.1793226098426272
load_aware,14,14,0.09523809523809523,0.09523809523809523,676.2971857488437,0.0,676.2971857488437,0.3336973539420259,0.3336973539420259,2.8518083640643215,2.8518083640643215,1.0,7.0,0,0,0,0.14941919267228043,0.12025243051647692
load_aware,15,15,0.14285714285714285,0.14285714285714285,689.4304034529732,0.0,689.4304034529732,0.3207582231990412,0.3207582231990412,3.1467979476271584,3.1467979476271584,1.0,7.0,0,0,0,0.18352810642525744,0.15436468429343714
load_aware,16,16,0.38095238095238093,0.38095238095238093,686.5562652640167,0.0,686.5562652640167,0.3235898864393924,0.3235898864393924,1.7117094515453462,1.7117094515453462,1.0,7.0,0,0,0,0.1734301044585496,0.14689939029614713
load_aware,17,17,0.3333333333333333,0.3333333333333333,680.4272082163556,0.0,680.4272082163556,0.32962836628930486,0.32962836628930486,1.7657410880209825,1.7657410880209825,1.0,7.0,0,0,0,0.1514673124383972,0.13097976160092353
load_aware,18,18,0.19047619047619047,0.19047619047619047,707.852299931842,0.0,707.852299931842,0.3026085714957221,0.3026085714957221,2.9709856629390523,2.9709856629390523,1.0,7.0,0,0,0,0.21984124557107432,0.20221376605673255
load_aware,19,19,0.09523809523809523,0.09523809523809523,711.6500795313814,0.0,711.6500795313814,0.2988669167178509,0.2988669167178509,2.901986525792168,2.901986525792168,1.0,7.0,0,0,0,0.2667966541379511,0.21207812865293868
load_aware,20,20,0.21428571428571427,0.21428571428571427,687.9023022374222,0.0,687.9023022374222,0.3222637416380077,0.3222637416380077,2.841537146335241,2.841537146335241,1.0,7.0,0,0,0,0.202992530559821,0.1503955902270707
load_aware,21,21,0.30952380952380953,0.30952380952380953,736.1533058920837,0.0,736.1533058920837,0.2747258070028732,0.2747258070028732,1.8453931910583892,1.8453931910583892,1.0,7.0,0,0,0,0.3355326150658916,0.27572287244697063
load_aware,22,22,0.14285714285714285,0.14285714285714285,719.5186986595759,0.0,719.5186986595759,0.2911145826014031,0.2911145826014031,3.2484456220855162,3.2484456220855162,1.0,7.0,0,0,0,0.28644694347223604,0.2325161004144829
load_aware,23,23,0.11904761904761904,0.11904761904761904,687.4099656094728,0.0,687.4099656094728,0.3227488023551992,0.3227488023551992,3.1001062741461998,3.1001062741461998,1.0,7.0,0,0,0,0.19811742996680698,0.14911679379083834
rsrp_sleep,0,0,1.0,1.0,179.2374354781482,0.0,179.2374354781482,0.823411393617588,0.823411393617588,0.0,0.0,1.0,1.0,0,0,0,0.749771554148149,0.749771554148149
rsrp_sleep,1,1,0.0,0.0,189.69373294595968,0.0,189.69373294595968,0.8131096227133402,0.8131096227133402,0.02125963298303222,0.02125963298303222,1.0,1.0,0,0,0,0.9398860535629033,0.9398860535629033
rsrp_sleep,2,2,0.0,0.0,255.92473448956758,35.0,290.9247344895676,0.7478574044437758,0.7133746458230862,0.3466139418935708,0.5307754613351245,1.0,2.0,1,1,0,0.3489624423388024,0.32658849535970513
rsrp_sleep,3,3,0.0,0.0,189.8432013503152,105.0,294.8432013503152,0.8129623632016599,0.7095140873395909,0.1429239489655805,0.7750614908306619,1.0,1.0,3,1,2,0.942603660914822,0.942603660914822
rsrp_sleep,4,4,0.0,0.0,509.42169125929826,140.0,649.4216912592983,0.498106708118918,0.3601756736361593,1.7925665668400717,2.5600237169098943,1.0,5.0,4,4,0,0.17693999391892867,0.15789705912472093
rsrp_sleep,5,5,1.0,1.0,174.64262296997623,210.0,384.64262296997623,0.8279383024926343,0.6210417507684963,0.0,1.202455600063349,1.0,1.0,6,1,5,0.666229508545022,0.666229508545022
rsrp_sleep,6,6,0.9523809523809523,0.9523809523809523,252.37615671127622,105.0,357.3761567112762,0.7513535401859347,0.6479052643238657,-0.0029721204126071923,0.4118369832716267,1.0,2.0,3,2,1,0.30787311275410556,0.29432869737523837
rsrp_sleep,7,7,0.0,0.0,252.99764100122783,140.0,392.99764100122786,0.7507412403928789,0.6128102059101204,0.012531016065863713,0.5728300832359524,1.0,2.0,4,2,2,0.31750642050208194,0.2999785545566167
rsrp_sleep,8,8,0.0,0.0,257.92771365382805,140.0,397.92771365382805,0.7458840259568197,0.607952991474061,0.3978061284091384,1.1565181535927689,1.0,2.0,4,2,2,0.3585258467636977,0.3447973968529819
rsrp_sleep,9,9,0.0,0.0,266.04765765631157,140.0,406.04765765631157,0.7378840811267866,0.599953046644028,0.02174994219471929,0.559416739066318,1.0,2.0,4,2,2,0.42026816436929043,0.4186150696028326
rsrp_sleep,10,10,0.0,0.0,176.54845778851856,35.0,211.54845778851856,0.8260606327206713,0.7915778740999817,0.08274690510411767,0.29739699128067676,1.0,1.0,1,0,1,0.7008810507003375,0.7008810507003375
rsrp_sleep,11,11,0.0,0.0,254.35746575776406,105.0,359.3574657577641,0.7494015115687054,0.6459532357066363,0.37007459900958306,0.9356480625894116,1.0,2.0,3,2,1,0.31698006564736636,0.3123405977978553
rsrp_sleep,12,12,0.38095238095238093,0.40476190476190477,254.89706390685407,140.0,394.8970639068541,0.7488698877764984,0.6109388532937398,0.023850389903050034,0.5861913301612195,1.0,2.0,4,2,2,0.3509763003398524,0.31724603551685515
rsrp_sleep,13,13,0.0,0.0,253.23733389519103,70.0,323.237333895191,0.7505050897584326,0.6815395725170532,0.3684933755384211,0.7467730502381104,1.0,2.0,2,1,1,0.310426947115352,0.30215758086537287
rsrp_sleep,14,14,0.0,0.0,246.1309352616649,140.0,386.1309352616649,0.7575064677224976,0.619575433239739,0.40182336267761964,1.1991846149973466,1.0,2.0,4,2,2,0.2531366629686237,0.23755395692422637
rsrp_sleep,15,15,1.0,1.0,166.25608774776998,105.0,271.25608774777,0.83620089877067,0.7327526229086011,0.0,0.6315558210373465,1.0,1.0,3,1,2,0.5137470499594543,0.5137470499594543
rsrp_sleep,16,16,0.5476190476190477,0.5,265.89849647717983,105.0,370.89849647717983,0.7380310379535174,0.6345827620914485,0.0502263288961294,0.464947607861908,1.0,2.0,3,2,1,0.4520712581692278,0.4172590588834527
rsrp_sleep,17,17,0.9761904761904762,1.0,246.0198502178789,70.0,316.0198502178789,0.7576159111153903,0.688650393874011,0.0,0.28452988625920606,1.0,2.0,2,1,1,0.2378874486358445,0.23654409288980832
rsrp_sleep,18,18,0.0,0.0,253.00625391578126,140.0,393.00625391578126,0.7507327547627771,0.6128017202800184,0.4193415872636484,1.2047285851797358,1.0,2.0,4,2,2,0.3185964291136308,0.3000568537798296
rsrp_sleep,19,19,0.0,0.0,255.77234563988594,70.0,325.77234563988594,0.7480075412414916,0.6790420240001123,0.40240305602759746,0.7862139550375613,1.0,2.0,2,1,1,0.32796104693398415,0.3252031421807814
rsrp_sleep,20,20,1.0,1.0,179.06954326698855,105.0,284.06954326698855,0.8235768046630654,0.7201285288009964,0.0,0.5863643704247764,1.0,1.0,3,1,2,0.7467189684907006,0.7467189684907006
rsrp_sleep,21,21,0.9285714285714286,0.9285714285714286,256.66587712024347,105.0,361.66587712024347,0.7471272146598587,0.6436789387977896,-0.007930368186065831,0.39791754782523364,1.0,2.0,3,2,1,0.3599085093803629,0.3333261556385768
rsrp_sleep,22,22,0.0,0.0,257.8149589585489,140.0,397.8149589585489,0.7459951143265527,0.6080640798437942,0.5222854329374793,1.3489246685821115,1.0,2.0,4,2,2,0.3894094200382214,0.3437723541686263
rsrp_sleep,23,23,0.0,0.0,255.33263483737534,70.0,325.33263483737534,0.7484407538548027,0.6794752366134234,0.5229498995738396,0.9404699437235734,1.0,2.0,2,1,1,0.3583253085978729,0.3212057712488666
sinr_sleep,0,0,1.0,1.0,179.2374354781482,0.0,179.2374354781482,0.823411393617588,0.823411393617588,0.0,0.0,1.0,1.0,0,0,0,0.749771554148149,0.749771554148149
sinr_sleep,1,1,0.0,0.0,189.69373294595968,0.0,189.69373294595968,0.8131096227133402,0.8131096227133402,0.02125963298303222,0.02125963298303222,1.0,1.0,0,0,0,0.9398860535629033,0.9398860535629033
sinr_sleep,2,2,0.0,0.0,255.92473448956758,35.0,290.9247344895676,0.7478574044437758,0.7133746458230862,0.3466139418935708,0.5307754613351245,1.0,2.0,1,1,0,0.3489624423388024,0.32658849535970513
sinr_sleep,3,3,0.0,0.0,189.8432013503152,105.0,294.8432013503152,0.8129623632016599,0.7095140873395909,0.1429239489655805,0.7750614908306619,1.0,1.0,3,1,2,0.942603660914822,0.942603660914822
sinr_sleep,4,4,0.0,0.0,509.42169125929826,140.0,649.4216912592983,0.498106708118918,0.3601756736361593,1.7925665668400717,2.5600237169098943,1.0,5.0,4,4,0,0.17693999391892867,0.15789705912472093
sinr_sleep,5,5,1.0,1.0,174.64262296997623,210.0,384.64262296997623,0.8279383024926343,0.6210417507684963,0.0,1.202455600063349,1.0,1.0,6,1,5,0.666229508545022,0.666229508545022
sinr_sleep,6,6,0.9523809523809523,0.9523809523809523,252.37615671127622,105.0,357.3761567112762,0.7513535401859347,0.6479052643238657,-0.0029721204126071923,0.4118369832716267,1.0,2.0,3,2,1,0.30787311275410556,0.29432869737523837
sinr_sleep,7,7,0.0,0.0,252.99764100122783,140.0,392.99764100122786,0.7507412403928789,0.6128102059101204,0.012531016065863713,0.5728300832359524,1.0,2.0,4,2,2,0.31750642050208194,0.2999785545566167
sinr_sleep,8,8,0.0,0.0,257.92771365382805,140.0,397.92771365382805,0.7458840259568197,0.607952991474061,0.3978061284091384,1.1565181535927689,1.0,2.0,4,2,2,0.3585258467636977,0.3447973968529819
sinr_sleep,9,9,0.0,0.0,266.04765765631157,140.0,406.04765765631157,0.7378840811267866,0.599953046644028,0.02174994219471929,0.559416739066318,1.0,2.0,4,2,2,0.42026816436929043,0.4186150696028326
sinr_sleep,10,10,0.0,0.0,176.54845778851856,35.0,211.54845778851856,0.8260606327206713,0.7915778740999817,0.08274690510411767,0.29739699128067676,1.0,1.0,1,0,1,0.7008810507003375,0.7008810507003375
sinr_sleep,11,11,0.0,0.0,254.35746575776406,105.0,359.3574657577641,0.7494015115687054,0.6459532357066363,0.37007459900958306,0.9356480625894116,1.0,2.0,3,2,1,0.31698006564736636,0.3123405977978553
sinr_sleep,12,12,0.38095238095238093,0.40476190476190477,254.89706390685407,140.0,394.8970639068541,0.7488698877764984,0.6109388532937398,0.023850389903050034,0.5861913301612195,1.0,2.0,4,2,2,0.3509763003398524,0.31724603551685515
sinr_sleep,13,13,0.0,0.0,253.23733389519103,70.0,323.237333895191,0.7505050897584326,0.6815395725170532,0.3684933755384211,0.7467730502381104,1.0,2.0,2,1,1,0.310426947115352,0.30215758086537287
sinr_sleep,14,14,0.0,0.0,246.1309352616649,140.0,386.1309352616649,0.7575064677224976,0.619575433239739,0.40182336267761964,1.1991846149973466,1.0,2.0,4,2,2,0.2531366629686237,0.23755395692422637
sinr_sleep,15,15,1.0,1.0,166.25608774776998,105.0,271.25608774777,0.83620089877067,0.7327526229086011,0.0,0.6315558210373465,1.0,1.0,3,1,2,0.5137470499594543,0.5137470499594543
sinr_sleep,16,16,0.5476190476190477,0.5,265.89849647717983,105.0,370.89849647717983,0.7380310379535174,0.6345827620914485,0.0502263288961294,0.464947607861908,1.0,2.0,3,2,1,0.4520712581692278,0.4172590588834527
sinr_sleep,17,17,0.9761904761904762,1.0,246.0198502178789,70.0,316.0198502178789,0.7576159111153903,0.688650393874011,0.0,0.28452988625920606,1.0,2.0,2,1,1,0.2378874486358445,0.23654409288980832
sinr_sleep,18,18,0.0,0.0,253.00625391578126,140.0,393.00625391578126,0.7507327547627771,0.6128017202800184,0.4193415872636484,1.2047285851797358,1.0,2.0,4,2,2,0.3185964291136308,0.3000568537798296
sinr_sleep,19,19,0.0,0.0,255.77234563988594,70.0,325.77234563988594,0.7480075412414916,0.6790420240001123,0.40240305602759746,0.7862139550375613,1.0,2.0,2,1,1,0.32796104693398415,0.3252031421807814
sinr_sleep,20,20,1.0,1.0,179.06954326698855,105.0,284.06954326698855,0.8235768046630654,0.7201285288009964,0.0,0.5863643704247764,1.0,1.0,3,1,2,0.7467189684907006,0.7467189684907006
sinr_sleep,21,21,0.9285714285714286,0.9285714285714286,256.66587712024347,105.0,361.66587712024347,0.7471272146598587,0.6436789387977896,-0.007930368186065831,0.39791754782523364,1.0,2.0,3,2,1,0.3599085093803629,0.3333261556385768
sinr_sleep,22,22,0.0,0.0,257.8149589585489,140.0,397.8149589585489,0.7459951143265527,0.6080640798437942,0.5222854329374793,1.3489246685821115,1.0,2.0,4,2,2,0.3894094200382214,0.3437723541686263
sinr_sleep,23,23,0.0,0.0,255.33263483737534,70.0,325.33263483737534,0.7484407538548027,0.6794752366134234,0.5229498995738396,0.9404699437235734,1.0,2.0,2,1,1,0.3583253085978729,0.3212057712488666
load_sleep,0,0,1.0,1.0,179.2374354781482,0.0,179.2374354781482,0.823411393617588,0.823411393617588,0.0,0.0,1.0,1.0,0,0,0,0.749771554148149,0.749771554148149
load_sleep,1,1,0.0,0.0,189.69373294595968,0.0,189.69373294595968,0.8131096227133402,0.8131096227133402,0.02125963298303222,0.02125963298303222,1.0,1.0,0,0,0,0.9398860535629033,0.9398860535629033
load_sleep,2,2,0.0,0.0,192.7771401889111,70.0,262.77714018891106,0.8100717830651123,0.741106265823733,0.014346601451065123,0.38266964033417245,1.0,1.0,2,1,1,0.9959480034347471,0.9959480034347471
load_sleep,3,3,0.0,0.0,189.8432013503152,70.0,259.8432013503152,0.8129623632016599,0.7439968459602806,0.1429239489655805,0.5643489768756348,1.0,1.0,2,1,1,0.942603660914822,0.942603660914822
load_sleep,4,4,0.0,0.0,250.74072704677457,35.0,285.74072704677457,0.7529648009391384,0.7184820423184488,0.37451974132680615,0.5663840288442618,1.0,2.0,1,1,0,0.29711404424750226,0.27946115497067786
load_sleep,5,5,1.0,1.0,174.64262296997623,105.0,279.64262296997623,0.8279383024926343,0.7244900266305654,0.0,0.6012278000316745,1.0,1.0,3,1,2,0.666229508545022,0.666229508545022
load_sleep,6,6,1.0,1.0,253.1284850487018,105.0,358.1284850487018,0.750612330001279,0.6471640541392101,0.0,0.4148091036842339,1.0,2.0,3,2,1,0.3016416776993799,0.30116804589728924
load_sleep,7,7,0.0,0.0,253.87245785429275,140.0,393.87245785429275,0.7498793518676918,0.6119483173849333,0.016032152256699024,0.5763312194267877,1.0,2.0,4,2,2,0.3169927518425802,0.30793143503902487
load_sleep,8,8,0.0,0.0,260.4789959320687,140.0,400.4789959320687,0.7433704473575677,0.6054394128748091,0.41163247515298895,1.1703445003366193,1.0,2.0,4,2,2,0.37425278606915346,0.3679908721097157
load_sleep,9,9,0.0,0.0,266.04765765631157,140.0,406.04765765631157,0.7378840811267866,0.599953046644028,0.02174994219471929,0.559416739066318,1.0,2.0,4,2,2,0.42026816436929043,0.4186150696028326
load_sleep,10,10,0.0,0.0,176.54845778851856,35.0,211.54845778851856,0.8260606327206713,0.7915778740999817,0.08274690510411767,0.29739699128067676,1.0,1.0,1,0,1,0.7008810507003375,0.7008810507003375
load_sleep,11,11,0.0,0.0,190.98912934844046,70.0,260.98912934844043,0.8118333701000587,0.7428678528586794,0.028746508492317357,0.4057954842122028,1.0,1.0,2,1,1,0.9634387154261902,0.9634387154261902
load_sleep,12,12,0.35714285714285715,0.35714285714285715,260.5759027832767,105.0,365.5759027832767,0.7432749726273137,0.6398266967652446,0.04666070128406544,0.46841640647769245,1.0,2.0,3,2,1,0.370691242509011,0.3688718434843335
load_sleep,13,13,0.0,0.0,253.23733389519103,140.0,393.237333895191,0.7505050897584326,0.6125740552756739,0.3684933755384211,1.1250527249377997,1.0,2.0,4,2,2,0.310426947115352,0.30215758086537287
load_sleep,14,14,0.0,0.0,247.15498705659212,140.0,387.1549870565921,0.7564975496979388,0.6185665152151802,0.4076557856893585,1.2050170380090854,1.0,2.0,4,2,2,0.2560977065099903,0.24686351869629203
load_sleep,15,15,0.0,0.0,167.69265093869518,105.0,272.6926509386952,0.8347855655776403,0.7313372897155713,0.008640665195398042,0.6401964862327446,1.0,1.0,3,1,2,0.5398663807035491,0.5398663807035491
load_sleep,16,16,0.4523809523809524,0.4523809523809524,260.68134626119786,105.0,365.68134626119786,0.7431710874273912,0.6397228115653223,0.029620012609190043,0.4443412915749686,1.0,2.0,3,2,1,0.37735564950217854,0.36983042055634385
load_sleep,17,17,1.0,1.0,246.0198502178789,70.0,316.0198502178789,0.7576159111153903,0.688650393874011,0.0,0.28452988625920606,1.0,2.0,2,1,1,0.2378874486358445,0.23654409288980832
load_sleep,18,18,1.0,1.0,178.2560704104729,105.0,283.2560704104729,0.8243782557532288,0.7209299798911598,0.0,0.5890402484370656,1.0,1.0,3,1,2,0.7319285529176888,0.7319285529176888
load_sleep,19,19,0.0,0.0,255.77234563988594,105.0,360.77234563988594,0.7480075412414916,0.6445592653794227,0.40240305602759746,0.9781194045425432,1.0,2.0,3,2,1,0.32796104693398415,0.3252031421807814
load_sleep,20,20,1.0,1.0,179.06954326698855,105.0,284.06954326698855,0.8235768046630654,0.7201285288009964,0.0,0.5863643704247764,1.0,1.0,3,1,2,0.7467189684907006,0.7467189684907006
load_sleep,21,21,1.0,1.0,258.7176029679961,105.0,363.7176029679961,0.7451058098837477,0.6416575340216788,0.0,0.4058479160112995,1.0,2.0,3,2,1,0.35772550041344203,0.351978208799964
load_sleep,22,22,0.0,0.0,259.81780514032744,140.0,399.81780514032744,0.7440218668568203,0.6060908323740616,0.5341113703433306,1.3607506059879628,1.0,2.0,4,2,2,0.36611996338367836,0.36198004673024914
load_sleep,23,23,0.0,0.0,258.64491198721294,70.0,328.64491198721294,0.7451774266135833,0.676211909372204,0.5427062153143589,0.9602262594640926,1.0,2.0,2,1,1,0.35512916773744985,0.35131738170193594
greedy_sleep,0,0,1.0,1.0,179.2374354781482,0.0,179.2374354781482,0.823411393617588,0.823411393617588,0.0,0.0,1.0,1.0,0,0,0,0.749771554148149,0.749771554148149
greedy_sleep,1,1,0.0,0.0,189.69373294595968,0.0,189.69373294595968,0.8131096227133402,0.8131096227133402,0.02125963298303222,0.02125963298303222,1.0,1.0,0,0,0,0.9398860535629033,0.9398860535629033
greedy_sleep,2,2,0.0,0.0,192.7771401889111,70.0,262.77714018891106,0.8100717830651123,0.741106265823733,0.014346601451065123,0.38266964033417245,1.0,1.0,2,1,1,0.9959480034347471,0.9959480034347471
greedy_sleep,3,3,0.0,0.0,189.8432013503152,70.0,259.8432013503152,0.8129623632016599,0.7439968459602806,0.1429239489655805,0.5643489768756348,1.0,1.0,2,1,1,0.942603660914822,0.942603660914822
greedy_sleep,4,4,0.0,0.0,250.74072704677457,35.0,285.74072704677457,0.7529648009391384,0.7184820423184488,0.37451974132680615,0.5663840288442618,1.0,2.0,1,1,0,0.29711404424750226,0.27946115497067786
greedy_sleep,5,5,1.0,1.0,174.64262296997623,105.0,279.64262296997623,0.8279383024926343,0.7244900266305654,0.0,0.6012278000316745,1.0,1.0,3,1,2,0.666229508545022,0.666229508545022
greedy_sleep,6,6,1.0,1.0,253.1284850487018,105.0,358.1284850487018,0.750612330001279,0.6471640541392101,0.0,0.4148091036842339,1.0,2.0,3,2,1,0.3016416776993799,0.30116804589728924
greedy_sleep,7,7,0.0,0.0,253.87245785429275,140.0,393.87245785429275,0.7498793518676918,0.6119483173849333,0.016032152256699024,0.5763312194267877,1.0,2.0,4,2,2,0.3169927518425802,0.30793143503902487
greedy_sleep,8,8,0.0,0.0,260.4789959320687,140.0,400.4789959320687,0.7433704473575677,0.6054394128748091,0.41163247515298895,1.1703445003366193,1.0,2.0,4,2,2,0.37425278606915346,0.3679908721097157
greedy_sleep,9,9,0.0,0.0,266.04765765631157,140.0,406.04765765631157,0.7378840811267866,0.599953046644028,0.02174994219471929,0.559416739066318,1.0,2.0,4,2,2,0.42026816436929043,0.4186150696028326
greedy_sleep,10,10,0.0,0.0,176.54845778851856,35.0,211.54845778851856,0.8260606327206713,0.7915778740999817,0.08274690510411767,0.29739699128067676,1.0,1.0,1,0,1,0.7008810507003375,0.7008810507003375
greedy_sleep,11,11,0.0,0.0,190.98912934844046,70.0,260.98912934844043,0.8118333701000587,0.7428678528586794,0.028746508492317357,0.4057954842122028,1.0,1.0,2,1,1,0.9634387154261902,0.9634387154261902
greedy_sleep,12,12,0.35714285714285715,0.35714285714285715,260.5759027832767,105.0,365.5759027832767,0.7432749726273137,0.6398266967652446,0.04666070128406544,0.46841640647769245,1.0,2.0,3,2,1,0.370691242509011,0.3688718434843335
greedy_sleep,13,13,0.0,0.0,253.23733389519103,140.0,393.237333895191,0.7505050897584326,0.6125740552756739,0.3684933755384211,1.1250527249377997,1.0,2.0,4,2,2,0.310426947115352,0.30215758086537287
greedy_sleep,14,14,0.0,0.0,247.15498705659212,140.0,387.1549870565921,0.7564975496979388,0.6185665152151802,0.4076557856893585,1.2050170380090854,1.0,2.0,4,2,2,0.2560977065099903,0.24686351869629203
greedy_sleep,15,15,0.0,0.0,167.69265093869518,105.0,272.6926509386952,0.8347855655776403,0.7313372897155713,0.008640665195398042,0.6401964862327446,1.0,1.0,3,1,2,0.5398663807035491,0.5398663807035491
greedy_sleep,16,16,0.4523809523809524,0.4523809523809524,260.68134626119786,105.0,365.68134626119786,0.7431710874273912,0.6397228115653223,0.029620012609190043,0.4443412915749686,1.0,2.0,3,2,1,0.37735564950217854,0.36983042055634385
greedy_sleep,17,17,1.0,1.0,246.0198502178789,70.0,316.0198502178789,0.7576159111153903,0.688650393874011,0.0,0.28452988625920606,1.0,2.0,2,1,1,0.2378874486358445,0.23654409288980832
greedy_sleep,18,18,1.0,1.0,178.2560704104729,105.0,283.2560704104729,0.8243782557532288,0.7209299798911598,0.0,0.5890402484370656,1.0,1.0,3,1,2,0.7319285529176888,0.7319285529176888
greedy_sleep,19,19,0.0,0.0,255.77234563988594,105.0,360.77234563988594,0.7480075412414916,0.6445592653794227,0.40240305602759746,0.9781194045425432,1.0,2.0,3,2,1,0.32796104693398415,0.3252031421807814
greedy_sleep,20,20,1.0,1.0,179.06954326698855,105.0,284.06954326698855,0.8235768046630654,0.7201285288009964,0.0,0.5863643704247764,1.0,1.0,3,1,2,0.7467189684907006,0.7467189684907006
greedy_sleep,21,21,1.0,1.0,258.7176029679961,105.0,363.7176029679961,0.7451058098837477,0.6416575340216788,0.0,0.4058479160112995,1.0,2.0,3,2,1,0.35772550041344203,0.351978208799964
greedy_sleep,22,22,0.0,0.0,259.81780514032744,140.0,399.81780514032744,0.7440218668568203,0.6060908323740616,0.5341113703433306,1.3607506059879628,1.0,2.0,4,2,2,0.36611996338367836,0.36198004673024914
greedy_sleep,23,23,0.0,0.0,258.64491198721294,70.0,328.64491198721294,0.7451774266135833,0.676211909372204,0.5427062153143589,0.9602262594640926,1.0,2.0,2,1,1,0.35512916773744985,0.35131738170193594
oracle,0,0,1.0,1.0,179.2374354781482,0.0,179.2374354781482,0.823411393617588,0.823411393617588,0.0,0.0,1.0,1.0,0,0,0,0.749771554148149,0.749771554148149
oracle,1,1,1.0,1.0,185.7448652815903,70.0,255.7448652815903,0.8170001327274972,0.7480346154861178,0.0,0.37686102328524446,1.0,1.0,2,1,1,0.8680884596652783,0.8680884596652783
oracle,2,2,1.0,1.0,190.0505605412739,0.0,190.0505605412739,0.8127580684322425,0.8127580684322425,0.0,0.0,1.0,1.0,0,0,0,0.9463738280231621,0.9463738280231621
oracle,3,3,1.0,1.0,166.10309156802208,0.0,166.10309156802208,0.8363516339231309,0.8363516339231309,0.0,0.0,1.0,1.0,0,0,0,0.5109653012367652,0.5109653012367652
oracle,4,4,1.0,1.0,182.42060809162172,0.0,182.42060809162172,0.8202752629639195,0.8202752629639195,0.0,0.0,1.0,1.0,0,0,0,0.8076474198476677,0.8076474198476677
oracle,5,5,1.0,1.0,174.64262296997623,0.0,174.64262296997623,0.8279383024926343,0.8279383024926343,0.0,0.0,1.0,1.0,0,0,0,0.666229508545022,0.666229508545022
oracle,6,6,1.0,1.0,253.1284850487018,105.0,358.1284850487018,0.750612330001279,0.6471640541392101,0.0,0.4148091036842339,1.0,2.0,3,2,1,0.3016416776993799,0.30116804589728924
oracle,7,7,1.0,1.0,249.86655913439267,70.0,319.8665591343927,0.7538260501138988,0.6848605328725196,0.0,0.2801495335850443,1.0,2.0,2,1,1,0.29698467379755417,0.2715141739490241
oracle,8,8,1.0,1.0,184.52323853192644,35.0,219.52323853192644,0.8182037058798755,0.7837209472591858,0.0,0.1896780062959076,1.0,1.0,1,0,1,0.8458770642168446,0.8458770642168446
oracle,9,9,1.0,1.0,260.38431388098843,105.0,365.38431388098843,0.7434637301665139,0.6400154543044448,0.0,0.403250097653699,1.0,2.0,3,2,1,0.3745985678661607,0.367130126190804
oracle,10,10,1.0,1.0,163.05607243600622,105.0,268.0560724360062,0.8393536232157575,0.7359053473536885,0.0,0.6439502585296774,1.0,1.0,3,1,2,0.455564953381931,0.455564953381931
oracle,11,11,1.0,1.0,185.652274658356,70.0,255.652274658356,0.8170913550163981,0.7481258377750187,0.0,0.3770489757198856,1.0,1.0,2,1,1,0.8664049937882908,0.8664049937882908
oracle,12,12,1.0,1.0,248.9592878223064,105.0,353.9592878223064,0.7547199134755602,0.6512716376134913,0.0,0.42175570519362704,1.0,2.0,3,2,1,0.27780394627770555,0.263266252930058
oracle,13,13,1.0,1.0,185.04827164074297,105.0,290.048271640743,0.8176864318810414,0.7142381560189724,0.0,0.5674195120495342,1.0,1.0,3,1,2,0.8554231207407811,0.8554231207407811
oracle,14,14,1.0,1.0,175.57913629826425,0.0,175.57913629826425,0.8270156292627938,0.8270156292627938,0.0,0.0,1.0,1.0,0,0,0,0.6832570236048043,0.6832570236048043
oracle,15,15,1.0,1.0,166.25608774776998,70.0,236.25608774776998,0.83620089877067,0.7672353815292907,0.0,0.4210372140248977,1.0,1.0,2,1,1,0.5137470499594543,0.5137470499594543
oracle,16,16,1.0,1.0,253.182089575549,105.0,358.182089575549,0.7505595176595575,0.6471112417974886,0.0,0.41472127896577854,1.0,2.0,3,2,1,0.3233941339042064,0.30165535977771823
oracle,17,17,1.0,1.0,246.0198502178789,70.0,316.0198502178789,0.7576159111153903,0.688650393874011,0.0,0.28452988625920606,1.0,2.0,2,1,1,0.2378874486358445,0.23654409288980832
oracle,18,18,1.0,1.0,178.2560704104729,105.0,283.2560704104729,0.8243782557532288,0.7209299798911598,0.0,0.5890402484370656,1.0,1.0,3,1,2,0.7319285529176888,0.7319285529176888
oracle,19,19,1.0,1.0,182.3814805170053,70.0,252.3814805170053,0.820313812298517,0.7513482950571377,0.0,0.38381089900996385,1.0,1.0,2,1,1,0.8069360094000959,0.8069360094000959
oracle,20,20,1.0,1.0,179.06954326698855,70.0,249.06954326698855,0.8235768046630654,0.7546112874216861,0.0,0.3909095802831843,1.0,1.0,2,1,1,0.7467189684907006,0.7467189684907006
oracle,21,21,1.0,1.0,258.7176029679961,105.0,363.7176029679961,0.7451058098837477,0.6416575340216788,0.0,0.4058479160112995,1.0,2.0,3,2,1,0.35772550041344203,0.351978208799964
oracle,22,22,1.0,1.0,169.36045854492352,105.0,274.3604585449235,0.8331424053744596,0.7296941295123907,0.0,0.6199794267334742,1.0,1.0,3,1,2,0.5701901553622459,0.5701901553622459
oracle,23,23,1.0,1.0,167.65662147443192,0.0,167.65662147443192,0.8348210625867667,0.8348210625867667,0.0,0.0,1.0,1.0,0,0,0,0.5392112995351257,0.5392112995351257
flat_mlp,0,0,0.0,0.0,264.81996160603785,0.0,264.81996160603785,0.739093633885677,0.739093633885677,0.4774813135413527,0.4774813135413527,1.0,2.0,0,0,0,0.42241030113810796,0.407454196418526
flat_mlp,1,1,0.0,0.0,189.69373294595968,105.0,294.6937329459597,0.8131096227133402,0.7096613468512712,0.02125963298303222,0.586551167910899,1.0,1.0,3,1,2,0.9398860535629033,0.9398860535629033
flat_mlp,2,2,0.0,0.0,192.7771401889111,70.0,262.77714018891106,0.8100717830651123,0.741106265823733,0.014346601451065123,0.38266964033417245,1.0,1.0,2,1,1,0.9959480034347471,0.9959480034347471
flat_mlp,3,3,0.0,0.0,263.567926147736,105.0,368.567926147736,0.7403271663569103,0.6368788904948414,0.586773151900068,1.2189106937651493,1.0,2.0,3,2,1,0.4264852309477171,0.3960720558885088
flat_mlp,4,4,0.0,0.0,253.8103755094698,70.0,323.8103755094698,0.7499405167394386,0.6809749994980593,0.3913470531903511,0.7750756282252623,1.0,2.0,2,1,1,0.32282442100278186,0.307367050086089
flat_mlp,5,5,1.0,1.0,174.64262296997623,105.0,279.64262296997623,0.8279383024926343,0.7244900266305654,0.0,0.6012278000316745,1.0,1.0,3,1,2,0.666229508545022,0.666229508545022
flat_mlp,6,6,0.0,0.0,278.03254699697106,105.0,383.03254699697106,0.7260763083773684,0.6226280325152994,0.09838506299864959,0.5131941666828835,1.0,2.0,3,2,1,0.5527402147023285,0.5275686090633736
flat_mlp,7,7,0.0,0.3333333333333333,261.65798045123734,140.0,401.65798045123734,0.7422088862549386,0.60427785177218,0.047190874031696875,0.6074899412017855,1.0,2.0,4,2,2,0.38821483805874824,0.378708913193067
flat_mlp,8,8,0.0,0.0,286.786091958758,140.0,426.786091958758,0.7174521261490069,0.5795210916662483,0.5542004044609151,1.3129124296445456,1.0,2.0,4,2,2,0.6409548229445647,0.6071462905341637
flat_mlp,9,9,0.5476190476190477,0.4523809523809524,278.2233889202531,70.0,348.2233889202531,0.7258882867780757,0.6569227695366965,0.06851055953938237,0.3373439579751817,1.0,2.0,2,1,1,0.5385264494246756,0.5293035356386646
flat_mlp,10,10,0.0,0.0,179.9899524102235,105.0,284.9899524102235,0.8226699976253956,0.7192217217633265,0.10385310845055,0.7478033669802273,1.0,1.0,3,1,2,0.763453680185882,0.763453680185882
flat_mlp,11,11,1.0,1.0,185.652274658356,70.0,255.652274658356,0.8170913550163981,0.7481258377750187,0.0,0.3770489757198856,1.0,1.0,2,1,1,0.8664049937882908,0.8664049937882908
flat_mlp,12,12,0.0,0.30952380952380953,261.82179998999237,105.0,366.82179998999237,0.7420474876945888,0.6385992118325199,0.05166512276041906,0.4734208279540461,1.0,2.0,3,2,1,0.4021387255266748,0.38019818172720343
flat_mlp,13,13,0.0,0.0,292.7357565175987,70.0,362.7357565175987,0.7115903876673905,0.6426248704260111,0.5819426678349243,0.9602223425346137,1.0,2.0,2,1,1,0.6854544413423747,0.6612341501599882
flat_mlp,14,14,1.0,1.0,175.57913629826425,105.0,280.57913629826425,0.8270156292627938,0.7235673534007249,0.0,0.5980209392397952,1.0,1.0,3,1,2,0.6832570236048043,0.6832570236048043
flat_mlp,15,15,0.0,0.0,167.69265093869518,0.0,167.69265093869518,0.8347855655776403,0.8347855655776403,0.008640665195398042,0.008640665195398042,1.0,1.0,0,0,0,0.5398663807035491,0.5398663807035491
flat_mlp,16,16,0.0,0.2857142857142857,277.7397621993324,105.0,382.7397621993324,0.7263647663060765,0.6229164904440074,0.0969960895138889,0.5117173684796674,1.0,2.0,3,2,1,0.5272923302083783,0.5249069290848398
flat_mlp,17,17,0.5714285714285714,0.42857142857142855,253.65699101180047,140.0,393.65699101180047,0.7500916344711325,0.6121605999883739,0.031042782877714916,0.600102555396127,1.0,2.0,4,2,2,0.3336885471154714,0.3059726455618226
flat_mlp,18,18,0.0,0.0,180.84384670460815,35.0,215.84384670460815,0.8218287224585141,0.7873459638378245,0.01451718467806654,0.2108639341570884,1.0,1.0,1,0,1,0.7789790309928754,0.7789790309928754
flat_mlp,19,19,0.0,0.0,255.77234563988594,105.0,360.77234563988594,0.7480075412414916,0.6445592653794227,0.40240305602759746,0.9781194045425432,1.0,2.0,3,2,1,0.32796104693398415,0.3252031421807814
flat_mlp,20,20,0.0,0.0,181.85491430482608,105.0,286.8549143048261,0.8208325967440138,0.7173843208819448,0.015554688904771548,0.6019190593295479,1.0,1.0,3,1,2,0.7973620782695654,0.7973620782695654
flat_mlp,21,21,0.0,0.3333333333333333,272.830249437465,105.0,377.830249437465,0.7312017246921527,0.6277534488300838,0.05454845865750655,0.46039637466880606,1.0,2.0,3,2,1,0.4903501244094383,0.4802749948860455
flat_mlp,22,22,1.0,1.0,169.36045854492352,35.0,204.36045854492352,0.8331424053744596,0.7986596467537699,0.0,0.20665980891115807,1.0,1.0,1,0,1,0.5701901553622459,0.5701901553622459
flat_mlp,23,23,0.0,0.0,258.38583225985707,105.0,363.38583225985707,0.7454326775764955,0.6419844017144265,0.5411609156114457,1.1674409818360463,1.0,2.0,3,2,1,0.3662563597187989,0.3489621114532462
flat_mlp_pruned,0,0,1.0,1.0,179.2374354781482,0.0,179.2374354781482,0.823411393617588,0.823411393617588,0.0,0.0,1.0,1.0,0,0,0,0.749771554148149,0.749771554148149
flat_mlp_pruned,1,1,0.0,0.0,189.69373294595968,0.0,189.69373294595968,0.8131096227133402,0.8131096227133402,0.02125963298303222,0.02125963298303222,1.0,1.0,0,0,0,0.9398860535629033,0.9398860535629033
flat_mlp_pruned,2,2,0.0,0.0,192.7771401889111,70.0,262.77714018891106,0.8100717830651123,0.741106265823733,0.014346601451065123,0.38266964033417245,1.0,1.0,2,1,1,0.9959480034347471,0.9959480034347471
flat_mlp_pruned,3,3,0.0,0.0,182.43893875941126,70.0,252.43893875941126,0.8202572031926982,0.751291685951319,0.09834764083665093,0.5197726687467051,1.0,1.0,2,1,1,0.8079807047165684,0.8079807047165684
flat_mlp_pruned,4,4,0.0,0.0,253.8103755094698,105.0,358.8103755094698,0.7499405167394386,0.6464922408773696,0.3913470531903511,0.966939915742718,1.0,2.0,3,2,1,0.32282442100278186,0.307367050086089
flat_mlp_pruned,5,5,1.0,1.0,174.64262296997623,105.0,279.64262296997623,0.8279383024926343,0.7244900266305654,0.0,0.6012278000316745,1.0,1.0,3,1,2,0.666229508545022,0.666229508545022
flat_mlp_pruned,6,6,0.35714285714285715,0.35714285714285715,259.64795958176387,105.0,364.64795958176387,0.7441892023824986,0.6407409265204297,0.025755594167158714,0.44056469785139263,1.0,2.0,3,2,1,0.3775679643192072,0.3604359961978534
flat_mlp_pruned,7,7,0.0,0.0,260.07833181733264,140.0,400.07833181733264,0.7437651903277511,0.6058341558449926,0.0408689050600304,0.601167972230119,1.0,2.0,4,2,2,0.38037734870697065,0.36434847106666035
flat_mlp_pruned,8,8,1.0,1.0,184.52323853192644,105.0,289.52323853192644,0.8182037058798755,0.7147554300178065,0.0,0.5690340188877228,1.0,1.0,3,1,2,0.8458770642168446,0.8458770642168446
flat_mlp_pruned,9,9,0.4523809523809524,0.4523809523809524,272.49435846053063,35.0,307.49435846053063,0.731532651763024,0.6970498931423343,0.046508349136105166,0.18092504835400483,1.0,2.0,1,1,0,0.4923139144433492,0.47722144055027854
flat_mlp_pruned,10,10,0.0,0.0,179.9899524102235,105.0,284.9899524102235,0.8226699976253956,0.7192217217633265,0.10385310845055,0.7478033669802273,1.0,1.0,3,1,2,0.763453680185882,0.763453680185882
flat_mlp_pruned,11,11,1.0,1.0,185.652274658356,70.0,255.652274658356,0.8170913550163981,0.7481258377750187,0.0,0.3770489757198856,1.0,1.0,2,1,1,0.8664049937882908,0.8664049937882908
flat_mlp_pruned,12,12,0.30952380952380953,0.30952380952380953,261.82179998999237,105.0,366.82179998999237,0.7420474876945888,0.6385992118325199,0.05166512276041906,0.4734208279540461,1.0,2.0,3,2,1,0.4021387255266748,0.38019818172720343
flat_mlp_pruned,13,13,1.0,1.0,185.04827164074297,35.0,220.04827164074297,0.8176864318810414,0.7832036732603517,0.0,0.18913983734984469,1.0,1.0,1,0,1,0.8554231207407811,0.8554231207407811
flat_mlp_pruned,14,14,1.0,1.0,175.57913629826425,0.0,175.57913629826425,0.8270156292627938,0.8270156292627938,0.0,0.0,1.0,1.0,0,0,0,0.6832570236048043,0.6832570236048043
flat_mlp_pruned,15,15,0.0,0.0,167.69265093869518,0.0,167.69265093869518,0.8347855655776403,0.8347855655776403,0.008640665195398042,0.008640665195398042,1.0,1.0,0,0,0,0.5398663807035491,0.5398663807035491
flat_mlp_pruned,16,16,0.40476190476190477,0.40476190476190477,266.225808729719,35.0,301.225808729719,0.737708562827863,0.7032258042071734,0.051519122762740975,0.18975954908466716,1.0,2.0,1,1,0,0.42571065389082585,0.4202346248156273
flat_mlp_pruned,17,17,0.42857142857142855,0.42857142857142855,253.57045142247767,70.0,323.5704514224777,0.7501768951502683,0.6812113779088891,0.030691024313330147,0.3152209105725362,1.0,2.0,2,1,1,0.3176904404041661,0.30518592202252415
flat_mlp_pruned,18,18,0.0,0.0,180.84384670460815,35.0,215.84384670460815,0.8218287224585141,0.7873459638378245,0.01451718467806654,0.2108639341570884,1.0,1.0,1,0,1,0.7789790309928754,0.7789790309928754
flat_mlp_pruned,19,19,0.0,0.0,255.77234563988594,105.0,360.77234563988594,0.7480075412414916,0.6445592653794227,0.40240305602759746,0.9781194045425432,1.0,2.0,3,2,1,0.32796104693398415,0.3252031421807814
flat_mlp_pruned,20,20,0.0,0.0,181.85491430482608,105.0,286.8549143048261,0.8208325967440138,0.7173843208819448,0.015554688904771548,0.6019190593295479,1.0,1.0,3,1,2,0.7973620782695654,0.7973620782695654
flat_mlp_pruned,21,21,0.3333333333333333,0.3333333333333333,272.830249437465,105.0,377.830249437465,0.7312017246921527,0.6277534488300838,0.05454845865750655,0.46039637466880606,1.0,2.0,3,2,1,0.4903501244094383,0.4802749948860455
flat_mlp_pruned,22,22,1.0,1.0,169.36045854492352,35.0,204.36045854492352,0.8331424053744596,0.7986596467537699,0.0,0.20665980891115807,1.0,1.0,1,0,1,0.5701901553622459,0.5701901553622459
flat_mlp_pruned,23,23,1.0,1.0,167.65662147443192,0.0,167.65662147443192,0.8348210625867667,0.8348210625867667,0.0,0.0,1.0,1.0,0,0,0,0.5392112995351257,0.5392112995351257
flat_mlp_stable,0,0,1.0,1.0,179.2374354781482,0.0,179.2374354781482,0.823411393617588,0.823411393617588,0.0,0.0,1.0,1.0,0,0,0,0.749771554148149,0.749771554148149
flat_mlp_stable,1,1,0.0,0.0,189.69373294595968,0.0,189.69373294595968,0.8131096227133402,0.8131096227133402,0.02125963298303222,0.02125963298303222,1.0,1.0,0,0,0,0.9398860535629033,0.9398860535629033
flat_mlp_stable,2,2,0.0,0.0,192.7771401889111,70.0,262.77714018891106,0.8100717830651123,0.741106265823733,0.014346601451065123,0.38266964033417245,1.0,1.0,2,1,1,0.9959480034347471,0.9959480034347471
flat_mlp_stable,3,3,0.0,0.0,182.43893875941126,70.0,252.43893875941126,0.8202572031926982,0.751291685951319,0.09834764083665093,0.5197726687467051,1.0,1.0,2,1,1,0.8079807047165684,0.8079807047165684
flat_mlp_stable,4,4,0.0,0.0,260.43018041400757,35.0,295.43018041400757,0.743418541464032,0.7089357828433424,0.4276357432335996,0.6195000307510552,1.0,2.0,1,1,0,0.3849657619532932,0.3675470946727963
flat_mlp_stable,5,5,1.0,1.0,174.64262296997623,105.0,279.64262296997623,0.8279383024926343,0.7244900266305654,0.0,0.6012278000316745,1.0,1.0,3,1,2,0.666229508545022,0.666229508545022
flat_mlp_stable,6,6,0.0,0.0,260.6056991659617,35.0,295.6056991659617,0.7432456165852594,0.7087628579645697,0.029539204628911252,0.1678089058569892,1.0,2.0,1,1,0,0.38532571089504114,0.3691427196905613
flat_mlp_stable,7,7,0.40476190476190477,0.40476190476190477,260.2672241912935,70.0,330.2672241912935,0.7435790894667059,0.6746135722253266,0.04162487806664339,0.3217744116516877,1.0,2.0,2,1,1,0.3753379160540326,0.36606567446630434
flat_mlp_stable,8,8,1.0,1.0,184.52323853192644,35.0,219.52323853192644,0.8182037058798755,0.7837209472591858,0.0,0.1896780062959076,1.0,1.0,1,0,1,0.8458770642168446,0.8458770642168446
flat_mlp_stable,9,9,0.0,0.0,281.80808619170807,35.0,316.80808619170807,0.7223565653283665,0.6878738067076767,0.08227750739436485,0.21669420661226452,1.0,2.0,1,1,0,0.6118870967466632,0.5618916926518913
flat_mlp_stable,10,10,1.0,1.0,163.05607243600622,35.0,198.05607243600622,0.8393536232157575,0.8048708645950678,0.0,0.21465008617655912,1.0,1.0,1,0,1,0.455564953381931,0.455564953381931
flat_mlp_stable,11,11,1.0,1.0,185.652274658356,70.0,255.652274658356,0.8170913550163981,0.7481258377750187,0.0,0.3770489757198856,1.0,1.0,2,1,1,0.8664049937882908,0.8664049937882908
flat_mlp_stable,12,12,0.35714285714285715,0.35714285714285715,260.1097604445905,35.0,295.1097604445905,0.743734226162965,0.7092514675422754,0.04478833756241583,0.18537357262695817,1.0,2.0,1,1,0,0.37416863045731685,0.364634185859914
flat_mlp_stable,13,13,1.0,1.0,185.04827164074297,105.0,290.048271640743,0.8176864318810414,0.7142381560189724,0.0,0.5674195120495342,1.0,1.0,3,1,2,0.8554231207407811,0.8554231207407811
flat_mlp_stable,14,14,1.0,1.0,175.57913629826425,0.0,175.57913629826425,0.8270156292627938,0.8270156292627938,0.0,0.0,1.0,1.0,0,0,0,0.6832570236048043,0.6832570236048043
flat_mlp_stable,15,15,0.0,0.0,167.69265093869518,0.0,167.69265093869518,0.8347855655776403,0.8347855655776403,0.008640665195398042,0.008640665195398042,1.0,1.0,0,0,0,0.5398663807035491,0.5398663807035491
flat_mlp_stable,16,16,0.40476190476190477,0.40476190476190477,266.225808729719,35.0,301.225808729719,0.737708562827863,0.7032258042071734,0.051519122762740975,0.18975954908466716,1.0,2.0,1,1,0,0.42571065389082585,0.4202346248156273
flat_mlp_stable,17,17,0.0,0.0,253.9463325476377,70.0,323.94633254763767,0.7498065689185835,0.6808410516772043,0.03221887308174105,0.316748759340947,1.0,2.0,2,1,1,0.32318505701986555,0.30860302316034255
flat_mlp_stable,18,18,0.0,0.0,180.84384670460815,105.0,285.84384670460815,0.8218287224585141,0.7183804465964452,0.01451718467806654,0.6035574331151321,1.0,1.0,3,1,2,0.7789790309928754,0.7789790309928754
flat_mlp_stable,19,19,0.0,0.0,297.45932860162935,35.0,332.45932860162935,0.7069366220673603,0.6724538634466707,0.6309733189927372,0.8228787684977191,1.0,2.0,1,1,0,0.7343077763401108,0.7041757145602667
flat_mlp_stable,20,20,1.0,1.0,179.06954326698855,35.0,214.06954326698855,0.8235768046630654,0.7890940460423758,0.0,0.19545479014159214,1.0,1.0,1,0,1,0.7467189684907006,0.7467189684907006
flat_mlp_stable,21,21,0.3333333333333333,0.3333333333333333,286.1852939371539,35.0,321.1852939371539,0.7180440453821144,0.6835612867614247,0.10616862035690573,0.2414512590273389,1.0,2.0,1,1,0,0.6199676653797719,0.6016844903377631
flat_mlp_stable,22,22,0.0,0.0,187.67911605506023,35.0,222.67911605506023,0.8150944669408273,0.7806117083201377,0.1081637217301087,0.3148235306412668,1.0,1.0,1,0,1,0.9032566555465495,0.9032566555465495
flat_mlp_stable,23,23,1.0,1.0,167.65662147443192,70.0,237.65662147443192,0.8348210625867667,0.7658555453453874,0.0,0.41752004414973365,1.0,1.0,2,1,1,0.5392112995351257,0.5392112995351257
flat_mlp_search,0,0,1.0,1.0,179.2374354781482,0.0,179.2374354781482,0.823411393617588,0.823411393617588,0.0,0.0,1.0,1.0,0,0,0,0.749771554148149,0.749771554148149
flat_mlp_search,1,1,1.0,1.0,185.7448652815903,70.0,255.7448652815903,0.8170001327274972,0.7480346154861178,0.0,0.37686102328524446,1.0,1.0,2,1,1,0.8680884596652783,0.8680884596652783
flat_mlp_search,2,2,1.0,1.0,190.0505605412739,0.0,190.0505605412739,0.8127580684322425,0.8127580684322425,0.0,0.0,1.0,1.0,0,0,0,0.9463738280231621,0.9463738280231621
flat_mlp_search,3,3,1.0,1.0,166.10309156802208,0.0,166.10309156802208,0.8363516339231309,0.8363516339231309,0.0,0.0,1.0,1.0,0,0,0,0.5109653012367652,0.5109653012367652
flat_mlp_search,4,4,1.0,1.0,182.42060809162172,0.0,182.42060809162172,0.8202752629639195,0.8202752629639195,0.0,0.0,1.0,1.0,0,0,0,0.8076474198476677,0.8076474198476677
flat_mlp_search,5,5,1.0,1.0,174.64262296997623,0.0,174.64262296997623,0.8279383024926343,0.8279383024926343,0.0,0.0,1.0,1.0,0,0,0,0.666229508545022,0.666229508545022
flat_mlp_search,6,6,0.0,0.0,258.2068140978174,105.0,363.2068140978174,0.7456090501499336,0.6421607742878647,0.020062258295973846,0.43487136198020776,1.0,2.0,3,2,1,0.3592727741594081,0.3473346736165219
flat_mlp_search,7,7,0.9285714285714286,0.9285714285714286,249.53964867878054,140.0,389.5396486787805,0.7541481293805118,0.6162170948977532,-0.0013083401666259186,0.5589907270034626,1.0,2.0,4,2,2,0.2710941989211397,0.2685422607161867
flat_mlp_search,8,8,1.0,1.0,184.52323853192644,35.0,219.52323853192644,0.8182037058798755,0.7837209472591858,0.0,0.1896780062959076,1.0,1.0,1,0,1,0.8458770642168446,0.8458770642168446
flat_mlp_search,9,9,1.0,1.0,260.38431388098843,105.0,365.38431388098843,0.7434637301665139,0.6400154543044448,0.0,0.403250097653699,1.0,2.0,3,2,1,0.3745985678661607,0.367130126190804
flat_mlp_search,10,10,1.0,1.0,163.05607243600622,105.0,268.0560724360062,0.8393536232157575,0.7359053473536885,0.0,0.6439502585296774,1.0,1.0,3,1,2,0.455564953381931,0.455564953381931
flat_mlp_search,11,11,1.0,1.0,185.652274658356,70.0,255.652274658356,0.8170913550163981,0.7481258377750187,0.0,0.3770489757198856,1.0,1.0,2,1,1,0.8664049937882908,0.8664049937882908
flat_mlp_search,12,12,1.0,1.0,248.9592878223064,105.0,353.9592878223064,0.7547199134755602,0.6512716376134913,0.0,0.42175570519362704,1.0,2.0,3,2,1,0.27780394627770555,0.263266252930058
flat_mlp_search,13,13,1.0,1.0,185.04827164074297,105.0,290.048271640743,0.8176864318810414,0.7142381560189724,0.0,0.5674195120495342,1.0,1.0,3,1,2,0.8554231207407811,0.8554231207407811
flat_mlp_search,14,14,1.0,1.0,175.57913629826425,0.0,175.57913629826425,0.8270156292627938,0.8270156292627938,0.0,0.0,1.0,1.0,0,0,0,0.6832570236048043,0.6832570236048043
flat_mlp_search,15,15,1.0,1.0,166.25608774776998,70.0,236.25608774776998,0.83620089877067,0.7672353815292907,0.0,0.4210372140248977,1.0,1.0,2,1,1,0.5137470499594543,0.5137470499594543
flat_mlp_search,16,16,1.0,1.0,253.182089575549,105.0,358.182089575549,0.7505595176595575,0.6471112417974886,0.0,0.41472127896577854,1.0,2.0,3,2,1,0.3233941339042064,0.30165535977771823
flat_mlp_search,17,17,0.0,0.0,251.84788695605457,140.0,391.8478869560546,0.751874002998961,0.6139429685162023,0.02368929471753705,0.5927490672359493,1.0,2.0,4,2,2,0.309026585319578,0.28952624505504154
flat_mlp_search,18,18,1.0,1.0,178.2560704104729,35.0,213.2560704104729,0.8243782557532288,0.789895497132539,0.0,0.19634674947902186,1.0,1.0,1,0,1,0.7319285529176888,0.7319285529176888
flat_mlp_search,19,19,1.0,1.0,182.3814805170053,70.0,252.3814805170053,0.820313812298517,0.7513482950571377,0.0,0.38381089900996385,1.0,1.0,2,1,1,0.8069360094000959,0.8069360094000959
flat_mlp_search,20,20,1.0,1.0,179.06954326698855,70.0,249.06954326698855,0.8235768046630654,0.7546112874216861,0.0,0.3909095802831843,1.0,1.0,2,1,1,0.7467189684907006,0.7467189684907006
flat_mlp_search,21,21,0.9523809523809523,0.9523809523809523,258.72275019225015,105.0,363.72275019225015,0.7451007387268471,0.6416524628647782,1.989514511198804e-05,0.40586781115641146,1.0,2.0,3,2,1,0.3727356404628912,0.35202500174772855
flat_mlp_search,22,22,1.0,1.0,169.36045854492352,105.0,274.3604585449235,0.8331424053744596,0.7296941295123907,0.0,0.6199794267334742,1.0,1.0,3,1,2,0.5701901553622459,0.5701901553622459
flat_mlp_search,23,23,1.0,1.0,167.65662147443192,0.0,167.65662147443192,0.8348210625867667,0.8348210625867667,0.0,0.0,1.0,1.0,0,0,0,0.5392112995351257,0.5392112995351257
flat_mlp_stable_search,0,0,1.0,1.0,179.2374354781482,0.0,179.2374354781482,0.823411393617588,0.823411393617588,0.0,0.0,1.0,1.0,0,0,0,0.749771554148149,0.749771554148149
flat_mlp_stable_search,1,1,0.0,0.0,189.69373294595968,0.0,189.69373294595968,0.8131096227133402,0.8131096227133402,0.02125963298303222,0.02125963298303222,1.0,1.0,0,0,0,0.9398860535629033,0.9398860535629033
flat_mlp_stable_search,2,2,1.0,1.0,190.0505605412739,70.0,260.0505605412739,0.8127580684322425,0.7437925511908632,0.0,0.36832303888310747,1.0,1.0,2,1,1,0.9463738280231621,0.9463738280231621
flat_mlp_stable_search,3,3,1.0,1.0,166.10309156802208,0.0,166.10309156802208,0.8363516339231309,0.8363516339231309,0.0,0.0,1.0,1.0,0,0,0,0.5109653012367652,0.5109653012367652
flat_mlp_stable_search,4,4,1.0,1.0,182.42060809162172,0.0,182.42060809162172,0.8202752629639195,0.8202752629639195,0.0,0.0,1.0,1.0,0,0,0,0.8076474198476677,0.8076474198476677
flat_mlp_stable_search,5,5,1.0,1.0,174.64262296997623,0.0,174.64262296997623,0.8279383024926343,0.8279383024926343,0.0,0.0,1.0,1.0,0,0,0,0.666229508545022,0.666229508545022
flat_mlp_stable_search,6,6,0.0,0.0,260.6056991659617,35.0,295.6056991659617,0.7432456165852594,0.7087628579645697,0.029539204628911252,0.1678089058569892,1.0,2.0,1,1,0,0.38532571089504114,0.3691427196905613
flat_mlp_stable_search,7,7,0.3333333333333333,0.3333333333333333,269.5343138524537,0.0,269.5343138524537,0.7344489518695038,0.7344489518695038,0.07871303301328356,0.07871303301328356,1.0,2.0,0,0,0,0.47142606841334433,0.4503119441132154
flat_mlp_stable_search,8,8,1.0,1.0,184.52323853192644,35.0,219.52323853192644,0.8182037058798755,0.7837209472591858,0.0,0.1896780062959076,1.0,1.0,1,0,1,0.8458770642168446,0.8458770642168446
flat_mlp_stable_search,9,9,0.0,0.0,264.7398534234113,35.0,299.7398534234113,0.7391725582035357,0.7046897995828459,0.016727349960157883,0.15114404917805754,1.0,2.0,1,1,0,0.44951087160103786,0.40672594021283015
flat_mlp_stable_search,10,10,1.0,1.0,163.05607243600622,35.0,198.05607243600622,0.8393536232157575,0.8048708645950678,0.0,0.21465008617655912,1.0,1.0,1,0,1,0.455564953381931,0.455564953381931
flat_mlp_stable_search,11,11,1.0,1.0,185.652274658356,70.0,255.652274658356,0.8170913550163981,0.7481258377750187,0.0,0.3770489757198856,1.0,1.0,2,1,1,0.8664049937882908,0.8664049937882908
flat_mlp_stable_search,12,12,0.0,0.0,254.5634795736084,35.0,289.5634795736084,0.7491985422920113,0.7147157836713217,0.022510474705815957,0.1630957097703583,1.0,2.0,1,1,0,0.3233218806156813,0.31421345066916695
flat_mlp_stable_search,13,13,0.0,0.0,272.5877042563585,0.0,272.5877042563585,0.7314406854617158,0.7314406854617158,0.4730626870461489,0.4730626870461489,1.0,2.0,0,0,0,0.5164630415613592,0.4780700386941686
flat_mlp_stable_search,14,14,0.0,0.0,186.600766292497,35.0,221.600766292497,0.8161568805000029,0.7816741218793133,0.06277300496290075,0.2621133180428325,1.0,1.0,1,0,1,0.8836502962272182,0.8836502962272182
flat_mlp_stable_search,15,15,1.0,1.0,166.25608774776998,70.0,236.25608774776998,0.83620089877067,0.7672353815292907,0.0,0.4210372140248977,1.0,1.0,2,1,1,0.5137470499594543,0.5137470499594543
flat_mlp_stable_search,16,16,0.0,0.0,271.0561303327789,35.0,306.0561303327789,0.7329496252879026,0.698466866667213,0.07059757183928402,0.2088379981612102,1.0,2.0,1,1,0,0.47649316783136625,0.4641466393888988
flat_mlp_stable_search,17,17,0.42857142857142855,0.42857142857142855,253.57045142247767,0.0,253.57045142247767,0.7501768951502683,0.7501768951502683,0.030691024313330147,0.030691024313330147,1.0,2.0,0,0,0,0.3176904404041661,0.30518592202252415
flat_mlp_stable_search,18,18,0.0,0.0,180.84384670460815,35.0,215.84384670460815,0.8218287224585141,0.7873459638378245,0.01451718467806654,0.2108639341570884,1.0,1.0,1,0,1,0.7789790309928754,0.7789790309928754
flat_mlp_stable_search,19,19,1.0,1.0,182.3814805170053,70.0,252.3814805170053,0.820313812298517,0.7513482950571377,0.0,0.38381089900996385,1.0,1.0,2,1,1,0.8069360094000959,0.8069360094000959
flat_mlp_stable_search,20,20,1.0,1.0,179.06954326698855,70.0,249.06954326698855,0.8235768046630654,0.7546112874216861,0.0,0.3909095802831843,1.0,1.0,2,1,1,0.7467189684907006,0.7467189684907006
flat_mlp_stable_search,21,21,0.0,0.0,272.7035629893098,35.0,307.7035629893098,0.7313265389267883,0.6968437803060987,0.05405878788635729,0.18934142655679045,1.0,2.0,1,1,0,0.5032508515591402,0.4791232999028161
flat_mlp_stable_search,22,22,0.0,0.0,187.67911605506023,35.0,222.67911605506023,0.8150944669408273,0.7806117083201377,0.1081637217301087,0.3148235306412668,1.0,1.0,1,0,1,0.9032566555465495,0.9032566555465495
flat_mlp_stable_search,23,23,1.0,1.0,167.65662147443192,70.0,237.65662147443192,0.8348210625867667,0.7658555453453874,0.0,0.41752004414973365,1.0,1.0,2,1,1,0.5392112995351257,0.5392112995351257
agg_gcn,0,0,0.0,0.0,264.81996160603785,0.0,264.81996160603785,0.739093633885677,0.739093633885677,0.4774813135413527,0.4774813135413527,1.0,2.0,0,0,0,0.42241030113810796,0.407454196418526
agg_gcn,1,1,0.0,0.0,189.69373294595968,105.0,294.6937329459597,0.8131096227133402,0.7096613468512712,0.02125963298303222,0.586551167910899,1.0,1.0,3,1,2,0.9398860535629033,0.9398860535629033
agg_gcn,2,2,0.0,0.0,192.7771401889111,70.0,262.77714018891106,0.8100717830651123,0.741106265823733,0.014346601451065123,0.38266964033417245,1.0,1.0,2,1,1,0.9959480034347471,0.9959480034347471
agg_gcn,3,3,0.0,0.0,263.567926147736,105.0,368.567926147736,0.7403271663569103,0.6368788904948414,0.586773151900068,1.2189106937651493,1.0,2.0,3,2,1,0.4264852309477171,0.3960720558885088
agg_gcn,4,4,0.0,0.0,253.8103755094698,70.0,323.8103755094698,0.7499405167394386,0.6809749994980593,0.3913470531903511,0.7750756282252623,1.0,2.0,2,1,1,0.32282442100278186,0.307367050086089
agg_gcn,5,5,1.0,1.0,174.64262296997623,105.0,279.64262296997623,0.8279383024926343,0.7244900266305654,0.0,0.6012278000316745,1.0,1.0,3,1,2,0.666229508545022,0.666229508545022
agg_gcn,6,6,0.0,0.0,278.03254699697106,105.0,383.03254699697106,0.7260763083773684,0.6226280325152994,0.09838506299864959,0.5131941666828835,1.0,2.0,3,2,1,0.5527402147023285,0.5275686090633736
agg_gcn,7,7,0.5476190476190477,0.40476190476190477,260.2672241912935,140.0,400.2672241912935,0.7435790894667059,0.6056480549839472,0.04162487806664339,0.601923945236732,1.0,2.0,4,2,2,0.3753379160540326,0.36606567446630434
agg_gcn,8,8,1.0,1.0,184.52323853192644,35.0,219.52323853192644,0.8182037058798755,0.7837209472591858,0.0,0.1896780062959076,1.0,1.0,1,0,1,0.8458770642168446,0.8458770642168446
agg_gcn,9,9,0.0,0.0,281.80808619170807,35.0,316.80808619170807,0.7223565653283665,0.6878738067076767,0.08227750739436485,0.21669420661226452,1.0,2.0,1,1,0,0.6118870967466632,0.5618916926518913
agg_gcn,10,10,1.0,1.0,163.05607243600622,35.0,198.05607243600622,0.8393536232157575,0.8048708645950678,0.0,0.21465008617655912,1.0,1.0,1,0,1,0.455564953381931,0.455564953381931
agg_gcn,11,11,0.0,0.0,190.98912934844046,70.0,260.98912934844043,0.8118333701000587,0.7428678528586794,0.028746508492317357,0.4057954842122028,1.0,1.0,2,1,1,0.9634387154261902,0.9634387154261902
agg_gcn,12,12,0.0,0.30952380952380953,261.82179998999237,105.0,366.82179998999237,0.7420474876945888,0.6385992118325199,0.05166512276041906,0.4734208279540461,1.0,2.0,3,2,1,0.4021387255266748,0.38019818172720343
agg_gcn,13,13,0.0,0.0,292.7357565175987,70.0,362.7357565175987,0.7115903876673905,0.6426248704260111,0.5819426678349243,0.9602223425346137,1.0,2.0,2,1,1,0.6854544413423747,0.6612341501599882
agg_gcn,14,14,1.0,1.0,175.57913629826425,105.0,280.57913629826425,0.8270156292627938,0.7235673534007249,0.0,0.5980209392397952,1.0,1.0,3,1,2,0.6832570236048043,0.6832570236048043
agg_gcn,15,15,0.0,0.0,167.69265093869518,0.0,167.69265093869518,0.8347855655776403,0.8347855655776403,0.008640665195398042,0.008640665195398042,1.0,1.0,0,0,0,0.5398663807035491,0.5398663807035491
agg_gcn,16,16,0.0,0.2857142857142857,277.7397621993324,105.0,382.7397621993324,0.7263647663060765,0.6229164904440074,0.0969960895138889,0.5117173684796674,1.0,2.0,3,2,1,0.5272923302083783,0.5249069290848398
agg_gcn,17,17,0.5714285714285714,0.42857142857142855,253.65699101180047,140.0,393.65699101180047,0.7500916344711325,0.6121605999883739,0.031042782877714916,0.600102555396127,1.0,2.0,4,2,2,0.3336885471154714,0.3059726455618226
agg_gcn,18,18,0.0,0.0,180.84384670460815,35.0,215.84384670460815,0.8218287224585141,0.7873459638378245,0.01451718467806654,0.2108639341570884,1.0,1.0,1,0,1,0.7789790309928754,0.7789790309928754
agg_gcn,19,19,0.0,0.0,186.710535082473,70.0,256.71053508247303,0.8160487339088935,0.7470832166675142,0.023736261780505027,0.407547160790469,1.0,1.0,2,1,1,0.8856460924086001,0.8856460924086001
agg_gcn,20,20,0.0,0.0,181.85491430482608,0.0,181.85491430482608,0.8208325967440138,0.8208325967440138,0.015554688904771548,0.015554688904771548,1.0,1.0,0,0,0,0.7973620782695654,0.7973620782695654
agg_gcn,21,21,0.0,0.3333333333333333,272.830249437465,105.0,377.830249437465,0.7312017246921527,0.6277534488300838,0.05454845865750655,0.46039637466880606,1.0,2.0,3,2,1,0.4903501244094383,0.4802749948860455
agg_gcn,22,22,1.0,1.0,169.36045854492352,35.0,204.36045854492352,0.8331424053744596,0.7986596467537699,0.0,0.20665980891115807,1.0,1.0,1,0,1,0.5701901553622459,0.5701901553622459
agg_gcn,23,23,1.0,1.0,167.65662147443192,0.0,167.65662147443192,0.8348210625867667,0.8348210625867667,0.0,0.0,1.0,1.0,0,0,0,0.5392112995351257,0.5392112995351257
agg_gcn_pruned,0,0,1.0,1.0,179.2374354781482,0.0,179.2374354781482,0.823411393617588,0.823411393617588,0.0,0.0,1.0,1.0,0,0,0,0.749771554148149,0.749771554148149
agg_gcn_pruned,1,1,0.0,0.0,189.69373294595968,0.0,189.69373294595968,0.8131096227133402,0.8131096227133402,0.02125963298303222,0.02125963298303222,1.0,1.0,0,0,0,0.9398860535629033,0.9398860535629033
agg_gcn_pruned,2,2,0.0,0.0,192.7771401889111,70.0,262.77714018891106,0.8100717830651123,0.741106265823733,0.014346601451065123,0.38266964033417245,1.0,1.0,2,1,1,0.9959480034347471,0.9959480034347471
agg_gcn_pruned,3,3,0.0,0.0,182.43893875941126,70.0,252.43893875941126,0.8202572031926982,0.751291685951319,0.09834764083665093,0.5197726687467051,1.0,1.0,2,1,1,0.8079807047165684,0.8079807047165684
agg_gcn_pruned,4,4,0.0,0.0,253.8103755094698,105.0,358.8103755094698,0.7499405167394386,0.6464922408773696,0.3913470531903511,0.966939915742718,1.0,2.0,3,2,1,0.32282442100278186,0.307367050086089
agg_gcn_pruned,5,5,1.0,1.0,174.64262296997623,105.0,279.64262296997623,0.8279383024926343,0.7244900266305654,0.0,0.6012278000316745,1.0,1.0,3,1,2,0.666229508545022,0.666229508545022
agg_gcn_pruned,6,6,0.0,0.0,258.2068140978174,105.0,363.2068140978174,0.7456090501499336,0.6421607742878647,0.020062258295973846,0.43487136198020776,1.0,2.0,3,2,1,0.3592727741594081,0.3473346736165219
agg_gcn_pruned,7,7,0.40476190476190477,0.40476190476190477,260.2672241912935,70.0,330.2672241912935,0.7435790894667059,0.6746135722253266,0.04162487806664339,0.3217744116516877,1.0,2.0,2,1,1,0.3753379160540326,0.36606567446630434
agg_gcn_pruned,8,8,1.0,1.0,184.52323853192644,35.0,219.52323853192644,0.8182037058798755,0.7837209472591858,0.0,0.1896780062959076,1.0,1.0,1,0,1,0.8458770642168446,0.8458770642168446
agg_gcn_pruned,9,9,0.42857142857142855,0.42857142857142855,273.8705100692401,35.0,308.8705100692401,0.7301768373702069,0.6956940787495172,0.05179342790370879,0.18621012712160845,1.0,2.0,1,1,0,0.49154518917361584,0.4897319097203645
agg_gcn_pruned,10,10,1.0,1.0,163.05607243600622,35.0,198.05607243600622,0.8393536232157575,0.8048708645950678,0.0,0.21465008617655912,1.0,1.0,1,0,1,0.455564953381931,0.455564953381931
agg_gcn_pruned,11,11,0.0,0.0,190.98912934844046,70.0,260.98912934844043,0.8118333701000587,0.7428678528586794,0.028746508492317357,0.4057954842122028,1.0,1.0,2,1,1,0.9634387154261902,0.9634387154261902
agg_gcn_pruned,12,12,0.30952380952380953,0.30952380952380953,261.82179998999237,105.0,366.82179998999237,0.7420474876945888,0.6385992118325199,0.05166512276041906,0.4734208279540461,1.0,2.0,3,2,1,0.4021387255266748,0.38019818172720343
agg_gcn_pruned,13,13,1.0,1.0,185.04827164074297,35.0,220.04827164074297,0.8176864318810414,0.7832036732603517,0.0,0.18913983734984469,1.0,1.0,1,0,1,0.8554231207407811,0.8554231207407811
agg_gcn_pruned,14,14,1.0,1.0,175.57913629826425,0.0,175.57913629826425,0.8270156292627938,0.8270156292627938,0.0,0.0,1.0,1.0,0,0,0,0.6832570236048043,0.6832570236048043
agg_gcn_pruned,15,15,0.0,0.0,167.69265093869518,0.0,167.69265093869518,0.8347855655776403,0.8347855655776403,0.008640665195398042,0.008640665195398042,1.0,1.0,0,0,0,0.5398663807035491,0.5398663807035491
agg_gcn_pruned,16,16,0.2857142857142857,0.2857142857142857,277.7397621993324,105.0,382.7397621993324,0.7263647663060765,0.6229164904440074,0.0969960895138889,0.5117173684796674,1.0,2.0,3,2,1,0.5272923302083783,0.5249069290848398
agg_gcn_pruned,17,17,0.42857142857142855,0.42857142857142855,253.65699101180047,140.0,393.65699101180047,0.7500916344711325,0.6121605999883739,0.031042782877714916,0.600102555396127,1.0,2.0,4,2,2,0.3336885471154714,0.3059726455618226
agg_gcn_pruned,18,18,0.0,0.0,180.84384670460815,35.0,215.84384670460815,0.8218287224585141,0.7873459638378245,0.01451718467806654,0.2108639341570884,1.0,1.0,1,0,1,0.7789790309928754,0.7789790309928754
agg_gcn_pruned,19,19,0.0,0.0,186.710535082473,70.0,256.71053508247303,0.8160487339088935,0.7470832166675142,0.023736261780505027,0.407547160790469,1.0,1.0,2,1,1,0.8856460924086001,0.8856460924086001
agg_gcn_pruned,20,20,0.0,0.0,181.85491430482608,0.0,181.85491430482608,0.8208325967440138,0.8208325967440138,0.015554688904771548,0.015554688904771548,1.0,1.0,0,0,0,0.7973620782695654,0.7973620782695654
agg_gcn_pruned,21,21,0.9523809523809523,0.9523809523809523,258.72275019225015,105.0,363.72275019225015,0.7451007387268471,0.6416524628647782,1.989514511198804e-05,0.40586781115641146,1.0,2.0,3,2,1,0.3727356404628912,0.35202500174772855
agg_gcn_pruned,22,22,1.0,1.0,169.36045854492352,105.0,274.3604585449235,0.8331424053744596,0.7296941295123907,0.0,0.6199794267334742,1.0,1.0,3,1,2,0.5701901553622459,0.5701901553622459
agg_gcn_pruned,23,23,1.0,1.0,167.65662147443192,0.0,167.65662147443192,0.8348210625867667,0.8348210625867667,0.0,0.0,1.0,1.0,0,0,0,0.5392112995351257,0.5392112995351257
agg_gcn_stable,0,0,1.0,1.0,179.2374354781482,0.0,179.2374354781482,0.823411393617588,0.823411393617588,0.0,0.0,1.0,1.0,0,0,0,0.749771554148149,0.749771554148149
agg_gcn_stable,1,1,0.0,0.0,189.69373294595968,0.0,189.69373294595968,0.8131096227133402,0.8131096227133402,0.02125963298303222,0.02125963298303222,1.0,1.0,0,0,0,0.9398860535629033,0.9398860535629033
agg_gcn_stable,2,2,0.0,0.0,192.7771401889111,70.0,262.77714018891106,0.8100717830651123,0.741106265823733,0.014346601451065123,0.38266964033417245,1.0,1.0,2,1,1,0.9959480034347471,0.9959480034347471
agg_gcn_stable,3,3,0.0,0.0,182.43893875941126,70.0,252.43893875941126,0.8202572031926982,0.751291685951319,0.09834764083665093,0.5197726687467051,1.0,1.0,2,1,1,0.8079807047165684,0.8079807047165684
agg_gcn_stable,4,4,0.0,0.0,260.43018041400757,35.0,295.43018041400757,0.743418541464032,0.7089357828433424,0.4276357432335996,0.6195000307510552,1.0,2.0,1,1,0,0.3849657619532932,0.3675470946727963
agg_gcn_stable,5,5,1.0,1.0,174.64262296997623,105.0,279.64262296997623,0.8279383024926343,0.7244900266305654,0.0,0.6012278000316745,1.0,1.0,3,1,2,0.666229508545022,0.666229508545022
agg_gcn_stable,6,6,0.0,0.0,260.6056991659617,35.0,295.6056991659617,0.7432456165852594,0.7087628579645697,0.029539204628911252,0.1678089058569892,1.0,2.0,1,1,0,0.38532571089504114,0.3691427196905613
agg_gcn_stable,7,7,0.40476190476190477,0.40476190476190477,260.2672241912935,70.0,330.2672241912935,0.7435790894667059,0.6746135722253266,0.04162487806664339,0.3217744116516877,1.0,2.0,2,1,1,0.3753379160540326,0.36606567446630434
agg_gcn_stable,8,8,1.0,1.0,184.52323853192644,35.0,219.52323853192644,0.8182037058798755,0.7837209472591858,0.0,0.1896780062959076,1.0,1.0,1,0,1,0.8458770642168446,0.8458770642168446
agg_gcn_stable,9,9,0.0,0.0,281.80808619170807,35.0,316.80808619170807,0.7223565653283665,0.6878738067076767,0.08227750739436485,0.21669420661226452,1.0,2.0,1,1,0,0.6118870967466632,0.5618916926518913
agg_gcn_stable,10,10,1.0,1.0,163.05607243600622,35.0,198.05607243600622,0.8393536232157575,0.8048708645950678,0.0,0.21465008617655912,1.0,1.0,1,0,1,0.455564953381931,0.455564953381931
agg_gcn_stable,11,11,0.0,0.0,190.98912934844046,70.0,260.98912934844043,0.8118333701000587,0.7428678528586794,0.028746508492317357,0.4057954842122028,1.0,1.0,2,1,1,0.9634387154261902,0.9634387154261902
agg_gcn_stable,12,12,0.2857142857142857,0.2857142857142857,271.85696586540115,35.0,306.85696586540115,0.7321606247631515,0.6976778661424619,0.09197358428916241,0.23255881935370476,1.0,2.0,1,1,0,0.4762365436688685,0.4714269624127376
agg_gcn_stable,13,13,1.0,1.0,185.04827164074297,105.0,290.048271640743,0.8176864318810414,0.7142381560189724,0.0,0.5674195120495342,1.0,1.0,3,1,2,0.8554231207407811,0.8554231207407811
agg_gcn_stable,14,14,1.0,1.0,175.57913629826425,0.0,175.57913629826425,0.8270156292627938,0.8270156292627938,0.0,0.0,1.0,1.0,0,0,0,0.6832570236048043,0.6832570236048043
agg_gcn_stable,15,15,0.0,0.0,167.69265093869518,0.0,167.69265093869518,0.8347855655776403,0.8347855655776403,0.008640665195398042,0.008640665195398042,1.0,1.0,0,0,0,0.5398663807035491,0.5398663807035491
agg_gcn_stable,16,16,0.40476190476190477,0.40476190476190477,266.225808729719,35.0,301.225808729719,0.737708562827863,0.7032258042071734,0.051519122762740975,0.18975954908466716,1.0,2.0,1,1,0,0.42571065389082585,0.4202346248156273
agg_gcn_stable,17,17,0.0,0.0,253.9463325476377,70.0,323.94633254763767,0.7498065689185835,0.6808410516772043,0.03221887308174105,0.316748759340947,1.0,2.0,2,1,1,0.32318505701986555,0.30860302316034255
agg_gcn_stable,18,18,0.0,0.0,180.84384670460815,105.0,285.84384670460815,0.8218287224585141,0.7183804465964452,0.01451718467806654,0.6035574331151321,1.0,1.0,3,1,2,0.7789790309928754,0.7789790309928754
agg_gcn_stable,19,19,0.0,0.0,186.710535082473,70.0,256.71053508247303,0.8160487339088935,0.7470832166675142,0.023736261780505027,0.407547160790469,1.0,1.0,2,1,1,0.8856460924086001,0.8856460924086001
agg_gcn_stable,20,20,0.0,0.0,181.85491430482608,0.0,181.85491430482608,0.8208325967440138,0.8208325967440138,0.015554688904771548,0.015554688904771548,1.0,1.0,0,0,0,0.7973620782695654,0.7973620782695654
agg_gcn_stable,21,21,0.42857142857142855,0.42857142857142855,263.69833034487647,35.0,298.69833034487647,0.7401986893153927,0.705715930694703,0.019251598344069854,0.15453423701450303,1.0,2.0,1,1,0,0.44471300399155667,0.3972575485897857
agg_gcn_stable,22,22,1.0,1.0,169.36045854492352,105.0,274.3604585449235,0.8331424053744596,0.7296941295123907,0.0,0.6199794267334742,1.0,1.0,3,1,2,0.5701901553622459,0.5701901553622459
agg_gcn_stable,23,23,1.0,1.0,167.65662147443192,0.0,167.65662147443192,0.8348210625867667,0.8348210625867667,0.0,0.0,1.0,1.0,0,0,0,0.5392112995351257,0.5392112995351257
agg_gcn_search,0,0,1.0,1.0,179.2374354781482,0.0,179.2374354781482,0.823411393617588,0.823411393617588,0.0,0.0,1.0,1.0,0,0,0,0.749771554148149,0.749771554148149
agg_gcn_search,1,1,1.0,1.0,185.7448652815903,70.0,255.7448652815903,0.8170001327274972,0.7480346154861178,0.0,0.37686102328524446,1.0,1.0,2,1,1,0.8680884596652783,0.8680884596652783
agg_gcn_search,2,2,1.0,1.0,190.0505605412739,0.0,190.0505605412739,0.8127580684322425,0.8127580684322425,0.0,0.0,1.0,1.0,0,0,0,0.9463738280231621,0.9463738280231621
agg_gcn_search,3,3,1.0,1.0,166.10309156802208,0.0,166.10309156802208,0.8363516339231309,0.8363516339231309,0.0,0.0,1.0,1.0,0,0,0,0.5109653012367652,0.5109653012367652
agg_gcn_search,4,4,1.0,1.0,182.42060809162172,0.0,182.42060809162172,0.8202752629639195,0.8202752629639195,0.0,0.0,1.0,1.0,0,0,0,0.8076474198476677,0.8076474198476677
agg_gcn_search,5,5,1.0,1.0,174.64262296997623,0.0,174.64262296997623,0.8279383024926343,0.8279383024926343,0.0,0.0,1.0,1.0,0,0,0,0.666229508545022,0.666229508545022
agg_gcn_search,6,6,1.0,1.0,253.1284850487018,105.0,358.1284850487018,0.750612330001279,0.6471640541392101,0.0,0.4148091036842339,1.0,2.0,3,2,1,0.3016416776993799,0.30116804589728924
agg_gcn_search,7,7,0.9285714285714286,0.9285714285714286,249.53964867878054,70.0,319.5396486787805,0.7541481293805118,0.6851826121391325,-0.0013083401666259186,0.2788411934184183,1.0,2.0,2,1,1,0.2710941989211397,0.2685422607161867
agg_gcn_search,8,8,1.0,1.0,184.52323853192644,35.0,219.52323853192644,0.8182037058798755,0.7837209472591858,0.0,0.1896780062959076,1.0,1.0,1,0,1,0.8458770642168446,0.8458770642168446
agg_gcn_search,9,9,1.0,1.0,260.38431388098843,105.0,365.38431388098843,0.7434637301665139,0.6400154543044448,0.0,0.403250097653699,1.0,2.0,3,2,1,0.3745985678661607,0.367130126190804
agg_gcn_search,10,10,1.0,1.0,163.05607243600622,105.0,268.0560724360062,0.8393536232157575,0.7359053473536885,0.0,0.6439502585296774,1.0,1.0,3,1,2,0.455564953381931,0.455564953381931
agg_gcn_search,11,11,1.0,1.0,185.652274658356,70.0,255.652274658356,0.8170913550163981,0.7481258377750187,0.0,0.3770489757198856,1.0,1.0,2,1,1,0.8664049937882908,0.8664049937882908
agg_gcn_search,12,12,1.0,1.0,248.9592878223064,105.0,353.9592878223064,0.7547199134755602,0.6512716376134913,0.0,0.42175570519362704,1.0,2.0,3,2,1,0.27780394627770555,0.263266252930058
agg_gcn_search,13,13,1.0,1.0,185.04827164074297,105.0,290.048271640743,0.8176864318810414,0.7142381560189724,0.0,0.5674195120495342,1.0,1.0,3,1,2,0.8554231207407811,0.8554231207407811
agg_gcn_search,14,14,1.0,1.0,175.57913629826425,0.0,175.57913629826425,0.8270156292627938,0.8270156292627938,0.0,0.0,1.0,1.0,0,0,0,0.6832570236048043,0.6832570236048043
agg_gcn_search,15,15,1.0,1.0,166.25608774776998,70.0,236.25608774776998,0.83620089877067,0.7672353815292907,0.0,0.4210372140248977,1.0,1.0,2,1,1,0.5137470499594543,0.5137470499594543
agg_gcn_search,16,16,1.0,1.0,253.182089575549,105.0,358.182089575549,0.7505595176595575,0.6471112417974886,0.0,0.41472127896577854,1.0,2.0,3,2,1,0.3233941339042064,0.30165535977771823
agg_gcn_search,17,17,0.0,0.0,252.15680132495015,140.0,392.15680132495015,0.7515696538670442,0.6136386193842855,0.024944942863904127,0.5940047153823163,1.0,2.0,4,2,2,0.2997322654686433,0.29233455749954684
agg_gcn_search,18,18,1.0,1.0,178.2560704104729,105.0,283.2560704104729,0.8243782557532288,0.7209299798911598,0.0,0.5890402484370656,1.0,1.0,3,1,2,0.7319285529176888,0.7319285529176888
agg_gcn_search,19,19,1.0,1.0,182.3814805170053,70.0,252.3814805170053,0.820313812298517,0.7513482950571377,0.0,0.38381089900996385,1.0,1.0,2,1,1,0.8069360094000959,0.8069360094000959
agg_gcn_search,20,20,1.0,1.0,179.06954326698855,70.0,249.06954326698855,0.8235768046630654,0.7546112874216861,0.0,0.3909095802831843,1.0,1.0,2,1,1,0.7467189684907006,0.7467189684907006
agg_gcn_search,21,21,0.9285714285714286,0.9285714285714286,256.66587712024347,105.0,361.66587712024347,0.7471272146598587,0.6436789387977896,-0.007930368186065831,0.39791754782523364,1.0,2.0,3,2,1,0.3599085093803629,0.3333261556385768
agg_gcn_search,22,22,1.0,1.0,169.36045854492352,105.0,274.3604585449235,0.8331424053744596,0.7296941295123907,0.0,0.6199794267334742,1.0,1.0,3,1,2,0.5701901553622459,0.5701901553622459
agg_gcn_search,23,23,1.0,1.0,167.65662147443192,0.0,167.65662147443192,0.8348210625867667,0.8348210625867667,0.0,0.0,1.0,1.0,0,0,0,0.5392112995351257,0.5392112995351257
agg_gcn_stable_search,0,0,1.0,1.0,179.2374354781482,0.0,179.2374354781482,0.823411393617588,0.823411393617588,0.0,0.0,1.0,1.0,0,0,0,0.749771554148149,0.749771554148149
agg_gcn_stable_search,1,1,0.0,0.0,189.69373294595968,0.0,189.69373294595968,0.8131096227133402,0.8131096227133402,0.02125963298303222,0.02125963298303222,1.0,1.0,0,0,0,0.9398860535629033,0.9398860535629033
agg_gcn_stable_search,2,2,1.0,1.0,190.0505605412739,70.0,260.0505605412739,0.8127580684322425,0.7437925511908632,0.0,0.36832303888310747,1.0,1.0,2,1,1,0.9463738280231621,0.9463738280231621
agg_gcn_stable_search,3,3,1.0,1.0,166.10309156802208,0.0,166.10309156802208,0.8363516339231309,0.8363516339231309,0.0,0.0,1.0,1.0,0,0,0,0.5109653012367652,0.5109653012367652
agg_gcn_stable_search,4,4,1.0,1.0,182.42060809162172,0.0,182.42060809162172,0.8202752629639195,0.8202752629639195,0.0,0.0,1.0,1.0,0,0,0,0.8076474198476677,0.8076474198476677
agg_gcn_stable_search,5,5,1.0,1.0,174.64262296997623,0.0,174.64262296997623,0.8279383024926343,0.8279383024926343,0.0,0.0,1.0,1.0,0,0,0,0.666229508545022,0.666229508545022
agg_gcn_stable_search,6,6,0.0,0.0,260.6056991659617,35.0,295.6056991659617,0.7432456165852594,0.7087628579645697,0.029539204628911252,0.1678089058569892,1.0,2.0,1,1,0,0.38532571089504114,0.3691427196905613
agg_gcn_stable_search,7,7,0.3333333333333333,0.3333333333333333,268.53182323243334,0.0,268.53182323243334,0.7354366273572085,0.7354366273572085,0.07470092901868236,0.07470092901868236,1.0,2.0,0,0,0,0.450556683419225,0.4411983930221216
agg_gcn_stable_search,8,8,1.0,1.0,184.52323853192644,35.0,219.52323853192644,0.8182037058798755,0.7837209472591858,0.0,0.1896780062959076,1.0,1.0,1,0,1,0.8458770642168446,0.8458770642168446
agg_gcn_stable_search,9,9,0.0,0.0,264.7398534234113,35.0,299.7398534234113,0.7391725582035357,0.7046897995828459,0.016727349960157883,0.15114404917805754,1.0,2.0,1,1,0,0.44951087160103786,0.40672594021283015
agg_gcn_stable_search,10,10,1.0,1.0,163.05607243600622,35.0,198.05607243600622,0.8393536232157575,0.8048708645950678,0.0,0.21465008617655912,1.0,1.0,1,0,1,0.455564953381931,0.455564953381931
agg_gcn_stable_search,11,11,1.0,1.0,185.652274658356,70.0,255.652274658356,0.8170913550163981,0.7481258377750187,0.0,0.3770489757198856,1.0,1.0,2,1,1,0.8664049937882908,0.8664049937882908
agg_gcn_stable_search,12,12,0.0,0.0,254.5634795736084,35.0,289.5634795736084,0.7491985422920113,0.7147157836713217,0.022510474705815957,0.1630957097703583,1.0,2.0,1,1,0,0.3233218806156813,0.31421345066916695
agg_gcn_stable_search,13,13,0.0,0.0,272.5877042563585,0.0,272.5877042563585,0.7314406854617158,0.7314406854617158,0.4730626870461489,0.4730626870461489,1.0,2.0,0,0,0,0.5164630415613592,0.4780700386941686
agg_gcn_stable_search,14,14,0.0,0.0,186.600766292497,35.0,221.600766292497,0.8161568805000029,0.7816741218793133,0.06277300496290075,0.2621133180428325,1.0,1.0,1,0,1,0.8836502962272182,0.8836502962272182
agg_gcn_stable_search,15,15,1.0,1.0,166.25608774776998,70.0,236.25608774776998,0.83620089877067,0.7672353815292907,0.0,0.4210372140248977,1.0,1.0,2,1,1,0.5137470499594543,0.5137470499594543
agg_gcn_stable_search,16,16,0.0,0.0,268.90413641975994,35.0,303.90413641975994,0.735069816335212,0.7005870577145222,0.06209778452562892,0.2003382108475551,1.0,2.0,1,1,0,0.45704088345104416,0.44458305836145395
agg_gcn_stable_search,17,17,0.42857142857142855,0.42857142857142855,253.65699101180047,0.0,253.65699101180047,0.7500916344711325,0.7500916344711325,0.031042782877714916,0.031042782877714916,1.0,2.0,0,0,0,0.3336885471154714,0.3059726455618226
agg_gcn_stable_search,18,18,0.0,0.0,180.84384670460815,35.0,215.84384670460815,0.8218287224585141,0.7873459638378245,0.01451718467806654,0.2108639341570884,1.0,1.0,1,0,1,0.7789790309928754,0.7789790309928754
agg_gcn_stable_search,19,19,1.0,1.0,182.3814805170053,70.0,252.3814805170053,0.820313812298517,0.7513482950571377,0.0,0.38381089900996385,1.0,1.0,2,1,1,0.8069360094000959,0.8069360094000959
agg_gcn_stable_search,20,20,1.0,1.0,179.06954326698855,70.0,249.06954326698855,0.8235768046630654,0.7546112874216861,0.0,0.3909095802831843,1.0,1.0,2,1,1,0.7467189684907006,0.7467189684907006
agg_gcn_stable_search,21,21,0.30952380952380953,0.30952380952380953,264.26324980015943,35.0,299.26324980015943,0.7396421184234883,0.7051593598027986,0.02143513533112536,0.15671777400155854,1.0,2.0,1,1,0,0.4054058047607871,0.40239318000144925
agg_gcn_stable_search,22,22,0.0,0.0,187.67911605506023,35.0,222.67911605506023,0.8150944669408273,0.7806117083201377,0.1081637217301087,0.3148235306412668,1.0,1.0,1,0,1,0.9032566555465495,0.9032566555465495
agg_gcn_stable_search,23,23,1.0,1.0,167.65662147443192,70.0,237.65662147443192,0.8348210625867667,0.7658555453453874,0.0,0.41752004414973365,1.0,1.0,2,1,1,0.5392112995351257,0.5392112995351257
ml_gcn,0,0,0.0,0.0,264.81996160603785,0.0,264.81996160603785,0.739093633885677,0.739093633885677,0.4774813135413527,0.4774813135413527,1.0,2.0,0,0,0,0.42241030113810796,0.407454196418526
ml_gcn,1,1,0.0,0.0,189.69373294595968,105.0,294.6937329459597,0.8131096227133402,0.7096613468512712,0.02125963298303222,0.586551167910899,1.0,1.0,3,1,2,0.9398860535629033,0.9398860535629033
ml_gcn,2,2,0.0,0.0,192.7771401889111,70.0,262.77714018891106,0.8100717830651123,0.741106265823733,0.014346601451065123,0.38266964033417245,1.0,1.0,2,1,1,0.9959480034347471,0.9959480034347471
ml_gcn,3,3,0.0,0.0,263.567926147736,105.0,368.567926147736,0.7403271663569103,0.6368788904948414,0.586773151900068,1.2189106937651493,1.0,2.0,3,2,1,0.4264852309477171,0.3960720558885088
ml_gcn,4,4,0.0,0.0,253.8103755094698,70.0,323.8103755094698,0.7499405167394386,0.6809749994980593,0.3913470531903511,0.7750756282252623,1.0,2.0,2,1,1,0.32282442100278186,0.307367050086089
ml_gcn,5,5,1.0,1.0,174.64262296997623,105.0,279.64262296997623,0.8279383024926343,0.7244900266305654,0.0,0.6012278000316745,1.0,1.0,3,1,2,0.666229508545022,0.666229508545022
ml_gcn,6,6,0.0,0.0,258.2068140978174,105.0,363.2068140978174,0.7456090501499336,0.6421607742878647,0.020062258295973846,0.43487136198020776,1.0,2.0,3,2,1,0.3592727741594081,0.3473346736165219
ml_gcn,7,7,0.5476190476190477,0.40476190476190477,260.2672241912935,70.0,330.2672241912935,0.7435790894667059,0.6746135722253266,0.04162487806664339,0.3217744116516877,1.0,2.0,2,1,1,0.3753379160540326,0.36606567446630434
ml_gcn,8,8,0.0,0.0,286.786091958758,70.0,356.786091958758,0.7174521261490069,0.6484866089076275,0.5542004044609151,0.9335564170527303,1.0,2.0,2,1,1,0.6409548229445647,0.6071462905341637
ml_gcn,9,9,0.5476190476190477,0.4523809523809524,278.2233889202531,70.0,348.2233889202531,0.7258882867780757,0.6569227695366965,0.06851055953938237,0.3373439579751817,1.0,2.0,2,1,1,0.5385264494246756,0.5293035356386646
ml_gcn,10,10,1.0,1.0,163.05607243600622,105.0,268.0560724360062,0.8393536232157575,0.7359053473536885,0.0,0.6439502585296774,1.0,1.0,3,1,2,0.455564953381931,0.455564953381931
ml_gcn,11,11,1.0,1.0,185.652274658356,70.0,255.652274658356,0.8170913550163981,0.7481258377750187,0.0,0.3770489757198856,1.0,1.0,2,1,1,0.8664049937882908,0.8664049937882908
ml_gcn,12,12,0.0,0.35714285714285715,260.1097604445905,35.0,295.1097604445905,0.743734226162965,0.7092514675422754,0.04478833756241583,0.18537357262695817,1.0,2.0,1,1,0,0.37416863045731685,0.364634185859914
ml_gcn,13,13,1.0,1.0,185.04827164074297,105.0,290.048271640743,0.8176864318810414,0.7142381560189724,0.0,0.5674195120495342,1.0,1.0,3,1,2,0.8554231207407811,0.8554231207407811
ml_gcn,14,14,1.0,1.0,175.57913629826425,0.0,175.57913629826425,0.8270156292627938,0.8270156292627938,0.0,0.0,1.0,1.0,0,0,0,0.6832570236048043,0.6832570236048043
ml_gcn,15,15,0.0,0.0,167.69265093869518,0.0,167.69265093869518,0.8347855655776403,0.8347855655776403,0.008640665195398042,0.008640665195398042,1.0,1.0,0,0,0,0.5398663807035491,0.5398663807035491
ml_gcn,16,16,0.0,0.40476190476190477,266.9413538283575,105.0,371.9413538283575,0.7370035922873326,0.6335553164252635,0.05434533017669375,0.46906660914247233,1.0,2.0,3,2,1,0.4411879959025559,0.4267395802577949
ml_gcn,17,17,0.5714285714285714,0.42857142857142855,253.65699101180047,140.0,393.65699101180047,0.7500916344711325,0.6121605999883739,0.031042782877714916,0.600102555396127,1.0,2.0,4,2,2,0.3336885471154714,0.3059726455618226
ml_gcn,18,18,0.0,0.0,180.84384670460815,35.0,215.84384670460815,0.8218287224585141,0.7873459638378245,0.01451718467806654,0.2108639341570884,1.0,1.0,1,0,1,0.7789790309928754,0.7789790309928754
ml_gcn,19,19,0.0,0.0,186.710535082473,70.0,256.71053508247303,0.8160487339088935,0.7470832166675142,0.023736261780505027,0.407547160790469,1.0,1.0,2,1,1,0.8856460924086001,0.8856460924086001
ml_gcn,20,20,0.0,0.0,181.85491430482608,0.0,181.85491430482608,0.8208325967440138,0.8208325967440138,0.015554688904771548,0.015554688904771548,1.0,1.0,0,0,0,0.7973620782695654,0.7973620782695654
ml_gcn,21,21,0.0,0.3333333333333333,272.830249437465,105.0,377.830249437465,0.7312017246921527,0.6277534488300838,0.05454845865750655,0.46039637466880606,1.0,2.0,3,2,1,0.4903501244094383,0.4802749948860455
ml_gcn,22,22,0.0,0.0,187.67911605506023,105.0,292.67911605506026,0.8150944669408273,0.7116461910787584,0.1081637217301087,0.7281431484635831,1.0,1.0,3,1,2,0.9032566555465495,0.9032566555465495
ml_gcn,23,23,1.0,1.0,167.65662147443192,70.0,237.65662147443192,0.8348210625867667,0.7658555453453874,0.0,0.41752004414973365,1.0,1.0,2,1,1,0.5392112995351257,0.5392112995351257
ml_gcn_pruned,0,0,1.0,1.0,179.2374354781482,0.0,179.2374354781482,0.823411393617588,0.823411393617588,0.0,0.0,1.0,1.0,0,0,0,0.749771554148149,0.749771554148149
ml_gcn_pruned,1,1,0.0,0.0,189.69373294595968,0.0,189.69373294595968,0.8131096227133402,0.8131096227133402,0.02125963298303222,0.02125963298303222,1.0,1.0,0,0,0,0.9398860535629033,0.9398860535629033
ml_gcn_pruned,2,2,0.0,0.0,192.7771401889111,70.0,262.77714018891106,0.8100717830651123,0.741106265823733,0.014346601451065123,0.38266964033417245,1.0,1.0,2,1,1,0.9959480034347471,0.9959480034347471
ml_gcn_pruned,3,3,0.0,0.0,182.43893875941126,70.0,252.43893875941126,0.8202572031926982,0.751291685951319,0.09834764083665093,0.5197726687467051,1.0,1.0,2,1,1,0.8079807047165684,0.8079807047165684
ml_gcn_pruned,4,4,0.0,0.0,253.8103755094698,105.0,358.8103755094698,0.7499405167394386,0.6464922408773696,0.3913470531903511,0.966939915742718,1.0,2.0,3,2,1,0.32282442100278186,0.307367050086089
ml_gcn_pruned,5,5,1.0,1.0,174.64262296997623,105.0,279.64262296997623,0.8279383024926343,0.7244900266305654,0.0,0.6012278000316745,1.0,1.0,3,1,2,0.666229508545022,0.666229508545022
ml_gcn_pruned,6,6,0.0,0.0,258.2068140978174,105.0,363.2068140978174,0.7456090501499336,0.6421607742878647,0.020062258295973846,0.43487136198020776,1.0,2.0,3,2,1,0.3592727741594081,0.3473346736165219
ml_gcn_pruned,7,7,0.40476190476190477,0.40476190476190477,260.2672241912935,70.0,330.2672241912935,0.7435790894667059,0.6746135722253266,0.04162487806664339,0.3217744116516877,1.0,2.0,2,1,1,0.3753379160540326,0.36606567446630434
ml_gcn_pruned,8,8,1.0,1.0,184.52323853192644,35.0,219.52323853192644,0.8182037058798755,0.7837209472591858,0.0,0.1896780062959076,1.0,1.0,1,0,1,0.8458770642168446,0.8458770642168446
ml_gcn_pruned,9,9,0.42857142857142855,0.42857142857142855,272.23480805010183,35.0,307.23480805010183,0.7317883664531016,0.697305607832412,0.045511551723234005,0.17992825094113368,1.0,2.0,1,1,0,0.4770063478189653,0.4748618913645623
ml_gcn_pruned,10,10,1.0,1.0,163.05607243600622,35.0,198.05607243600622,0.8393536232157575,0.8048708645950678,0.0,0.21465008617655912,1.0,1.0,1,0,1,0.455564953381931,0.455564953381931
ml_gcn_pruned,11,11,1.0,1.0,185.652274658356,70.0,255.652274658356,0.8170913550163981,0.7481258377750187,0.0,0.3770489757198856,1.0,1.0,2,1,1,0.8664049937882908,0.8664049937882908
ml_gcn_pruned,12,12,0.35714285714285715,0.35714285714285715,260.1097604445905,35.0,295.1097604445905,0.743734226162965,0.7092514675422754,0.04478833756241583,0.18537357262695817,1.0,2.0,1,1,0,0.37416863045731685,0.364634185859914
ml_gcn_pruned,13,13,1.0,1.0,185.04827164074297,105.0,290.048271640743,0.8176864318810414,0.7142381560189724,0.0,0.5674195120495342,1.0,1.0,3,1,2,0.8554231207407811,0.8554231207407811
ml_gcn_pruned,14,14,1.0,1.0,175.57913629826425,0.0,175.57913629826425,0.8270156292627938,0.8270156292627938,0.0,0.0,1.0,1.0,0,0,0,0.6832570236048043,0.6832570236048043
ml_gcn_pruned,15,15,0.0,0.0,167.69265093869518,0.0,167.69265093869518,0.8347855655776403,0.8347855655776403,0.008640665195398042,0.008640665195398042,1.0,1.0,0,0,0,0.5398663807035491,0.5398663807035491
ml_gcn_pruned,16,16,0.0,0.0,264.1139944277396,35.0,299.1139944277396,0.7397891680514881,0.7053064094307984,0.04317803392221605,0.18141846024414224,1.0,2.0,1,1,0,0.4094375996380371,0.4010363129794508
ml_gcn_pruned,17,17,0.42857142857142855,0.42857142857142855,253.65699101180047,70.0,323.65699101180047,0.7500916344711325,0.6811261172297531,0.031042782877714916,0.315572669136921,1.0,2.0,2,1,1,0.3336885471154714,0.3059726455618226
ml_gcn_pruned,18,18,0.0,0.0,180.84384670460815,35.0,215.84384670460815,0.8218287224585141,0.7873459638378245,0.01451718467806654,0.2108639341570884,1.0,1.0,1,0,1,0.7789790309928754,0.7789790309928754
ml_gcn_pruned,19,19,0.0,0.0,186.710535082473,70.0,256.71053508247303,0.8160487339088935,0.7470832166675142,0.023736261780505027,0.407547160790469,1.0,1.0,2,1,1,0.8856460924086001,0.8856460924086001
ml_gcn_pruned,20,20,0.0,0.0,181.85491430482608,0.0,181.85491430482608,0.8208325967440138,0.8208325967440138,0.015554688904771548,0.015554688904771548,1.0,1.0,0,0,0,0.7973620782695654,0.7973620782695654
ml_gcn_pruned,21,21,0.0,0.0,271.4723991153394,105.0,376.4723991153394,0.7325395082607494,0.6290912323986804,0.0493000708147451,0.4551479868260446,1.0,2.0,3,2,1,0.5029160145007693,0.4679309010485402
ml_gcn_pruned,22,22,0.0,0.0,187.67911605506023,35.0,222.67911605506023,0.8150944669408273,0.7806117083201377,0.1081637217301087,0.3148235306412668,1.0,1.0,1,0,1,0.9032566555465495,0.9032566555465495
ml_gcn_pruned,23,23,1.0,1.0,167.65662147443192,70.0,237.65662147443192,0.8348210625867667,0.7658555453453874,0.0,0.41752004414973365,1.0,1.0,2,1,1,0.5392112995351257,0.5392112995351257
ml_gcn_stable,0,0,1.0,1.0,179.2374354781482,0.0,179.2374354781482,0.823411393617588,0.823411393617588,0.0,0.0,1.0,1.0,0,0,0,0.749771554148149,0.749771554148149
ml_gcn_stable,1,1,0.0,0.0,189.69373294595968,0.0,189.69373294595968,0.8131096227133402,0.8131096227133402,0.02125963298303222,0.02125963298303222,1.0,1.0,0,0,0,0.9398860535629033,0.9398860535629033
ml_gcn_stable,2,2,0.0,0.0,192.7771401889111,70.0,262.77714018891106,0.8100717830651123,0.741106265823733,0.014346601451065123,0.38266964033417245,1.0,1.0,2,1,1,0.9959480034347471,0.9959480034347471
ml_gcn_stable,3,3,0.0,0.0,182.43893875941126,70.0,252.43893875941126,0.8202572031926982,0.751291685951319,0.09834764083665093,0.5197726687467051,1.0,1.0,2,1,1,0.8079807047165684,0.8079807047165684
ml_gcn_stable,4,4,0.0,0.0,260.43018041400757,35.0,295.43018041400757,0.743418541464032,0.7089357828433424,0.4276357432335996,0.6195000307510552,1.0,2.0,1,1,0,0.3849657619532932,0.3675470946727963
ml_gcn_stable,5,5,1.0,1.0,174.64262296997623,105.0,279.64262296997623,0.8279383024926343,0.7244900266305654,0.0,0.6012278000316745,1.0,1.0,3,1,2,0.666229508545022,0.666229508545022
ml_gcn_stable,6,6,0.0,0.0,260.6056991659617,35.0,295.6056991659617,0.7432456165852594,0.7087628579645697,0.029539204628911252,0.1678089058569892,1.0,2.0,1,1,0,0.38532571089504114,0.3691427196905613
ml_gcn_stable,7,7,0.40476190476190477,0.40476190476190477,260.2672241912935,70.0,330.2672241912935,0.7435790894667059,0.6746135722253266,0.04162487806664339,0.3217744116516877,1.0,2.0,2,1,1,0.3753379160540326,0.36606567446630434
ml_gcn_stable,8,8,1.0,1.0,184.52323853192644,35.0,219.52323853192644,0.8182037058798755,0.7837209472591858,0.0,0.1896780062959076,1.0,1.0,1,0,1,0.8458770642168446,0.8458770642168446
ml_gcn_stable,9,9,0.0,0.0,281.80808619170807,35.0,316.80808619170807,0.7223565653283665,0.6878738067076767,0.08227750739436485,0.21669420661226452,1.0,2.0,1,1,0,0.6118870967466632,0.5618916926518913
ml_gcn_stable,10,10,1.0,1.0,163.05607243600622,35.0,198.05607243600622,0.8393536232157575,0.8048708645950678,0.0,0.21465008617655912,1.0,1.0,1,0,1,0.455564953381931,0.455564953381931
ml_gcn_stable,11,11,1.0,1.0,185.652274658356,70.0,255.652274658356,0.8170913550163981,0.7481258377750187,0.0,0.3770489757198856,1.0,1.0,2,1,1,0.8664049937882908,0.8664049937882908
ml_gcn_stable,12,12,0.35714285714285715,0.35714285714285715,260.1097604445905,35.0,295.1097604445905,0.743734226162965,0.7092514675422754,0.04478833756241583,0.18537357262695817,1.0,2.0,1,1,0,0.37416863045731685,0.364634185859914
ml_gcn_stable,13,13,1.0,1.0,185.04827164074297,105.0,290.048271640743,0.8176864318810414,0.7142381560189724,0.0,0.5674195120495342,1.0,1.0,3,1,2,0.8554231207407811,0.8554231207407811
ml_gcn_stable,14,14,1.0,1.0,175.57913629826425,0.0,175.57913629826425,0.8270156292627938,0.8270156292627938,0.0,0.0,1.0,1.0,0,0,0,0.6832570236048043,0.6832570236048043
ml_gcn_stable,15,15,0.0,0.0,167.69265093869518,0.0,167.69265093869518,0.8347855655776403,0.8347855655776403,0.008640665195398042,0.008640665195398042,1.0,1.0,0,0,0,0.5398663807035491,0.5398663807035491
ml_gcn_stable,16,16,0.40476190476190477,0.40476190476190477,266.225808729719,35.0,301.225808729719,0.737708562827863,0.7032258042071734,0.051519122762740975,0.18975954908466716,1.0,2.0,1,1,0,0.42571065389082585,0.4202346248156273
ml_gcn_stable,17,17,0.0,0.0,253.9463325476377,70.0,323.94633254763767,0.7498065689185835,0.6808410516772043,0.03221887308174105,0.316748759340947,1.0,2.0,2,1,1,0.32318505701986555,0.30860302316034255
ml_gcn_stable,18,18,0.0,0.0,180.84384670460815,105.0,285.84384670460815,0.8218287224585141,0.7183804465964452,0.01451718467806654,0.6035574331151321,1.0,1.0,3,1,2,0.7789790309928754,0.7789790309928754
ml_gcn_stable,19,19,0.0,0.0,186.710535082473,70.0,256.71053508247303,0.8160487339088935,0.7470832166675142,0.023736261780505027,0.407547160790469,1.0,1.0,2,1,1,0.8856460924086001,0.8856460924086001
ml_gcn_stable,20,20,0.0,0.0,181.85491430482608,0.0,181.85491430482608,0.8208325967440138,0.8208325967440138,0.015554688904771548,0.015554688904771548,1.0,1.0,0,0,0,0.7973620782695654,0.7973620782695654
ml_gcn_stable,21,21,0.42857142857142855,0.42857142857142855,263.69833034487647,35.0,298.69833034487647,0.7401986893153927,0.705715930694703,0.019251598344069854,0.15453423701450303,1.0,2.0,1,1,0,0.44471300399155667,0.3972575485897857
ml_gcn_stable,22,22,0.0,0.0,187.67911605506023,105.0,292.67911605506026,0.8150944669408273,0.7116461910787584,0.1081637217301087,0.7281431484635831,1.0,1.0,3,1,2,0.9032566555465495,0.9032566555465495
ml_gcn_stable,23,23,1.0,1.0,167.65662147443192,70.0,237.65662147443192,0.8348210625867667,0.7658555453453874,0.0,0.41752004414973365,1.0,1.0,2,1,1,0.5392112995351257,0.5392112995351257
ml_gcn_search,0,0,1.0,1.0,179.2374354781482,0.0,179.2374354781482,0.823411393617588,0.823411393617588,0.0,0.0,1.0,1.0,0,0,0,0.749771554148149,0.749771554148149
ml_gcn_search,1,1,1.0,1.0,185.7448652815903,70.0,255.7448652815903,0.8170001327274972,0.7480346154861178,0.0,0.37686102328524446,1.0,1.0,2,1,1,0.8680884596652783,0.8680884596652783
ml_gcn_search,2,2,1.0,1.0,190.0505605412739,0.0,190.0505605412739,0.8127580684322425,0.8127580684322425,0.0,0.0,1.0,1.0,0,0,0,0.9463738280231621,0.9463738280231621
ml_gcn_search,3,3,1.0,1.0,166.10309156802208,0.0,166.10309156802208,0.8363516339231309,0.8363516339231309,0.0,0.0,1.0,1.0,0,0,0,0.5109653012367652,0.5109653012367652
ml_gcn_search,4,4,1.0,1.0,182.42060809162172,0.0,182.42060809162172,0.8202752629639195,0.8202752629639195,0.0,0.0,1.0,1.0,0,0,0,0.8076474198476677,0.8076474198476677
ml_gcn_search,5,5,1.0,1.0,174.64262296997623,0.0,174.64262296997623,0.8279383024926343,0.8279383024926343,0.0,0.0,1.0,1.0,0,0,0,0.666229508545022,0.666229508545022
ml_gcn_search,6,6,0.9523809523809523,0.9523809523809523,252.37615671127622,105.0,357.3761567112762,0.7513535401859347,0.6479052643238657,-0.0029721204126071923,0.4118369832716267,1.0,2.0,3,2,1,0.30787311275410556,0.29432869737523837
ml_gcn_search,7,7,0.9285714285714286,0.9285714285714286,249.53964867878054,70.0,319.5396486787805,0.7541481293805118,0.6851826121391325,-0.0013083401666259186,0.2788411934184183,1.0,2.0,2,1,1,0.2710941989211397,0.2685422607161867
ml_gcn_search,8,8,1.0,1.0,184.52323853192644,35.0,219.52323853192644,0.8182037058798755,0.7837209472591858,0.0,0.1896780062959076,1.0,1.0,1,0,1,0.8458770642168446,0.8458770642168446
ml_gcn_search,9,9,1.0,1.0,260.38431388098843,105.0,365.38431388098843,0.7434637301665139,0.6400154543044448,0.0,0.403250097653699,1.0,2.0,3,2,1,0.3745985678661607,0.367130126190804
ml_gcn_search,10,10,1.0,1.0,163.05607243600622,105.0,268.0560724360062,0.8393536232157575,0.7359053473536885,0.0,0.6439502585296774,1.0,1.0,3,1,2,0.455564953381931,0.455564953381931
ml_gcn_search,11,11,1.0,1.0,185.652274658356,70.0,255.652274658356,0.8170913550163981,0.7481258377750187,0.0,0.3770489757198856,1.0,1.0,2,1,1,0.8664049937882908,0.8664049937882908
ml_gcn_search,12,12,1.0,1.0,248.9592878223064,105.0,353.9592878223064,0.7547199134755602,0.6512716376134913,0.0,0.42175570519362704,1.0,2.0,3,2,1,0.27780394627770555,0.263266252930058
ml_gcn_search,13,13,1.0,1.0,185.04827164074297,105.0,290.048271640743,0.8176864318810414,0.7142381560189724,0.0,0.5674195120495342,1.0,1.0,3,1,2,0.8554231207407811,0.8554231207407811
ml_gcn_search,14,14,1.0,1.0,175.57913629826425,0.0,175.57913629826425,0.8270156292627938,0.8270156292627938,0.0,0.0,1.0,1.0,0,0,0,0.6832570236048043,0.6832570236048043
ml_gcn_search,15,15,1.0,1.0,166.25608774776998,70.0,236.25608774776998,0.83620089877067,0.7672353815292907,0.0,0.4210372140248977,1.0,1.0,2,1,1,0.5137470499594543,0.5137470499594543
ml_gcn_search,16,16,0.42857142857142855,0.42857142857142855,260.51122670727915,105.0,365.51122670727915,0.7433386928992324,0.6398904170371634,0.028948086904635236,0.4436693658704138,1.0,2.0,3,2,1,0.37806246352304,0.3682838791570829
ml_gcn_search,17,17,0.4523809523809524,0.4523809523809524,250.23354630899854,70.0,320.23354630899854,0.7534644863950754,0.6844989691536961,0.01712746385053042,0.3016573501097365,1.0,2.0,2,1,1,0.2880616172262132,0.2748504209908958
ml_gcn_search,18,18,1.0,1.0,178.2560704104729,105.0,283.2560704104729,0.8243782557532288,0.7209299798911598,0.0,0.5890402484370656,1.0,1.0,3,1,2,0.7319285529176888,0.7319285529176888
ml_gcn_search,19,19,1.0,1.0,182.3814805170053,70.0,252.3814805170053,0.820313812298517,0.7513482950571377,0.0,0.38381089900996385,1.0,1.0,2,1,1,0.8069360094000959,0.8069360094000959
ml_gcn_search,20,20,1.0,1.0,179.06954326698855,70.0,249.06954326698855,0.8235768046630654,0.7546112874216861,0.0,0.3909095802831843,1.0,1.0,2,1,1,0.7467189684907006,0.7467189684907006
ml_gcn_search,21,21,0.9285714285714286,0.9285714285714286,256.66587712024347,105.0,361.66587712024347,0.7471272146598587,0.6436789387977896,-0.007930368186065831,0.39791754782523364,1.0,2.0,3,2,1,0.3599085093803629,0.3333261556385768
ml_gcn_search,22,22,1.0,1.0,169.36045854492352,105.0,274.3604585449235,0.8331424053744596,0.7296941295123907,0.0,0.6199794267334742,1.0,1.0,3,1,2,0.5701901553622459,0.5701901553622459
ml_gcn_search,23,23,1.0,1.0,167.65662147443192,0.0,167.65662147443192,0.8348210625867667,0.8348210625867667,0.0,0.0,1.0,1.0,0,0,0,0.5392112995351257,0.5392112995351257
ml_gcn_stable_search,0,0,1.0,1.0,179.2374354781482,0.0,179.2374354781482,0.823411393617588,0.823411393617588,0.0,0.0,1.0,1.0,0,0,0,0.749771554148149,0.749771554148149
ml_gcn_stable_search,1,1,0.0,0.0,189.69373294595968,0.0,189.69373294595968,0.8131096227133402,0.8131096227133402,0.02125963298303222,0.02125963298303222,1.0,1.0,0,0,0,0.9398860535629033,0.9398860535629033
ml_gcn_stable_search,2,2,1.0,1.0,190.0505605412739,70.0,260.0505605412739,0.8127580684322425,0.7437925511908632,0.0,0.36832303888310747,1.0,1.0,2,1,1,0.9463738280231621,0.9463738280231621
ml_gcn_stable_search,3,3,1.0,1.0,166.10309156802208,0.0,166.10309156802208,0.8363516339231309,0.8363516339231309,0.0,0.0,1.0,1.0,0,0,0,0.5109653012367652,0.5109653012367652
ml_gcn_stable_search,4,4,1.0,1.0,182.42060809162172,0.0,182.42060809162172,0.8202752629639195,0.8202752629639195,0.0,0.0,1.0,1.0,0,0,0,0.8076474198476677,0.8076474198476677
ml_gcn_stable_search,5,5,1.0,1.0,174.64262296997623,0.0,174.64262296997623,0.8279383024926343,0.8279383024926343,0.0,0.0,1.0,1.0,0,0,0,0.666229508545022,0.666229508545022
ml_gcn_stable_search,6,6,0.0,0.0,260.6056991659617,35.0,295.6056991659617,0.7432456165852594,0.7087628579645697,0.029539204628911252,0.1678089058569892,1.0,2.0,1,1,0,0.38532571089504114,0.3691427196905613
ml_gcn_stable_search,7,7,0.3333333333333333,0.3333333333333333,268.53182323243334,0.0,268.53182323243334,0.7354366273572085,0.7354366273572085,0.07470092901868236,0.07470092901868236,1.0,2.0,0,0,0,0.450556683419225,0.4411983930221216
ml_gcn_stable_search,8,8,1.0,1.0,184.52323853192644,35.0,219.52323853192644,0.8182037058798755,0.7837209472591858,0.0,0.1896780062959076,1.0,1.0,1,0,1,0.8458770642168446,0.8458770642168446
ml_gcn_stable_search,9,9,0.0,0.0,264.7398534234113,35.0,299.7398534234113,0.7391725582035357,0.7046897995828459,0.016727349960157883,0.15114404917805754,1.0,2.0,1,1,0,0.44951087160103786,0.40672594021283015
ml_gcn_stable_search,10,10,1.0,1.0,163.05607243600622,35.0,198.05607243600622,0.8393536232157575,0.8048708645950678,0.0,0.21465008617655912,1.0,1.0,1,0,1,0.455564953381931,0.455564953381931
ml_gcn_stable_search,11,11,1.0,1.0,185.652274658356,70.0,255.652274658356,0.8170913550163981,0.7481258377750187,0.0,0.3770489757198856,1.0,1.0,2,1,1,0.8664049937882908,0.8664049937882908
ml_gcn_stable_search,12,12,0.0,0.0,253.34452711947307,35.0,288.34452711947307,0.7503994806704699,0.7159167220497803,0.017614282783041252,0.1581995178475836,1.0,2.0,1,1,0,0.32477945859278906,0.30313206472248255
ml_gcn_stable_search,13,13,0.0,0.0,272.5877042563585,0.0,272.5877042563585,0.7314406854617158,0.7314406854617158,0.4730626870461489,0.4730626870461489,1.0,2.0,0,0,0,0.5164630415613592,0.4780700386941686
ml_gcn_stable_search,14,14,0.0,0.0,186.600766292497,35.0,221.600766292497,0.8161568805000029,0.7816741218793133,0.06277300496290075,0.2621133180428325,1.0,1.0,1,0,1,0.8836502962272182,0.8836502962272182
ml_gcn_stable_search,15,15,1.0,1.0,166.25608774776998,70.0,236.25608774776998,0.83620089877067,0.7672353815292907,0.0,0.4210372140248977,1.0,1.0,2,1,1,0.5137470499594543,0.5137470499594543
ml_gcn_stable_search,16,16,0.0,0.0,265.7646197246013,35.0,300.7646197246013,0.7381629362319199,0.7036801776112303,0.04969755234324217,0.18793797866516837,1.0,2.0,1,1,0,0.4460933664471927,0.4160419974963756
ml_gcn_stable_search,17,17,0.42857142857142855,0.42857142857142855,253.65699101180047,0.0,253.65699101180047,0.7500916344711325,0.7500916344711325,0.031042782877714916,0.031042782877714916,1.0,2.0,0,0,0,0.3336885471154714,0.3059726455618226
ml_gcn_stable_search,18,18,0.0,0.0,180.84384670460815,35.0,215.84384670460815,0.8218287224585141,0.7873459638378245,0.01451718467806654,0.2108639341570884,1.0,1.0,1,0,1,0.7789790309928754,0.7789790309928754
ml_gcn_stable_search,19,19,1.0,1.0,182.3814805170053,70.0,252.3814805170053,0.820313812298517,0.7513482950571377,0.0,0.38381089900996385,1.0,1.0,2,1,1,0.8069360094000959,0.8069360094000959
ml_gcn_stable_search,20,20,1.0,1.0,179.06954326698855,70.0,249.06954326698855,0.8235768046630654,0.7546112874216861,0.0,0.3909095802831843,1.0,1.0,2,1,1,0.7467189684907006,0.7467189684907006
ml_gcn_stable_search,21,21,0.30952380952380953,0.30952380952380953,264.26324980015943,35.0,299.26324980015943,0.7396421184234883,0.7051593598027986,0.02143513533112536,0.15671777400155854,1.0,2.0,1,1,0,0.4054058047607871,0.40239318000144925
ml_gcn_stable_search,22,22,0.0,0.0,187.67911605506023,35.0,222.67911605506023,0.8150944669408273,0.7806117083201377,0.1081637217301087,0.3148235306412668,1.0,1.0,1,0,1,0.9032566555465495,0.9032566555465495
ml_gcn_stable_search,23,23,1.0,1.0,167.65662147443192,70.0,237.65662147443192,0.8348210625867667,0.7658555453453874,0.0,0.41752004414973365,1.0,1.0,2,1,1,0.5392112995351257,0.5392112995351257
attn_ml_gcn,0,0,0.0,0.0,264.81996160603785,0.0,264.81996160603785,0.739093633885677,0.739093633885677,0.4774813135413527,0.4774813135413527,1.0,2.0,0,0,0,0.42241030113810796,0.407454196418526
attn_ml_gcn,1,1,0.0,0.0,189.69373294595968,105.0,294.6937329459597,0.8131096227133402,0.7096613468512712,0.02125963298303222,0.586551167910899,1.0,1.0,3,1,2,0.9398860535629033,0.9398860535629033
attn_ml_gcn,2,2,0.0,0.0,192.7771401889111,70.0,262.77714018891106,0.8100717830651123,0.741106265823733,0.014346601451065123,0.38266964033417245,1.0,1.0,2,1,1,0.9959480034347471,0.9959480034347471
attn_ml_gcn,3,3,0.0,0.0,263.567926147736,105.0,368.567926147736,0.7403271663569103,0.6368788904948414,0.586773151900068,1.2189106937651493,1.0,2.0,3,2,1,0.4264852309477171,0.3960720558885088
attn_ml_gcn,4,4,0.0,0.0,253.8103755094698,70.0,323.8103755094698,0.7499405167394386,0.6809749994980593,0.3913470531903511,0.7750756282252623,1.0,2.0,2,1,1,0.32282442100278186,0.307367050086089
attn_ml_gcn,5,5,1.0,1.0,174.64262296997623,105.0,279.64262296997623,0.8279383024926343,0.7244900266305654,0.0,0.6012278000316745,1.0,1.0,3,1,2,0.666229508545022,0.666229508545022
attn_ml_gcn,6,6,0.0,0.0,258.2068140978174,105.0,363.2068140978174,0.7456090501499336,0.6421607742878647,0.020062258295973846,0.43487136198020776,1.0,2.0,3,2,1,0.3592727741594081,0.3473346736165219
attn_ml_gcn,7,7,0.5476190476190477,0.40476190476190477,260.2672241912935,70.0,330.2672241912935,0.7435790894667059,0.6746135722253266,0.04162487806664339,0.3217744116516877,1.0,2.0,2,1,1,0.3753379160540326,0.36606567446630434
attn_ml_gcn,8,8,0.0,0.0,286.786091958758,70.0,356.786091958758,0.7174521261490069,0.6484866089076275,0.5542004044609151,0.9335564170527303,1.0,2.0,2,1,1,0.6409548229445647,0.6071462905341637
attn_ml_gcn,9,9,0.5476190476190477,0.4523809523809524,278.2233889202531,70.0,348.2233889202531,0.7258882867780757,0.6569227695366965,0.06851055953938237,0.3373439579751817,1.0,2.0,2,1,1,0.5385264494246756,0.5293035356386646
attn_ml_gcn,10,10,1.0,1.0,163.05607243600622,105.0,268.0560724360062,0.8393536232157575,0.7359053473536885,0.0,0.6439502585296774,1.0,1.0,3,1,2,0.455564953381931,0.455564953381931
attn_ml_gcn,11,11,0.0,0.0,190.98912934844046,70.0,260.98912934844043,0.8118333701000587,0.7428678528586794,0.028746508492317357,0.4057954842122028,1.0,1.0,2,1,1,0.9634387154261902,0.9634387154261902
attn_ml_gcn,12,12,0.0,0.30952380952380953,261.82179998999237,105.0,366.82179998999237,0.7420474876945888,0.6385992118325199,0.05166512276041906,0.4734208279540461,1.0,2.0,3,2,1,0.4021387255266748,0.38019818172720343
attn_ml_gcn,13,13,1.0,1.0,185.04827164074297,35.0,220.04827164074297,0.8176864318810414,0.7832036732603517,0.0,0.18913983734984469,1.0,1.0,1,0,1,0.8554231207407811,0.8554231207407811
attn_ml_gcn,14,14,1.0,1.0,175.57913629826425,0.0,175.57913629826425,0.8270156292627938,0.8270156292627938,0.0,0.0,1.0,1.0,0,0,0,0.6832570236048043,0.6832570236048043
attn_ml_gcn,15,15,0.0,0.0,167.69265093869518,0.0,167.69265093869518,0.8347855655776403,0.8347855655776403,0.008640665195398042,0.008640665195398042,1.0,1.0,0,0,0,0.5398663807035491,0.5398663807035491
attn_ml_gcn,16,16,0.0,0.40476190476190477,266.9413538283575,105.0,371.9413538283575,0.7370035922873326,0.6335553164252635,0.05434533017669375,0.46906660914247233,1.0,2.0,3,2,1,0.4411879959025559,0.4267395802577949
attn_ml_gcn,17,17,0.5714285714285714,0.42857142857142855,253.65699101180047,140.0,393.65699101180047,0.7500916344711325,0.6121605999883739,0.031042782877714916,0.600102555396127,1.0,2.0,4,2,2,0.3336885471154714,0.3059726455618226
attn_ml_gcn,18,18,1.0,1.0,178.2560704104729,105.0,283.2560704104729,0.8243782557532288,0.7209299798911598,0.0,0.5890402484370656,1.0,1.0,3,1,2,0.7319285529176888,0.7319285529176888
attn_ml_gcn,19,19,0.0,0.0,186.710535082473,0.0,186.710535082473,0.8160487339088935,0.8160487339088935,0.023736261780505027,0.023736261780505027,1.0,1.0,0,0,0,0.8856460924086001,0.8856460924086001
attn_ml_gcn,20,20,1.0,1.0,179.06954326698855,70.0,249.06954326698855,0.8235768046630654,0.7546112874216861,0.0,0.3909095802831843,1.0,1.0,2,1,1,0.7467189684907006,0.7467189684907006
attn_ml_gcn,21,21,0.0,0.3333333333333333,272.830249437465,105.0,377.830249437465,0.7312017246921527,0.6277534488300838,0.05454845865750655,0.46039637466880606,1.0,2.0,3,2,1,0.4903501244094383,0.4802749948860455
attn_ml_gcn,22,22,0.0,0.0,187.67911605506023,105.0,292.67911605506026,0.8150944669408273,0.7116461910787584,0.1081637217301087,0.7281431484635831,1.0,1.0,3,1,2,0.9032566555465495,0.9032566555465495
attn_ml_gcn,23,23,1.0,1.0,167.65662147443192,70.0,237.65662147443192,0.8348210625867667,0.7658555453453874,0.0,0.41752004414973365,1.0,1.0,2,1,1,0.5392112995351257,0.5392112995351257
attn_ml_gcn_pruned,0,0,1.0,1.0,179.2374354781482,0.0,179.2374354781482,0.823411393617588,0.823411393617588,0.0,0.0,1.0,1.0,0,0,0,0.749771554148149,0.749771554148149
attn_ml_gcn_pruned,1,1,0.0,0.0,189.69373294595968,0.0,189.69373294595968,0.8131096227133402,0.8131096227133402,0.02125963298303222,0.02125963298303222,1.0,1.0,0,0,0,0.9398860535629033,0.9398860535629033
attn_ml_gcn_pruned,2,2,0.0,0.0,192.7771401889111,70.0,262.77714018891106,0.8100717830651123,0.741106265823733,0.014346601451065123,0.38266964033417245,1.0,1.0,2,1,1,0.9959480034347471,0.9959480034347471
attn_ml_gcn_pruned,3,3,0.0,0.0,182.43893875941126,70.0,252.43893875941126,0.8202572031926982,0.751291685951319,0.09834764083665093,0.5197726687467051,1.0,1.0,2,1,1,0.8079807047165684,0.8079807047165684
attn_ml_gcn_pruned,4,4,0.0,0.0,253.8103755094698,105.0,358.8103755094698,0.7499405167394386,0.6464922408773696,0.3913470531903511,0.966939915742718,1.0,2.0,3,2,1,0.32282442100278186,0.307367050086089
attn_ml_gcn_pruned,5,5,1.0,1.0,174.64262296997623,105.0,279.64262296997623,0.8279383024926343,0.7244900266305654,0.0,0.6012278000316745,1.0,1.0,3,1,2,0.666229508545022,0.666229508545022
attn_ml_gcn_pruned,6,6,0.0,0.0,258.2068140978174,105.0,363.2068140978174,0.7456090501499336,0.6421607742878647,0.020062258295973846,0.43487136198020776,1.0,2.0,3,2,1,0.3592727741594081,0.3473346736165219
attn_ml_gcn_pruned,7,7,0.40476190476190477,0.40476190476190477,260.2672241912935,70.0,330.2672241912935,0.7435790894667059,0.6746135722253266,0.04162487806664339,0.3217744116516877,1.0,2.0,2,1,1,0.3753379160540326,0.36606567446630434
attn_ml_gcn_pruned,8,8,1.0,1.0,184.52323853192644,35.0,219.52323853192644,0.8182037058798755,0.7837209472591858,0.0,0.1896780062959076,1.0,1.0,1,0,1,0.8458770642168446,0.8458770642168446
attn_ml_gcn_pruned,9,9,0.42857142857142855,0.42857142857142855,272.23480805010183,35.0,307.23480805010183,0.7317883664531016,0.697305607832412,0.045511551723234005,0.17992825094113368,1.0,2.0,1,1,0,0.4770063478189653,0.4748618913645623
attn_ml_gcn_pruned,10,10,1.0,1.0,163.05607243600622,35.0,198.05607243600622,0.8393536232157575,0.8048708645950678,0.0,0.21465008617655912,1.0,1.0,1,0,1,0.455564953381931,0.455564953381931
attn_ml_gcn_pruned,11,11,0.0,0.0,190.98912934844046,70.0,260.98912934844043,0.8118333701000587,0.7428678528586794,0.028746508492317357,0.4057954842122028,1.0,1.0,2,1,1,0.9634387154261902,0.9634387154261902
attn_ml_gcn_pruned,12,12,0.30952380952380953,0.30952380952380953,261.82179998999237,105.0,366.82179998999237,0.7420474876945888,0.6385992118325199,0.05166512276041906,0.4734208279540461,1.0,2.0,3,2,1,0.4021387255266748,0.38019818172720343
attn_ml_gcn_pruned,13,13,1.0,1.0,185.04827164074297,35.0,220.04827164074297,0.8176864318810414,0.7832036732603517,0.0,0.18913983734984469,1.0,1.0,1,0,1,0.8554231207407811,0.8554231207407811
attn_ml_gcn_pruned,14,14,1.0,1.0,175.57913629826425,0.0,175.57913629826425,0.8270156292627938,0.8270156292627938,0.0,0.0,1.0,1.0,0,0,0,0.6832570236048043,0.6832570236048043
attn_ml_gcn_pruned,15,15,0.0,0.0,167.69265093869518,0.0,167.69265093869518,0.8347855655776403,0.8347855655776403,0.008640665195398042,0.008640665195398042,1.0,1.0,0,0,0,0.5398663807035491,0.5398663807035491
attn_ml_gcn_pruned,16,16,0.0,0.0,264.1139944277396,35.0,299.1139944277396,0.7397891680514881,0.7053064094307984,0.04317803392221605,0.18141846024414224,1.0,2.0,1,1,0,0.4094375996380371,0.4010363129794508
attn_ml_gcn_pruned,17,17,0.42857142857142855,0.42857142857142855,253.65699101180047,70.0,323.65699101180047,0.7500916344711325,0.6811261172297531,0.031042782877714916,0.315572669136921,1.0,2.0,2,1,1,0.3336885471154714,0.3059726455618226
attn_ml_gcn_pruned,18,18,1.0,1.0,178.2560704104729,105.0,283.2560704104729,0.8243782557532288,0.7209299798911598,0.0,0.5890402484370656,1.0,1.0,3,1,2,0.7319285529176888,0.7319285529176888
attn_ml_gcn_pruned,19,19,0.0,0.0,186.710535082473,0.0,186.710535082473,0.8160487339088935,0.8160487339088935,0.023736261780505027,0.023736261780505027,1.0,1.0,0,0,0,0.8856460924086001,0.8856460924086001
attn_ml_gcn_pruned,20,20,1.0,1.0,179.06954326698855,70.0,249.06954326698855,0.8235768046630654,0.7546112874216861,0.0,0.3909095802831843,1.0,1.0,2,1,1,0.7467189684907006,0.7467189684907006
attn_ml_gcn_pruned,21,21,0.0,0.0,271.4723991153394,35.0,306.4723991153394,0.7325395082607494,0.6980567496400597,0.0493000708147451,0.18458270948517827,1.0,2.0,1,1,0,0.5029160145007693,0.4679309010485402
attn_ml_gcn_pruned,22,22,0.0,0.0,187.67911605506023,35.0,222.67911605506023,0.8150944669408273,0.7806117083201377,0.1081637217301087,0.3148235306412668,1.0,1.0,1,0,1,0.9032566555465495,0.9032566555465495
attn_ml_gcn_pruned,23,23,1.0,1.0,167.65662147443192,70.0,237.65662147443192,0.8348210625867667,0.7658555453453874,0.0,0.41752004414973365,1.0,1.0,2,1,1,0.5392112995351257,0.5392112995351257
attn_ml_gcn_stable,0,0,1.0,1.0,179.2374354781482,0.0,179.2374354781482,0.823411393617588,0.823411393617588,0.0,0.0,1.0,1.0,0,0,0,0.749771554148149,0.749771554148149
attn_ml_gcn_stable,1,1,0.0,0.0,189.69373294595968,0.0,189.69373294595968,0.8131096227133402,0.8131096227133402,0.02125963298303222,0.02125963298303222,1.0,1.0,0,0,0,0.9398860535629033,0.9398860535629033
attn_ml_gcn_stable,2,2,0.0,0.0,192.7771401889111,70.0,262.77714018891106,0.8100717830651123,0.741106265823733,0.014346601451065123,0.38266964033417245,1.0,1.0,2,1,1,0.9959480034347471,0.9959480034347471
attn_ml_gcn_stable,3,3,0.0,0.0,182.43893875941126,70.0,252.43893875941126,0.8202572031926982,0.751291685951319,0.09834764083665093,0.5197726687467051,1.0,1.0,2,1,1,0.8079807047165684,0.8079807047165684
attn_ml_gcn_stable,4,4,0.0,0.0,260.43018041400757,35.0,295.43018041400757,0.743418541464032,0.7089357828433424,0.4276357432335996,0.6195000307510552,1.0,2.0,1,1,0,0.3849657619532932,0.3675470946727963
attn_ml_gcn_stable,5,5,1.0,1.0,174.64262296997623,105.0,279.64262296997623,0.8279383024926343,0.7244900266305654,0.0,0.6012278000316745,1.0,1.0,3,1,2,0.666229508545022,0.666229508545022
attn_ml_gcn_stable,6,6,0.0,0.0,260.6056991659617,35.0,295.6056991659617,0.7432456165852594,0.7087628579645697,0.029539204628911252,0.1678089058569892,1.0,2.0,1,1,0,0.38532571089504114,0.3691427196905613
attn_ml_gcn_stable,7,7,0.40476190476190477,0.40476190476190477,260.2672241912935,70.0,330.2672241912935,0.7435790894667059,0.6746135722253266,0.04162487806664339,0.3217744116516877,1.0,2.0,2,1,1,0.3753379160540326,0.36606567446630434
attn_ml_gcn_stable,8,8,1.0,1.0,184.52323853192644,35.0,219.52323853192644,0.8182037058798755,0.7837209472591858,0.0,0.1896780062959076,1.0,1.0,1,0,1,0.8458770642168446,0.8458770642168446
attn_ml_gcn_stable,9,9,0.0,0.0,281.80808619170807,35.0,316.80808619170807,0.7223565653283665,0.6878738067076767,0.08227750739436485,0.21669420661226452,1.0,2.0,1,1,0,0.6118870967466632,0.5618916926518913
attn_ml_gcn_stable,10,10,1.0,1.0,163.05607243600622,35.0,198.05607243600622,0.8393536232157575,0.8048708645950678,0.0,0.21465008617655912,1.0,1.0,1,0,1,0.455564953381931,0.455564953381931
attn_ml_gcn_stable,11,11,0.0,0.0,190.98912934844046,70.0,260.98912934844043,0.8118333701000587,0.7428678528586794,0.028746508492317357,0.4057954842122028,1.0,1.0,2,1,1,0.9634387154261902,0.9634387154261902
attn_ml_gcn_stable,12,12,0.2857142857142857,0.2857142857142857,271.85696586540115,35.0,306.85696586540115,0.7321606247631515,0.6976778661424619,0.09197358428916241,0.23255881935370476,1.0,2.0,1,1,0,0.4762365436688685,0.4714269624127376
attn_ml_gcn_stable,13,13,1.0,1.0,185.04827164074297,105.0,290.048271640743,0.8176864318810414,0.7142381560189724,0.0,0.5674195120495342,1.0,1.0,3,1,2,0.8554231207407811,0.8554231207407811
attn_ml_gcn_stable,14,14,1.0,1.0,175.57913629826425,0.0,175.57913629826425,0.8270156292627938,0.8270156292627938,0.0,0.0,1.0,1.0,0,0,0,0.6832570236048043,0.6832570236048043
attn_ml_gcn_stable,15,15,0.0,0.0,167.69265093869518,0.0,167.69265093869518,0.8347855655776403,0.8347855655776403,0.008640665195398042,0.008640665195398042,1.0,1.0,0,0,0,0.5398663807035491,0.5398663807035491
attn_ml_gcn_stable,16,16,0.40476190476190477,0.40476190476190477,266.225808729719,35.0,301.225808729719,0.737708562827863,0.7032258042071734,0.051519122762740975,0.18975954908466716,1.0,2.0,1,1,0,0.42571065389082585,0.4202346248156273
attn_ml_gcn_stable,17,17,0.0,0.0,253.9463325476377,70.0,323.94633254763767,0.7498065689185835,0.6808410516772043,0.03221887308174105,0.316748759340947,1.0,2.0,2,1,1,0.32318505701986555,0.30860302316034255
attn_ml_gcn_stable,18,18,1.0,1.0,178.2560704104729,105.0,283.2560704104729,0.8243782557532288,0.7209299798911598,0.0,0.5890402484370656,1.0,1.0,3,1,2,0.7319285529176888,0.7319285529176888
attn_ml_gcn_stable,19,19,0.0,0.0,186.710535082473,0.0,186.710535082473,0.8160487339088935,0.8160487339088935,0.023736261780505027,0.023736261780505027,1.0,1.0,0,0,0,0.8856460924086001,0.8856460924086001
attn_ml_gcn_stable,20,20,0.0,0.0,181.85491430482608,0.0,181.85491430482608,0.8208325967440138,0.8208325967440138,0.015554688904771548,0.015554688904771548,1.0,1.0,0,0,0,0.7973620782695654,0.7973620782695654
attn_ml_gcn_stable,21,21,0.42857142857142855,0.42857142857142855,263.69833034487647,35.0,298.69833034487647,0.7401986893153927,0.705715930694703,0.019251598344069854,0.15453423701450303,1.0,2.0,1,1,0,0.44471300399155667,0.3972575485897857
attn_ml_gcn_stable,22,22,0.0,0.0,187.67911605506023,105.0,292.67911605506026,0.8150944669408273,0.7116461910787584,0.1081637217301087,0.7281431484635831,1.0,1.0,3,1,2,0.9032566555465495,0.9032566555465495
attn_ml_gcn_stable,23,23,1.0,1.0,167.65662147443192,70.0,237.65662147443192,0.8348210625867667,0.7658555453453874,0.0,0.41752004414973365,1.0,1.0,2,1,1,0.5392112995351257,0.5392112995351257
attn_ml_gcn_search,0,0,1.0,1.0,179.2374354781482,0.0,179.2374354781482,0.823411393617588,0.823411393617588,0.0,0.0,1.0,1.0,0,0,0,0.749771554148149,0.749771554148149
attn_ml_gcn_search,1,1,1.0,1.0,185.7448652815903,70.0,255.7448652815903,0.8170001327274972,0.7480346154861178,0.0,0.37686102328524446,1.0,1.0,2,1,1,0.8680884596652783,0.8680884596652783
attn_ml_gcn_search,2,2,1.0,1.0,190.0505605412739,0.0,190.0505605412739,0.8127580684322425,0.8127580684322425,0.0,0.0,1.0,1.0,0,0,0,0.9463738280231621,0.9463738280231621
attn_ml_gcn_search,3,3,1.0,1.0,166.10309156802208,0.0,166.10309156802208,0.8363516339231309,0.8363516339231309,0.0,0.0,1.0,1.0,0,0,0,0.5109653012367652,0.5109653012367652
attn_ml_gcn_search,4,4,1.0,1.0,182.42060809162172,0.0,182.42060809162172,0.8202752629639195,0.8202752629639195,0.0,0.0,1.0,1.0,0,0,0,0.8076474198476677,0.8076474198476677
attn_ml_gcn_search,5,5,1.0,1.0,174.64262296997623,0.0,174.64262296997623,0.8279383024926343,0.8279383024926343,0.0,0.0,1.0,1.0,0,0,0,0.666229508545022,0.666229508545022
attn_ml_gcn_search,6,6,0.9523809523809523,0.9523809523809523,252.37615671127622,105.0,357.3761567112762,0.7513535401859347,0.6479052643238657,-0.0029721204126071923,0.4118369832716267,1.0,2.0,3,2,1,0.30787311275410556,0.29432869737523837
attn_ml_gcn_search,7,7,0.9285714285714286,0.9285714285714286,249.53964867878054,70.0,319.5396486787805,0.7541481293805118,0.6851826121391325,-0.0013083401666259186,0.2788411934184183,1.0,2.0,2,1,1,0.2710941989211397,0.2685422607161867
attn_ml_gcn_search,8,8,1.0,1.0,184.52323853192644,35.0,219.52323853192644,0.8182037058798755,0.7837209472591858,0.0,0.1896780062959076,1.0,1.0,1,0,1,0.8458770642168446,0.8458770642168446
attn_ml_gcn_search,9,9,1.0,1.0,260.38431388098843,105.0,365.38431388098843,0.7434637301665139,0.6400154543044448,0.0,0.403250097653699,1.0,2.0,3,2,1,0.3745985678661607,0.367130126190804
attn_ml_gcn_search,10,10,1.0,1.0,163.05607243600622,105.0,268.0560724360062,0.8393536232157575,0.7359053473536885,0.0,0.6439502585296774,1.0,1.0,3,1,2,0.455564953381931,0.455564953381931
attn_ml_gcn_search,11,11,1.0,1.0,185.652274658356,70.0,255.652274658356,0.8170913550163981,0.7481258377750187,0.0,0.3770489757198856,1.0,1.0,2,1,1,0.8664049937882908,0.8664049937882908
attn_ml_gcn_search,12,12,1.0,1.0,248.9592878223064,105.0,353.9592878223064,0.7547199134755602,0.6512716376134913,0.0,0.42175570519362704,1.0,2.0,3,2,1,0.27780394627770555,0.263266252930058
attn_ml_gcn_search,13,13,1.0,1.0,185.04827164074297,105.0,290.048271640743,0.8176864318810414,0.7142381560189724,0.0,0.5674195120495342,1.0,1.0,3,1,2,0.8554231207407811,0.8554231207407811
attn_ml_gcn_search,14,14,1.0,1.0,175.57913629826425,0.0,175.57913629826425,0.8270156292627938,0.8270156292627938,0.0,0.0,1.0,1.0,0,0,0,0.6832570236048043,0.6832570236048043
attn_ml_gcn_search,15,15,1.0,1.0,166.25608774776998,70.0,236.25608774776998,0.83620089877067,0.7672353815292907,0.0,0.4210372140248977,1.0,1.0,2,1,1,0.5137470499594543,0.5137470499594543
attn_ml_gcn_search,16,16,0.42857142857142855,0.42857142857142855,260.51122670727915,105.0,365.51122670727915,0.7433386928992324,0.6398904170371634,0.028948086904635236,0.4436693658704138,1.0,2.0,3,2,1,0.37806246352304,0.3682838791570829
attn_ml_gcn_search,17,17,0.4523809523809524,0.4523809523809524,250.23354630899854,70.0,320.23354630899854,0.7534644863950754,0.6844989691536961,0.01712746385053042,0.3016573501097365,1.0,2.0,2,1,1,0.2880616172262132,0.2748504209908958
attn_ml_gcn_search,18,18,1.0,1.0,178.2560704104729,105.0,283.2560704104729,0.8243782557532288,0.7209299798911598,0.0,0.5890402484370656,1.0,1.0,3,1,2,0.7319285529176888,0.7319285529176888
attn_ml_gcn_search,19,19,1.0,1.0,182.3814805170053,70.0,252.3814805170053,0.820313812298517,0.7513482950571377,0.0,0.38381089900996385,1.0,1.0,2,1,1,0.8069360094000959,0.8069360094000959
attn_ml_gcn_search,20,20,1.0,1.0,179.06954326698855,70.0,249.06954326698855,0.8235768046630654,0.7546112874216861,0.0,0.3909095802831843,1.0,1.0,2,1,1,0.7467189684907006,0.7467189684907006
attn_ml_gcn_search,21,21,0.9285714285714286,0.9285714285714286,256.66587712024347,105.0,361.66587712024347,0.7471272146598587,0.6436789387977896,-0.007930368186065831,0.39791754782523364,1.0,2.0,3,2,1,0.3599085093803629,0.3333261556385768
attn_ml_gcn_search,22,22,1.0,1.0,169.36045854492352,105.0,274.3604585449235,0.8331424053744596,0.7296941295123907,0.0,0.6199794267334742,1.0,1.0,3,1,2,0.5701901553622459,0.5701901553622459
attn_ml_gcn_search,23,23,1.0,1.0,167.65662147443192,0.0,167.65662147443192,0.8348210625867667,0.8348210625867667,0.0,0.0,1.0,1.0,0,0,0,0.5392112995351257,0.5392112995351257
attn_ml_gcn_stable_search,0,0,1.0,1.0,179.2374354781482,0.0,179.2374354781482,0.823411393617588,0.823411393617588,0.0,0.0,1.0,1.0,0,0,0,0.749771554148149,0.749771554148149
attn_ml_gcn_stable_search,1,1,0.0,0.0,189.69373294595968,0.0,189.69373294595968,0.8131096227133402,0.8131096227133402,0.02125963298303222,0.02125963298303222,1.0,1.0,0,0,0,0.9398860535629033,0.9398860535629033
attn_ml_gcn_stable_search,2,2,1.0,1.0,190.0505605412739,70.0,260.0505605412739,0.8127580684322425,0.7437925511908632,0.0,0.36832303888310747,1.0,1.0,2,1,1,0.9463738280231621,0.9463738280231621
attn_ml_gcn_stable_search,3,3,1.0,1.0,166.10309156802208,0.0,166.10309156802208,0.8363516339231309,0.8363516339231309,0.0,0.0,1.0,1.0,0,0,0,0.5109653012367652,0.5109653012367652
attn_ml_gcn_stable_search,4,4,1.0,1.0,182.42060809162172,0.0,182.42060809162172,0.8202752629639195,0.8202752629639195,0.0,0.0,1.0,1.0,0,0,0,0.8076474198476677,0.8076474198476677
attn_ml_gcn_stable_search,5,5,1.0,1.0,174.64262296997623,0.0,174.64262296997623,0.8279383024926343,0.8279383024926343,0.0,0.0,1.0,1.0,0,0,0,0.666229508545022,0.666229508545022
attn_ml_gcn_stable_search,6,6,0.0,0.0,260.6056991659617,35.0,295.6056991659617,0.7432456165852594,0.7087628579645697,0.029539204628911252,0.1678089058569892,1.0,2.0,1,1,0,0.38532571089504114,0.3691427196905613
attn_ml_gcn_stable_search,7,7,0.3333333333333333,0.3333333333333333,268.53182323243334,0.0,268.53182323243334,0.7354366273572085,0.7354366273572085,0.07470092901868236,0.07470092901868236,1.0,2.0,0,0,0,0.450556683419225,0.4411983930221216
attn_ml_gcn_stable_search,8,8,1.0,1.0,184.52323853192644,35.0,219.52323853192644,0.8182037058798755,0.7837209472591858,0.0,0.1896780062959076,1.0,1.0,1,0,1,0.8458770642168446,0.8458770642168446
attn_ml_gcn_stable_search,9,9,0.0,0.0,264.7398534234113,35.0,299.7398534234113,0.7391725582035357,0.7046897995828459,0.016727349960157883,0.15114404917805754,1.0,2.0,1,1,0,0.44951087160103786,0.40672594021283015
attn_ml_gcn_stable_search,10,10,1.0,1.0,163.05607243600622,35.0,198.05607243600622,0.8393536232157575,0.8048708645950678,0.0,0.21465008617655912,1.0,1.0,1,0,1,0.455564953381931,0.455564953381931
attn_ml_gcn_stable_search,11,11,1.0,1.0,185.652274658356,70.0,255.652274658356,0.8170913550163981,0.7481258377750187,0.0,0.3770489757198856,1.0,1.0,2,1,1,0.8664049937882908,0.8664049937882908
attn_ml_gcn_stable_search,12,12,0.0,0.0,253.34452711947307,35.0,288.34452711947307,0.7503994806704699,0.7159167220497803,0.017614282783041252,0.1581995178475836,1.0,2.0,1,1,0,0.32477945859278906,0.30313206472248255
attn_ml_gcn_stable_search,13,13,0.0,0.0,272.5877042563585,0.0,272.5877042563585,0.7314406854617158,0.7314406854617158,0.4730626870461489,0.4730626870461489,1.0,2.0,0,0,0,0.5164630415613592,0.4780700386941686
attn_ml_gcn_stable_search,14,14,0.0,0.0,186.600766292497,35.0,221.600766292497,0.8161568805000029,0.7816741218793133,0.06277300496290075,0.2621133180428325,1.0,1.0,1,0,1,0.8836502962272182,0.8836502962272182
attn_ml_gcn_stable_search,15,15,1.0,1.0,166.25608774776998,70.0,236.25608774776998,0.83620089877067,0.7672353815292907,0.0,0.4210372140248977,1.0,1.0,2,1,1,0.5137470499594543,0.5137470499594543
attn_ml_gcn_stable_search,16,16,0.0,0.0,265.7646197246013,35.0,300.7646197246013,0.7381629362319199,0.7036801776112303,0.04969755234324217,0.18793797866516837,1.0,2.0,1,1,0,0.4460933664471927,0.4160419974963756
attn_ml_gcn_stable_search,17,17,0.42857142857142855,0.42857142857142855,253.65699101180047,0.0,253.65699101180047,0.7500916344711325,0.7500916344711325,0.031042782877714916,0.031042782877714916,1.0,2.0,0,0,0,0.3336885471154714,0.3059726455618226
attn_ml_gcn_stable_search,18,18,0.0,0.0,180.84384670460815,35.0,215.84384670460815,0.8218287224585141,0.7873459638378245,0.01451718467806654,0.2108639341570884,1.0,1.0,1,0,1,0.7789790309928754,0.7789790309928754
attn_ml_gcn_stable_search,19,19,1.0,1.0,182.3814805170053,70.0,252.3814805170053,0.820313812298517,0.7513482950571377,0.0,0.38381089900996385,1.0,1.0,2,1,1,0.8069360094000959,0.8069360094000959
attn_ml_gcn_stable_search,20,20,1.0,1.0,179.06954326698855,70.0,249.06954326698855,0.8235768046630654,0.7546112874216861,0.0,0.3909095802831843,1.0,1.0,2,1,1,0.7467189684907006,0.7467189684907006
attn_ml_gcn_stable_search,21,21,0.30952380952380953,0.30952380952380953,264.26324980015943,35.0,299.26324980015943,0.7396421184234883,0.7051593598027986,0.02143513533112536,0.15671777400155854,1.0,2.0,1,1,0,0.4054058047607871,0.40239318000144925
attn_ml_gcn_stable_search,22,22,0.0,0.0,187.67911605506023,35.0,222.67911605506023,0.8150944669408273,0.7806117083201377,0.1081637217301087,0.3148235306412668,1.0,1.0,1,0,1,0.9032566555465495,0.9032566555465495
attn_ml_gcn_stable_search,23,23,1.0,1.0,167.65662147443192,70.0,237.65662147443192,0.8348210625867667,0.7658555453453874,0.0,0.41752004414973365,1.0,1.0,2,1,1,0.5392112995351257,0.5392112995351257
