policy,graph_id,hour,raw_assignment_accuracy,assignment_accuracy,energy_w,energy_saving_vs_all_on,energy_gap_vs_oracle,served_ratio,active_bs,max_load,mean_active_load
rsrp,0,0,0.5625,0.55,890.1776121113699,0.1229777220577637,0.49427613045072916,1.0,7.0,0.7543192716182274,0.6757860054840779
rsrp,1,1,0.475,0.4875,843.676256208174,0.1687918658047547,0.9351092182410373,1.0,7.0,0.6375391822862515,0.5550032628783738
rsrp,2,2,0.7625,0.75,1016.8171780134484,-0.001790323165958985,0.1551431515152754,0.3875,7.0,1.1175186816957967,1.0047199428920734
rsrp,3,3,0.2875,0.3,1041.878184005414,-0.026480969463461984,1.9143445706445144,0.225,7.0,1.218781642160609,1.069813464949127
rsrp,4,4,0.325,0.375,1111.25,-0.09482758620689655,2.1083916083916083,0.0,7.0,1.5127649300864479,1.4473402100323551
rsrp,5,5,0.625,0.6,945.7061637150264,0.06826978944332376,0.6435675726905933,1.0,7.0,0.9342826641981988,0.8200160096494188
rsrp,6,6,0.675,0.7125,942.5946694009406,0.07133530108281717,0.30477276739437187,1.0,7.0,0.8469748569766208,0.8119342062362099
rsrp,7,7,0.5375,0.5,910.891619625181,0.1025698328815951,1.0264202612155275,1.0,7.0,0.7718271981333304,0.7295886224030671
rsrp,8,8,0.5875,0.5625,897.506257567423,0.11575738170697246,0.5493488061012519,1.0,7.0,0.7486382619153229,0.6948214482270725
rsrp,9,9,0.75,0.7125,891.1095233412625,0.12205958291501232,0.2654567925520165,1.0,7.0,0.7833741393899984,0.6782065541331492
rsrp,10,10,0.6875,0.675,934.8101570029771,0.0790047714256383,0.3488671824216553,1.0,7.0,0.8991907011310872,0.7917146935142266
rsrp,11,11,0.5875,0.55,886.9702231695233,0.12613771116303127,0.5007906805562737,1.0,7.0,0.7723399889832495,0.6674551251156452
rsrp,12,12,0.85,0.8875,1005.5187633918922,0.009341119810943639,-0.008554169903890093,0.775,7.0,1.0593789941425769,0.975373411407512
rsrp,13,13,0.6375,0.5875,900.86764435001,0.11244567059112318,0.5532933998321032,1.0,7.0,0.7631521008459523,0.703552322987039
rsrp,14,14,0.6,0.625,923.4641945080426,0.09018305959798756,0.5782427126403025,1.0,7.0,0.831868671383267,0.7622446610598511
rsrp,15,15,0.575,0.5,824.0087759508617,0.18816869364447122,0.9413098008270555,1.0,7.0,0.6215974148190616,0.5039188985736672
rsrp,16,16,0.8375,1.0,1007.7224171367595,0.007170032377576816,0.0,0.575,7.0,1.092313874678684,0.9810971873682066
rsrp,17,17,0.5375,0.5625,894.7214951555101,0.11850098999457136,0.549630740100241,1.0,7.0,0.748226657986257,0.6875882991052208
rsrp,18,18,0.7625,0.7625,941.2662129507528,0.07264412517167212,0.3839136708204227,1.0,7.0,0.8992875968959386,0.8084836700019552
rsrp,19,19,0.7125,0.725,1046.9233200529047,-0.03145154685015244,0.40048593922186343,0.1375,7.0,1.1870928096370452,1.0829177144231288
rsrp,20,20,0.5375,0.4875,884.9272994428412,0.1281504438986786,1.036000815733307,1.0,7.0,0.7092344524454891,0.6621488297216657
rsrp,21,21,0.85,0.8,1020.878927091191,-0.0057920463952620994,0.15688332801052338,0.525,7.0,1.0913440012813627,1.0152699404966001
rsrp,22,22,0.625,0.575,875.4641323434231,0.1374737612380068,0.5290900471527202,1.0,7.0,0.7047229896303278,0.637569174917982
rsrp,23,23,0.5875,0.55,891.5651647026673,0.12161067516978592,0.5092230244001641,1.0,7.0,0.735882708714265,0.6793900381887462
rsrp,24,0,0.5375,0.5125,898.0476305876446,0.11522400927325659,0.5271210245429401,1.0,7.0,0.7581555684339442,0.6962276119159599
rsrp,25,1,0.8125,0.8125,1033.4873844521367,-0.018214171874026273,0.1945925611749702,0.15,7.0,1.1267745276000813,1.04801918039516
rsrp,26,2,0.575,0.5625,846.558981779108,0.1659517420895488,0.5020721675994935,1.0,7.0,0.656750379126986,0.5624908617639168
rsrp,27,3,0.6625,0.6125,958.6478129188829,0.05551939613903163,0.6165786838233787,1.0,7.0,0.9455165820861855,0.8536306829061895
rsrp,28,4,0.6625,0.5875,919.7087722201466,0.09388298303433837,0.5448512377849313,1.0,7.0,0.8872416903195667,0.7524903174549261
rsrp,29,5,0.7375,0.7875,969.6569589505183,0.04467294684678001,0.134553697071465,1.0,7.0,0.948250427225553,0.8822258674039436
rsrp,30,6,0.6,0.625,876.127550114315,0.1368201476706256,0.5482669465312193,1.0,7.0,0.7109606757041893,0.6392923379592599
rsrp,31,7,0.7,0.6375,909.1731489897535,0.10426290739925764,0.30560701474568785,1.0,7.0,0.774184228399501,0.7251250623110481
rsrp,32,8,0.9,0.925,972.6822185409724,0.041692395526135594,-0.012650654017682391,0.8875,7.0,1.0066995962164371,0.8900836845220065
rsrp,33,9,0.4625,0.4875,855.1725217914184,0.1574654957720016,0.49329934096036304,1.0,7.0,0.6706896810717994,0.5848636929647227
rsrp,34,10,0.75,0.7,965.8710804159805,0.04840287643745765,0.34848842752430276,1.0,7.0,0.9738456784230315,0.8723924166648841
rsrp,35,11,0.775,0.8625,987.2060666006131,0.027383185615159508,-0.024859385094230572,0.6875,7.0,1.0569804025938927,0.9278079651963972
rsrp,36,12,0.4875,0.45,905.7739747083676,0.10761184757796292,0.9949012297642104,1.0,7.0,0.8217433779330429,0.7162960382035521
rsrp,37,13,0.475,0.5125,879.2595320234714,0.1337344512084026,0.5118854656049661,1.0,7.0,0.7243521822274107,0.6474273559051207
rsrp,38,14,0.65,0.6625,908.7833954302014,0.10464690105398879,0.2917500290379509,1.0,7.0,0.7775364075776717,0.7241127154031203
rsrp,39,15,0.7625,0.7625,971.1042757179164,0.04324701899712672,0.38483977825766946,1.0,7.0,0.9938363604824488,0.8859851317348477
rsrp,40,16,0.6125,0.4875,1000.4901338319635,0.014295434648311846,0.6764224415635787,0.65,7.0,1.0248437463619864,0.9623120359271777
rsrp,41,17,0.6375,0.625,939.0344941373187,0.07484286291889784,0.5948426155826524,1.0,7.0,0.847290710160046,0.8026869977592693
rsrp,42,18,0.7125,0.7125,927.05964428752,0.08664074454431529,0.31779752529940203,1.0,7.0,0.818230479660714,0.7715834916558961
rsrp,43,19,0.6125,0.625,920.8472688002676,0.09276131152683,0.5967893250337076,1.0,7.0,0.8259718587935683,0.7554474514292661
rsrp,44,20,0.675,0.7,886.527479127708,0.12657391218945022,0.24973443520745187,1.0,7.0,0.722044066884068,0.6663051405914494
rsrp,45,21,0.5625,0.5,832.5199403117862,0.17978331003764908,0.9121066340764864,1.0,7.0,0.6319378726934395,0.5260258189916521
rsrp,46,22,0.45,0.4625,856.1282215964336,0.15652391960942502,0.9989322003329467,1.0,7.0,0.6458667969378044,0.5873460301206066
rsrp,47,23,0.55,0.575,929.3475471914165,0.08438665301338272,0.6143782327392137,1.0,7.0,0.8715226247369154,0.777526096601082
rsrp,48,0,0.7,0.7,981.5746879119095,0.0329313419587099,0.3440038518019744,1.0,7.0,0.9660704884608008,0.9131810075634006
rsrp,49,1,0.7875,0.825,1034.1824654856043,-0.01889898077399441,0.15489653391049643,0.1375,7.0,1.0982189551601662,1.0498245856768942
rsrp,50,2,0.775,0.775,988.3422757988627,0.02626376768584954,0.15406673553317654,1.0,7.0,0.9861474556417245,0.9307591579191239
rsrp,51,3,0.725,0.7625,952.149953087727,0.06192122848499803,0.11182427295281419,1.0,7.0,0.898653430579701,0.8367531249031867
rsrp,52,4,0.6625,0.625,930.5829525615416,0.0831695048654763,0.2864894345495768,1.0,7.0,0.8497656839429444,0.7807349417182897
rsrp,53,5,0.3625,0.3625,846.8337754605835,0.16568100939843988,0.9032622253218373,1.0,7.0,0.6574785593620899,0.5632046115859309
rsrp,54,6,0.6625,0.675,970.9390967191505,0.043409756926945334,0.3425431656809261,1.0,7.0,0.9438157531149738,0.8855560953744168
rsrp,55,7,0.55,0.525,903.8673754438593,0.10949027049866082,0.5431610238414307,1.0,7.0,0.8099153047243205,0.7113438323217122
rsrp,56,8,0.5625,0.6375,933.3555842883561,0.08043784799176738,0.6499616655889271,1.0,7.0,0.866748398620811,0.7879365825671585
rsrp,57,9,0.625,0.6,935.7388406727923,0.07808981214503219,0.558164013854528,1.0,7.0,0.8741976337996615,0.7941268588903696
rsrp,58,10,0.65,0.6,907.6114180708613,0.10580155855087556,0.5588093175853068,1.0,7.0,0.7893581528466258,0.7210686183658738
rsrp,59,11,0.55,0.55,876.0539903427746,0.13689262035194624,0.516995633493176,1.0,7.0,0.7178241412973014,0.639101273617596
sinr,0,0,0.5625,0.55,890.1776121113699,0.1229777220577637,0.49427613045072916,1.0,7.0,0.7543192716182274,0.6757860054840779
sinr,1,1,0.475,0.4875,843.676256208174,0.1687918658047547,0.9351092182410373,1.0,7.0,0.6375391822862515,0.5550032628783738
sinr,2,2,0.7625,0.75,1016.8171780134484,-0.001790323165958985,0.1551431515152754,0.3875,7.0,1.1175186816957967,1.0047199428920734
sinr,3,3,0.2875,0.3,1041.878184005414,-0.026480969463461984,1.9143445706445144,0.225,7.0,1.218781642160609,1.069813464949127
sinr,4,4,0.325,0.375,1111.25,-0.09482758620689655,2.1083916083916083,0.0,7.0,1.5127649300864479,1.4473402100323551
sinr,5,5,0.625,0.6,945.7061637150264,0.06826978944332376,0.6435675726905933,1.0,7.0,0.9342826641981988,0.8200160096494188
sinr,6,6,0.675,0.7125,942.5946694009406,0.07133530108281717,0.30477276739437187,1.0,7.0,0.8469748569766208,0.8119342062362099
sinr,7,7,0.5375,0.5,910.891619625181,0.1025698328815951,1.0264202612155275,1.0,7.0,0.7718271981333304,0.7295886224030671
sinr,8,8,0.5875,0.5625,897.506257567423,0.11575738170697246,0.5493488061012519,1.0,7.0,0.7486382619153229,0.6948214482270725
sinr,9,9,0.75,0.7125,891.1095233412625,0.12205958291501232,0.2654567925520165,1.0,7.0,0.7833741393899984,0.6782065541331492
sinr,10,10,0.6875,0.675,934.8101570029771,0.0790047714256383,0.3488671824216553,1.0,7.0,0.8991907011310872,0.7917146935142266
sinr,11,11,0.5875,0.55,886.9702231695233,0.12613771116303127,0.5007906805562737,1.0,7.0,0.7723399889832495,0.6674551251156452
sinr,12,12,0.85,0.8875,1005.5187633918922,0.009341119810943639,-0.008554169903890093,0.775,7.0,1.0593789941425769,0.975373411407512
sinr,13,13,0.6375,0.5875,900.86764435001,0.11244567059112318,0.5532933998321032,1.0,7.0,0.7631521008459523,0.703552322987039
sinr,14,14,0.6,0.625,923.4641945080426,0.09018305959798756,0.5782427126403025,1.0,7.0,0.831868671383267,0.7622446610598511
sinr,15,15,0.575,0.5,824.0087759508617,0.18816869364447122,0.9413098008270555,1.0,7.0,0.6215974148190616,0.5039188985736672
sinr,16,16,0.8375,1.0,1007.7224171367595,0.007170032377576816,0.0,0.575,7.0,1.092313874678684,0.9810971873682066
sinr,17,17,0.5375,0.5625,894.7214951555101,0.11850098999457136,0.549630740100241,1.0,7.0,0.748226657986257,0.6875882991052208
sinr,18,18,0.7625,0.7625,941.2662129507528,0.07264412517167212,0.3839136708204227,1.0,7.0,0.8992875968959386,0.8084836700019552
sinr,19,19,0.7125,0.725,1046.9233200529047,-0.03145154685015244,0.40048593922186343,0.1375,7.0,1.1870928096370452,1.0829177144231288
sinr,20,20,0.5375,0.4875,884.9272994428412,0.1281504438986786,1.036000815733307,1.0,7.0,0.7092344524454891,0.6621488297216657
sinr,21,21,0.85,0.8,1020.878927091191,-0.0057920463952620994,0.15688332801052338,0.525,7.0,1.0913440012813627,1.0152699404966001
sinr,22,22,0.625,0.575,875.4641323434231,0.1374737612380068,0.5290900471527202,1.0,7.0,0.7047229896303278,0.637569174917982
sinr,23,23,0.5875,0.55,891.5651647026673,0.12161067516978592,0.5092230244001641,1.0,7.0,0.735882708714265,0.6793900381887462
sinr,24,0,0.5375,0.5125,898.0476305876446,0.11522400927325659,0.5271210245429401,1.0,7.0,0.7581555684339442,0.6962276119159599
sinr,25,1,0.8125,0.8125,1033.4873844521367,-0.018214171874026273,0.1945925611749702,0.15,7.0,1.1267745276000813,1.04801918039516
sinr,26,2,0.575,0.5625,846.558981779108,0.1659517420895488,0.5020721675994935,1.0,7.0,0.656750379126986,0.5624908617639168
sinr,27,3,0.6625,0.6125,958.6478129188829,0.05551939613903163,0.6165786838233787,1.0,7.0,0.9455165820861855,0.8536306829061895
sinr,28,4,0.6625,0.5875,919.7087722201466,0.09388298303433837,0.5448512377849313,1.0,7.0,0.8872416903195667,0.7524903174549261
sinr,29,5,0.7375,0.7875,969.6569589505183,0.04467294684678001,0.134553697071465,1.0,7.0,0.948250427225553,0.8822258674039436
sinr,30,6,0.6,0.625,876.127550114315,0.1368201476706256,0.5482669465312193,1.0,7.0,0.7109606757041893,0.6392923379592599
sinr,31,7,0.7,0.6375,909.1731489897535,0.10426290739925764,0.30560701474568785,1.0,7.0,0.774184228399501,0.7251250623110481
sinr,32,8,0.9,0.925,972.6822185409724,0.041692395526135594,-0.012650654017682391,0.8875,7.0,1.0066995962164371,0.8900836845220065
sinr,33,9,0.4625,0.4875,855.1725217914184,0.1574654957720016,0.49329934096036304,1.0,7.0,0.6706896810717994,0.5848636929647227
sinr,34,10,0.75,0.7,965.8710804159805,0.04840287643745765,0.34848842752430276,1.0,7.0,0.9738456784230315,0.8723924166648841
sinr,35,11,0.775,0.8625,987.2060666006131,0.027383185615159508,-0.024859385094230572,0.6875,7.0,1.0569804025938927,0.9278079651963972
sinr,36,12,0.4875,0.45,905.7739747083676,0.10761184757796292,0.9949012297642104,1.0,7.0,0.8217433779330429,0.7162960382035521
sinr,37,13,0.475,0.5125,879.2595320234714,0.1337344512084026,0.5118854656049661,1.0,7.0,0.7243521822274107,0.6474273559051207
sinr,38,14,0.65,0.6625,908.7833954302014,0.10464690105398879,0.2917500290379509,1.0,7.0,0.7775364075776717,0.7241127154031203
sinr,39,15,0.7625,0.7625,971.1042757179164,0.04324701899712672,0.38483977825766946,1.0,7.0,0.9938363604824488,0.8859851317348477
sinr,40,16,0.6125,0.4875,1000.4901338319635,0.014295434648311846,0.6764224415635787,0.65,7.0,1.0248437463619864,0.9623120359271777
sinr,41,17,0.6375,0.625,939.0344941373187,0.07484286291889784,0.5948426155826524,1.0,7.0,0.847290710160046,0.8026869977592693
sinr,42,18,0.7125,0.7125,927.05964428752,0.08664074454431529,0.31779752529940203,1.0,7.0,0.818230479660714,0.7715834916558961
sinr,43,19,0.6125,0.625,920.8472688002676,0.09276131152683,0.5967893250337076,1.0,7.0,0.8259718587935683,0.7554474514292661
sinr,44,20,0.675,0.7,886.527479127708,0.12657391218945022,0.24973443520745187,1.0,7.0,0.722044066884068,0.6663051405914494
sinr,45,21,0.5625,0.5,832.5199403117862,0.17978331003764908,0.9121066340764864,1.0,7.0,0.6319378726934395,0.5260258189916521
sinr,46,22,0.45,0.4625,856.1282215964336,0.15652391960942502,0.9989322003329467,1.0,7.0,0.6458667969378044,0.5873460301206066
sinr,47,23,0.55,0.575,929.3475471914165,0.08438665301338272,0.6143782327392137,1.0,7.0,0.8715226247369154,0.777526096601082
sinr,48,0,0.7,0.7,981.5746879119095,0.0329313419587099,0.3440038518019744,1.0,7.0,0.9660704884608008,0.9131810075634006
sinr,49,1,0.7875,0.825,1034.1824654856043,-0.01889898077399441,0.15489653391049643,0.1375,7.0,1.0982189551601662,1.0498245856768942
sinr,50,2,0.775,0.775,988.3422757988627,0.02626376768584954,0.15406673553317654,1.0,7.0,0.9861474556417245,0.9307591579191239
sinr,51,3,0.725,0.7625,952.149953087727,0.06192122848499803,0.11182427295281419,1.0,7.0,0.898653430579701,0.8367531249031867
sinr,52,4,0.6625,0.625,930.5829525615416,0.0831695048654763,0.2864894345495768,1.0,7.0,0.8497656839429444,0.7807349417182897
sinr,53,5,0.3625,0.3625,846.8337754605835,0.16568100939843988,0.9032622253218373,1.0,7.0,0.6574785593620899,0.5632046115859309
sinr,54,6,0.6625,0.675,970.9390967191505,0.043409756926945334,0.3425431656809261,1.0,7.0,0.9438157531149738,0.8855560953744168
sinr,55,7,0.55,0.525,903.8673754438593,0.10949027049866082,0.5431610238414307,1.0,7.0,0.8099153047243205,0.7113438323217122
sinr,56,8,0.5625,0.6375,933.3555842883561,0.08043784799176738,0.6499616655889271,1.0,7.0,0.866748398620811,0.7879365825671585
sinr,57,9,0.625,0.6,935.7388406727923,0.07808981214503219,0.558164013854528,1.0,7.0,0.8741976337996615,0.7941268588903696
sinr,58,10,0.65,0.6,907.6114180708613,0.10580155855087556,0.5588093175853068,1.0,7.0,0.7893581528466258,0.7210686183658738
sinr,59,11,0.55,0.55,876.0539903427746,0.13689262035194624,0.516995633493176,1.0,7.0,0.7178241412973014,0.639101273617596
load_aware,0,0,0.55,0.55,919.232407802918,0.09435230758333199,0.5430482935407748,1.0,7.0,0.7942535888637986,0.7512530072803063
load_aware,1,1,0.5,0.5,844.5577897530173,0.167923359849244,0.9371311593307178,1.0,7.0,0.6375391822862515,0.5572929603974476
load_aware,2,2,0.7375,0.7375,1053.276439014354,-0.03771077735404343,0.1965622645723398,0.0,7.0,1.1612672311963763,1.0994193221152053
load_aware,3,3,0.2875,0.2875,1034.7822209151532,-0.01948987282281101,1.8944957228395893,0.0,7.0,1.0926487723574758,1.0513823919874112
load_aware,4,4,0.375,0.375,1111.25,-0.09482758620689655,2.1083916083916083,0.0,7.0,1.5127649300864479,1.4473402100323551
load_aware,5,5,0.6,0.6,955.2707865292793,0.05884651573470015,0.6601901818113475,1.0,7.0,0.9449110745507404,0.8448591857903359
load_aware,6,6,0.7375,0.7375,944.4221108377122,0.06953486616974164,0.30730237624758455,1.0,7.0,0.8613903153009297,0.8166808073706814
load_aware,7,7,0.4875,0.4875,911.4591572532294,0.10201068250913363,1.0276828370518853,1.0,7.0,0.7718271981333304,0.731062746112284
load_aware,8,8,0.5625,0.5625,897.1289740192913,0.11612908963616625,0.548697508341564,1.0,7.0,0.7486382619153229,0.693841490959198
load_aware,9,9,0.675,0.675,903.5340735599628,0.10981864673895286,0.2831007869846029,1.0,7.0,0.7789214383904333,0.7104781131427605
load_aware,10,10,0.6875,0.6875,952.8523531024014,0.061229208766107025,0.37490083859774226,1.0,7.0,0.8911164418265884,0.838577540525718
load_aware,11,11,0.55,0.55,887.3131907149035,0.12579981210354335,0.501370995974305,1.0,7.0,0.7112514603474559,0.66834594990884
load_aware,12,12,1.0,1.0,1014.1943542133997,0.0007937396912318031,0.0,0.5875,7.0,1.1018519747816145,0.9979074135412977
load_aware,13,13,0.575,0.575,901.8149453871188,0.11151236907673027,0.5549267545849614,1.0,7.0,0.7631521008459523,0.7060128451613478
load_aware,14,14,0.625,0.625,929.0038144285086,0.08472530598176495,0.5877101774562287,1.0,7.0,0.815705505064287,0.7766332842298922
load_aware,15,15,0.5,0.5,845.625222373361,0.16687170209521085,0.9922367090394424,1.0,7.0,0.599361946346057,0.5600655126580805
load_aware,16,16,1.0,1.0,1007.7224171367595,0.007170032377576816,0.0,0.575,7.0,1.092313874678684,0.9810971873682066
load_aware,17,17,0.6,0.6,918.0333342445908,0.09553366084276765,0.5900061448002601,1.0,7.0,0.7865303641191786,0.7481385305054308
load_aware,18,18,0.7625,0.7625,943.5346247260949,0.07040923672305924,0.38724884425356304,1.0,7.0,0.8992875968959386,0.8143756486392075
load_aware,19,19,0.75,0.75,1051.7932654620286,-0.036249522622688234,0.407000542478491,0.1375,7.0,1.1759663967316554,1.0955669232779963
load_aware,20,20,0.475,0.475,885.7498426210011,0.1273400565310334,1.0378932859766408,1.0,7.0,0.7117746672198305,0.6642853055090939
load_aware,21,21,0.8125,0.8125,1014.7653769884448,0.0002311556764090504,0.1499553133349963,0.3625,7.0,1.0518525364141396,0.9993905895803765
load_aware,22,22,0.5625,0.5625,882.622189492132,0.13042148818509167,0.5415923456920595,1.0,7.0,0.7047229896303278,0.6561615311483946
load_aware,23,23,0.55,0.55,885.598410287486,0.12748925094828967,0.4991226262454917,1.0,7.0,0.735882708714265,0.6638919747726911
load_aware,24,0,0.5125,0.5125,933.2130243635514,0.08057830111965376,0.586919425365376,1.0,7.0,0.8272521506435653,0.7875662970481855
load_aware,25,1,0.8125,0.8125,1033.4873844521367,-0.018214171874026273,0.1945925611749702,0.15,7.0,1.1267745276000813,1.04801918039516
load_aware,26,2,0.5625,0.5625,846.9064351686573,0.16560942347915542,0.5026886634104331,1.0,7.0,0.6527818090765571,0.5633933381004086
load_aware,27,3,0.6125,0.6125,961.8725837706088,0.0523422819994002,0.6220166514991639,1.0,7.0,0.9255163822175305,0.8620067110924905
load_aware,28,4,0.575,0.575,928.247516966725,0.08547042663376846,0.5591939197178636,1.0,7.0,0.8698402174785275,0.7746688752382467
load_aware,29,5,0.7625,0.7625,972.0371967061348,0.042327885018586454,0.1373387103904707,1.0,7.0,0.9249368479493669,0.8884083031328175
load_aware,30,6,0.5875,0.5875,909.8473705939471,0.1035986496611359,0.6078556256964492,1.0,7.0,0.8419562746699721,0.7268762872570054
load_aware,31,7,0.675,0.675,926.1981494596406,0.08748950792153636,0.3300555590787803,1.0,7.0,0.9014676302212339,0.769345842752313
load_aware,32,8,1.0,1.0,985.1449464153411,0.029413845896215655,0.0,0.8875,7.0,1.0204975311976865,0.9224544062736127
load_aware,33,9,0.4625,0.4625,859.3952450665333,0.1533051772743514,0.5006730459416431,1.0,7.0,0.6706896810717994,0.5958318053676191
load_aware,34,10,0.75,0.75,973.9113287437474,0.04048144951354937,0.3597137163275929,0.8375,7.0,1.0056806722879985,0.8932761785551878
load_aware,35,11,1.0,1.0,1012.3730378064599,0.002588140092157701,0.0,0.725,7.0,1.0302608421155994,0.9931767215752203
load_aware,36,12,0.425,0.425,929.2279959387276,0.0845044374987905,1.0465570038334815,1.0,7.0,0.8373234044977237,0.777215573866825
load_aware,37,13,0.475,0.475,901.8592736994586,0.11146869586260233,0.5507456880101976,1.0,7.0,0.7678524638922803,0.7061279836349575
load_aware,38,14,0.6625,0.6625,920.2693534244951,0.09333068628128563,0.30807623685299795,1.0,7.0,0.805718590931407,0.7539463725311559
load_aware,39,15,0.7875,0.7875,957.8133057797352,0.056341570660359434,0.3658862381258302,1.0,7.0,0.9247704079119872,0.8514631318954157
load_aware,40,16,0.55,0.55,1001.4866502492614,0.013313645074619308,0.6780922056410578,0.4875,7.0,1.039856170575465,0.964900390257822
load_aware,41,17,0.6375,0.6375,940.626600783915,0.07327428494195565,0.5975466265049315,1.0,7.0,0.902352465470783,0.8068223396984804
load_aware,42,18,0.625,0.625,989.7846595302759,0.024842699970171512,0.40695993288623805,0.85,7.0,1.0070646557908256,0.9345056091695476
load_aware,43,19,0.625,0.625,931.0453991558142,0.08271389245732595,0.6144733278415295,1.0,7.0,0.8366968066673732,0.7819361017034134
load_aware,44,20,0.7125,0.7125,889.1098043061389,0.12402974945207988,0.25337472924725274,1.0,7.0,0.722044066884068,0.6730124787172438
load_aware,45,21,0.4875,0.4875,863.600532195663,0.14916203724565216,0.9834915980329388,1.0,7.0,0.6581662160865026,0.6067546290796445
load_aware,46,22,0.45,0.45,856.0306039540131,0.15662009462658805,0.9987042776411904,1.0,7.0,0.6358036641281437,0.5870924778026316
load_aware,47,23,0.55,0.55,945.809440598774,0.06816803881894186,0.6429743402630627,1.0,7.0,0.8928966065528501,0.820284261295517
load_aware,48,0,0.7125,0.7125,1018.9830030728874,-0.003924140958509767,0.39522452841979755,0.5,7.0,1.0546957293066332,1.0103454625269805
load_aware,49,1,0.8625,0.8625,1042.6183952734484,-0.02721024164871765,0.16431714042572945,0.0,7.0,1.1548120584329329,1.0717360916193466
load_aware,50,2,0.825,0.825,984.976623276328,0.02957968150115464,0.15013673302824368,1.0,7.0,0.9664351936347866,0.9220172033151377
load_aware,51,3,0.75,0.75,1017.3719953678069,-0.0023369412490708407,0.18798396765572017,0.5375,7.0,1.0527866268229664,1.0061610269293688
load_aware,52,4,0.6,0.6,933.9707302588699,0.079831792848404,0.2911728861453951,1.0,7.0,0.8497656839429444,0.7895343643087532
load_aware,53,5,0.35,0.35,852.124583650168,0.16046839049244532,0.915153337439068,1.0,7.0,0.6444329771674259,0.5769469705199171
load_aware,54,6,0.675,0.675,986.7485863579968,0.02783390506601298,0.36440336508916554,1.0,7.0,0.9970299764065018,0.9266197048259659
load_aware,55,7,0.5125,0.5125,927.2019601824535,0.0865005318399473,0.5829998571198648,1.0,7.0,0.8367750229571524,0.7719531433310483
load_aware,56,8,0.5875,0.5875,926.5971884980363,0.0870963660117869,0.6380143497292299,1.0,7.0,0.8407010368305174,0.7703823077871069
load_aware,57,9,0.575,0.575,936.9485047591199,0.07689802486786212,0.5601783099019301,1.0,7.0,0.8665342076669188,0.7972688435301816
load_aware,58,10,0.6,0.6,911.5007990643427,0.10196965609424366,0.5654892724774175,1.0,7.0,0.7893581528466258,0.7311709066606303
load_aware,59,11,0.575,0.575,887.0439175860564,0.1260651058265454,0.5360260492258218,1.0,7.0,0.7341479607030057,0.6676465391845622
rsrp_sleep,0,0,0.35,0.35,587.8824598541759,0.4208054582717479,-0.013164659143494234,1.0,4.0,0.9835885296737519,0.926738453882618
rsrp_sleep,1,1,0.975,1.0,435.9837926745309,0.5704593175620386,0.0,1.0,3.0,0.8227765928095243,0.8120229859062479
rsrp_sleep,2,2,0.7625,0.75,1016.8171780134484,-0.001790323165958985,0.1551431515152754,0.3875,7.0,1.1175186816957967,1.0047199428920734
rsrp_sleep,3,3,0.2875,0.3,1041.878184005414,-0.026480969463461984,1.9143445706445144,0.225,7.0,1.218781642160609,1.069813464949127
rsrp_sleep,4,4,0.325,0.375,1111.25,-0.09482758620689655,2.1083916083916083,0.0,7.0,1.5127649300864479,1.4473402100323551
rsrp_sleep,5,5,0.625,0.6,945.7061637150264,0.06826978944332376,0.6435675726905933,1.0,7.0,0.9342826641981988,0.8200160096494188
rsrp_sleep,6,6,0.4875,0.5125,723.6591762297035,0.28703529435497194,0.0017145403757143874,1.0,5.0,0.9551413699948695,0.9369424590171033
rsrp_sleep,7,7,0.75,0.7625,559.3914853775653,0.4488753838644676,0.24445347338577209,1.0,4.0,0.8862395775363227,0.7972340244434788
rsrp_sleep,8,8,0.7875,0.7625,680.2421673733747,0.32981067253854707,0.17428974003614905,1.0,5.0,0.8229278981695569,0.7790624268122718
rsrp_sleep,9,9,0.8,0.7875,582.8362788464317,0.42577706517592934,-0.17231932922626644,1.0,4.0,0.9448426404596906,0.9038012674837805
rsrp_sleep,10,10,0.775,0.825,783.5906114186498,0.22798954540034502,0.1306677107413695,1.0,6.0,0.7809563528104192,0.7139109436928783
rsrp_sleep,11,11,0.5875,0.55,886.9702231695233,0.12613771116303127,0.5007906805562737,1.0,7.0,0.7723399889832495,0.6674551251156452
rsrp_sleep,12,12,0.85,0.8875,1005.5187633918922,0.009341119810943639,-0.008554169903890093,0.775,7.0,1.0593789941425769,0.975373411407512
rsrp_sleep,13,13,0.575,0.55,697.654833271641,0.31265533667818624,0.2029099442945205,1.0,5.0,0.8955990507598861,0.8423812118968762
rsrp_sleep,14,14,0.6,0.625,923.4641945080426,0.09018305959798756,0.5782427126403025,1.0,7.0,0.831868671383267,0.7622446610598511
rsrp_sleep,15,15,0.55,0.5125,437.7118908832796,0.5687567577504634,0.03122006525926337,1.0,3.0,0.8467935737030627,0.8224963083835126
rsrp_sleep,16,16,0.8375,1.0,1007.7224171367595,0.007170032377576816,0.0,0.575,7.0,1.092313874678684,0.9810971873682066
rsrp_sleep,17,17,0.925,0.9625,577.8074906176662,0.4307315363372747,0.0007452086145434152,1.0,4.0,0.9462046769923831,0.8809431391712104
rsrp_sleep,18,18,0.9625,1.0,680.148070502652,0.3299033788151212,0.0,1.0,5.0,0.8414338886592795,0.7787202563732801
rsrp_sleep,19,19,0.7125,0.725,1046.9233200529047,-0.03145154685015244,0.40048593922186343,0.1375,7.0,1.1870928096370452,1.0829177144231288
rsrp_sleep,20,20,0.975,0.9625,440.3742449998217,0.5661337487686485,0.013193199726221145,1.0,3.0,0.8733287169792916,0.838631787877707
rsrp_sleep,21,21,0.85,0.8,1020.878927091191,-0.0057920463952620994,0.15688332801052338,0.525,7.0,1.0913440012813627,1.0152699404966001
rsrp_sleep,22,22,0.1375,0.1375,585.5786179542781,0.4230752532470166,0.02277455290205709,1.0,4.0,0.9518532824539261,0.9162664452467186
rsrp_sleep,23,23,0.75,0.725,677.9466156808597,0.3320722998218131,0.1476139739498974,1.0,5.0,0.8557011836677522,0.7707149661122171
rsrp_sleep,24,0,0.5375,0.5125,898.0476305876446,0.11522400927325659,0.5271210245429401,1.0,7.0,0.7581555684339442,0.6962276119159599
rsrp_sleep,25,1,0.8125,0.8125,1033.4873844521367,-0.018214171874026273,0.1945925611749702,0.15,7.0,1.1267745276000813,1.04801918039516
rsrp_sleep,26,2,0.6,0.6,558.8682118546329,0.4493909242811498,-0.00838523428249297,1.0,4.0,0.8272434500530058,0.7948555084301497
rsrp_sleep,27,3,0.6625,0.6125,958.6478129188829,0.05551939613903163,0.6165786838233787,1.0,7.0,0.9455165820861855,0.8536306829061895
rsrp_sleep,28,4,0.6625,0.5875,919.7087722201466,0.09388298303433837,0.5448512377849313,1.0,7.0,0.8872416903195667,0.7524903174549261
rsrp_sleep,29,5,0.7375,0.7875,969.6569589505183,0.04467294684678001,0.134553697071465,1.0,7.0,0.948250427225553,0.8822258674039436
rsrp_sleep,30,6,0.7125,0.7375,570.8228526041346,0.43761295309937476,0.008741426857686937,1.0,4.0,0.9051784675222996,0.8491947845642484
rsrp_sleep,31,7,0.7,0.6375,909.1731489897535,0.10426290739925764,0.30560701474568785,1.0,7.0,0.774184228399501,0.7251250623110481
rsrp_sleep,32,8,0.9,0.925,972.6822185409724,0.041692395526135594,-0.012650654017682391,0.8875,7.0,1.0066995962164371,0.8900836845220065
rsrp_sleep,33,9,0.55,0.575,570.6021878292868,0.4378303568184367,-0.0036164056685598837,1.0,4.0,0.8938648669796877,0.8481917628603948
rsrp_sleep,34,10,0.6125,0.7,965.8710804159805,0.04840287643745765,0.34848842752430276,1.0,7.0,0.9738456784230315,0.8723924166648841
rsrp_sleep,35,11,0.775,0.8625,987.2060666006131,0.027383185615159508,-0.024859385094230572,0.6875,7.0,1.0569804025938927,0.9278079651963972
rsrp_sleep,36,12,0.6125,0.625,454.1359407471118,0.5525754278353578,0.00020134379355623352,1.0,3.0,0.9468253455166509,0.9220360045279502
rsrp_sleep,37,13,0.4375,0.425,695.0491031639751,0.3152225584591378,0.19513590547839424,1.0,5.0,0.8562319367350846,0.8329058296871826
rsrp_sleep,38,14,0.875,0.9625,698.2473599091627,0.31207156659195795,-0.007507122187942648,1.0,5.0,0.8848759570465534,0.8445358542151367
rsrp_sleep,39,15,0.7625,0.7625,971.1042757179164,0.04324701899712672,0.38483977825766946,1.0,7.0,0.9938363604824488,0.8859851317348477
rsrp_sleep,40,16,0.6125,0.4875,1000.4901338319635,0.014295434648311846,0.6764224415635787,0.65,7.0,1.0248437463619864,0.9623120359271777
rsrp_sleep,41,17,0.475,0.625,939.0344941373187,0.07484286291889784,0.5948426155826524,1.0,7.0,0.847290710160046,0.8026869977592693
rsrp_sleep,42,18,0.7125,0.7125,927.05964428752,0.08664074454431529,0.31779752529940203,1.0,7.0,0.818230479660714,0.7715834916558961
rsrp_sleep,43,19,0.75,0.8,692.8393781630591,0.31739962742555755,0.2014136985551794,1.0,5.0,0.9127678322481892,0.8248704660474877
rsrp_sleep,44,20,0.5375,0.4875,820.9353350116646,0.19119671427422205,0.1572694376626879,1.0,6.0,0.857219579430759,0.8270767727626197
rsrp_sleep,45,21,0.95,0.95,430.1598302479906,0.5761972115783344,-0.012021904457495434,1.0,3.0,0.8042798343404504,0.7767262439272159
rsrp_sleep,46,22,0.9375,0.95,419.47731719292864,0.5867218549823363,-0.020582787140636813,1.0,3.0,0.753065955345833,0.7119837405632037
rsrp_sleep,47,23,0.4375,0.475,818.1032852252899,0.19398691110808874,0.42113479482624566,1.0,6.0,0.9090467240287224,0.8184948037129997
rsrp_sleep,48,0,0.7,0.7,981.5746879119095,0.0329313419587099,0.3440038518019744,1.0,7.0,0.9660704884608008,0.9131810075634006
rsrp_sleep,49,1,0.7875,0.825,1034.1824654856043,-0.01889898077399441,0.15489653391049643,0.1375,7.0,1.0982189551601662,1.0498245856768942
rsrp_sleep,50,2,0.775,0.775,988.3422757988627,0.02626376768584954,0.15406673553317654,1.0,7.0,0.9861474556417245,0.9307591579191239
rsrp_sleep,51,3,0.725,0.7625,952.149953087727,0.06192122848499803,0.11182427295281419,1.0,7.0,0.898653430579701,0.8367531249031867
rsrp_sleep,52,4,0.575,0.55,819.2332526566834,0.19287364270277502,0.13255343983405724,1.0,6.0,0.9335183643144823,0.8219189474444955
rsrp_sleep,53,5,0.5375,0.525,451.3219626484197,0.5553478200508181,0.014347877775255778,1.0,3.0,0.9397760421869483,0.9049815918086037
rsrp_sleep,54,6,0.6625,0.675,970.9390967191505,0.043409756926945334,0.3425431656809261,1.0,7.0,0.9438157531149738,0.8855560953744168
rsrp_sleep,55,7,0.475,0.475,699.8345694671814,0.31050781333282623,0.19481846571602526,1.0,5.0,0.9694413124061168,0.8503075253352048
rsrp_sleep,56,8,0.45,0.475,821.6343168850462,0.19050806218222044,0.45246372209398433,1.0,6.0,0.8946627825748391,0.8291948996516555
rsrp_sleep,57,9,0.5125,0.45,709.638504292356,0.30084876424398427,0.181668572653117,1.0,5.0,0.9364834630214188,0.8859581974267489
rsrp_sleep,58,10,0.65,0.6,907.6114180708613,0.10580155855087556,0.5588093175853068,1.0,7.0,0.7893581528466258,0.7210686183658738
rsrp_sleep,59,11,0.6125,0.6,596.8976630728517,0.4119234846572889,0.033601990865317066,1.0,4.0,0.9940850224898423,0.9677166503311444
sinr_sleep,0,0,0.35,0.35,587.8824598541759,0.4208054582717479,-0.013164659143494234,1.0,4.0,0.9835885296737519,0.926738453882618
sinr_sleep,1,1,0.975,1.0,435.9837926745309,0.5704593175620386,0.0,1.0,3.0,0.8227765928095243,0.8120229859062479
sinr_sleep,2,2,0.7625,0.75,1016.8171780134484,-0.001790323165958985,0.1551431515152754,0.3875,7.0,1.1175186816957967,1.0047199428920734
sinr_sleep,3,3,0.2875,0.3,1041.878184005414,-0.026480969463461984,1.9143445706445144,0.225,7.0,1.218781642160609,1.069813464949127
sinr_sleep,4,4,0.325,0.375,1111.25,-0.09482758620689655,2.1083916083916083,0.0,7.0,1.5127649300864479,1.4473402100323551
sinr_sleep,5,5,0.625,0.6,945.7061637150264,0.06826978944332376,0.6435675726905933,1.0,7.0,0.9342826641981988,0.8200160096494188
sinr_sleep,6,6,0.4875,0.5125,723.6591762297035,0.28703529435497194,0.0017145403757143874,1.0,5.0,0.9551413699948695,0.9369424590171033
sinr_sleep,7,7,0.75,0.7625,559.3914853775653,0.4488753838644676,0.24445347338577209,1.0,4.0,0.8862395775363227,0.7972340244434788
sinr_sleep,8,8,0.7875,0.7625,680.2421673733747,0.32981067253854707,0.17428974003614905,1.0,5.0,0.8229278981695569,0.7790624268122718
sinr_sleep,9,9,0.8,0.7875,582.8362788464317,0.42577706517592934,-0.17231932922626644,1.0,4.0,0.9448426404596906,0.9038012674837805
sinr_sleep,10,10,0.775,0.825,783.5906114186498,0.22798954540034502,0.1306677107413695,1.0,6.0,0.7809563528104192,0.7139109436928783
sinr_sleep,11,11,0.5875,0.55,886.9702231695233,0.12613771116303127,0.5007906805562737,1.0,7.0,0.7723399889832495,0.6674551251156452
sinr_sleep,12,12,0.85,0.8875,1005.5187633918922,0.009341119810943639,-0.008554169903890093,0.775,7.0,1.0593789941425769,0.975373411407512
sinr_sleep,13,13,0.575,0.55,697.654833271641,0.31265533667818624,0.2029099442945205,1.0,5.0,0.8955990507598861,0.8423812118968762
sinr_sleep,14,14,0.6,0.625,923.4641945080426,0.09018305959798756,0.5782427126403025,1.0,7.0,0.831868671383267,0.7622446610598511
sinr_sleep,15,15,0.55,0.5125,437.7118908832796,0.5687567577504634,0.03122006525926337,1.0,3.0,0.8467935737030627,0.8224963083835126
sinr_sleep,16,16,0.8375,1.0,1007.7224171367595,0.007170032377576816,0.0,0.575,7.0,1.092313874678684,0.9810971873682066
sinr_sleep,17,17,0.925,0.9625,577.8074906176662,0.4307315363372747,0.0007452086145434152,1.0,4.0,0.9462046769923831,0.8809431391712104
sinr_sleep,18,18,0.9625,1.0,680.148070502652,0.3299033788151212,0.0,1.0,5.0,0.8414338886592795,0.7787202563732801
sinr_sleep,19,19,0.7125,0.725,1046.9233200529047,-0.03145154685015244,0.40048593922186343,0.1375,7.0,1.1870928096370452,1.0829177144231288
sinr_sleep,20,20,0.975,0.9625,440.3742449998217,0.5661337487686485,0.013193199726221145,1.0,3.0,0.8733287169792916,0.838631787877707
sinr_sleep,21,21,0.85,0.8,1020.878927091191,-0.0057920463952620994,0.15688332801052338,0.525,7.0,1.0913440012813627,1.0152699404966001
sinr_sleep,22,22,0.1375,0.1375,585.5786179542781,0.4230752532470166,0.02277455290205709,1.0,4.0,0.9518532824539261,0.9162664452467186
sinr_sleep,23,23,0.75,0.725,677.9466156808597,0.3320722998218131,0.1476139739498974,1.0,5.0,0.8557011836677522,0.7707149661122171
sinr_sleep,24,0,0.5375,0.5125,898.0476305876446,0.11522400927325659,0.5271210245429401,1.0,7.0,0.7581555684339442,0.6962276119159599
sinr_sleep,25,1,0.8125,0.8125,1033.4873844521367,-0.018214171874026273,0.1945925611749702,0.15,7.0,1.1267745276000813,1.04801918039516
sinr_sleep,26,2,0.6,0.6,558.8682118546329,0.4493909242811498,-0.00838523428249297,1.0,4.0,0.8272434500530058,0.7948555084301497
sinr_sleep,27,3,0.6625,0.6125,958.6478129188829,0.05551939613903163,0.6165786838233787,1.0,7.0,0.9455165820861855,0.8536306829061895
sinr_sleep,28,4,0.6625,0.5875,919.7087722201466,0.09388298303433837,0.5448512377849313,1.0,7.0,0.8872416903195667,0.7524903174549261
sinr_sleep,29,5,0.7375,0.7875,969.6569589505183,0.04467294684678001,0.134553697071465,1.0,7.0,0.948250427225553,0.8822258674039436
sinr_sleep,30,6,0.7125,0.7375,570.8228526041346,0.43761295309937476,0.008741426857686937,1.0,4.0,0.9051784675222996,0.8491947845642484
sinr_sleep,31,7,0.7,0.6375,909.1731489897535,0.10426290739925764,0.30560701474568785,1.0,7.0,0.774184228399501,0.7251250623110481
sinr_sleep,32,8,0.9,0.925,972.6822185409724,0.041692395526135594,-0.012650654017682391,0.8875,7.0,1.0066995962164371,0.8900836845220065
sinr_sleep,33,9,0.55,0.575,570.6021878292868,0.4378303568184367,-0.0036164056685598837,1.0,4.0,0.8938648669796877,0.8481917628603948
sinr_sleep,34,10,0.6125,0.7,965.8710804159805,0.04840287643745765,0.34848842752430276,1.0,7.0,0.9738456784230315,0.8723924166648841
sinr_sleep,35,11,0.775,0.8625,987.2060666006131,0.027383185615159508,-0.024859385094230572,0.6875,7.0,1.0569804025938927,0.9278079651963972
sinr_sleep,36,12,0.6125,0.625,454.1359407471118,0.5525754278353578,0.00020134379355623352,1.0,3.0,0.9468253455166509,0.9220360045279502
sinr_sleep,37,13,0.4375,0.425,695.0491031639751,0.3152225584591378,0.19513590547839424,1.0,5.0,0.8562319367350846,0.8329058296871826
sinr_sleep,38,14,0.875,0.9625,698.2473599091627,0.31207156659195795,-0.007507122187942648,1.0,5.0,0.8848759570465534,0.8445358542151367
sinr_sleep,39,15,0.7625,0.7625,971.1042757179164,0.04324701899712672,0.38483977825766946,1.0,7.0,0.9938363604824488,0.8859851317348477
sinr_sleep,40,16,0.6125,0.4875,1000.4901338319635,0.014295434648311846,0.6764224415635787,0.65,7.0,1.0248437463619864,0.9623120359271777
sinr_sleep,41,17,0.475,0.625,939.0344941373187,0.07484286291889784,0.5948426155826524,1.0,7.0,0.847290710160046,0.8026869977592693
sinr_sleep,42,18,0.7125,0.7125,927.05964428752,0.08664074454431529,0.31779752529940203,1.0,7.0,0.818230479660714,0.7715834916558961
sinr_sleep,43,19,0.75,0.8,692.8393781630591,0.31739962742555755,0.2014136985551794,1.0,5.0,0.9127678322481892,0.8248704660474877
sinr_sleep,44,20,0.5375,0.4875,820.9353350116646,0.19119671427422205,0.1572694376626879,1.0,6.0,0.857219579430759,0.8270767727626197
sinr_sleep,45,21,0.95,0.95,430.1598302479906,0.5761972115783344,-0.012021904457495434,1.0,3.0,0.8042798343404504,0.7767262439272159
sinr_sleep,46,22,0.9375,0.95,419.47731719292864,0.5867218549823363,-0.020582787140636813,1.0,3.0,0.753065955345833,0.7119837405632037
sinr_sleep,47,23,0.4375,0.475,818.1032852252899,0.19398691110808874,0.42113479482624566,1.0,6.0,0.9090467240287224,0.8184948037129997
sinr_sleep,48,0,0.7,0.7,981.5746879119095,0.0329313419587099,0.3440038518019744,1.0,7.0,0.9660704884608008,0.9131810075634006
sinr_sleep,49,1,0.7875,0.825,1034.1824654856043,-0.01889898077399441,0.15489653391049643,0.1375,7.0,1.0982189551601662,1.0498245856768942
sinr_sleep,50,2,0.775,0.775,988.3422757988627,0.02626376768584954,0.15406673553317654,1.0,7.0,0.9861474556417245,0.9307591579191239
sinr_sleep,51,3,0.725,0.7625,952.149953087727,0.06192122848499803,0.11182427295281419,1.0,7.0,0.898653430579701,0.8367531249031867
sinr_sleep,52,4,0.575,0.55,819.2332526566834,0.19287364270277502,0.13255343983405724,1.0,6.0,0.9335183643144823,0.8219189474444955
sinr_sleep,53,5,0.5375,0.525,451.3219626484197,0.5553478200508181,0.014347877775255778,1.0,3.0,0.9397760421869483,0.9049815918086037
sinr_sleep,54,6,0.6625,0.675,970.9390967191505,0.043409756926945334,0.3425431656809261,1.0,7.0,0.9438157531149738,0.8855560953744168
sinr_sleep,55,7,0.475,0.475,699.8345694671814,0.31050781333282623,0.19481846571602526,1.0,5.0,0.9694413124061168,0.8503075253352048
sinr_sleep,56,8,0.45,0.475,821.6343168850462,0.19050806218222044,0.45246372209398433,1.0,6.0,0.8946627825748391,0.8291948996516555
sinr_sleep,57,9,0.5125,0.45,709.638504292356,0.30084876424398427,0.181668572653117,1.0,5.0,0.9364834630214188,0.8859581974267489
sinr_sleep,58,10,0.65,0.6,907.6114180708613,0.10580155855087556,0.5588093175853068,1.0,7.0,0.7893581528466258,0.7210686183658738
sinr_sleep,59,11,0.6125,0.6,596.8976630728517,0.4119234846572889,0.033601990865317066,1.0,4.0,0.9940850224898423,0.9677166503311444
load_sleep,0,0,0.4125,0.4125,707.543263805068,0.3029130405861399,0.18770119129084814,1.0,5.0,0.9299332888852929,0.8783391411093382
load_sleep,1,1,1.0,1.0,435.9837926745309,0.5704593175620386,0.0,1.0,3.0,0.8227765928095243,0.8120229859062479
load_sleep,2,2,0.7375,0.7375,1053.276439014354,-0.03771077735404343,0.1965622645723398,0.0,7.0,1.1612672311963763,1.0994193221152053
load_sleep,3,3,0.2875,0.2875,1034.7822209151532,-0.01948987282281101,1.8944957228395893,0.0,7.0,1.0926487723574758,1.0513823919874112
load_sleep,4,4,0.375,0.375,1111.25,-0.09482758620689655,2.1083916083916083,0.0,7.0,1.5127649300864479,1.4473402100323551
load_sleep,5,5,1.0,1.0,575.3984073601935,0.4331050173791197,0.0,1.0,4.0,0.8884864507380518,0.8699927607281525
load_sleep,6,6,0.5,0.5,725.6133600077211,0.28510999014017624,0.004419590445286441,1.0,5.0,0.9877739483198017,0.9440485818462584
load_sleep,7,7,0.575,0.575,453.36782110372945,0.5533321959569167,0.008587321119247707,1.0,3.0,0.9391517810876268,0.9173807339619966
load_sleep,8,8,1.0,1.0,579.2796651296931,0.4292811180988246,0.0,1.0,4.0,0.9247493925156112,0.8876348414986048
load_sleep,9,9,0.6625,0.6625,705.1506138368986,0.30527033119517377,0.0013781815575934274,1.0,5.0,0.9223391532556711,0.8696385957705406
load_sleep,10,10,1.0,1.0,693.0335092923596,0.3172083652292024,0.0,1.0,5.0,0.8815993005427344,0.8255763974267618
load_sleep,11,11,1.0,1.0,591.0019529444069,0.41773206606462376,0.0,1.0,4.0,0.9663075784670315,0.9409179679291224
load_sleep,12,12,1.0,1.0,1014.1943542133997,0.0007937396912318031,0.0,0.5875,7.0,1.1018519747816145,0.9979074135412977
load_sleep,13,13,1.0,1.0,579.9726210433814,0.4285984029129247,0.0,1.0,4.0,0.9396905926697903,0.8907846411062789
load_sleep,14,14,0.325,0.325,594.9124836358528,0.4138793264671401,0.016732752109806605,1.0,4.0,0.9953262422318041,0.9586931074356949
load_sleep,15,15,0.5875,0.5875,437.1135132882881,0.5693462923268098,0.02981032749474529,1.0,3.0,0.8226748236830959,0.8188697775047763
load_sleep,16,16,1.0,1.0,1007.7224171367595,0.007170032377576816,0.0,0.575,7.0,1.092313874678684,0.9810971873682066
load_sleep,17,17,1.0,1.0,577.3772241363986,0.43115544420059254,0.0,1.0,4.0,0.8895012685578733,0.8789873824381753
load_sleep,18,18,1.0,1.0,680.148070502652,0.3299033788151212,0.0,1.0,5.0,0.8414338886592795,0.7787202563732801
load_sleep,19,19,0.75,0.75,1051.7932654620286,-0.036249522622688234,0.407000542478491,0.1375,7.0,1.1759663967316554,1.0955669232779963
load_sleep,20,20,1.0,1.0,434.63995328710945,0.5717832972540794,0.0,1.0,3.0,0.8450663059163582,0.8038785047703602
load_sleep,21,21,0.8125,0.8125,1014.7653769884448,0.0002311556764090504,0.1499553133349963,0.3625,7.0,1.0518525364141396,0.9993905895803765
load_sleep,22,22,1.0,1.0,572.5392915699128,0.4359218802266869,0.0,1.0,4.0,0.8872292140863255,0.8569967798632401
load_sleep,23,23,1.0,1.0,590.7444759908941,0.4179857379400058,0.0,1.0,4.0,0.9700406981563322,0.939747618140428
load_sleep,24,0,1.0,1.0,588.0657892562417,0.42062483817119045,0.0,1.0,4.0,0.9609505034515112,0.9275717693465535
load_sleep,25,1,0.8125,0.8125,1033.4873844521367,-0.018214171874026273,0.1945925611749702,0.15,7.0,1.1267745276000813,1.04801918039516
load_sleep,26,2,1.0,1.0,563.5940802578209,0.4447348962977134,0.0,1.0,4.0,0.8633875225616433,0.8163367284446406
load_sleep,27,3,0.525,0.525,721.690319721888,0.28897505446119404,0.2169945745057494,1.0,5.0,0.9616981978118029,0.9297829808068656
load_sleep,28,4,0.3625,0.3625,721.8909569449232,0.28877738232027267,0.21257312321814995,1.0,5.0,0.994391273876915,0.930512570708812
load_sleep,29,5,1.0,1.0,854.6593796780339,0.15797105450440008,0.0,1.0,6.0,0.9640940727939253,0.9292708475091938
load_sleep,30,6,1.0,1.0,565.8762864357569,0.442486417304673,0.0,1.0,4.0,0.8398290186990904,0.8267103928898041
load_sleep,31,7,1.0,1.0,696.360496475156,0.3139305453446739,0.0,1.0,5.0,0.9308968446178699,0.8376745326369305
load_sleep,32,8,1.0,1.0,985.1449464153411,0.029413845896215655,0.0,0.8875,7.0,1.0204975311976865,0.9224544062736127
load_sleep,33,9,0.35,0.35,580.3196583792625,0.4282564942076232,0.013352208264079771,1.0,4.0,0.917733347290025,0.8923620835421021
load_sleep,34,10,1.0,1.0,716.2620462299617,0.2943231071625993,0.0,1.0,5.0,0.9676070741302054,0.9100438044725878
load_sleep,35,11,1.0,1.0,1012.3730378064599,0.002588140092157701,0.0,0.725,7.0,1.0302608421155994,0.9931767215752203
load_sleep,36,12,0.5,0.5,566.3372667922599,0.44203224946575376,0.24731659501360578,1.0,4.0,0.8497956549109577,0.8288057581466355
load_sleep,37,13,0.4875,0.4875,685.2702284597669,0.32485691777362863,0.17832114487950684,1.0,5.0,0.8403740162069534,0.7973462853082431
load_sleep,38,14,1.0,1.0,703.5288368501378,0.30686814103434695,0.0,1.0,5.0,0.9095349250708533,0.8637412249095926
load_sleep,39,15,1.0,1.0,701.239443699189,0.3091237007889764,0.0,1.0,5.0,0.8741920369970841,0.8554161589061421
load_sleep,40,16,1.0,1.0,596.8007281618221,0.4120189870326876,0.0,1.0,4.0,0.9957421720477083,0.9672760370991913
load_sleep,41,17,1.0,1.0,588.7944584389327,0.4199069374985885,0.0,1.0,4.0,0.9689362326521868,0.9308839019951485
load_sleep,42,18,1.0,1.0,703.4917174221382,0.30690471189937124,0.0,1.0,5.0,0.8910311942299561,0.8636062451714117
load_sleep,43,19,1.0,1.0,576.6867640982186,0.4318357003958437,0.0,1.0,4.0,0.9371534692739355,0.8758489277191759
load_sleep,44,20,0.4125,0.4125,724.6033702994515,0.286105053892166,0.02147063125626039,1.0,5.0,0.9873492394190568,0.9403758919980054
load_sleep,45,21,1.0,1.0,435.394096477197,0.5710402990372443,0.0,1.0,3.0,0.8185005234548489,0.8084490695587699
load_sleep,46,22,1.0,1.0,428.2927762401521,0.5780366736550225,0.0,1.0,3.0,0.7825724069764415,0.7654107650918308
load_sleep,47,23,0.5375,0.5375,588.467788660552,0.4202287796447764,0.022232846638269157,1.0,4.0,0.9462259738477266,0.9293990393661453
load_sleep,48,0,0.5625,0.5625,855.1494813421108,0.15748819572205833,0.1708983645810991,1.0,6.0,0.9711151643779311,0.9307560040670024
load_sleep,49,1,0.8625,0.8625,1042.6183952734484,-0.02721024164871765,0.16431714042572945,0.0,7.0,1.1548120584329329,1.0717360916193466
load_sleep,50,2,1.0,1.0,856.3995871020843,0.15625656443144403,0.0,1.0,6.0,0.9857344972013715,0.9345442033396493
load_sleep,51,3,1.0,1.0,856.3852905990084,0.15627064965614937,0.0,1.0,6.0,0.9991953542103233,0.9345008806030557
load_sleep,52,4,0.5625,0.5625,819.9712734595792,0.19214652861125206,0.13357372068359324,1.0,6.0,0.9030010500409164,0.8241553741199373
load_sleep,53,5,0.55,0.55,450.914707038669,0.5557490571047596,0.013432569198118192,1.0,3.0,0.9173227564653152,0.902513375991933
load_sleep,54,6,1.0,1.0,723.2088483551281,0.2874789671378048,0.0,1.0,5.0,0.9979235390450943,0.9353049031095562
load_sleep,55,7,1.0,1.0,585.7246013081893,0.4229314272825721,0.0,1.0,4.0,0.9488913910285377,0.9169300059463151
load_sleep,56,8,1.0,1.0,565.6831935881431,0.44267665656340577,0.0,1.0,4.0,0.8791576866869095,0.8258326981279231
load_sleep,57,9,1.0,1.0,600.5393734886718,0.4083355926219982,0.0,1.0,4.0,0.9937891821046141,0.9842698794939628
load_sleep,58,10,1.0,1.0,582.2465954186162,0.4263580340703289,0.0,1.0,4.0,0.9441102626152221,0.9011208882664372
load_sleep,59,11,1.0,1.0,577.4927567362147,0.4310416189790988,0.0,1.0,4.0,0.9097472639877012,0.8795125306191576
greedy_sleep,0,0,0.4125,0.4125,707.543263805068,0.3029130405861399,0.18770119129084814,1.0,5.0,0.9299332888852929,0.8783391411093382
greedy_sleep,1,1,1.0,1.0,435.9837926745309,0.5704593175620386,0.0,1.0,3.0,0.8227765928095243,0.8120229859062479
greedy_sleep,2,2,0.7375,0.7375,1053.276439014354,-0.03771077735404343,0.1965622645723398,0.0,7.0,1.1612672311963763,1.0994193221152053
greedy_sleep,3,3,0.2875,0.2875,1034.7822209151532,-0.01948987282281101,1.8944957228395893,0.0,7.0,1.0926487723574758,1.0513823919874112
greedy_sleep,4,4,0.375,0.375,1111.25,-0.09482758620689655,2.1083916083916083,0.0,7.0,1.5127649300864479,1.4473402100323551
greedy_sleep,5,5,1.0,1.0,575.3984073601935,0.4331050173791197,0.0,1.0,4.0,0.8884864507380518,0.8699927607281525
greedy_sleep,6,6,0.5,0.5,725.6133600077211,0.28510999014017624,0.004419590445286441,1.0,5.0,0.9877739483198017,0.9440485818462584
greedy_sleep,7,7,0.575,0.575,453.36782110372945,0.5533321959569167,0.008587321119247707,1.0,3.0,0.9391517810876268,0.9173807339619966
greedy_sleep,8,8,1.0,1.0,579.2796651296931,0.4292811180988246,0.0,1.0,4.0,0.9247493925156112,0.8876348414986048
greedy_sleep,9,9,0.6625,0.6625,705.1506138368986,0.30527033119517377,0.0013781815575934274,1.0,5.0,0.9223391532556711,0.8696385957705406
greedy_sleep,10,10,1.0,1.0,693.0335092923596,0.3172083652292024,0.0,1.0,5.0,0.8815993005427344,0.8255763974267618
greedy_sleep,11,11,1.0,1.0,591.0019529444069,0.41773206606462376,0.0,1.0,4.0,0.9663075784670315,0.9409179679291224
greedy_sleep,12,12,1.0,1.0,1014.1943542133997,0.0007937396912318031,0.0,0.5875,7.0,1.1018519747816145,0.9979074135412977
greedy_sleep,13,13,1.0,1.0,579.9726210433814,0.4285984029129247,0.0,1.0,4.0,0.9396905926697903,0.8907846411062789
greedy_sleep,14,14,0.325,0.325,594.9124836358528,0.4138793264671401,0.016732752109806605,1.0,4.0,0.9953262422318041,0.9586931074356949
greedy_sleep,15,15,0.5875,0.5875,437.1135132882881,0.5693462923268098,0.02981032749474529,1.0,3.0,0.8226748236830959,0.8188697775047763
greedy_sleep,16,16,1.0,1.0,1007.7224171367595,0.007170032377576816,0.0,0.575,7.0,1.092313874678684,0.9810971873682066
greedy_sleep,17,17,1.0,1.0,577.3772241363986,0.43115544420059254,0.0,1.0,4.0,0.8895012685578733,0.8789873824381753
greedy_sleep,18,18,1.0,1.0,680.148070502652,0.3299033788151212,0.0,1.0,5.0,0.8414338886592795,0.7787202563732801
greedy_sleep,19,19,0.75,0.75,1051.7932654620286,-0.036249522622688234,0.407000542478491,0.1375,7.0,1.1759663967316554,1.0955669232779963
greedy_sleep,20,20,1.0,1.0,434.63995328710945,0.5717832972540794,0.0,1.0,3.0,0.8450663059163582,0.8038785047703602
greedy_sleep,21,21,0.8125,0.8125,1014.7653769884448,0.0002311556764090504,0.1499553133349963,0.3625,7.0,1.0518525364141396,0.9993905895803765
greedy_sleep,22,22,1.0,1.0,572.5392915699128,0.4359218802266869,0.0,1.0,4.0,0.8872292140863255,0.8569967798632401
greedy_sleep,23,23,1.0,1.0,590.7444759908941,0.4179857379400058,0.0,1.0,4.0,0.9700406981563322,0.939747618140428
greedy_sleep,24,0,1.0,1.0,588.0657892562417,0.42062483817119045,0.0,1.0,4.0,0.9609505034515112,0.9275717693465535
greedy_sleep,25,1,0.8125,0.8125,1033.4873844521367,-0.018214171874026273,0.1945925611749702,0.15,7.0,1.1267745276000813,1.04801918039516
greedy_sleep,26,2,1.0,1.0,563.5940802578209,0.4447348962977134,0.0,1.0,4.0,0.8633875225616433,0.8163367284446406
greedy_sleep,27,3,0.525,0.525,721.690319721888,0.28897505446119404,0.2169945745057494,1.0,5.0,0.9616981978118029,0.9297829808068656
greedy_sleep,28,4,0.3625,0.3625,721.8909569449232,0.28877738232027267,0.21257312321814995,1.0,5.0,0.994391273876915,0.930512570708812
greedy_sleep,29,5,1.0,1.0,854.6593796780339,0.15797105450440008,0.0,1.0,6.0,0.9640940727939253,0.9292708475091938
greedy_sleep,30,6,1.0,1.0,565.8762864357569,0.442486417304673,0.0,1.0,4.0,0.8398290186990904,0.8267103928898041
greedy_sleep,31,7,1.0,1.0,696.360496475156,0.3139305453446739,0.0,1.0,5.0,0.9308968446178699,0.8376745326369305
greedy_sleep,32,8,1.0,1.0,985.1449464153411,0.029413845896215655,0.0,0.8875,7.0,1.0204975311976865,0.9224544062736127
greedy_sleep,33,9,0.35,0.35,580.3196583792625,0.4282564942076232,0.013352208264079771,1.0,4.0,0.917733347290025,0.8923620835421021
greedy_sleep,34,10,1.0,1.0,716.2620462299617,0.2943231071625993,0.0,1.0,5.0,0.9676070741302054,0.9100438044725878
greedy_sleep,35,11,1.0,1.0,1012.3730378064599,0.002588140092157701,0.0,0.725,7.0,1.0302608421155994,0.9931767215752203
greedy_sleep,36,12,0.5,0.5,566.3372667922599,0.44203224946575376,0.24731659501360578,1.0,4.0,0.8497956549109577,0.8288057581466355
greedy_sleep,37,13,0.4875,0.4875,685.2702284597669,0.32485691777362863,0.17832114487950684,1.0,5.0,0.8403740162069534,0.7973462853082431
greedy_sleep,38,14,1.0,1.0,703.5288368501378,0.30686814103434695,0.0,1.0,5.0,0.9095349250708533,0.8637412249095926
greedy_sleep,39,15,1.0,1.0,701.239443699189,0.3091237007889764,0.0,1.0,5.0,0.8741920369970841,0.8554161589061421
greedy_sleep,40,16,1.0,1.0,596.8007281618221,0.4120189870326876,0.0,1.0,4.0,0.9957421720477083,0.9672760370991913
greedy_sleep,41,17,1.0,1.0,588.7944584389327,0.4199069374985885,0.0,1.0,4.0,0.9689362326521868,0.9308839019951485
greedy_sleep,42,18,1.0,1.0,703.4917174221382,0.30690471189937124,0.0,1.0,5.0,0.8910311942299561,0.8636062451714117
greedy_sleep,43,19,1.0,1.0,576.6867640982186,0.4318357003958437,0.0,1.0,4.0,0.9371534692739355,0.8758489277191759
greedy_sleep,44,20,0.4125,0.4125,724.6033702994515,0.286105053892166,0.02147063125626039,1.0,5.0,0.9873492394190568,0.9403758919980054
greedy_sleep,45,21,1.0,1.0,435.394096477197,0.5710402990372443,0.0,1.0,3.0,0.8185005234548489,0.8084490695587699
greedy_sleep,46,22,1.0,1.0,428.2927762401521,0.5780366736550225,0.0,1.0,3.0,0.7825724069764415,0.7654107650918308
greedy_sleep,47,23,0.5375,0.5375,588.467788660552,0.4202287796447764,0.022232846638269157,1.0,4.0,0.9462259738477266,0.9293990393661453
greedy_sleep,48,0,0.5625,0.5625,855.1494813421108,0.15748819572205833,0.1708983645810991,1.0,6.0,0.9711151643779311,0.9307560040670024
greedy_sleep,49,1,0.8625,0.8625,1042.6183952734484,-0.02721024164871765,0.16431714042572945,0.0,7.0,1.1548120584329329,1.0717360916193466
greedy_sleep,50,2,1.0,1.0,856.3995871020843,0.15625656443144403,0.0,1.0,6.0,0.9857344972013715,0.9345442033396493
greedy_sleep,51,3,1.0,1.0,856.3852905990084,0.15627064965614937,0.0,1.0,6.0,0.9991953542103233,0.9345008806030557
greedy_sleep,52,4,0.5625,0.5625,819.9712734595792,0.19214652861125206,0.13357372068359324,1.0,6.0,0.9030010500409164,0.8241553741199373
greedy_sleep,53,5,0.55,0.55,450.914707038669,0.5557490571047596,0.013432569198118192,1.0,3.0,0.9173227564653152,0.902513375991933
greedy_sleep,54,6,1.0,1.0,723.2088483551281,0.2874789671378048,0.0,1.0,5.0,0.9979235390450943,0.9353049031095562
greedy_sleep,55,7,1.0,1.0,585.7246013081893,0.4229314272825721,0.0,1.0,4.0,0.9488913910285377,0.9169300059463151
greedy_sleep,56,8,1.0,1.0,565.6831935881431,0.44267665656340577,0.0,1.0,4.0,0.8791576866869095,0.8258326981279231
greedy_sleep,57,9,1.0,1.0,600.5393734886718,0.4083355926219982,0.0,1.0,4.0,0.9937891821046141,0.9842698794939628
greedy_sleep,58,10,1.0,1.0,582.2465954186162,0.4263580340703289,0.0,1.0,4.0,0.9441102626152221,0.9011208882664372
greedy_sleep,59,11,1.0,1.0,577.4927567362147,0.4310416189790988,0.0,1.0,4.0,0.9097472639877012,0.8795125306191576
oracle,0,0,1.0,1.0,595.7249761079026,0.4130788412730023,0.0,1.0,4.0,0.9967726901494223,0.962386255035921
oracle,1,1,1.0,1.0,435.9837926745309,0.5704593175620386,0.0,1.0,3.0,0.8227765928095243,0.8120229859062479
oracle,2,2,1.0,1.0,880.2520940193638,0.13275655761639038,0.0,0.3625,6.0,1.100180210876032,1.0068245273314054
oracle,3,3,1.0,1.0,357.5,0.6477832512315271,0.0,0.0,2.0,2.051873298613374,2.0094217518062414
oracle,4,4,1.0,1.0,357.5,0.6477832512315271,0.0,0.0,2.0,2.224677593451254,2.218919133606942
oracle,5,5,1.0,1.0,575.3984073601935,0.4331050173791197,0.0,1.0,4.0,0.8884864507380518,0.8699927607281525
oracle,6,6,1.0,1.0,722.4205570164527,0.28825560885078555,0.0,1.0,5.0,0.9888897375518557,0.9324383891507366
oracle,7,7,1.0,1.0,449.5077536773107,0.5571352180519107,0.0,1.0,3.0,0.9206235729934235,0.8939863859230951
oracle,8,8,1.0,1.0,579.2796651296931,0.4292811180988246,0.0,1.0,4.0,0.9247493925156112,0.8876348414986048
oracle,9,9,1.0,1.0,704.1801257743326,0.306226477069623,0.0,1.0,5.0,0.9231704435328644,0.8661095482703003
oracle,10,10,1.0,1.0,693.0335092923596,0.3172083652292024,0.0,1.0,5.0,0.8815993005427344,0.8255763974267618
oracle,11,11,1.0,1.0,591.0019529444069,0.41773206606462376,0.0,1.0,4.0,0.9663075784670315,0.9409179679291224
oracle,12,12,1.0,1.0,1014.1943542133997,0.0007937396912318031,0.0,0.5875,7.0,1.1018519747816145,0.9979074135412977
oracle,13,13,1.0,1.0,579.9726210433814,0.4285984029129247,0.0,1.0,4.0,0.9396905926697903,0.8907846411062789
oracle,14,14,1.0,1.0,585.1217858393555,0.4235253341484182,0.0,1.0,4.0,0.9511575560200377,0.9141899356334343
oracle,15,15,1.0,1.0,424.46021526281356,0.5818125958001836,0.0,1.0,3.0,0.7642339342699359,0.7421831228049309
oracle,16,16,1.0,1.0,1007.7224171367595,0.007170032377576816,0.0,0.575,7.0,1.092313874678684,0.9810971873682066
oracle,17,17,1.0,1.0,577.3772241363986,0.43115544420059254,0.0,1.0,4.0,0.8895012685578733,0.8789873824381753
oracle,18,18,1.0,1.0,680.148070502652,0.3299033788151212,0.0,1.0,5.0,0.8414338886592795,0.7787202563732801
oracle,19,19,1.0,1.0,747.5428997413535,0.2635045322745286,0.0,0.175,5.0,1.0577483435867867,1.023792362695831
oracle,20,20,1.0,1.0,434.63995328710945,0.5717832972540794,0.0,1.0,3.0,0.8450663059163582,0.8038785047703602
oracle,21,21,1.0,1.0,882.4389654285906,0.13060200450385165,0.0,0.4,6.0,1.1026454432618613,1.0134514103896686
oracle,22,22,1.0,1.0,572.5392915699128,0.4359218802266869,0.0,1.0,4.0,0.8872292140863255,0.8569967798632401
oracle,23,23,1.0,1.0,590.7444759908941,0.4179857379400058,0.0,1.0,4.0,0.9700406981563322,0.939747618140428
oracle,24,0,1.0,1.0,588.0657892562417,0.42062483817119045,0.0,1.0,4.0,0.9609505034515112,0.9275717693465535
oracle,25,1,1.0,1.0,865.1379709209183,0.14764731928973568,0.0,0.6625,6.0,1.0618677016423865,0.9610241543058134
oracle,26,2,1.0,1.0,563.5940802578209,0.4447348962977134,0.0,1.0,4.0,0.8633875225616433,0.8163367284446406
oracle,27,3,1.0,1.0,593.0103016399919,0.4157533973990228,0.0,1.0,4.0,0.9638451603751875,0.9500468256363267
oracle,28,4,1.0,1.0,595.33808157403,0.41346001815366507,0.0,1.0,4.0,0.971094874624722,0.9606276435183181
oracle,29,5,1.0,1.0,854.6593796780339,0.15797105450440008,0.0,1.0,6.0,0.9640940727939253,0.9292708475091938
oracle,30,6,1.0,1.0,565.8762864357569,0.442486417304673,0.0,1.0,4.0,0.8398290186990904,0.8267103928898041
oracle,31,7,1.0,1.0,696.360496475156,0.3139305453446739,0.0,1.0,5.0,0.9308968446178699,0.8376745326369305
oracle,32,8,1.0,1.0,985.1449464153411,0.029413845896215655,0.0,0.8875,7.0,1.0204975311976865,0.9224544062736127
oracle,33,9,1.0,1.0,572.6732064593588,0.435789944375016,0.0,1.0,4.0,0.8940694759435918,0.8576054839061762
oracle,34,10,1.0,1.0,716.2620462299617,0.2943231071625993,0.0,1.0,5.0,0.9676070741302054,0.9100438044725878
oracle,35,11,1.0,1.0,1012.3730378064599,0.002588140092157701,0.0,0.725,7.0,1.0302608421155994,0.9931767215752203
oracle,36,12,1.0,1.0,454.0445217006692,0.5526654958614097,0.0,1.0,3.0,0.9500403785616888,0.9214819497010253
oracle,37,13,1.0,1.0,581.5649082066176,0.42702964708707625,0.0,1.0,4.0,0.9293000923589744,0.8980223100300802
oracle,38,14,1.0,1.0,703.5288368501378,0.30686814103434695,0.0,1.0,5.0,0.9095349250708533,0.8637412249095926
oracle,39,15,1.0,1.0,701.239443699189,0.3091237007889764,0.0,1.0,5.0,0.8741920369970841,0.8554161589061421
oracle,40,16,1.0,1.0,596.8007281618221,0.4120189870326876,0.0,1.0,4.0,0.9957421720477083,0.9672760370991913
oracle,41,17,1.0,1.0,588.7944584389327,0.4199069374985885,0.0,1.0,4.0,0.9689362326521868,0.9308839019951485
oracle,42,18,1.0,1.0,703.4917174221382,0.30690471189937124,0.0,1.0,5.0,0.8910311942299561,0.8636062451714117
oracle,43,19,1.0,1.0,576.6867640982186,0.4318357003958437,0.0,1.0,4.0,0.9371534692739355,0.8758489277191759
oracle,44,20,1.0,1.0,709.3726908313504,0.30111064942724103,0.0,1.0,5.0,0.9461752741854016,0.8849916030230922
oracle,45,21,1.0,1.0,435.394096477197,0.5710402990372443,0.0,1.0,3.0,0.8185005234548489,0.8084490695587699
oracle,46,22,1.0,1.0,428.2927762401521,0.5780366736550225,0.0,1.0,3.0,0.7825724069764415,0.7654107650918308
oracle,47,23,1.0,1.0,575.669027458662,0.43283839659245127,0.0,1.0,4.0,0.9231676246959359,0.8712228520848275
oracle,48,0,1.0,1.0,730.3362163701111,0.28045692968461966,0.0,1.0,5.0,0.9924506181830911,0.9612226049822219
oracle,49,1,1.0,1.0,895.476291701948,0.11775734807689857,0.0,0.2875,6.0,1.1184321776522195,1.0529584597028725
oracle,50,2,1.0,1.0,856.3995871020843,0.15625656443144403,0.0,1.0,6.0,0.9857344972013715,0.9345442033396493
oracle,51,3,1.0,1.0,856.3852905990084,0.15627064965614937,0.0,1.0,6.0,0.9991953542103233,0.9345008806030557
oracle,52,4,1.0,1.0,723.3506374557638,0.2873392734425972,0.0,1.0,5.0,0.9638686601158293,0.9358204998391411
oracle,53,5,1.0,1.0,444.93804594760235,0.5616373931550716,0.0,1.0,3.0,0.8872324410440433,0.8662911875612261
oracle,54,6,1.0,1.0,723.2088483551281,0.2874789671378048,0.0,1.0,5.0,0.9979235390450943,0.9353049031095562
oracle,55,7,1.0,1.0,585.7246013081893,0.4229314272825721,0.0,1.0,4.0,0.9488913910285377,0.9169300059463151
oracle,56,8,1.0,1.0,565.6831935881431,0.44267665656340577,0.0,1.0,4.0,0.8791576866869095,0.8258326981279231
oracle,57,9,1.0,1.0,600.5393734886718,0.4083355926219982,0.0,1.0,4.0,0.9937891821046141,0.9842698794939628
oracle,58,10,1.0,1.0,582.2465954186162,0.4263580340703289,0.0,1.0,4.0,0.9441102626152221,0.9011208882664372
oracle,59,11,1.0,1.0,577.4927567362147,0.4310416189790988,0.0,1.0,4.0,0.9097472639877012,0.8795125306191576
flat_mlp,0,0,0.4125,0.525,715.6002237270663,0.29497514903737304,0.20122582135527403,1.0,5.0,0.9987729599630104,0.9076371771893326
flat_mlp,1,1,0.35,0.4375,570.1695953566168,0.4382565562988997,0.3077770434055053,1.0,4.0,0.8791557617896611,0.846225433439167
flat_mlp,2,2,0.65,0.7625,1010.185357431849,0.004743490214927136,0.147609150032453,0.5875,7.0,1.0815517251681508,0.9874944348879192
flat_mlp,3,3,0.4875,0.3125,1029.2121318281377,-0.014002100323288346,1.8789150540647208,0.1,7.0,1.0833812464443826,1.036914628125033
flat_mlp,4,4,0.5,0.375,1111.25,-0.09482758620689655,2.1083916083916083,0.0,7.0,1.5127649300864479,1.4473402100323551
flat_mlp,5,5,0.4375,0.8,714.465493639322,0.29609310971495373,0.24168834063538505,1.0,5.0,0.9263541770383701,0.9035108859611706
flat_mlp,6,6,0.375,0.6875,713.289946923755,0.2972512838189606,-0.012638912339934612,1.0,5.0,0.9497100068036574,0.8992361706318363
flat_mlp,7,7,0.575,0.75,573.2973154774897,0.43517505864286726,0.2753891580011414,1.0,4.0,0.8909668322184361,0.8604423430794987
flat_mlp,8,8,0.525,0.7625,681.1203304229749,0.328945487268005,0.17580569701248028,1.0,5.0,0.8229278981695569,0.7822557469926359
flat_mlp,9,9,0.6,0.8125,795.6900888385125,0.21606887799161334,0.12995249328224562,1.0,6.0,0.8095680522104725,0.7505760267833711
flat_mlp,10,10,0.5125,0.675,719.2022082930606,0.29142639577038365,0.0377596445912425,1.0,5.0,0.977513514827972,0.9207353028838572
flat_mlp,11,11,0.475,0.7125,708.8166681201179,0.301658455054071,0.1993474210850762,1.0,5.0,0.9509492385105197,0.8829697022549746
flat_mlp,12,12,0.5375,0.875,1008.5594023103779,0.006345416442977448,-0.005556086838397211,0.775,7.0,1.0593789941425769,0.9832711748321504
flat_mlp,13,13,0.525,0.5375,713.8163266438999,0.2967326831094583,0.2307759034551168,1.0,5.0,0.9537861925745675,0.9011502787050902
flat_mlp,14,14,0.6125,0.7375,722.6454280151655,0.2880340610688024,0.23503421937799276,1.0,5.0,0.983645648551311,0.9332561018733291
flat_mlp,15,15,0.6,0.7875,527.1437296403722,0.48064657178288456,0.2419155216089685,1.0,4.0,0.679005404994466,0.650653316547146
flat_mlp,16,16,0.5125,1.0,1007.7224171367595,0.007170032377576816,0.0,0.575,7.0,1.092313874678684,0.9810971873682066
flat_mlp,17,17,0.4875,0.65,596.5869067630131,0.41222964850934674,0.03327059299117146,1.0,4.0,0.9896125406111178,0.9663041216500597
flat_mlp,18,18,0.6375,1.0,680.148070502652,0.3299033788151212,0.0,1.0,5.0,0.8414338886592795,0.7787202563732801
flat_mlp,19,19,0.45,0.75,1051.7932654620286,-0.036249522622688234,0.407000542478491,0.1375,7.0,1.1759663967316554,1.0955669232779963
flat_mlp,20,20,0.425,0.475,554.6669838995916,0.45353006512355504,0.27615277818971257,1.0,4.0,0.7874469248179428,0.7757590177254166
flat_mlp,21,21,0.6375,0.85,1008.3253722903576,0.0065759878912733365,0.14265735285230227,0.5875,7.0,1.0487985635202859,0.9826633046502795
flat_mlp,22,22,0.4,0.5375,718.5659096786397,0.29205329095700516,0.2550508240374548,1.0,5.0,0.9661603680292015,0.9184214897405084
flat_mlp,23,23,0.45,0.6,595.8709516151139,0.4129350230392967,0.008677991640329447,1.0,4.0,0.9731298040235825,0.9630497800686995
flat_mlp,24,0,0.375,0.4375,818.4762528913302,0.19361945527947763,0.3918106916685307,1.0,6.0,0.9147223066159179,0.8196250087616065
flat_mlp,25,1,0.55,0.8125,1033.4873844521367,-0.018214171874026273,0.1945925611749702,0.15,7.0,1.1267745276000813,1.04801918039516
flat_mlp,26,2,0.35,0.3625,585.2813170274103,0.4233681605641278,0.03848024230429883,1.0,4.0,0.9285858372873966,0.9149150773973195
flat_mlp,27,3,0.75,0.6875,845.84637238935,0.16665382030605913,0.42636033480384844,1.0,6.0,0.9383342716971802,0.9025647648162124
flat_mlp,28,4,0.3875,0.5875,689.1942502663005,0.32099088643714235,0.15765188150591974,1.0,5.0,0.8939651741591577,0.8116154555138199
flat_mlp,29,5,0.3875,0.7625,974.5147754230529,0.0398869207654651,0.1402376181610161,1.0,7.0,0.9580278708665891,0.8948435725274102
flat_mlp,30,6,0.35,0.5375,690.5087201195427,0.319695842246756,0.22024678657025692,1.0,5.0,0.8700848742090665,0.8163953458892463
flat_mlp,31,7,0.4,0.65,702.7397065451205,0.3076456093151522,0.009160786837069125,1.0,5.0,0.9159388998268071,0.8608716601640743
flat_mlp,32,8,0.55,0.925,972.6822185409724,0.041692395526135594,-0.012650654017682391,0.8875,7.0,1.0066995962164371,0.8900836845220065
flat_mlp,33,9,0.2875,0.325,573.6842408834773,0.4347938513463278,0.0017654648632322053,1.0,4.0,0.9323909012151443,0.8622010949248968
flat_mlp,34,10,0.6375,0.9625,712.2232353358346,0.29830223119622207,-0.005638733638596848,1.0,5.0,0.9676070741302054,0.8953572194030348
flat_mlp,35,11,0.5125,0.8625,987.2060666006131,0.027383185615159508,-0.024859385094230572,0.6875,7.0,1.0569804025938927,0.9278079651963972
flat_mlp,36,12,0.5,0.5,575.640699975362,0.43286630544299304,0.2678067292151048,1.0,4.0,0.8769174178399191,0.8710940907971002
flat_mlp,37,13,0.1375,0.3125,714.0533764983893,0.29649913645478887,0.22781372538506292,1.0,5.0,0.9867425574694312,0.9020122781759611
flat_mlp,38,14,0.5625,0.7875,824.6024294978363,0.18758381330262436,0.17209471212263744,1.0,6.0,0.8728018293141816,0.8381891802964735
flat_mlp,39,15,0.675,0.9625,700.3299371061395,0.31001976639789214,-0.0012969986232543777,1.0,5.0,0.904337957359459,0.8521088622041436
flat_mlp,40,16,0.4375,0.4875,1000.4901338319635,0.014295434648311846,0.6764224415635787,0.65,7.0,1.0248437463619864,0.9623120359271777
flat_mlp,41,17,0.7875,0.9625,595.3023418839797,0.413495229670956,0.011052895202684699,1.0,4.0,0.9689362326521868,0.9604651903817257
flat_mlp,42,18,0.3625,0.8,812.6823600766008,0.1993277240624622,0.15521240684194373,1.0,6.0,0.8558510081599489,0.802067757807881
flat_mlp,43,19,0.7625,0.975,579.9352535067059,0.42863521821999423,0.0056330223107634025,1.0,4.0,0.9391255947740064,0.8906147886668447
flat_mlp,44,20,0.6375,0.925,695.0920923960298,0.31518020453593126,-0.0201313056167759,1.0,5.0,0.8787903510751696,0.833062154167381
flat_mlp,45,21,0.525,0.7375,546.9528788179557,0.46113016865226036,0.25622483915925437,1.0,4.0,0.8185316182561603,0.7406949037179804
flat_mlp,46,22,0.7,0.7125,553.4376864183807,0.4547411956469155,0.2921947721762589,1.0,4.0,0.7910770494784886,0.7701713019017306
flat_mlp,47,23,0.4125,0.65,816.9904543038836,0.19508329625233148,0.4192016859245577,1.0,6.0,0.8803294010409972,0.815122588799647
flat_mlp,48,0,0.65,0.975,728.2956860226382,0.28246730441119394,-0.002793960236033016,1.0,5.0,0.9812162643564251,0.9538024946277751
flat_mlp,49,1,0.5875,0.8625,1042.6183952734484,-0.02721024164871765,0.16431714042572945,0.0,7.0,1.1548120584329329,1.0717360916193466
flat_mlp,50,2,0.45,0.775,988.3422757988627,0.02626376768584954,0.15406673553317654,1.0,7.0,0.9861474556417245,0.9307591579191239
flat_mlp,51,3,0.3875,0.7375,961.1939499602571,0.05301088673866296,0.12238493644366441,1.0,7.0,0.9372976090107027,0.8602440258707978
flat_mlp,52,4,0.4,0.5375,836.1463318719475,0.17621051047098768,0.1559350176463785,1.0,6.0,0.951073764457461,0.8731707026422653
flat_mlp,53,5,0.15,0.2375,672.5865040019157,0.3373531980276692,0.511640800618615,1.0,5.0,0.819679779923732,0.7512236509160568
flat_mlp,54,6,0.4625,0.675,973.8984397185704,0.04049414806052173,0.3466351275065463,1.0,7.0,0.9438157531149738,0.8932427005677156
flat_mlp,55,7,0.4875,0.525,721.2325733130431,0.2894260361447851,0.23135099960323133,1.0,5.0,0.9959937174277985,0.9281184484110654
flat_mlp,56,8,0.275,0.4875,713.4840311066281,0.29706006787524325,0.2612784668057406,1.0,5.0,0.9347406676608674,0.8999419312968294
flat_mlp,57,9,0.65,0.6875,701.2701288300243,0.30909346913298097,0.16773380695454537,1.0,5.0,0.8986404925599079,0.8555277412000887
flat_mlp,58,10,0.7375,0.9375,584.0712966188851,0.4245602988976502,0.0031338975867381737,1.0,4.0,0.9412807736877661,0.9094149846312961
flat_mlp,59,11,0.425,0.55,579.4073088492319,0.42915536073967303,0.003315283335911524,1.0,4.0,0.9174979670956588,0.8882150402237812
flat_mlp_pruned,0,0,0.5625,0.5625,715.1851759340268,0.2953840631191854,0.20052911094411885,1.0,5.0,0.9580139625011183,0.9061279124873701
flat_mlp_pruned,1,1,0.4375,0.4375,570.1695953566168,0.4382565562988997,0.3077770434055053,1.0,4.0,0.8791557617896611,0.846225433439167
flat_mlp_pruned,2,2,0.775,0.775,1013.3793514567446,0.0015966980721727649,0.15123764923921026,0.375,7.0,1.0815517251681508,0.995790523264272
flat_mlp_pruned,3,3,0.3,0.3,1041.878184005414,-0.026480969463461984,1.9143445706445144,0.225,7.0,1.218781642160609,1.069813464949127
flat_mlp_pruned,4,4,0.375,0.375,1111.25,-0.09482758620689655,2.1083916083916083,0.0,7.0,1.5127649300864479,1.4473402100323551
flat_mlp_pruned,5,5,0.8,0.8,714.465493639322,0.29609310971495373,0.24168834063538505,1.0,5.0,0.9263541770383701,0.9035108859611706
flat_mlp_pruned,6,6,0.6875,0.6875,713.289946923755,0.2972512838189606,-0.012638912339934612,1.0,5.0,0.9497100068036574,0.8992361706318363
flat_mlp_pruned,7,7,0.5875,0.5875,455.50855546716735,0.5512230980619042,0.013349718087765128,1.0,3.0,0.9538833431078404,0.9303548816191961
flat_mlp_pruned,8,8,0.7625,0.7625,681.1203304229749,0.328945487268005,0.17580569701248028,1.0,5.0,0.8229278981695569,0.7822557469926359
flat_mlp_pruned,9,9,0.675,0.675,705.6499568564984,0.30477836762906557,0.0020872941856311792,1.0,5.0,0.9289781968562119,0.8714543885690851
flat_mlp_pruned,10,10,0.65,0.65,705.8125726098347,0.3046181550642023,0.018439315193465193,1.0,5.0,0.9154390354108564,0.8720457185812167
flat_mlp_pruned,11,11,0.9875,0.9875,588.5888984650844,0.42010945964031093,-0.004082989010950765,1.0,4.0,0.9663075784670315,0.9299495384776566
flat_mlp_pruned,12,12,0.9,0.9,1003.5956273780848,0.011235835095482928,-0.01045039029381619,0.8125,7.0,1.0097509290118347,0.9703782529300904
flat_mlp_pruned,13,13,1.0,1.0,579.9726210433814,0.4285984029129247,0.0,1.0,4.0,0.9396905926697903,0.8907846411062789
flat_mlp_pruned,14,14,0.9875,0.9875,580.0234237807871,0.4285483509548896,-0.00871333486797944,1.0,4.0,0.9511575560200377,0.8910155626399411
flat_mlp_pruned,15,15,0.4625,0.4625,440.5037676905764,0.5660061402063287,0.037797541090698314,1.0,3.0,0.8837626928801049,0.8394167738822813
flat_mlp_pruned,16,16,1.0,1.0,1007.7224171367595,0.007170032377576816,0.0,0.575,7.0,1.092313874678684,0.9810971873682066
flat_mlp_pruned,17,17,0.65,0.65,596.5869067630131,0.41222964850934674,0.03327059299117146,1.0,4.0,0.9896125406111178,0.9663041216500597
flat_mlp_pruned,18,18,0.975,0.975,675.7178958781274,0.33426808287869225,-0.006513544354026585,1.0,5.0,0.8162016420803951,0.7626105304659179
flat_mlp_pruned,19,19,0.75,0.75,1051.7932654620286,-0.036249522622688234,0.407000542478491,0.1375,7.0,1.1759663967316554,1.0955669232779963
flat_mlp_pruned,20,20,0.575,0.575,459.9110898270132,0.5468856257861938,0.05814269109128685,1.0,3.0,0.9982531222670843,0.957036908042504
flat_mlp_pruned,21,21,0.825,0.825,1028.8788604903236,-0.01367375417765875,0.1659490353427547,0.325,7.0,1.0913440012813627,1.0360489882865551
flat_mlp_pruned,22,22,0.6375,0.6375,591.8705752768817,0.4168762805153875,0.033764117138514876,1.0,4.0,0.9548225714951998,0.9448662512585535
flat_mlp_pruned,23,23,0.6,0.6,595.8709516151139,0.4129350230392967,0.008677991640329447,1.0,4.0,0.9731298040235825,0.9630497800686995
flat_mlp_pruned,24,0,0.5,0.5,715.1869080675959,0.2953823565836493,0.2161681926305067,1.0,5.0,0.9204015938129716,0.9061342111548946
flat_mlp_pruned,25,1,0.8125,0.8125,1033.4873844521367,-0.018214171874026273,0.1945925611749702,0.15,7.0,1.1267745276000813,1.04801918039516
flat_mlp_pruned,26,2,0.3625,0.3625,585.2813170274103,0.4233681605641278,0.03848024230429883,1.0,4.0,0.9285858372873966,0.9149150773973195
flat_mlp_pruned,27,3,0.8,0.8,718.3161880377693,0.2922993221302766,0.21130473796363963,1.0,5.0,0.9930909396108428,0.9175134110464336
flat_mlp_pruned,28,4,0.6375,0.6375,588.5073013762915,0.4201898508607966,-0.011473783399977368,1.0,4.0,0.9430068202450479,0.9295786426195067
flat_mlp_pruned,29,5,0.6875,0.6875,869.7068470136545,0.1431459635333453,0.017606391146481354,1.0,6.0,0.9928695795335858,0.9748692333747105
flat_mlp_pruned,30,6,0.9875,0.9875,563.5256145650668,0.4448023501822002,-0.004154038483386756,1.0,4.0,0.8723980919951941,0.8160255207503035
flat_mlp_pruned,31,7,0.5375,0.5375,586.4554906178502,0.42221133929275845,-0.15782774355182982,1.0,4.0,0.971235232338804,0.9202522300811371
flat_mlp_pruned,32,8,0.925,0.925,972.6822185409724,0.041692395526135594,-0.012650654017682391,0.8875,7.0,1.0066995962164371,0.8900836845220065
flat_mlp_pruned,33,9,0.325,0.325,573.6842408834773,0.4347938513463278,0.0017654648632322053,1.0,4.0,0.9323909012151443,0.8622010949248968
flat_mlp_pruned,34,10,0.9625,0.9625,712.2232353358346,0.29830223119622207,-0.005638733638596848,1.0,5.0,0.9676070741302054,0.8953572194030348
flat_mlp_pruned,35,11,0.8125,0.8125,1016.8406087913353,-0.001813407676192399,0.004412969150734571,0.4375,7.0,1.0569804025938927,1.0047808020554163
flat_mlp_pruned,36,12,0.5,0.5,575.640699975362,0.43286630544299304,0.2678067292151048,1.0,4.0,0.8769174178399191,0.8710940907971002
flat_mlp_pruned,37,13,0.3875,0.3875,704.8512407962885,0.3055652800036567,0.2119906666477715,1.0,5.0,0.9198307846601863,0.8685499665319579
flat_mlp_pruned,38,14,0.7875,0.7875,824.6024294978363,0.18758381330262436,0.17209471212263744,1.0,6.0,0.8728018293141816,0.8381891802964735
flat_mlp_pruned,39,15,0.9625,0.9625,700.3299371061395,0.31001976639789214,-0.0012969986232543777,1.0,5.0,0.904337957359459,0.8521088622041436
flat_mlp_pruned,40,16,0.5125,0.5125,967.3110346098892,0.046984202354788916,0.6208275039966162,1.0,7.0,0.9732112310298014,0.8761325574282838
flat_mlp_pruned,41,17,1.0,1.0,588.7944584389327,0.4199069374985885,0.0,1.0,4.0,0.9689362326521868,0.9308839019951485
flat_mlp_pruned,42,18,0.8,0.8,812.6823600766008,0.1993277240624622,0.15521240684194373,1.0,6.0,0.8558510081599489,0.802067757807881
flat_mlp_pruned,43,19,0.9625,0.9625,577.337886268602,0.43119420072058917,0.0011290742408515964,1.0,4.0,0.9391255947740064,0.8788085739481911
flat_mlp_pruned,44,20,0.925,0.925,695.0920923960298,0.31518020453593126,-0.0201313056167759,1.0,5.0,0.8787903510751696,0.833062154167381
flat_mlp_pruned,45,21,0.9625,0.9625,431.70396210695645,0.5746758994020134,-0.00847538907876266,1.0,3.0,0.8099690631078266,0.7860846188300394
flat_mlp_pruned,46,22,0.95,0.95,419.47731719292864,0.5867218549823363,-0.020582787140636813,1.0,3.0,0.753065955345833,0.7119837405632037
flat_mlp_pruned,47,23,0.475,0.475,697.2519307661887,0.31305228495942,0.2112027875535782,1.0,5.0,0.9313596497938558,0.8409161118770502
flat_mlp_pruned,48,0,0.975,0.975,728.2956860226382,0.28246730441119394,-0.002793960236033016,1.0,5.0,0.9812162643564251,0.9538024946277751
flat_mlp_pruned,49,1,0.8625,0.8625,1042.6183952734484,-0.02721024164871765,0.16431714042572945,0.0,7.0,1.1548120584329329,1.0717360916193466
flat_mlp_pruned,50,2,0.775,0.775,988.3422757988627,0.02626376768584954,0.15406673553317654,1.0,7.0,0.9861474556417245,0.9307591579191239
flat_mlp_pruned,51,3,0.75,0.75,952.787324787729,0.06129327607120301,0.1125685310653702,1.0,7.0,0.879412742334876,0.8384086358122829
flat_mlp_pruned,52,4,0.7875,0.7875,830.6968622289825,0.18157944607982024,0.14840136887248315,1.0,6.0,0.9282146865052361,0.8566571582696437
flat_mlp_pruned,53,5,0.3625,0.3625,553.0202111419597,0.4551525013379707,0.2429150893674882,1.0,4.0,0.792938760546991,0.7682736870089082
flat_mlp_pruned,54,6,0.95,0.95,718.4144135448273,0.2922025482316972,-0.006629391801836081,1.0,5.0,0.9962322401654722,0.9178705947084624
flat_mlp_pruned,55,7,0.525,0.525,721.2325733130431,0.2894260361447851,0.23135099960323133,1.0,5.0,0.9959937174277985,0.9281184484110654
flat_mlp_pruned,56,8,0.475,0.475,708.8508230260043,0.30162480490048843,0.2530880023670938,1.0,5.0,0.9128067275970098,0.8830939019127424
flat_mlp_pruned,57,9,0.6875,0.6875,701.2701288300243,0.30909346913298097,0.16773380695454537,1.0,5.0,0.8986404925599079,0.8555277412000887
flat_mlp_pruned,58,10,0.975,0.975,580.1276477028142,0.42844566728786776,-0.003639261667607491,1.0,4.0,0.9501290937761385,0.8914893077400644
flat_mlp_pruned,59,11,0.55,0.55,579.4073088492319,0.42915536073967303,0.003315283335911524,1.0,4.0,0.9174979670956588,0.8882150402237812
agg_gcn,0,0,0.6,0.6,594.1903595484445,0.41459077877000544,-0.0025760487154398303,1.0,4.0,0.9877559309140741,0.9554107252202018
agg_gcn,1,1,0.3375,0.4375,560.9125135350811,0.44737683395558514,0.28654441508978645,1.0,4.0,0.8684216777795398,0.8041477887958234
agg_gcn,2,2,0.6125,0.7625,1010.185357431849,0.004743490214927136,0.147609150032453,0.5875,7.0,1.0815517251681508,0.9874944348879192
agg_gcn,3,3,0.4375,0.3125,1029.2121318281377,-0.014002100323288346,1.8789150540647208,0.1,7.0,1.0833812464443826,1.036914628125033
agg_gcn,4,4,0.425,0.375,1111.25,-0.09482758620689655,2.1083916083916083,0.0,7.0,1.5127649300864479,1.4473402100323551
agg_gcn,5,5,0.575,0.8,716.5285773328919,0.2940605149429636,0.24527382795544034,1.0,5.0,0.9739428925559811,0.9110130084832433
agg_gcn,6,6,0.4875,0.675,730.3061583305539,0.28048654351669566,0.010915527302639635,1.0,5.0,0.9918241968782582,0.961113303020196
agg_gcn,7,7,0.625,0.75,564.8706966354828,0.4434771461719382,0.25664283210782607,1.0,4.0,0.8794074794543622,0.8221395301612857
agg_gcn,8,8,0.7625,0.95,574.7012789455583,0.43379184340339083,-0.007903585193361982,1.0,4.0,0.9194146778215793,0.8668239952070833
agg_gcn,9,9,0.675,0.7875,582.8362788464317,0.42577706517592934,-0.17231932922626644,1.0,4.0,0.9448426404596906,0.9038012674837805
agg_gcn,10,10,0.4875,0.6875,696.5760782952259,0.3137181494628316,0.005111685012869838,1.0,5.0,0.906267527752807,0.8384584665280945
agg_gcn,11,11,0.3,0.75,715.8023863471446,0.294775974042222,0.21116754823055084,1.0,5.0,0.9374986212702804,0.9083723139896168
agg_gcn,12,12,0.6,0.8875,1005.5187633918922,0.009341119810943639,-0.008554169903890093,0.775,7.0,1.0593789941425769,0.975373411407512
agg_gcn,13,13,0.55,0.5625,694.6216425934543,0.3156437018783701,0.19768005831692056,1.0,5.0,0.9024590461736367,0.8313514276125613
agg_gcn,14,14,0.525,0.75,711.8765782243179,0.29864376529623854,0.21662976059442557,1.0,5.0,0.9339607935562131,0.8940966480884285
agg_gcn,15,15,0.475,0.4875,538.7665028865264,0.4691955636585947,0.269298001351994,1.0,4.0,0.7357088731482981,0.7034841040296657
agg_gcn,16,16,0.575,1.0,1007.7224171367595,0.007170032377576816,0.0,0.575,7.0,1.092313874678684,0.9810971873682066
agg_gcn,17,17,0.5375,0.625,587.3511408209672,0.4213289252995397,0.01727452394660514,1.0,4.0,0.9662182606919294,0.924323367368033
agg_gcn,18,18,0.725,0.8125,591.9117708361698,0.41683569375746815,-0.12973101519096075,1.0,4.0,0.9803416524616071,0.9450535038007717
agg_gcn,19,19,0.5375,0.725,1046.9233200529047,-0.03145154685015244,0.40048593922186343,0.1375,7.0,1.1870928096370452,1.0829177144231288
agg_gcn,20,20,0.45,0.475,546.5124448655739,0.4615640937284986,0.2573911825923767,1.0,4.0,0.7917052206100925,0.7386929312071544
agg_gcn,21,21,0.6625,0.8,1020.878927091191,-0.0057920463952620994,0.15688332801052338,0.525,7.0,1.0913440012813627,1.0152699404966001
agg_gcn,22,22,0.5875,0.6125,587.4544095404519,0.4212271827187666,0.026050819900310367,1.0,4.0,0.9905419839310764,0.9247927706384185
agg_gcn,23,23,0.425,0.5375,588.9688731342831,0.41973510036031225,-0.0030057036989346543,1.0,4.0,0.9594989693262631,0.9316766960649231
agg_gcn,24,0,0.6,0.5,708.8867384325023,0.30158942026354457,0.20545481710314978,1.0,5.0,0.9534252627033107,0.8832245033909174
agg_gcn,25,1,0.5625,0.8125,1033.4873844521367,-0.018214171874026273,0.1945925611749702,0.15,7.0,1.1267745276000813,1.04801918039516
agg_gcn,26,2,0.4875,0.525,685.1579620202892,0.3249675251031633,0.2156940358686129,1.0,5.0,0.8664839523404005,0.7969380437101427
agg_gcn,27,3,0.7125,0.7625,707.7152638485625,0.3027435824152094,0.1934282792244077,1.0,5.0,0.9266498559174712,0.8789645958129546
agg_gcn,28,4,0.425,0.5875,689.1942502663005,0.32099088643714235,0.15765188150591974,1.0,5.0,0.8939651741591577,0.8116154555138199
agg_gcn,29,5,0.425,0.7875,969.6569589505183,0.04467294684678001,0.134553697071465,1.0,7.0,0.948250427225553,0.8822258674039436
agg_gcn,30,6,0.4,0.4125,592.5729758322029,0.4161842602638395,0.04717760760854367,1.0,4.0,0.9869221023979985,0.9480589810554679
agg_gcn,31,7,0.45,0.6625,696.6383166390428,0.31365683089749474,0.00039896025879288807,1.0,5.0,0.9159388998268071,0.838684787778338
agg_gcn,32,8,0.6,0.925,972.6822185409724,0.041692395526135594,-0.012650654017682391,0.8875,7.0,1.0066995962164371,0.8900836845220065
agg_gcn,33,9,0.275,0.2875,684.2739501900631,0.3258384727191496,0.1948768380848361,1.0,5.0,0.83137452680647,0.7937234552365934
agg_gcn,34,10,0.625,0.9625,712.2232353358346,0.29830223119622207,-0.005638733638596848,1.0,5.0,0.9676070741302054,0.8953572194030348
agg_gcn,35,11,0.5125,0.8625,987.2060666006131,0.027383185615159508,-0.024859385094230572,0.6875,7.0,1.0569804025938927,0.9278079651963972
agg_gcn,36,12,0.475,0.4875,559.8003407566137,0.4484725706831393,0.23291949137460236,1.0,4.0,0.8621206187054457,0.7990924579846074
agg_gcn,37,13,0.1625,0.275,730.4757491552886,0.28031945896030686,0.25605197089327497,1.0,5.0,0.9772644667374198,0.961729996928322
agg_gcn,38,14,0.5875,0.7375,590.128212530072,0.4185928940590424,-0.1611883101022366,1.0,4.0,0.9500396409660168,0.9369464205912363
agg_gcn,39,15,0.625,0.9625,700.3299371061395,0.31001976639789214,-0.0012969986232543777,1.0,5.0,0.904337957359459,0.8521088622041436
agg_gcn,40,16,0.4875,0.4875,1000.4901338319635,0.014295434648311846,0.6764224415635787,0.65,7.0,1.0248437463619864,0.9623120359271777
agg_gcn,41,17,0.775,0.8375,711.1076817978457,0.2994012987213343,0.20773501109912162,1.0,5.0,0.9709856199573481,0.891300661083075
agg_gcn,42,18,0.475,0.8125,814.6261277011358,0.19741268206784648,0.157975435284777,1.0,6.0,0.8758065490963468,0.8079579627307143
agg_gcn,43,19,0.7375,0.9375,575.4750922154972,0.43302946579753976,-0.0021010918893139517,1.0,4.0,0.9160230087263472,0.87034132825226
agg_gcn,44,20,0.5,0.6375,813.1384322883453,0.1988783918341426,0.1462781733751076,1.0,6.0,0.8625692820713813,0.8034497948131677
agg_gcn,45,21,0.4375,0.4125,564.8892085452611,0.44345890783718117,0.2974204591100747,1.0,4.0,0.8562175186835559,0.8222236752057324
agg_gcn,46,22,0.475,0.425,555.3996229947305,0.45280825320716206,0.2967756025922491,1.0,4.0,0.8464475244737106,0.7790891954305934
agg_gcn,47,23,0.525,0.6625,810.610150687693,0.20136930966729752,0.4081184014123495,1.0,6.0,0.8328868346377454,0.7957883354172512
agg_gcn,48,0,0.475,0.625,864.8016657728373,0.14797865441099775,0.18411444809767372,1.0,6.0,0.9952214149981191,0.9600050477964768
agg_gcn,49,1,0.275,0.8625,1042.6183952734484,-0.02721024164871765,0.16431714042572945,0.0,7.0,1.1548120584329329,1.0717360916193466
agg_gcn,50,2,0.4625,0.775,988.3422757988627,0.02626376768584954,0.15406673553317654,1.0,7.0,0.9861474556417245,0.9307591579191239
agg_gcn,51,3,0.4125,0.7375,957.5698597892795,0.05658141892681826,0.11815309102226217,1.0,7.0,0.9183377496323263,0.8508308046474794
agg_gcn,52,4,0.2875,0.6125,936.1061069809214,0.07772797341781146,0.29412494924104976,1.0,7.0,0.8421868270512883,0.7950807973530426
agg_gcn,53,5,0.15,0.25,670.781885626023,0.33913114716647974,0.5075849137545252,1.0,5.0,0.7683069591911,0.7446614022764471
agg_gcn,54,6,0.4125,0.675,988.7995203243713,0.02581328046859969,0.3672392457217645,1.0,7.0,0.981364507471006,0.9319468060373285
agg_gcn,55,7,0.55,0.525,719.1175442288113,0.2915098086415652,0.22774003793368913,1.0,5.0,0.9959937174277985,0.9204274335593133
agg_gcn,56,8,0.3375,0.325,596.3868764294489,0.412426722729607,0.05427716995895086,1.0,4.0,0.9866754924715514,0.965394892861131
agg_gcn,57,9,0.4625,0.65,856.9686669522164,0.15569589462835826,0.4269983031651824,1.0,6.0,0.9776866370601974,0.9362686877339891
agg_gcn,58,10,0.775,0.9375,584.0712966188851,0.4245602988976502,0.0031338975867381737,1.0,4.0,0.9412807736877661,0.9094149846312961
agg_gcn,59,11,0.55,0.65,599.0269812492024,0.409825634237239,0.03728916815284678,1.0,4.0,0.9907577722244545,0.9773953693145566
agg_gcn_pruned,0,0,0.6,0.6,594.1903595484445,0.41459077877000544,-0.0025760487154398303,1.0,4.0,0.9877559309140741,0.9554107252202018
agg_gcn_pruned,1,1,0.4375,0.4375,560.9125135350811,0.44737683395558514,0.28654441508978645,1.0,4.0,0.8684216777795398,0.8041477887958234
agg_gcn_pruned,2,2,0.7625,0.7625,1010.185357431849,0.004743490214927136,0.147609150032453,0.5875,7.0,1.0815517251681508,0.9874944348879192
agg_gcn_pruned,3,3,0.3,0.3,1041.878184005414,-0.026480969463461984,1.9143445706445144,0.225,7.0,1.218781642160609,1.069813464949127
agg_gcn_pruned,4,4,0.375,0.375,1111.25,-0.09482758620689655,2.1083916083916083,0.0,7.0,1.5127649300864479,1.4473402100323551
agg_gcn_pruned,5,5,0.8,0.8,715.229499274084,0.29534039480385815,0.24301612608801976,1.0,5.0,0.9435648183662942,0.9062890882693964
agg_gcn_pruned,6,6,0.6875,0.6875,711.5370797637518,0.2989782465381756,-0.015065292850536989,1.0,5.0,0.9497100068036574,0.8928621082318242
agg_gcn_pruned,7,7,0.6,0.6,463.0397974124781,0.5438031552586423,0.030104138637131697,1.0,3.0,0.9999310572932153,0.975998772196837
agg_gcn_pruned,8,8,0.95,0.95,574.7012789455583,0.43379184340339083,-0.007903585193361982,1.0,4.0,0.9194146778215793,0.8668239952070833
agg_gcn_pruned,9,9,0.7875,0.7875,582.8362788464317,0.42577706517592934,-0.17231932922626644,1.0,4.0,0.9448426404596906,0.9038012674837805
agg_gcn_pruned,10,10,0.6875,0.6875,696.5760782952259,0.3137181494628316,0.005111685012869838,1.0,5.0,0.906267527752807,0.8384584665280945
agg_gcn_pruned,11,11,0.9875,0.9875,588.5888984650844,0.42010945964031093,-0.004082989010950765,1.0,4.0,0.9663075784670315,0.9299495384776566
agg_gcn_pruned,12,12,0.8875,0.8875,1005.5187633918922,0.009341119810943639,-0.008554169903890093,0.775,7.0,1.0593789941425769,0.975373411407512
agg_gcn_pruned,13,13,0.9875,0.9875,579.2912960414593,0.4292696590724539,-0.0011747537335407357,1.0,4.0,0.9469171804738581,0.8876877092793601
agg_gcn_pruned,14,14,0.9875,0.9875,580.0234237807871,0.4285483509548896,-0.00871333486797944,1.0,4.0,0.9511575560200377,0.8910155626399411
agg_gcn_pruned,15,15,0.5125,0.5125,430.5197519586394,0.5758426089077444,0.01427586491721951,1.0,3.0,0.8211243985953696,0.7789075876281174
agg_gcn_pruned,16,16,1.0,1.0,1007.7224171367595,0.007170032377576816,0.0,0.575,7.0,1.092313874678684,0.9810971873682066
agg_gcn_pruned,17,17,0.625,0.625,587.3511408209672,0.4213289252995397,0.01727452394660514,1.0,4.0,0.9662182606919294,0.924323367368033
agg_gcn_pruned,18,18,0.8125,0.8125,591.9117708361698,0.41683569375746815,-0.12973101519096075,1.0,4.0,0.9803416524616071,0.9450535038007717
agg_gcn_pruned,19,19,0.725,0.725,1046.9233200529047,-0.03145154685015244,0.40048593922186343,0.1375,7.0,1.1870928096370452,1.0829177144231288
agg_gcn_pruned,20,20,0.575,0.575,459.9110898270132,0.5468856257861938,0.05814269109128685,1.0,3.0,0.9982531222670843,0.957036908042504
agg_gcn_pruned,21,21,0.8,0.8,1020.878927091191,-0.0057920463952620994,0.15688332801052338,0.525,7.0,1.0913440012813627,1.0152699404966001
agg_gcn_pruned,22,22,0.6125,0.6125,587.4544095404519,0.4212271827187666,0.026050819900310367,1.0,4.0,0.9905419839310764,0.9247927706384185
agg_gcn_pruned,23,23,0.5625,0.5625,587.1035946237091,0.4215728131786117,-0.006163208485492651,1.0,4.0,0.9632510428393972,0.9231981573804962
agg_gcn_pruned,24,0,0.5,0.5,708.8867384325023,0.30158942026354457,0.20545481710314978,1.0,5.0,0.9534252627033107,0.8832245033909174
agg_gcn_pruned,25,1,0.8125,0.8125,1033.4873844521367,-0.018214171874026273,0.1945925611749702,0.15,7.0,1.1267745276000813,1.04801918039516
agg_gcn_pruned,26,2,0.3375,0.3375,570.898287788563,0.43753863272062754,0.012960050125794013,1.0,4.0,0.9080019601364075,0.8495376717661957
agg_gcn_pruned,27,3,0.7625,0.7625,707.7152638485625,0.3027435824152094,0.1934282792244077,1.0,5.0,0.9266498559174712,0.8789645958129546
agg_gcn_pruned,28,4,0.6375,0.6375,588.5073013762915,0.4201898508607966,-0.011473783399977368,1.0,4.0,0.9430068202450479,0.9295786426195067
agg_gcn_pruned,29,5,0.7875,0.7875,969.6569589505183,0.04467294684678001,0.134553697071465,1.0,7.0,0.948250427225553,0.8822258674039436
agg_gcn_pruned,30,6,0.6375,0.6375,577.8330718792856,0.43070633312385653,0.021129681045374812,1.0,4.0,0.9973249020566068,0.8810594176331161
agg_gcn_pruned,31,7,0.6875,0.6875,689.327383066094,0.32085972111714883,-0.010099816753911665,1.0,5.0,0.8414104266125164,0.8120995747857963
agg_gcn_pruned,32,8,0.925,0.925,972.6822185409724,0.041692395526135594,-0.012650654017682391,0.8875,7.0,1.0066995962164371,0.8900836845220065
agg_gcn_pruned,33,9,0.3125,0.3125,573.1924059565838,0.43527841777676474,0.0009066243913087239,1.0,4.0,0.9076379624722096,0.8599654816208353
agg_gcn_pruned,34,10,0.9625,0.9625,712.2232353358346,0.29830223119622207,-0.005638733638596848,1.0,5.0,0.9676070741302054,0.8953572194030348
agg_gcn_pruned,35,11,0.8625,0.8625,987.2060666006131,0.027383185615159508,-0.024859385094230572,0.6875,7.0,1.0569804025938927,0.9278079651963972
agg_gcn_pruned,36,12,0.625,0.625,454.1359407471118,0.5525754278353578,0.00020134379355623352,1.0,3.0,0.9468253455166509,0.9220360045279502
agg_gcn_pruned,37,13,0.4875,0.4875,705.6901539395103,0.3047387645916155,0.21343317655747152,1.0,5.0,0.9353495756233353,0.8716005597800374
agg_gcn_pruned,38,14,0.7375,0.7375,590.128212530072,0.4185928940590424,-0.1611883101022366,1.0,4.0,0.9500396409660168,0.9369464205912363
agg_gcn_pruned,39,15,0.9625,0.9625,700.3299371061395,0.31001976639789214,-0.0012969986232543777,1.0,5.0,0.904337957359459,0.8521088622041436
agg_gcn_pruned,40,16,0.5625,0.5625,998.0783831993538,0.016671543645956882,0.6723813093752216,1.0,7.0,0.9867442567358949,0.9560477485697502
agg_gcn_pruned,41,17,0.5875,0.5875,695.0671160457402,0.3152048117775958,0.18049194601553767,1.0,5.0,0.9220216134330417,0.832971331075419
agg_gcn_pruned,42,18,0.8125,0.8125,814.6261277011358,0.19741268206784648,0.157975435284777,1.0,6.0,0.8758065490963468,0.8079579627307143
agg_gcn_pruned,43,19,0.9375,0.9375,575.4750922154972,0.43302946579753976,-0.0021010918893139517,1.0,4.0,0.9160230087263472,0.87034132825226
agg_gcn_pruned,44,20,0.5875,0.5875,705.8185333107547,0.30461228245245847,-0.005010282417878828,1.0,5.0,0.9087199063605058,0.8720673938572894
agg_gcn_pruned,45,21,0.4375,0.4375,543.8928886840467,0.4641449372570968,0.24919674631493802,1.0,4.0,0.8055563085821744,0.726785857654758
agg_gcn_pruned,46,22,0.95,0.95,419.47731719292864,0.5867218549823363,-0.020582787140636813,1.0,3.0,0.753065955345833,0.7119837405632037
agg_gcn_pruned,47,23,0.95,0.95,564.2358589954238,0.44410260197495194,-0.01986066284252055,1.0,4.0,0.9121031867309747,0.8192539045246534
agg_gcn_pruned,48,0,0.975,0.975,728.2956860226382,0.28246730441119394,-0.002793960236033016,1.0,5.0,0.9812162643564251,0.9538024946277751
agg_gcn_pruned,49,1,0.825,0.825,1034.1824654856043,-0.01889898077399441,0.15489653391049643,0.1375,7.0,1.0982189551601662,1.0498245856768942
agg_gcn_pruned,50,2,0.775,0.775,988.3422757988627,0.02626376768584954,0.15406673553317654,1.0,7.0,0.9861474556417245,0.9307591579191239
agg_gcn_pruned,51,3,0.75,0.75,952.787324787729,0.06129327607120301,0.1125685310653702,1.0,7.0,0.879412742334876,0.8384086358122829
agg_gcn_pruned,52,4,0.55,0.55,820.8119671451325,0.19131825897031282,0.13473594221492458,1.0,6.0,0.8925362786298593,0.8267029307428256
agg_gcn_pruned,53,5,0.1125,0.1125,560.4130815246153,0.4478688851974233,0.25953059449227633,1.0,4.0,0.8388269666430319,0.801877643293706
agg_gcn_pruned,54,6,0.95,0.95,718.4144135448273,0.2922025482316972,-0.006629391801836081,1.0,5.0,0.9962322401654722,0.9178705947084624
agg_gcn_pruned,55,7,0.525,0.525,719.1175442288113,0.2915098086415652,0.22774003793368913,1.0,5.0,0.9959937174277985,0.9204274335593133
agg_gcn_pruned,56,8,0.6375,0.6375,578.0079223158094,0.4305340666839316,0.021787334089758303,1.0,4.0,0.993723905895397,0.8818541923445882
agg_gcn_pruned,57,9,0.725,0.725,693.2790832308403,0.3169664204622263,0.15442735953085335,1.0,5.0,0.8673854318066787,0.8264693935666919
agg_gcn_pruned,58,10,0.975,0.975,580.1276477028142,0.42844566728786776,-0.003639261667607491,1.0,4.0,0.9501290937761385,0.8914893077400644
agg_gcn_pruned,59,11,0.65,0.65,599.0269812492024,0.409825634237239,0.03728916815284678,1.0,4.0,0.9907577722244545,0.9773953693145566
ml_gcn,0,0,0.4125,0.6625,857.7925767538675,0.1548841608336281,0.43991373730568073,1.0,6.0,0.9890528497661145,0.9387653841026288
ml_gcn,1,1,0.35,0.4375,560.9125135350811,0.44737683395558514,0.28654441508978645,1.0,4.0,0.8684216777795398,0.8041477887958234
ml_gcn,2,2,0.675,0.75,1016.8171780134484,-0.001790323165958985,0.1551431515152754,0.3875,7.0,1.1175186816957967,1.0047199428920734
ml_gcn,3,3,0.425,0.3125,1029.2121318281377,-0.014002100323288346,1.8789150540647208,0.1,7.0,1.0833812464443826,1.036914628125033
ml_gcn,4,4,0.4,0.375,1111.25,-0.09482758620689655,2.1083916083916083,0.0,7.0,1.5127649300864479,1.4473402100323551
ml_gcn,5,5,0.575,0.75,720.1598809764256,0.290482875885295,0.2515847659022333,1.0,5.0,0.9625976980826949,0.924217749005184
ml_gcn,6,6,0.6625,0.95,720.9603373593166,0.2896942489070773,-0.002021287521449734,1.0,5.0,0.9888897375518557,0.9271284994884235
ml_gcn,7,7,0.75,0.7625,559.3914853775653,0.4488753838644676,0.24445347338577209,1.0,4.0,0.8862395775363227,0.7972340244434788
ml_gcn,8,8,0.5,0.4375,719.1613389699323,0.29146666111336716,0.2414752014623569,1.0,5.0,0.9530699441323472,0.9205866871633898
ml_gcn,9,9,0.5125,0.6875,896.7084384329348,0.11654341041090165,0.27340776260462285,1.0,7.0,0.8061898304024524,0.6927491907348956
ml_gcn,10,10,0.4375,0.8125,784.9256773606719,0.22667420949687497,0.1325941196727144,1.0,6.0,0.8125530718007429,0.7179565980626426
ml_gcn,11,11,0.5,0.75,700.0213150732422,0.310323827514047,0.1844653162069845,1.0,5.0,0.8903020336072858,0.8509866002663353
ml_gcn,12,12,0.6125,0.8875,1005.5187633918922,0.009341119810943639,-0.008554169903890093,0.775,7.0,1.0593789941425769,0.975373411407512
ml_gcn,13,13,0.5375,0.5125,706.506111042406,0.3039348659680729,0.21817148845990095,1.0,5.0,0.9377749453934968,0.8745676765178398
ml_gcn,14,14,0.6,0.7125,725.4413232147891,0.28527948451744917,0.23981253265787328,1.0,5.0,0.983645648551311,0.9434229935083238
ml_gcn,15,15,0.75,0.7875,527.1437296403722,0.48064657178288456,0.2419155216089685,1.0,4.0,0.679005404994466,0.650653316547146
ml_gcn,16,16,0.5,1.0,1007.7224171367595,0.007170032377576816,0.0,0.575,7.0,1.092313874678684,0.9810971873682066
ml_gcn,17,17,0.4875,0.5875,575.3608119978336,0.43314205714499154,-0.003492365223759907,1.0,4.0,0.9062785446272364,0.8698218727174254
ml_gcn,18,18,0.5625,0.5375,719.7547215356733,0.2908820477481051,0.058232394901525895,1.0,5.0,0.9703057239725035,0.9227444419479032
ml_gcn,19,19,0.5375,0.725,1046.9233200529047,-0.03145154685015244,0.40048593922186343,0.1375,7.0,1.1870928096370452,1.0829177144231288
ml_gcn,20,20,0.6875,0.7625,543.9475701324691,0.4640910639088975,0.25149003449564256,1.0,4.0,0.7465803900803257,0.7270344096930415
ml_gcn,21,21,0.7125,0.8,1020.878927091191,-0.0057920463952620994,0.15688332801052338,0.525,7.0,1.0913440012813627,1.0152699404966001
ml_gcn,22,22,0.4,0.5375,718.5659096786397,0.29205329095700516,0.2550508240374548,1.0,5.0,0.9661603680292015,0.9184214897405084
ml_gcn,23,23,0.5875,0.725,677.9466156808597,0.3320722998218131,0.1476139739498974,1.0,5.0,0.8557011836677522,0.7707149661122171
ml_gcn,24,0,0.35,0.5,715.1869080675959,0.2953823565836493,0.2161681926305067,1.0,5.0,0.9204015938129716,0.9061342111548946
ml_gcn,25,1,0.6625,0.725,1020.459123938931,-0.005378447230473934,0.17953339032464055,0.2,7.0,1.071278049897669,1.0141795426985218
ml_gcn,26,2,0.175,0.175,586.536241331494,0.42213178193941475,0.04070688794881951,1.0,4.0,0.9633063545769625,0.920619278779518
ml_gcn,27,3,0.825,0.9625,592.6622178357208,0.4160963371076643,-0.0005869776685303822,1.0,4.0,0.9893198387008696,0.9484646265260035
ml_gcn,28,4,0.45,0.425,592.1806243127472,0.4165708134849781,-0.005303637309635301,1.0,4.0,0.980590436189502,0.9462755650579419
ml_gcn,29,5,0.425,0.7875,969.6569589505183,0.04467294684678001,0.134553697071465,1.0,7.0,0.948250427225553,0.8822258674039436
ml_gcn,30,6,0.4,0.4125,590.7981215817384,0.4179328851411444,0.0440411371590685,1.0,4.0,0.9980719292380936,0.9399914617351748
ml_gcn,31,7,0.4125,0.6125,710.1150337369219,0.30037927710648094,0.019752035520953226,1.0,5.0,0.9460087090308893,0.8876910317706249
ml_gcn,32,8,0.6125,0.925,972.6822185409724,0.041692395526135594,-0.012650654017682391,0.8875,7.0,1.0066995962164371,0.8900836845220065
ml_gcn,33,9,0.2875,0.275,686.9041372477888,0.32324715542089777,0.19946966175470388,1.0,5.0,0.8903982667394696,0.803287771810141
ml_gcn,34,10,0.475,0.6375,724.1749206290106,0.2865271717940783,0.011047457338690773,1.0,5.0,0.9865505930550739,0.9388178931964022
ml_gcn,35,11,0.5375,0.8625,987.2060666006131,0.027383185615159508,-0.024859385094230572,0.6875,7.0,1.0569804025938927,0.9278079651963972
ml_gcn,36,12,0.5375,0.4875,557.7154981113765,0.4505266028459345,0.2283277772461549,1.0,4.0,0.8273423168837603,0.7896159005062564
ml_gcn,37,13,0.125,0.3375,794.9036063514637,0.2168437375847648,0.3668355761057224,1.0,6.0,0.7965566337552273,0.7481927465195869
ml_gcn,38,14,0.5125,0.7875,830.2101059317581,0.18205900893422847,0.18006549617610806,1.0,6.0,0.9087303169660556,0.855182139187146
ml_gcn,39,15,0.75,0.975,700.9901154450313,0.3093693443891317,-0.0003555536648686747,1.0,5.0,0.904337957359459,0.8545095107092043
ml_gcn,40,16,0.45,0.4875,1000.4901338319635,0.014295434648311846,0.6764224415635787,0.65,7.0,1.0248437463619864,0.9623120359271777
ml_gcn,41,17,0.6375,0.5625,705.5472409353226,0.3048795655809629,0.1982912386878367,1.0,5.0,0.9515619569325078,0.8710808761284461
ml_gcn,42,18,0.5,0.825,814.256490883479,0.19777685627243444,0.15745000362936068,1.0,6.0,0.8787290446492988,0.8068378511620576
ml_gcn,43,19,0.8875,0.9625,572.7559897892745,0.4357083844440645,-0.006816134084663448,1.0,4.0,0.8965342214588059,0.8579817717694292
ml_gcn,44,20,0.4625,0.7,725.2812062754009,0.2854372351966494,0.02242617406853725,1.0,5.0,0.9765223421459523,0.9428407500923672
ml_gcn,45,21,0.7625,0.7375,551.2271059717662,0.45691910741697916,0.2660417548877714,1.0,4.0,0.8124841725965467,0.7601232089625735
ml_gcn,46,22,0.6375,0.7125,541.4215904422945,0.46657971384995617,0.2641389733332996,1.0,4.0,0.7438101346585128,0.7155526838286111
ml_gcn,47,23,0.525,0.425,810.7294044020565,0.20125181832309705,0.40832555814421323,1.0,6.0,0.8859240713442298,0.7961497103092622
ml_gcn,48,0,0.725,0.975,728.2956860226382,0.28246730441119394,-0.002793960236033016,1.0,5.0,0.9812162643564251,0.9538024946277751
ml_gcn,49,1,0.5625,0.825,1034.1824654856043,-0.01889898077399441,0.15489653391049643,0.1375,7.0,1.0982189551601662,1.0498245856768942
ml_gcn,50,2,0.475,0.775,988.3422757988627,0.02626376768584954,0.15406673553317654,1.0,7.0,0.9861474556417245,0.9307591579191239
ml_gcn,51,3,0.425,0.7625,952.149953087727,0.06192122848499803,0.11182427295281419,1.0,7.0,0.898653430579701,0.8367531249031867
ml_gcn,52,4,0.4125,0.7125,842.0865463449572,0.17035808241876133,0.16414709926408913,1.0,6.0,0.9903919608839518,0.8911713525604767
ml_gcn,53,5,0.3375,0.325,585.9949765482316,0.4226650477357324,0.31702600369949197,1.0,4.0,0.9708153179853984,0.9181589843101439
ml_gcn,54,6,0.475,0.675,972.5072769558947,0.04186475176759146,0.34471152996506177,1.0,7.0,0.9438157531149738,0.8896292907945315
ml_gcn,55,7,0.3625,0.525,719.1175442288113,0.2915098086415652,0.22774003793368913,1.0,5.0,0.9959937174277985,0.9204274335593133
ml_gcn,56,8,0.325,0.4875,713.4840311066281,0.29706006787524325,0.2612784668057406,1.0,5.0,0.9347406676608674,0.8999419312968294
ml_gcn,57,9,0.775,0.725,693.2790832308403,0.3169664204622263,0.15442735953085335,1.0,5.0,0.8673854318066787,0.8264693935666919
ml_gcn,58,10,0.725,0.975,580.1276477028142,0.42844566728786776,-0.003639261667607491,1.0,4.0,0.9501290937761385,0.8914893077400644
ml_gcn,59,11,0.7625,1.0,577.4927567362147,0.4310416189790988,0.0,1.0,4.0,0.9097472639877012,0.8795125306191576
ml_gcn_pruned,0,0,0.575,0.575,709.1800283608449,0.30130046466911836,0.19044870838585135,1.0,5.0,0.9259202253304417,0.8842910122212537
ml_gcn_pruned,1,1,0.4375,0.4375,560.9125135350811,0.44737683395558514,0.28654441508978645,1.0,4.0,0.8684216777795398,0.8041477887958234
ml_gcn_pruned,2,2,0.75,0.75,1016.8171780134484,-0.001790323165958985,0.1551431515152754,0.3875,7.0,1.1175186816957967,1.0047199428920734
ml_gcn_pruned,3,3,0.3,0.3,1041.878184005414,-0.026480969463461984,1.9143445706445144,0.225,7.0,1.218781642160609,1.069813464949127
ml_gcn_pruned,4,4,0.375,0.375,1111.25,-0.09482758620689655,2.1083916083916083,0.0,7.0,1.5127649300864479,1.4473402100323551
ml_gcn_pruned,5,5,0.75,0.75,720.1598809764256,0.290482875885295,0.2515847659022333,1.0,5.0,0.9625976980826949,0.924217749005184
ml_gcn_pruned,6,6,0.925,0.925,718.1433334571534,0.2924696222097011,-0.005920683620859174,1.0,5.0,0.9565265077649273,0.9168848489351031
ml_gcn_pruned,7,7,0.6,0.6,463.0397974124781,0.5438031552586423,0.030104138637131697,1.0,3.0,0.9999310572932153,0.975998772196837
ml_gcn_pruned,8,8,0.95,0.95,574.7141114494269,0.4337792005424365,-0.007881432674223024,1.0,4.0,0.9194146778215793,0.8668823247701223
ml_gcn_pruned,9,9,0.625,0.625,838.1219806518577,0.17426405847107615,0.19020964945615237,1.0,6.0,0.9995149543624725,0.879157517126842
ml_gcn_pruned,10,10,0.6,0.6,699.7217039547609,0.310619010882009,0.009650607903837833,1.0,5.0,0.8870445642879033,0.8498971052900395
ml_gcn_pruned,11,11,0.9875,0.9875,588.5888984650844,0.42010945964031093,-0.004082989010950765,1.0,4.0,0.9663075784670315,0.9299495384776566
ml_gcn_pruned,12,12,0.8875,0.8875,1005.5187633918922,0.009341119810943639,-0.008554169903890093,0.775,7.0,1.0593789941425769,0.975373411407512
ml_gcn_pruned,13,13,1.0,1.0,579.9726210433814,0.4285984029129247,0.0,1.0,4.0,0.9396905926697903,0.8907846411062789
ml_gcn_pruned,14,14,0.8875,0.8875,593.3341108402482,0.4154343735564057,0.014035240525375544,1.0,4.0,0.9805891994895842,0.9515186856374915
ml_gcn_pruned,15,15,0.9625,0.9625,424.9961402932911,0.5812845908440482,0.001262603681585798,1.0,3.0,0.7813004394747678,0.7454311532926732
ml_gcn_pruned,16,16,1.0,1.0,1007.7224171367595,0.007170032377576816,0.0,0.575,7.0,1.092313874678684,0.9810971873682066
ml_gcn_pruned,17,17,0.5875,0.5875,575.3608119978336,0.43314205714499154,-0.003492365223759907,1.0,4.0,0.9062785446272364,0.8698218727174254
ml_gcn_pruned,18,18,0.975,0.975,675.7178958781274,0.33426808287869225,-0.006513544354026585,1.0,5.0,0.8162016420803951,0.7626105304659179
ml_gcn_pruned,19,19,0.725,0.725,1046.9233200529047,-0.03145154685015244,0.40048593922186343,0.1375,7.0,1.1870928096370452,1.0829177144231288
ml_gcn_pruned,20,20,0.575,0.575,459.9110898270132,0.5468856257861938,0.05814269109128685,1.0,3.0,0.9982531222670843,0.957036908042504
ml_gcn_pruned,21,21,0.8,0.8,1020.878927091191,-0.0057920463952620994,0.15688332801052338,0.525,7.0,1.0913440012813627,1.0152699404966001
ml_gcn_pruned,22,22,0.2,0.2,578.9342658336482,0.4296214129717752,0.01116949414283898,1.0,4.0,0.9936117645082687,0.8860648446984009
ml_gcn_pruned,23,23,0.725,0.725,677.9466156808597,0.3320722998218131,0.1476139739498974,1.0,5.0,0.8557011836677522,0.7707149661122171
ml_gcn_pruned,24,0,0.5,0.5,708.8867384325023,0.30158942026354457,0.20545481710314978,1.0,5.0,0.9534252627033107,0.8832245033909174
ml_gcn_pruned,25,1,0.725,0.725,1020.459123938931,-0.005378447230473934,0.17953339032464055,0.2,7.0,1.071278049897669,1.0141795426985218
ml_gcn_pruned,26,2,0.175,0.175,584.5645807122344,0.42407430471701046,0.037208517954660444,1.0,4.0,0.9882270693808669,0.9116571850556107
ml_gcn_pruned,27,3,0.9625,0.9625,592.6622178357208,0.4160963371076643,-0.0005869776685303822,1.0,4.0,0.9893198387008696,0.9484646265260035
ml_gcn_pruned,28,4,0.6375,0.6375,588.5073013762915,0.4201898508607966,-0.011473783399977368,1.0,4.0,0.9430068202450479,0.9295786426195067
ml_gcn_pruned,29,5,0.7875,0.7875,969.6569589505183,0.04467294684678001,0.134553697071465,1.0,7.0,0.948250427225553,0.8822258674039436
ml_gcn_pruned,30,6,0.9875,0.9875,563.5256145650668,0.4448023501822002,-0.004154038483386756,1.0,4.0,0.8723980919951941,0.8160255207503035
ml_gcn_pruned,31,7,0.675,0.675,695.4287729721716,0.3148484995348063,-0.0013379901756354292,1.0,5.0,0.8785858833427908,0.8342864471715329
ml_gcn_pruned,32,8,0.925,0.925,972.6822185409724,0.041692395526135594,-0.012650654017682391,0.8875,7.0,1.0066995962164371,0.8900836845220065
ml_gcn_pruned,33,9,0.3125,0.3125,573.1924059565838,0.43527841777676474,0.0009066243913087239,1.0,4.0,0.9076379624722096,0.8599654816208353
ml_gcn_pruned,34,10,0.6375,0.6375,724.1749206290106,0.2865271717940783,0.011047457338690773,1.0,5.0,0.9865505930550739,0.9388178931964022
ml_gcn_pruned,35,11,0.8625,0.8625,987.2060666006131,0.027383185615159508,-0.024859385094230572,0.6875,7.0,1.0569804025938927,0.9278079651963972
ml_gcn_pruned,36,12,0.625,0.625,454.1359407471118,0.5525754278353578,0.00020134379355623352,1.0,3.0,0.9468253455166509,0.9220360045279502
ml_gcn_pruned,37,13,0.4625,0.4625,692.6097753507861,0.3176258370928216,0.19094148490939664,1.0,5.0,0.8724052330731333,0.8240355467301314
ml_gcn_pruned,38,14,0.5375,0.5375,822.1502233808485,0.1899997799203463,0.1686091320176813,1.0,6.0,0.8952773631506727,0.8307582526692383
ml_gcn_pruned,39,15,0.9625,0.9625,700.3299371061395,0.31001976639789214,-0.0012969986232543777,1.0,5.0,0.904337957359459,0.8521088622041436
ml_gcn_pruned,40,16,0.4875,0.4875,1000.4901338319635,0.014295434648311846,0.6764224415635787,0.65,7.0,1.0248437463619864,0.9623120359271777
ml_gcn_pruned,41,17,0.8,0.8,692.2879144355294,0.3179429414428282,0.17577179016084543,1.0,5.0,0.8920494890784886,0.8228651434019248
ml_gcn_pruned,42,18,0.825,0.825,814.256490883479,0.19777685627243444,0.15745000362936068,1.0,6.0,0.8787290446492988,0.8068378511620576
ml_gcn_pruned,43,19,0.9625,0.9625,572.7559897892745,0.4357083844440645,-0.006816134084663448,1.0,4.0,0.8965342214588059,0.8579817717694292
ml_gcn_pruned,44,20,0.925,0.925,695.0920923960298,0.31518020453593126,-0.0201313056167759,1.0,5.0,0.8787903510751696,0.833062154167381
ml_gcn_pruned,45,21,0.9375,0.9375,430.8482443163898,0.5755189711168573,-0.010440775834096078,1.0,3.0,0.8154808169344343,0.7808984504023623
ml_gcn_pruned,46,22,0.95,0.95,419.47731719292864,0.5867218549823363,-0.020582787140636813,1.0,3.0,0.753065955345833,0.7119837405632037
ml_gcn_pruned,47,23,0.7875,0.7875,721.3039048152054,0.28935575880275327,0.2529836944666983,1.0,5.0,0.99079672813747,0.9283778356916559
ml_gcn_pruned,48,0,0.975,0.975,728.2956860226382,0.28246730441119394,-0.002793960236033016,1.0,5.0,0.9812162643564251,0.9538024946277751
ml_gcn_pruned,49,1,0.825,0.825,1034.1824654856043,-0.01889898077399441,0.15489653391049643,0.1375,7.0,1.0982189551601662,1.0498245856768942
ml_gcn_pruned,50,2,0.775,0.775,988.3422757988627,0.02626376768584954,0.15406673553317654,1.0,7.0,0.9861474556417245,0.9307591579191239
ml_gcn_pruned,51,3,0.7625,0.7625,952.149953087727,0.06192122848499803,0.11182427295281419,1.0,7.0,0.898653430579701,0.8367531249031867
ml_gcn_pruned,52,4,0.5625,0.5625,819.9712734595792,0.19214652861125206,0.13357372068359324,1.0,6.0,0.9030010500409164,0.8241553741199373
ml_gcn_pruned,53,5,0.225,0.225,456.5961022621914,0.5501516233870035,0.02620152720309724,1.0,3.0,0.9536603225257905,0.9369460743163115
ml_gcn_pruned,54,6,0.7875,0.7875,843.5065868049087,0.1689590277784151,0.1663388642483934,1.0,6.0,0.9640032452330617,0.8954745054694202
ml_gcn_pruned,55,7,0.525,0.525,719.1175442288113,0.2915098086415652,0.22774003793368913,1.0,5.0,0.9959937174277985,0.9204274335593133
ml_gcn_pruned,56,8,0.6375,0.6375,578.0079223158094,0.4305340666839316,0.021787334089758303,1.0,4.0,0.993723905895397,0.8818541923445882
ml_gcn_pruned,57,9,0.725,0.725,693.2790832308403,0.3169664204622263,0.15442735953085335,1.0,5.0,0.8673854318066787,0.8264693935666919
ml_gcn_pruned,58,10,0.975,0.975,580.1276477028142,0.42844566728786776,-0.003639261667607491,1.0,4.0,0.9501290937761385,0.8914893077400644
ml_gcn_pruned,59,11,1.0,1.0,577.4927567362147,0.4310416189790988,0.0,1.0,4.0,0.9097472639877012,0.8795125306191576
attn_ml_gcn,0,0,0.4125,0.6625,857.7925767538675,0.1548841608336281,0.43991373730568073,1.0,6.0,0.9890528497661145,0.9387653841026288
attn_ml_gcn,1,1,0.35,0.4375,560.9125135350811,0.44737683395558514,0.28654441508978645,1.0,4.0,0.8684216777795398,0.8041477887958234
attn_ml_gcn,2,2,0.675,0.75,1016.8171780134484,-0.001790323165958985,0.1551431515152754,0.3875,7.0,1.1175186816957967,1.0047199428920734
attn_ml_gcn,3,3,0.425,0.3125,1029.2121318281377,-0.014002100323288346,1.8789150540647208,0.1,7.0,1.0833812464443826,1.036914628125033
attn_ml_gcn,4,4,0.4,0.375,1111.25,-0.09482758620689655,2.1083916083916083,0.0,7.0,1.5127649300864479,1.4473402100323551
attn_ml_gcn,5,5,0.575,0.75,720.1598809764256,0.290482875885295,0.2515847659022333,1.0,5.0,0.9625976980826949,0.924217749005184
attn_ml_gcn,6,6,0.6625,0.95,720.9603373593166,0.2896942489070773,-0.002021287521449734,1.0,5.0,0.9888897375518557,0.9271284994884235
attn_ml_gcn,7,7,0.7375,0.7625,559.3914853775653,0.4488753838644676,0.24445347338577209,1.0,4.0,0.8862395775363227,0.7972340244434788
attn_ml_gcn,8,8,0.5,0.4375,719.1613389699323,0.29146666111336716,0.2414752014623569,1.0,5.0,0.9530699441323472,0.9205866871633898
attn_ml_gcn,9,9,0.5125,0.6875,896.7084384329348,0.11654341041090165,0.27340776260462285,1.0,7.0,0.8061898304024524,0.6927491907348956
attn_ml_gcn,10,10,0.4375,0.8125,784.9256773606719,0.22667420949687497,0.1325941196727144,1.0,6.0,0.8125530718007429,0.7179565980626426
attn_ml_gcn,11,11,0.5,0.75,700.0213150732422,0.310323827514047,0.1844653162069845,1.0,5.0,0.8903020336072858,0.8509866002663353
attn_ml_gcn,12,12,0.6125,0.8875,1005.5187633918922,0.009341119810943639,-0.008554169903890093,0.775,7.0,1.0593789941425769,0.975373411407512
attn_ml_gcn,13,13,0.5375,0.5125,706.506111042406,0.3039348659680729,0.21817148845990095,1.0,5.0,0.9377749453934968,0.8745676765178398
attn_ml_gcn,14,14,0.6,0.7125,725.4413232147891,0.28527948451744917,0.23981253265787328,1.0,5.0,0.983645648551311,0.9434229935083238
attn_ml_gcn,15,15,0.7625,0.7875,527.1437296403722,0.48064657178288456,0.2419155216089685,1.0,4.0,0.679005404994466,0.650653316547146
attn_ml_gcn,16,16,0.5,1.0,1007.7224171367595,0.007170032377576816,0.0,0.575,7.0,1.092313874678684,0.9810971873682066
attn_ml_gcn,17,17,0.5,0.5875,575.3608119978336,0.43314205714499154,-0.003492365223759907,1.0,4.0,0.9062785446272364,0.8698218727174254
attn_ml_gcn,18,18,0.5625,0.5375,719.7547215356733,0.2908820477481051,0.058232394901525895,1.0,5.0,0.9703057239725035,0.9227444419479032
attn_ml_gcn,19,19,0.5375,0.725,1046.9233200529047,-0.03145154685015244,0.40048593922186343,0.1375,7.0,1.1870928096370452,1.0829177144231288
attn_ml_gcn,20,20,0.6875,0.7625,543.9475701324691,0.4640910639088975,0.25149003449564256,1.0,4.0,0.7465803900803257,0.7270344096930415
attn_ml_gcn,21,21,0.7125,0.8,1020.878927091191,-0.0057920463952620994,0.15688332801052338,0.525,7.0,1.0913440012813627,1.0152699404966001
attn_ml_gcn,22,22,0.4,0.5375,718.5659096786397,0.29205329095700516,0.2550508240374548,1.0,5.0,0.9661603680292015,0.9184214897405084
attn_ml_gcn,23,23,0.5875,0.725,677.9466156808597,0.3320722998218131,0.1476139739498974,1.0,5.0,0.8557011836677522,0.7707149661122171
attn_ml_gcn,24,0,0.35,0.5,715.1869080675959,0.2953823565836493,0.2161681926305067,1.0,5.0,0.9204015938129716,0.9061342111548946
attn_ml_gcn,25,1,0.6625,0.725,1020.459123938931,-0.005378447230473934,0.17953339032464055,0.2,7.0,1.071278049897669,1.0141795426985218
attn_ml_gcn,26,2,0.35,0.3625,585.0071257504559,0.4236382997532454,0.03799373741264173,1.0,4.0,0.9389184006232386,0.913668753411163
attn_ml_gcn,27,3,0.825,0.9625,592.6622178357208,0.4160963371076643,-0.0005869776685303822,1.0,4.0,0.9893198387008696,0.9484646265260035
attn_ml_gcn,28,4,0.45,0.425,592.1806243127472,0.4165708134849781,-0.005303637309635301,1.0,4.0,0.980590436189502,0.9462755650579419
attn_ml_gcn,29,5,0.425,0.7875,969.6569589505183,0.04467294684678001,0.134553697071465,1.0,7.0,0.948250427225553,0.8822258674039436
attn_ml_gcn,30,6,0.4,0.4125,590.7981215817384,0.4179328851411444,0.0440411371590685,1.0,4.0,0.9980719292380936,0.9399914617351748
attn_ml_gcn,31,7,0.4125,0.6125,710.1150337369219,0.30037927710648094,0.019752035520953226,1.0,5.0,0.9460087090308893,0.8876910317706249
attn_ml_gcn,32,8,0.6125,0.925,972.6822185409724,0.041692395526135594,-0.012650654017682391,0.8875,7.0,1.0066995962164371,0.8900836845220065
attn_ml_gcn,33,9,0.2875,0.275,686.9041372477888,0.32324715542089777,0.19946966175470388,1.0,5.0,0.8903982667394696,0.803287771810141
attn_ml_gcn,34,10,0.475,0.6375,724.1749206290106,0.2865271717940783,0.011047457338690773,1.0,5.0,0.9865505930550739,0.9388178931964022
attn_ml_gcn,35,11,0.5375,0.8625,987.2060666006131,0.027383185615159508,-0.024859385094230572,0.6875,7.0,1.0569804025938927,0.9278079651963972
attn_ml_gcn,36,12,0.55,0.4875,557.7154981113765,0.4505266028459345,0.2283277772461549,1.0,4.0,0.8273423168837603,0.7896159005062564
attn_ml_gcn,37,13,0.125,0.3375,794.9036063514637,0.2168437375847648,0.3668355761057224,1.0,6.0,0.7965566337552273,0.7481927465195869
attn_ml_gcn,38,14,0.5125,0.7875,830.2101059317581,0.18205900893422847,0.18006549617610806,1.0,6.0,0.9087303169660556,0.855182139187146
attn_ml_gcn,39,15,0.75,0.975,700.9901154450313,0.3093693443891317,-0.0003555536648686747,1.0,5.0,0.904337957359459,0.8545095107092043
attn_ml_gcn,40,16,0.45,0.4875,1000.4901338319635,0.014295434648311846,0.6764224415635787,0.65,7.0,1.0248437463619864,0.9623120359271777
attn_ml_gcn,41,17,0.65,0.5625,705.5472409353226,0.3048795655809629,0.1982912386878367,1.0,5.0,0.9515619569325078,0.8710808761284461
attn_ml_gcn,42,18,0.5,0.825,814.256490883479,0.19777685627243444,0.15745000362936068,1.0,6.0,0.8787290446492988,0.8068378511620576
attn_ml_gcn,43,19,0.875,0.9625,572.7559897892745,0.4357083844440645,-0.006816134084663448,1.0,4.0,0.8965342214588059,0.8579817717694292
attn_ml_gcn,44,20,0.4625,0.7,725.2812062754009,0.2854372351966494,0.02242617406853725,1.0,5.0,0.9765223421459523,0.9428407500923672
attn_ml_gcn,45,21,0.7625,0.7375,551.2271059717662,0.45691910741697916,0.2660417548877714,1.0,4.0,0.8124841725965467,0.7601232089625735
attn_ml_gcn,46,22,0.625,0.7125,541.4215904422945,0.46657971384995617,0.2641389733332996,1.0,4.0,0.7438101346585128,0.7155526838286111
attn_ml_gcn,47,23,0.525,0.425,810.7294044020565,0.20125181832309705,0.40832555814421323,1.0,6.0,0.8859240713442298,0.7961497103092622
attn_ml_gcn,48,0,0.7125,0.975,728.2956860226382,0.28246730441119394,-0.002793960236033016,1.0,5.0,0.9812162643564251,0.9538024946277751
attn_ml_gcn,49,1,0.5625,0.825,1034.1824654856043,-0.01889898077399441,0.15489653391049643,0.1375,7.0,1.0982189551601662,1.0498245856768942
attn_ml_gcn,50,2,0.475,0.775,988.3422757988627,0.02626376768584954,0.15406673553317654,1.0,7.0,0.9861474556417245,0.9307591579191239
attn_ml_gcn,51,3,0.425,0.7625,952.149953087727,0.06192122848499803,0.11182427295281419,1.0,7.0,0.898653430579701,0.8367531249031867
attn_ml_gcn,52,4,0.4125,0.7125,842.0865463449572,0.17035808241876133,0.16414709926408913,1.0,6.0,0.9903919608839518,0.8911713525604767
attn_ml_gcn,53,5,0.125,0.1375,566.7815508485521,0.4415945311836925,0.2738437542275235,1.0,4.0,0.9000441074039044,0.8308252311297821
attn_ml_gcn,54,6,0.475,0.675,972.5072769558947,0.04186475176759146,0.34471152996506177,1.0,7.0,0.9438157531149738,0.8896292907945315
attn_ml_gcn,55,7,0.3625,0.525,719.1175442288113,0.2915098086415652,0.22774003793368913,1.0,5.0,0.9959937174277985,0.9204274335593133
attn_ml_gcn,56,8,0.325,0.4875,713.4840311066281,0.29706006787524325,0.2612784668057406,1.0,5.0,0.9347406676608674,0.8999419312968294
attn_ml_gcn,57,9,0.7875,0.725,693.2790832308403,0.3169664204622263,0.15442735953085335,1.0,5.0,0.8673854318066787,0.8264693935666919
attn_ml_gcn,58,10,0.725,0.975,580.1276477028142,0.42844566728786776,-0.003639261667607491,1.0,4.0,0.9501290937761385,0.8914893077400644
attn_ml_gcn,59,11,0.5375,0.75,674.1382877731414,0.3358243470215355,0.16735366791980766,1.0,5.0,0.8207521778722506,0.7568665009932417
attn_ml_gcn_pruned,0,0,0.575,0.575,709.1800283608449,0.30130046466911836,0.19044870838585135,1.0,5.0,0.9259202253304417,0.8842910122212537
attn_ml_gcn_pruned,1,1,0.4375,0.4375,560.9125135350811,0.44737683395558514,0.28654441508978645,1.0,4.0,0.8684216777795398,0.8041477887958234
attn_ml_gcn_pruned,2,2,0.75,0.75,1016.8171780134484,-0.001790323165958985,0.1551431515152754,0.3875,7.0,1.1175186816957967,1.0047199428920734
attn_ml_gcn_pruned,3,3,0.3,0.3,1041.878184005414,-0.026480969463461984,1.9143445706445144,0.225,7.0,1.218781642160609,1.069813464949127
attn_ml_gcn_pruned,4,4,0.375,0.375,1111.25,-0.09482758620689655,2.1083916083916083,0.0,7.0,1.5127649300864479,1.4473402100323551
attn_ml_gcn_pruned,5,5,0.75,0.75,720.1598809764256,0.290482875885295,0.2515847659022333,1.0,5.0,0.9625976980826949,0.924217749005184
attn_ml_gcn_pruned,6,6,0.925,0.925,718.1433334571534,0.2924696222097011,-0.005920683620859174,1.0,5.0,0.9565265077649273,0.9168848489351031
attn_ml_gcn_pruned,7,7,0.6,0.6,463.0397974124781,0.5438031552586423,0.030104138637131697,1.0,3.0,0.9999310572932153,0.975998772196837
attn_ml_gcn_pruned,8,8,0.6125,0.6125,576.636141805214,0.4318855745761438,-0.004563466462934047,1.0,4.0,0.962609752253562,0.8756188263873363
attn_ml_gcn_pruned,9,9,0.7,0.7,714.4302488385623,0.29612783365658885,0.01455610956494748,1.0,5.0,0.9703113946009648,0.9033827230493175
attn_ml_gcn_pruned,10,10,0.6,0.6,699.7217039547609,0.310619010882009,0.009650607903837833,1.0,5.0,0.8870445642879033,0.8498971052900395
attn_ml_gcn_pruned,11,11,0.9875,0.9875,588.5888984650844,0.42010945964031093,-0.004082989010950765,1.0,4.0,0.9663075784670315,0.9299495384776566
attn_ml_gcn_pruned,12,12,0.8875,0.8875,1005.5187633918922,0.009341119810943639,-0.008554169903890093,0.775,7.0,1.0593789941425769,0.975373411407512
attn_ml_gcn_pruned,13,13,1.0,1.0,579.9726210433814,0.4285984029129247,0.0,1.0,4.0,0.9396905926697903,0.8907846411062789
attn_ml_gcn_pruned,14,14,0.8875,0.8875,593.3341108402482,0.4154343735564057,0.014035240525375544,1.0,4.0,0.9805891994895842,0.9515186856374915
attn_ml_gcn_pruned,15,15,0.9625,0.9625,424.9961402932911,0.5812845908440482,0.001262603681585798,1.0,3.0,0.7813004394747678,0.7454311532926732
attn_ml_gcn_pruned,16,16,1.0,1.0,1007.7224171367595,0.007170032377576816,0.0,0.575,7.0,1.092313874678684,0.9810971873682066
attn_ml_gcn_pruned,17,17,0.5875,0.5875,575.3608119978336,0.43314205714499154,-0.003492365223759907,1.0,4.0,0.9062785446272364,0.8698218727174254
attn_ml_gcn_pruned,18,18,0.975,0.975,675.7178958781274,0.33426808287869225,-0.006513544354026585,1.0,5.0,0.8162016420803951,0.7626105304659179
attn_ml_gcn_pruned,19,19,0.75,0.75,1051.7932654620286,-0.036249522622688234,0.407000542478491,0.1375,7.0,1.1759663967316554,1.0955669232779963
attn_ml_gcn_pruned,20,20,0.575,0.575,459.9110898270132,0.5468856257861938,0.05814269109128685,1.0,3.0,0.9982531222670843,0.957036908042504
attn_ml_gcn_pruned,21,21,0.8,0.8,1020.878927091191,-0.0057920463952620994,0.15688332801052338,0.525,7.0,1.0913440012813627,1.0152699404966001
attn_ml_gcn_pruned,22,22,0.2,0.2,578.9342658336482,0.4296214129717752,0.01116949414283898,1.0,4.0,0.9936117645082687,0.8860648446984009
attn_ml_gcn_pruned,23,23,0.725,0.725,677.9466156808597,0.3320722998218131,0.1476139739498974,1.0,5.0,0.8557011836677522,0.7707149661122171
attn_ml_gcn_pruned,24,0,0.5,0.5,708.8867384325023,0.30158942026354457,0.20545481710314978,1.0,5.0,0.9534252627033107,0.8832245033909174
attn_ml_gcn_pruned,25,1,0.725,0.725,1020.459123938931,-0.005378447230473934,0.17953339032464055,0.2,7.0,1.071278049897669,1.0141795426985218
attn_ml_gcn_pruned,26,2,0.3625,0.3625,585.0071257504559,0.4236382997532454,0.03799373741264173,1.0,4.0,0.9389184006232386,0.913668753411163
attn_ml_gcn_pruned,27,3,0.9625,0.9625,592.6622178357208,0.4160963371076643,-0.0005869776685303822,1.0,4.0,0.9893198387008696,0.9484646265260035
attn_ml_gcn_pruned,28,4,0.65,0.65,588.5246511720161,0.420172757465994,-0.011444640638474961,1.0,4.0,0.9944595761740979,0.9296575053273457
attn_ml_gcn_pruned,29,5,0.7875,0.7875,969.6569589505183,0.04467294684678001,0.134553697071465,1.0,7.0,0.948250427225553,0.8822258674039436
attn_ml_gcn_pruned,30,6,0.9875,0.9875,563.5256145650668,0.4448023501822002,-0.004154038483386756,1.0,4.0,0.8723980919951941,0.8160255207503035
attn_ml_gcn_pruned,31,7,0.675,0.675,695.4287729721716,0.3148484995348063,-0.0013379901756354292,1.0,5.0,0.8785858833427908,0.8342864471715329
attn_ml_gcn_pruned,32,8,0.925,0.925,972.6822185409724,0.041692395526135594,-0.012650654017682391,0.8875,7.0,1.0066995962164371,0.8900836845220065
attn_ml_gcn_pruned,33,9,0.3125,0.3125,573.1924059565838,0.43527841777676474,0.0009066243913087239,1.0,4.0,0.9076379624722096,0.8599654816208353
attn_ml_gcn_pruned,34,10,0.6375,0.6375,724.1749206290106,0.2865271717940783,0.011047457338690773,1.0,5.0,0.9865505930550739,0.9388178931964022
attn_ml_gcn_pruned,35,11,0.8625,0.8625,987.2060666006131,0.027383185615159508,-0.024859385094230572,0.6875,7.0,1.0569804025938927,0.9278079651963972
attn_ml_gcn_pruned,36,12,0.625,0.625,454.1359407471118,0.5525754278353578,0.00020134379355623352,1.0,3.0,0.9468253455166509,0.9220360045279502
attn_ml_gcn_pruned,37,13,0.4625,0.4625,692.6097753507861,0.3176258370928216,0.19094148490939664,1.0,5.0,0.8724052330731333,0.8240355467301314
attn_ml_gcn_pruned,38,14,0.5375,0.5375,822.1502233808485,0.1899997799203463,0.1686091320176813,1.0,6.0,0.8952773631506727,0.8307582526692383
attn_ml_gcn_pruned,39,15,0.9625,0.9625,700.3299371061395,0.31001976639789214,-0.0012969986232543777,1.0,5.0,0.904337957359459,0.8521088622041436
attn_ml_gcn_pruned,40,16,0.4875,0.4875,1000.4901338319635,0.014295434648311846,0.6764224415635787,0.65,7.0,1.0248437463619864,0.9623120359271777
attn_ml_gcn_pruned,41,17,0.8,0.8,692.2879144355294,0.3179429414428282,0.17577179016084543,1.0,5.0,0.8920494890784886,0.8228651434019248
attn_ml_gcn_pruned,42,18,0.825,0.825,814.256490883479,0.19777685627243444,0.15745000362936068,1.0,6.0,0.8787290446492988,0.8068378511620576
attn_ml_gcn_pruned,43,19,0.9625,0.9625,572.7559897892745,0.4357083844440645,-0.006816134084663448,1.0,4.0,0.8965342214588059,0.8579817717694292
attn_ml_gcn_pruned,44,20,0.925,0.925,695.0920923960298,0.31518020453593126,-0.0201313056167759,1.0,5.0,0.8787903510751696,0.833062154167381
attn_ml_gcn_pruned,45,21,0.9375,0.9375,430.8482443163898,0.5755189711168573,-0.010440775834096078,1.0,3.0,0.8154808169344343,0.7808984504023623
attn_ml_gcn_pruned,46,22,0.95,0.95,419.47731719292864,0.5867218549823363,-0.020582787140636813,1.0,3.0,0.753065955345833,0.7119837405632037
attn_ml_gcn_pruned,47,23,0.7875,0.7875,721.3039048152054,0.28935575880275327,0.2529836944666983,1.0,5.0,0.99079672813747,0.9283778356916559
attn_ml_gcn_pruned,48,0,0.975,0.975,728.2956860226382,0.28246730441119394,-0.002793960236033016,1.0,5.0,0.9812162643564251,0.9538024946277751
attn_ml_gcn_pruned,49,1,0.825,0.825,1034.1824654856043,-0.01889898077399441,0.15489653391049643,0.1375,7.0,1.0982189551601662,1.0498245856768942
attn_ml_gcn_pruned,50,2,0.775,0.775,988.3422757988627,0.02626376768584954,0.15406673553317654,1.0,7.0,0.9861474556417245,0.9307591579191239
attn_ml_gcn_pruned,51,3,0.7625,0.7625,952.149953087727,0.06192122848499803,0.11182427295281419,1.0,7.0,0.898653430579701,0.8367531249031867
attn_ml_gcn_pruned,52,4,0.5625,0.5625,819.9712734595792,0.19214652861125206,0.13357372068359324,1.0,6.0,0.9030010500409164,0.8241553741199373
attn_ml_gcn_pruned,53,5,0.225,0.225,456.5961022621914,0.5501516233870035,0.02620152720309724,1.0,3.0,0.9536603225257905,0.9369460743163115
attn_ml_gcn_pruned,54,6,0.7875,0.7875,843.5065868049087,0.1689590277784151,0.1663388642483934,1.0,6.0,0.9640032452330617,0.8954745054694202
attn_ml_gcn_pruned,55,7,0.525,0.525,719.1175442288113,0.2915098086415652,0.22774003793368913,1.0,5.0,0.9959937174277985,0.9204274335593133
attn_ml_gcn_pruned,56,8,0.6375,0.6375,578.0079223158094,0.4305340666839316,0.021787334089758303,1.0,4.0,0.993723905895397,0.8818541923445882
attn_ml_gcn_pruned,57,9,0.725,0.725,693.2790832308403,0.3169664204622263,0.15442735953085335,1.0,5.0,0.8673854318066787,0.8264693935666919
attn_ml_gcn_pruned,58,10,0.975,0.975,580.1276477028142,0.42844566728786776,-0.003639261667607491,1.0,4.0,0.9501290937761385,0.8914893077400644
attn_ml_gcn_pruned,59,11,0.65,0.65,599.0269812492024,0.409825634237239,0.03728916815284678,1.0,4.0,0.9907577722244545,0.9773953693145566
