policy,graph_id,hour,raw_assignment_accuracy,assignment_accuracy,energy_w,switching_penalty_w,energy_w_with_switching,energy_saving_vs_all_on,energy_saving_with_switching_vs_all_on,energy_gap_vs_oracle,energy_gap_with_switching_vs_oracle_static,served_ratio,active_bs,switch_events,activation_events,deactivation_events,max_load,mean_active_load
rsrp,0,0,0.21428571428571427,0.14285714285714285,705.1923959188425,0.0,705.1923959188425,0.30522916658242116,0.30522916658242116,2.680518024659912,2.680518024659912,1.0,7.0,0,0,0,0.24500015344163129,0.19530492446452588
rsrp,1,1,0.19047619047619047,0.21428571428571427,663.7335096058237,0.0,663.7335096058237,0.3460753599942624,0.3460753599942624,2.8830027657791812,2.8830027657791812,1.0,7.0,0,0,0,0.11493382683396745,0.08761950546967176
rsrp,2,2,0.14285714285714285,0.14285714285714285,688.107115701238,0.0,688.107115701238,0.3220619549741498,0.3220619549741498,2.653096652295279,2.653096652295279,1.0,7.0,0,0,0,0.18788389596903052,0.15092757324996872
rsrp,3,3,0.16666666666666666,0.16666666666666666,668.7941883359777,0.0,668.7941883359777,0.34108946961972647,0.34108946961972647,2.6476156110393174,2.6476156110393174,1.0,7.0,0,0,0,0.12085424692973135,0.10076412554799395
rsrp,4,4,0.07142857142857142,0.11904761904761904,673.7957971303539,0.0,673.7957971303539,0.3361617762262523,0.3361617762262523,2.9767256375783377,2.9767256375783377,1.0,7.0,0,0,0,0.15245490246890417,0.11375531722169836
rsrp,5,5,0.14285714285714285,0.14285714285714285,682.2594562128729,0.0,682.2594562128729,0.3278231958493863,0.3278231958493863,2.766683958062725,2.766683958062725,1.0,7.0,0,0,0,0.18885051358741362,0.1357388473061636
rsrp,6,6,0.21428571428571427,0.19047619047619047,707.6400577828706,0.0,707.6400577828706,0.3028176770612112,0.3028176770612112,2.808748683685509,2.808748683685509,1.0,7.0,0,0,0,0.32084569313179523,0.2016624877477158
rsrp,7,7,0.19047619047619047,0.16666666666666666,677.6583237007221,0.0,677.6583237007221,0.3323563313293378,0.3323563313293378,2.8452403311054457,2.8452403311054457,1.0,7.0,0,0,0,0.15771084103436633,0.12378785376810954
rsrp,8,8,0.14285714285714285,0.14285714285714285,723.5377097315336,0.0,723.5377097315336,0.2871549657817403,0.2871549657817403,3.037206586858535,3.037206586858535,1.0,7.0,0,0,0,0.3070602573989033,0.24295509021177542
rsrp,9,9,0.07142857142857142,0.11904761904761904,670.7701387242719,0.0,670.7701387242719,0.33914272046869764,0.33914272046869764,3.003047932837921,3.003047932837921,1.0,7.0,0,0,0,0.16622317819101548,0.10589646421888813
rsrp,10,10,0.14285714285714285,0.14285714285714285,701.5131125168097,0.0,701.5131125168097,0.30885407633811857,0.30885407633811857,2.697683908542072,2.697683908542072,1.0,7.0,0,0,0,0.24313392994388924,0.18574834419950567
rsrp,11,11,0.09523809523809523,0.09523809523809523,693.0983078200476,0.0,693.0983078200476,0.31714452431522405,0.31714452431522405,2.6825994783410247,2.6825994783410247,1.0,7.0,0,0,0,0.21522218748535932,0.16389170862350033
rsrp,12,12,0.4523809523809524,0.35714285714285715,694.0321372008179,0.0,694.0321372008179,0.31622449536865227,0.31622449536865227,1.694003435419774,1.694003435419774,1.0,7.0,0,0,0,0.2116217448992172,0.16631723948264415
rsrp,13,13,0.11904761904761904,0.11904761904761904,710.0417055845902,0.0,710.0417055845902,0.30045152159153676,0.30045152159153676,3.0001763141368394,3.0001763141368394,1.0,7.0,0,0,0,0.25072504115034216,0.20790053398594874
rsrp,14,14,0.2619047619047619,0.2857142857142857,680.6411368073553,0.0,680.6411368073553,0.32941759920457603,0.32941759920457603,1.6993187313513818,1.6993187313513818,1.0,7.0,0,0,0,0.20043666564454893,0.13153542027884516
rsrp,15,15,0.16666666666666666,0.09523809523809523,688.8479004070138,0.0,688.8479004070138,0.3213321178256022,0.3213321178256022,3.206843308252658,3.206843308252658,1.0,7.0,0,0,0,0.1988270378994316,0.15285168936886664
rsrp,16,16,0.30952380952380953,0.2857142857142857,701.6971151953205,0.0,701.6971151953205,0.30867279291101424,0.30867279291101424,2.7944105862104025,2.7944105862104025,1.0,7.0,0,0,0,0.2946431982525987,0.18622627323459875
rsrp,17,17,0.38095238095238093,0.35714285714285715,687.2757659626591,0.0,687.2757659626591,0.3228810187560009,0.3228810187560009,1.606239889680696,1.606239889680696,1.0,7.0,0,0,0,0.20024119613922742,0.14876822327963435
rsrp,18,18,0.11904761904761904,0.11904761904761904,713.1711910381812,0.0,713.1711910381812,0.2973682846914471,0.2973682846914471,2.9960672986123074,2.9960672986123074,1.0,7.0,0,0,0,0.2966231542105406,0.21602906763163962
rsrp,19,19,0.3333333333333333,0.23809523809523808,702.8364651619754,0.0,702.8364651619754,0.30755028062859563,0.30755028062859563,1.7969711493598246,1.7969711493598246,1.0,7.0,0,0,0,0.24965018883781287,0.18918562379733864
rsrp,20,20,0.16666666666666666,0.16666666666666666,677.3044387746227,0.0,677.3044387746227,0.3327049864289432,0.3327049864289432,2.711837885567997,2.711837885567997,1.0,7.0,0,0,0,0.17913693463542962,0.12286867214187677
rsrp,21,21,0.11904761904761904,0.11904761904761904,689.5884062151985,0.0,689.5884062151985,0.3206025554530064,0.3206025554530064,2.7734409081556177,2.7734409081556177,1.0,7.0,0,0,0,0.19744797531178718,0.15477508107843746
rsrp,22,22,0.16666666666666666,0.19047619047619047,693.8226211565002,0.0,693.8226211565002,0.3164309151167486,0.3164309151167486,2.598101896608465,2.598101896608465,1.0,7.0,0,0,0,0.23038099063428574,0.16577304196493553
rsrp,23,23,0.38095238095238093,0.38095238095238093,675.5620538111289,0.0,675.5620538111289,0.3344216218609568,0.3344216218609568,1.7329139040333037,1.7329139040333037,1.0,7.0,0,0,0,0.16224458466778685,0.11834299691202313
sinr,0,0,0.21428571428571427,0.14285714285714285,705.1923959188425,0.0,705.1923959188425,0.30522916658242116,0.30522916658242116,2.680518024659912,2.680518024659912,1.0,7.0,0,0,0,0.24500015344163129,0.19530492446452588
sinr,1,1,0.19047619047619047,0.21428571428571427,663.7335096058237,0.0,663.7335096058237,0.3460753599942624,0.3460753599942624,2.8830027657791812,2.8830027657791812,1.0,7.0,0,0,0,0.11493382683396745,0.08761950546967176
sinr,2,2,0.14285714285714285,0.14285714285714285,688.107115701238,0.0,688.107115701238,0.3220619549741498,0.3220619549741498,2.653096652295279,2.653096652295279,1.0,7.0,0,0,0,0.18788389596903052,0.15092757324996872
sinr,3,3,0.16666666666666666,0.16666666666666666,668.7941883359777,0.0,668.7941883359777,0.34108946961972647,0.34108946961972647,2.6476156110393174,2.6476156110393174,1.0,7.0,0,0,0,0.12085424692973135,0.10076412554799395
sinr,4,4,0.07142857142857142,0.11904761904761904,673.7957971303539,0.0,673.7957971303539,0.3361617762262523,0.3361617762262523,2.9767256375783377,2.9767256375783377,1.0,7.0,0,0,0,0.15245490246890417,0.11375531722169836
sinr,5,5,0.14285714285714285,0.14285714285714285,682.2594562128729,0.0,682.2594562128729,0.3278231958493863,0.3278231958493863,2.766683958062725,2.766683958062725,1.0,7.0,0,0,0,0.18885051358741362,0.1357388473061636
sinr,6,6,0.21428571428571427,0.19047619047619047,707.6400577828706,0.0,707.6400577828706,0.3028176770612112,0.3028176770612112,2.808748683685509,2.808748683685509,1.0,7.0,0,0,0,0.32084569313179523,0.2016624877477158
sinr,7,7,0.19047619047619047,0.16666666666666666,677.6583237007221,0.0,677.6583237007221,0.3323563313293378,0.3323563313293378,2.8452403311054457,2.8452403311054457,1.0,7.0,0,0,0,0.15771084103436633,0.12378785376810954
sinr,8,8,0.14285714285714285,0.14285714285714285,723.5377097315336,0.0,723.5377097315336,0.2871549657817403,0.2871549657817403,3.037206586858535,3.037206586858535,1.0,7.0,0,0,0,0.3070602573989033,0.24295509021177542
sinr,9,9,0.07142857142857142,0.11904761904761904,670.7701387242719,0.0,670.7701387242719,0.33914272046869764,0.33914272046869764,3.003047932837921,3.003047932837921,1.0,7.0,0,0,0,0.16622317819101548,0.10589646421888813
sinr,10,10,0.14285714285714285,0.14285714285714285,701.5131125168097,0.0,701.5131125168097,0.30885407633811857,0.30885407633811857,2.697683908542072,2.697683908542072,1.0,7.0,0,0,0,0.24313392994388924,0.18574834419950567
sinr,11,11,0.09523809523809523,0.09523809523809523,693.0983078200476,0.0,693.0983078200476,0.31714452431522405,0.31714452431522405,2.6825994783410247,2.6825994783410247,1.0,7.0,0,0,0,0.21522218748535932,0.16389170862350033
sinr,12,12,0.4523809523809524,0.35714285714285715,694.0321372008179,0.0,694.0321372008179,0.31622449536865227,0.31622449536865227,1.694003435419774,1.694003435419774,1.0,7.0,0,0,0,0.2116217448992172,0.16631723948264415
sinr,13,13,0.11904761904761904,0.11904761904761904,710.0417055845902,0.0,710.0417055845902,0.30045152159153676,0.30045152159153676,3.0001763141368394,3.0001763141368394,1.0,7.0,0,0,0,0.25072504115034216,0.20790053398594874
sinr,14,14,0.2619047619047619,0.2857142857142857,680.6411368073553,0.0,680.6411368073553,0.32941759920457603,0.32941759920457603,1.6993187313513818,1.6993187313513818,1.0,7.0,0,0,0,0.20043666564454893,0.13153542027884516
sinr,15,15,0.16666666666666666,0.09523809523809523,688.8479004070138,0.0,688.8479004070138,0.3213321178256022,0.3213321178256022,3.206843308252658,3.206843308252658,1.0,7.0,0,0,0,0.1988270378994316,0.15285168936886664
sinr,16,16,0.30952380952380953,0.2857142857142857,701.6971151953205,0.0,701.6971151953205,0.30867279291101424,0.30867279291101424,2.7944105862104025,2.7944105862104025,1.0,7.0,0,0,0,0.2946431982525987,0.18622627323459875
sinr,17,17,0.38095238095238093,0.35714285714285715,687.2757659626591,0.0,687.2757659626591,0.3228810187560009,0.3228810187560009,1.606239889680696,1.606239889680696,1.0,7.0,0,0,0,0.20024119613922742,0.14876822327963435
sinr,18,18,0.11904761904761904,0.11904761904761904,713.1711910381812,0.0,713.1711910381812,0.2973682846914471,0.2973682846914471,2.9960672986123074,2.9960672986123074,1.0,7.0,0,0,0,0.2966231542105406,0.21602906763163962
sinr,19,19,0.3333333333333333,0.23809523809523808,702.8364651619754,0.0,702.8364651619754,0.30755028062859563,0.30755028062859563,1.7969711493598246,1.7969711493598246,1.0,7.0,0,0,0,0.24965018883781287,0.18918562379733864
sinr,20,20,0.16666666666666666,0.16666666666666666,677.3044387746227,0.0,677.3044387746227,0.3327049864289432,0.3327049864289432,2.711837885567997,2.711837885567997,1.0,7.0,0,0,0,0.17913693463542962,0.12286867214187677
sinr,21,21,0.11904761904761904,0.11904761904761904,689.5884062151985,0.0,689.5884062151985,0.3206025554530064,0.3206025554530064,2.7734409081556177,2.7734409081556177,1.0,7.0,0,0,0,0.19744797531178718,0.15477508107843746
sinr,22,22,0.16666666666666666,0.19047619047619047,693.8226211565002,0.0,693.8226211565002,0.3164309151167486,0.3164309151167486,2.598101896608465,2.598101896608465,1.0,7.0,0,0,0,0.23038099063428574,0.16577304196493553
sinr,23,23,0.38095238095238093,0.38095238095238093,675.5620538111289,0.0,675.5620538111289,0.3344216218609568,0.3344216218609568,1.7329139040333037,1.7329139040333037,1.0,7.0,0,0,0,0.16224458466778685,0.11834299691202313
load_aware,0,0,0.14285714285714285,0.14285714285714285,711.6221718797947,0.0,711.6221718797947,0.298894411941089,0.298894411941089,2.7140761095963994,2.7140761095963994,1.0,7.0,0,0,0,0.24993560355591,0.21200564124621976
load_aware,1,1,0.19047619047619047,0.19047619047619047,665.8940707975846,0.0,665.8940707975846,0.34394672827824174,0.34394672827824174,2.895642575223525,2.895642575223525,1.0,7.0,0,0,0,0.12014531512498783,0.09323135272099896
load_aware,2,2,0.14285714285714285,0.14285714285714285,692.419884216262,0.0,692.419884216262,0.31781292195442173,0.31781292195442173,2.675992739059769,2.675992739059769,1.0,7.0,0,0,0,0.19316506854158566,0.16212956939288814
load_aware,3,3,0.14285714285714285,0.14285714285714285,673.0998564299736,0.0,673.0998564299736,0.336847432088696,0.336847432088696,2.671098802773818,2.671098802773818,1.0,7.0,0,0,0,0.1333083916763509,0.11194767903889243
load_aware,4,4,0.11904761904761904,0.11904761904761904,677.6246683860052,0.0,677.6246683860052,0.3323894892748718,0.3323894892748718,2.9993235382333774,2.9993235382333774,1.0,7.0,0,0,0,0.16162863338091057,0.12370043736624725
load_aware,5,5,0.14285714285714285,0.14285714285714285,682.7702926557231,0.0,682.7702926557231,0.3273199087135733,0.3273199087135733,2.769504233277609,2.769504233277609,1.0,7.0,0,0,0,0.1819973310762824,0.13706569520967019
load_aware,6,6,0.14285714285714285,0.14285714285714285,737.2021241749234,0.0,737.2021241749234,0.27369248849761246,0.27369248849761246,2.967861328905916,2.967861328905916,1.0,7.0,0,0,0,0.3087825561490184,0.2784470757790218
load_aware,7,7,0.16666666666666666,0.16666666666666666,680.0910503393276,0.0,680.0910503393276,0.32995955631593343,0.32995955631593343,2.8590443651712203,2.8590443651712203,1.0,7.0,0,0,0,0.15272003576448662,0.13010662425799374
load_aware,8,8,0.14285714285714285,0.14285714285714285,722.8875858715804,0.0,722.8875858715804,0.28779548189992077,0.28779548189992077,3.0335790159740115,3.0335790159740115,1.0,7.0,0,0,0,0.2781191231485418,0.2412664568092997
load_aware,9,9,0.11904761904761904,0.11904761904761904,673.2980932326465,0.0,673.2980932326465,0.33665212489394436,0.33665212489394436,3.018134357359298,3.018134357359298,1.0,7.0,0,0,0,0.1538666024954268,0.11246257982505581
load_aware,10,10,0.14285714285714285,0.14285714285714285,704.28772559679,0.0,704.28772559679,0.3061204673923251,0.3061204673923251,2.7123089268848726,2.7123089268848726,1.0,7.0,0,0,0,0.24313392994388924,0.1929551314202336
load_aware,11,11,0.09523809523809523,0.09523809523809523,689.9838646345796,0.0,689.9838646345796,0.32021294124671956,0.32021294124671956,2.666051686028271,2.666051686028271,1.0,7.0,0,0,0,0.18177840263005832,0.15580224580410282
load_aware,12,12,0.38095238095238093,0.38095238095238093,690.7561846433103,0.0,690.7561846433103,0.319452034834177,0.319452034834177,1.681287270027502,1.681287270027502,1.0,7.0,0,0,0,0.17892675689269819,0.15780827180080623
load_aware,13,13,0.11904761904761904,0.11904761904761904,712.3156578190826,0.0,712.3156578190826,0.2982111745624802,0.2982111745624802,3.0129871248207083,3.0129871248207083,1.0,7.0,0,0,0,0.26095076496936465,0.21380690342618852
load_aware,14,14,0.21428571428571427,0.21428571428571427,691.4555781504899,0.0,691.4555781504899,0.31876297719163554,0.31876297719163554,1.742207153029142,1.742207153029142,1.0,7.0,0,0,0,0.21355361729176361,0.15962487831296057
load_aware,15,15,0.09523809523809523,0.09523809523809523,696.8583690845953,0.0,696.8583690845953,0.31344003045852675,0.31344003045852675,3.255763812376051,3.255763812376051,1.0,7.0,0,0,0,0.18775421032160886,0.1736581015184293
load_aware,16,16,0.2857142857142857,0.2857142857142857,701.6971151953205,0.0,701.6971151953205,0.30867279291101424,0.30867279291101424,2.7944105862104025,2.7944105862104025,1.0,7.0,0,0,0,0.2946431982525987,0.18622627323459875
load_aware,17,17,0.3333333333333333,0.3333333333333333,692.8525842346721,0.0,692.8525842346721,0.3173866165175644,0.3173866165175644,1.6273879163649516,1.6273879163649516,1.0,7.0,0,0,0,0.20024119613922742,0.163253465544603
load_aware,18,18,0.11904761904761904,0.11904761904761904,714.631316625939,0.0,714.631316625939,0.2959297373143458,0.2959297373143458,3.0042487285220214,3.0042487285220214,1.0,7.0,0,0,0,0.28709851366269434,0.2198216016258156
load_aware,19,19,0.23809523809523808,0.23809523809523808,701.1964120706976,0.0,701.1964120706976,0.3091660964820713,0.3091660964820713,1.7904444800603523,1.7904444800603523,1.0,7.0,0,0,0,0.23393339860881954,0.1849257456381758
load_aware,20,20,0.16666666666666666,0.16666666666666666,683.8476463491219,0.0,683.8476463491219,0.3262584765033282,0.3262584765033282,2.7476966875745252,2.7476966875745252,1.0,7.0,0,0,0,0.17735225984082975,0.13986401649122548
load_aware,21,21,0.09523809523809523,0.09523809523809523,690.4456959958382,0.0,690.4456959958382,0.3197579349794698,0.3197579349794698,2.7781320141824204,2.7781320141824204,1.0,7.0,0,0,0,0.18198756760089277,0.15700180778139775
load_aware,22,22,0.19047619047619047,0.19047619047619047,700.127316408995,0.0,700.127316408995,0.3102193927004976,0.3102193927004976,2.6307974808310255,2.6307974808310255,1.0,7.0,0,0,0,0.21488887524806957,0.18214887378959727
load_aware,23,23,0.3333333333333333,0.3333333333333333,680.9449185251135,0.0,680.9449185251135,0.3291183068718094,0.3291183068718094,1.754689706474232,1.754689706474232,1.0,7.0,0,0,0,0.14888769518989553,0.13232446370159368
rsrp_sleep,0,0,0.0,0.0,251.8606392098362,0.0,251.8606392098362,0.7518614392021318,0.7518614392021318,0.314503145069152,0.314503145069152,1.0,2.0,0,0,0,0.31189812849098547,0.2896421746348745
rsrp_sleep,1,1,0.0,0.0,178.42219656529767,35.0,213.42219656529767,0.8242145846647314,0.7897318260440417,0.04381332675352509,0.2485718553427812,1.0,1.0,1,0,1,0.7349490284599577,0.7349490284599577
rsrp_sleep,2,2,1.0,1.0,188.36269094300943,70.0,258.3626909430094,0.8144209941448183,0.745455476903439,0.0,0.3716234868463363,1.0,1.0,2,1,1,0.9156852898728985,0.9156852898728985
rsrp_sleep,3,3,1.0,1.0,183.35105988468388,70.0,253.35105988468388,0.8193585616899666,0.7503930444485873,0.0,0.38178126728051387,1.0,1.0,2,1,1,0.8245647251760704,0.8245647251760704
rsrp_sleep,4,4,0.0,0.0,245.09586650628012,35.0,280.0958665062801,0.7585262398952906,0.7240434812746008,0.4465495631630344,0.65311867194647,1.0,2.0,1,1,0,0.23425923493390471,0.22814424096618302
rsrp_sleep,5,5,0.0,0.0,189.60539045253176,35.0,224.60539045253176,0.8131966596526781,0.7787139010319885,0.04679176825793552,0.24002315161462387,1.0,1.0,1,0,1,0.9382798264096683,0.9382798264096683
rsrp_sleep,6,6,1.0,1.0,185.79331863349086,0.0,185.79331863349086,0.8169523954349844,0.8169523954349844,0.0,0.0,1.0,1.0,0,0,0,0.8689694296998335,0.8689694296998335
rsrp_sleep,7,7,1.0,1.0,176.23302195675922,70.0,246.23302195675922,0.8263714069391535,0.7574058896977742,0.0,0.3972013827078066,1.0,1.0,2,1,1,0.6951458537592585,0.6951458537592585
rsrp_sleep,8,8,1.0,1.0,179.21741039626582,70.0,249.21741039626582,0.8234311227622997,0.7544656055209205,0.0,0.3905870520348648,1.0,1.0,2,1,1,0.7494074617502876,0.7494074617502876
rsrp_sleep,9,9,0.0,0.0,181.05217648558818,70.0,251.05217648558818,0.8216234714427703,0.7526579542013909,0.08049016939670559,0.4982388721514052,1.0,1.0,2,1,1,0.7827668451925124,0.7827668451925124
rsrp_sleep,10,10,0.0,0.0,265.7161322723075,105.0,370.7161322723075,0.7382107071208793,0.6347624312588104,0.40059287419207673,0.9540491153790355,1.0,2.0,3,2,1,0.41801952634277856,0.4156012024755226
rsrp_sleep,11,11,0.0,0.0,252.39149007835954,70.0,322.39149007835954,0.7513384334203355,0.6823729161789561,0.34101722542597807,0.7129442097734869,1.0,2.0,2,1,1,0.31365162627955434,0.29446809162145016
rsrp_sleep,12,12,0.40476190476190477,0.40476190476190477,257.9197402496234,70.0,327.9197402496234,0.7458918815274647,0.6769263642860853,0.0011592101447751185,0.2728760808360505,1.0,2.0,2,1,1,0.35763251920080835,0.3447249113602122
rsrp_sleep,13,13,0.0,0.0,261.5995969974724,140.0,401.5995969974724,0.742266406899042,0.6043353724162833,0.4737789392743841,1.262499770141747,1.0,2.0,4,2,2,0.38989247179698533,0.3781781545224768
rsrp_sleep,14,14,0.38095238095238093,0.38095238095238093,252.60863342243718,70.0,322.60863342243715,0.7511244990911949,0.6821589818498156,0.0018072358903752416,0.2794165383208814,1.0,2.0,2,1,1,0.3003220928569176,0.29644212202215625
rsrp_sleep,15,15,0.0,0.0,171.29956348897383,35.0,206.29956348897383,0.8312319571537203,0.7967491985330307,0.04613866420206563,0.25988616303576295,1.0,1.0,1,0,1,0.6054466088904334,0.6054466088904334
rsrp_sleep,16,16,0.0,0.0,260.4543344834758,35.0,295.4543344834758,0.7433947443512554,0.7089119857305657,0.40840066545434794,0.5976623392470318,1.0,2.0,1,1,0,0.3807048777298939,0.36776667712250743
rsrp_sleep,17,17,0.9761904761904762,1.0,263.7039547602277,140.0,403.7039547602277,0.7401931480194801,0.6022621135367214,0.0,0.5308983709679088,1.0,2.0,4,2,2,0.40998539440714743,0.3973086796384334
rsrp_sleep,18,18,0.0,0.0,190.04347758262315,105.0,295.04347758262315,0.8127650467166274,0.7093167708545585,0.0648586701559906,0.6531985689445113,1.0,1.0,3,1,2,0.9462450469567847,0.9462450469567847
rsrp_sleep,19,19,0.4523809523809524,0.4523809523809524,252.66445716990214,105.0,357.6644571699021,0.7510695003252196,0.6476212244631506,0.005490227388831674,0.4233427225849932,1.0,2.0,3,2,1,0.3170051114271924,0.296949610635474
rsrp_sleep,20,20,0.0,0.0,182.86629114895845,105.0,287.86629114895845,0.819836166355706,0.716387890493637,0.0021638551609680684,0.5775963426399541,1.0,1.0,3,1,2,0.8157507481628808,0.8157507481628808
rsrp_sleep,21,21,0.0,0.0,249.42724452550829,105.0,354.4272445255083,0.7542588723886617,0.6508105965265928,0.3648706382215035,0.939432640403273,1.0,2.0,3,2,1,0.27087024685760874,0.26752040477734806
rsrp_sleep,22,22,0.0,0.0,253.04757544371043,140.0,393.04757544371046,0.7506920438978222,0.6127610094150636,0.3122820348787904,1.0383094807489386,1.0,2.0,4,2,2,0.3172307752570734,0.300432504033731
rsrp_sleep,23,23,0.40476190476190477,0.42857142857142855,245.8594150492425,140.0,385.8594150492425,0.7577739753209434,0.6198429408381848,-0.005402079594274395,0.5609529197817423,1.0,2.0,4,2,2,0.25423328990179656,0.23508559135675
sinr_sleep,0,0,0.0,0.0,251.8606392098362,0.0,251.8606392098362,0.7518614392021318,0.7518614392021318,0.314503145069152,0.314503145069152,1.0,2.0,0,0,0,0.31189812849098547,0.2896421746348745
sinr_sleep,1,1,0.0,0.0,178.42219656529767,35.0,213.42219656529767,0.8242145846647314,0.7897318260440417,0.04381332675352509,0.2485718553427812,1.0,1.0,1,0,1,0.7349490284599577,0.7349490284599577
sinr_sleep,2,2,1.0,1.0,188.36269094300943,70.0,258.3626909430094,0.8144209941448183,0.745455476903439,0.0,0.3716234868463363,1.0,1.0,2,1,1,0.9156852898728985,0.9156852898728985
sinr_sleep,3,3,1.0,1.0,183.35105988468388,70.0,253.35105988468388,0.8193585616899666,0.7503930444485873,0.0,0.38178126728051387,1.0,1.0,2,1,1,0.8245647251760704,0.8245647251760704
sinr_sleep,4,4,0.0,0.0,245.09586650628012,35.0,280.0958665062801,0.7585262398952906,0.7240434812746008,0.4465495631630344,0.65311867194647,1.0,2.0,1,1,0,0.23425923493390471,0.22814424096618302
sinr_sleep,5,5,0.0,0.0,189.60539045253176,35.0,224.60539045253176,0.8131966596526781,0.7787139010319885,0.04679176825793552,0.24002315161462387,1.0,1.0,1,0,1,0.9382798264096683,0.9382798264096683
sinr_sleep,6,6,1.0,1.0,185.79331863349086,0.0,185.79331863349086,0.8169523954349844,0.8169523954349844,0.0,0.0,1.0,1.0,0,0,0,0.8689694296998335,0.8689694296998335
sinr_sleep,7,7,1.0,1.0,176.23302195675922,70.0,246.23302195675922,0.8263714069391535,0.7574058896977742,0.0,0.3972013827078066,1.0,1.0,2,1,1,0.6951458537592585,0.6951458537592585
sinr_sleep,8,8,1.0,1.0,179.21741039626582,70.0,249.21741039626582,0.8234311227622997,0.7544656055209205,0.0,0.3905870520348648,1.0,1.0,2,1,1,0.7494074617502876,0.7494074617502876
sinr_sleep,9,9,0.0,0.0,181.05217648558818,70.0,251.05217648558818,0.8216234714427703,0.7526579542013909,0.08049016939670559,0.4982388721514052,1.0,1.0,2,1,1,0.7827668451925124,0.7827668451925124
sinr_sleep,10,10,0.0,0.0,265.7161322723075,105.0,370.7161322723075,0.7382107071208793,0.6347624312588104,0.40059287419207673,0.9540491153790355,1.0,2.0,3,2,1,0.41801952634277856,0.4156012024755226
sinr_sleep,11,11,0.0,0.0,252.39149007835954,70.0,322.39149007835954,0.7513384334203355,0.6823729161789561,0.34101722542597807,0.7129442097734869,1.0,2.0,2,1,1,0.31365162627955434,0.29446809162145016
sinr_sleep,12,12,0.40476190476190477,0.40476190476190477,257.9197402496234,70.0,327.9197402496234,0.7458918815274647,0.6769263642860853,0.0011592101447751185,0.2728760808360505,1.0,2.0,2,1,1,0.35763251920080835,0.3447249113602122
sinr_sleep,13,13,0.0,0.0,261.5995969974724,140.0,401.5995969974724,0.742266406899042,0.6043353724162833,0.4737789392743841,1.262499770141747,1.0,2.0,4,2,2,0.38989247179698533,0.3781781545224768
sinr_sleep,14,14,0.38095238095238093,0.38095238095238093,252.60863342243718,70.0,322.60863342243715,0.7511244990911949,0.6821589818498156,0.0018072358903752416,0.2794165383208814,1.0,2.0,2,1,1,0.3003220928569176,0.29644212202215625
sinr_sleep,15,15,0.0,0.0,171.29956348897383,35.0,206.29956348897383,0.8312319571537203,0.7967491985330307,0.04613866420206563,0.25988616303576295,1.0,1.0,1,0,1,0.6054466088904334,0.6054466088904334
sinr_sleep,16,16,0.0,0.0,260.4543344834758,35.0,295.4543344834758,0.7433947443512554,0.7089119857305657,0.40840066545434794,0.5976623392470318,1.0,2.0,1,1,0,0.3807048777298939,0.36776667712250743
sinr_sleep,17,17,0.9761904761904762,1.0,263.7039547602277,140.0,403.7039547602277,0.7401931480194801,0.6022621135367214,0.0,0.5308983709679088,1.0,2.0,4,2,2,0.40998539440714743,0.3973086796384334
sinr_sleep,18,18,0.0,0.0,190.04347758262315,105.0,295.04347758262315,0.8127650467166274,0.7093167708545585,0.0648586701559906,0.6531985689445113,1.0,1.0,3,1,2,0.9462450469567847,0.9462450469567847
sinr_sleep,19,19,0.4523809523809524,0.4523809523809524,252.66445716990214,105.0,357.6644571699021,0.7510695003252196,0.6476212244631506,0.005490227388831674,0.4233427225849932,1.0,2.0,3,2,1,0.3170051114271924,0.296949610635474
sinr_sleep,20,20,0.0,0.0,182.86629114895845,105.0,287.86629114895845,0.819836166355706,0.716387890493637,0.0021638551609680684,0.5775963426399541,1.0,1.0,3,1,2,0.8157507481628808,0.8157507481628808
sinr_sleep,21,21,0.0,0.0,249.42724452550829,105.0,354.4272445255083,0.7542588723886617,0.6508105965265928,0.3648706382215035,0.939432640403273,1.0,2.0,3,2,1,0.27087024685760874,0.26752040477734806
sinr_sleep,22,22,0.0,0.0,253.04757544371043,140.0,393.04757544371046,0.7506920438978222,0.6127610094150636,0.3122820348787904,1.0383094807489386,1.0,2.0,4,2,2,0.3172307752570734,0.300432504033731
sinr_sleep,23,23,0.40476190476190477,0.42857142857142855,245.8594150492425,140.0,385.8594150492425,0.7577739753209434,0.6198429408381848,-0.005402079594274395,0.5609529197817423,1.0,2.0,4,2,2,0.25423328990179656,0.23508559135675
load_sleep,0,0,0.0,0.0,256.05363497643043,0.0,256.05363497643043,0.7477304088902164,0.7477304088902164,0.33638709700281527,0.33638709700281527,1.0,2.0,0,0,0,0.33036547379663755,0.32776031796754923
load_sleep,1,1,0.0,0.0,247.77246040604,140.0,387.77246040604,0.755889201570404,0.6179581670876454,0.44952926907658497,1.2685633834336094,1.0,2.0,4,2,2,0.26022024848741404,0.2524769127821819
load_sleep,2,2,1.0,1.0,188.36269094300943,35.0,223.36269094300943,0.8144209941448183,0.7799382355241287,0.0,0.18581174342316822,1.0,1.0,1,0,1,0.9156852898728985,0.9156852898728985
load_sleep,3,3,0.0,0.0,242.7065168139423,105.0,347.7065168139423,0.7608802790010422,0.6574320031389732,0.32372573666380344,0.8963976375845742,1.0,2.0,3,2,1,0.22011800545059126,0.20642288012674806
load_sleep,4,4,0.0,0.0,245.09586650628012,140.0,385.0958665062801,0.7585262398952906,0.6205952054125319,0.4465495631630344,1.2728259982967771,1.0,2.0,4,2,2,0.23425923493390471,0.22814424096618302
load_sleep,5,5,0.0,0.0,189.60539045253176,35.0,224.60539045253176,0.8131966596526781,0.7787139010319885,0.04679176825793552,0.24002315161462387,1.0,1.0,1,0,1,0.9382798264096683,0.9382798264096683
load_sleep,6,6,1.0,1.0,185.79331863349086,0.0,185.79331863349086,0.8169523954349844,0.8169523954349844,0.0,0.0,1.0,1.0,0,0,0,0.8689694296998335,0.8689694296998335
load_sleep,7,7,1.0,1.0,176.23302195675922,70.0,246.23302195675922,0.8263714069391535,0.7574058896977742,0.0,0.3972013827078066,1.0,1.0,2,1,1,0.6951458537592585,0.6951458537592585
load_sleep,8,8,0.0,0.0,275.54218209928183,35.0,310.54218209928183,0.7285298698529243,0.6940471112322346,0.5374744088201769,0.7327679348376094,1.0,2.0,1,1,0,0.509039259618243,0.5049289281752896
load_sleep,9,9,0.0,0.0,181.05217648558818,105.0,286.0521764855882,0.8216234714427703,0.7181751955807012,0.08049016939670559,0.707113223528755,1.0,1.0,3,1,2,0.7827668451925124,0.7827668451925124
load_sleep,10,10,0.0,0.0,265.7161322723075,105.0,370.7161322723075,0.7382107071208793,0.6347624312588104,0.40059287419207673,0.9540491153790355,1.0,2.0,3,2,1,0.41801952634277856,0.4156012024755226
load_sleep,11,11,0.0,0.0,252.90720097833776,70.0,322.90720097833776,0.7508303438637066,0.6818648266223273,0.34375732256632147,0.7156843069138303,1.0,2.0,2,1,1,0.3117338687974383,0.29915637253034333
load_sleep,12,12,0.30952380952380953,0.30952380952380953,276.6572799315261,70.0,346.6572799315261,0.7274312512989891,0.6584657340576098,0.0738921479564923,0.3456090186477677,1.0,2.0,2,1,1,0.5245998230819151,0.5150661811956918
load_sleep,13,13,0.0,0.0,261.0335916251606,140.0,401.0335916251606,0.7428240476599403,0.6048930131771817,0.4705902233634902,1.2593110542308532,1.0,2.0,4,2,2,0.382148900438259,0.3730326511378239
load_sleep,14,14,0.38095238095238093,0.38095238095238093,252.60863342243718,0.0,252.60863342243718,0.7511244990911949,0.7511244990911949,0.0018072358903752416,0.0018072358903752416,1.0,2.0,0,0,0,0.3003220928569176,0.29644212202215625
load_sleep,15,15,0.0,0.0,171.29956348897383,35.0,206.29956348897383,0.8312319571537203,0.7967491985330307,0.04613866420206563,0.25988616303576295,1.0,1.0,1,0,1,0.6054466088904334,0.6054466088904334
load_sleep,16,16,0.0,0.0,260.78183696907763,35.0,295.78183696907763,0.7430720818038644,0.7085893231831748,0.4101716274142413,0.5994333012069252,1.0,2.0,1,1,0,0.38670047983954625,0.3707439724461606
load_sleep,17,17,0.35714285714285715,0.35714285714285715,268.8800606503554,70.0,338.8800606503554,0.7350935363050686,0.6661280190636892,0.0196284727501871,0.2850776582341415,1.0,2.0,2,1,1,0.45464370027922096,0.44436418773050385
load_sleep,18,18,0.0,0.0,190.04347758262315,105.0,295.04347758262315,0.8127650467166274,0.7093167708545585,0.0648586701559906,0.6531985689445113,1.0,1.0,3,1,2,0.9462450469567847,0.9462450469567847
load_sleep,19,19,0.0,0.0,253.0403775213183,35.0,288.0403775213183,0.7506991354469771,0.7162163768262874,0.0069862203110627645,0.14627038537644999,1.0,2.0,1,1,0,0.3077593802259699,0.30036706837562105
load_sleep,20,20,1.0,1.0,182.4714493615282,105.0,287.4714493615282,0.8202251730428294,0.7167768971807604,0.0,0.575432487478986,1.0,1.0,3,1,2,0.8085718065732399,0.8085718065732399
load_sleep,21,21,0.0,0.0,247.28085281324854,105.0,352.28085281324854,0.7563735440263561,0.6529252681642872,0.35312554184376715,0.9276875440255368,1.0,2.0,3,2,1,0.25819933177694154,0.24800775284771406
load_sleep,22,22,1.0,1.0,192.83017576864358,105.0,297.8301757686436,0.8100195312624201,0.7065712554003512,0.0,0.544520584402611,1.0,1.0,3,1,2,0.9969122867026107,0.9969122867026107
load_sleep,23,23,1.0,1.0,247.19478093112164,35.0,282.1947809311216,0.756458343910225,0.7219755852895353,0.0,0.14158874984400407,1.0,2.0,1,1,0,0.24884477299130384,0.247225281192015
greedy_sleep,0,0,0.0,0.0,256.05363497643043,0.0,256.05363497643043,0.7477304088902164,0.7477304088902164,0.33638709700281527,0.33638709700281527,1.0,2.0,0,0,0,0.33036547379663755,0.32776031796754923
greedy_sleep,1,1,0.0,0.0,247.77246040604,140.0,387.77246040604,0.755889201570404,0.6179581670876454,0.44952926907658497,1.2685633834336094,1.0,2.0,4,2,2,0.26022024848741404,0.2524769127821819
greedy_sleep,2,2,1.0,1.0,188.36269094300943,35.0,223.36269094300943,0.8144209941448183,0.7799382355241287,0.0,0.18581174342316822,1.0,1.0,1,0,1,0.9156852898728985,0.9156852898728985
greedy_sleep,3,3,0.0,0.0,242.7065168139423,105.0,347.7065168139423,0.7608802790010422,0.6574320031389732,0.32372573666380344,0.8963976375845742,1.0,2.0,3,2,1,0.22011800545059126,0.20642288012674806
greedy_sleep,4,4,0.0,0.0,245.09586650628012,140.0,385.0958665062801,0.7585262398952906,0.6205952054125319,0.4465495631630344,1.2728259982967771,1.0,2.0,4,2,2,0.23425923493390471,0.22814424096618302
greedy_sleep,5,5,0.0,0.0,189.60539045253176,35.0,224.60539045253176,0.8131966596526781,0.7787139010319885,0.04679176825793552,0.24002315161462387,1.0,1.0,1,0,1,0.9382798264096683,0.9382798264096683
greedy_sleep,6,6,1.0,1.0,185.79331863349086,0.0,185.79331863349086,0.8169523954349844,0.8169523954349844,0.0,0.0,1.0,1.0,0,0,0,0.8689694296998335,0.8689694296998335
greedy_sleep,7,7,1.0,1.0,176.23302195675922,70.0,246.23302195675922,0.8263714069391535,0.7574058896977742,0.0,0.3972013827078066,1.0,1.0,2,1,1,0.6951458537592585,0.6951458537592585
greedy_sleep,8,8,0.0,0.0,275.54218209928183,35.0,310.54218209928183,0.7285298698529243,0.6940471112322346,0.5374744088201769,0.7327679348376094,1.0,2.0,1,1,0,0.509039259618243,0.5049289281752896
greedy_sleep,9,9,0.0,0.0,181.05217648558818,105.0,286.0521764855882,0.8216234714427703,0.7181751955807012,0.08049016939670559,0.707113223528755,1.0,1.0,3,1,2,0.7827668451925124,0.7827668451925124
greedy_sleep,10,10,0.0,0.0,265.7161322723075,105.0,370.7161322723075,0.7382107071208793,0.6347624312588104,0.40059287419207673,0.9540491153790355,1.0,2.0,3,2,1,0.41801952634277856,0.4156012024755226
greedy_sleep,11,11,0.0,0.0,252.90720097833776,70.0,322.90720097833776,0.7508303438637066,0.6818648266223273,0.34375732256632147,0.7156843069138303,1.0,2.0,2,1,1,0.3117338687974383,0.29915637253034333
greedy_sleep,12,12,0.30952380952380953,0.30952380952380953,276.6572799315261,70.0,346.6572799315261,0.7274312512989891,0.6584657340576098,0.0738921479564923,0.3456090186477677,1.0,2.0,2,1,1,0.5245998230819151,0.5150661811956918
greedy_sleep,13,13,0.0,0.0,261.0335916251606,140.0,401.0335916251606,0.7428240476599403,0.6048930131771817,0.4705902233634902,1.2593110542308532,1.0,2.0,4,2,2,0.382148900438259,0.3730326511378239
greedy_sleep,14,14,0.38095238095238093,0.38095238095238093,252.60863342243718,0.0,252.60863342243718,0.7511244990911949,0.7511244990911949,0.0018072358903752416,0.0018072358903752416,1.0,2.0,0,0,0,0.3003220928569176,0.29644212202215625
greedy_sleep,15,15,0.0,0.0,171.29956348897383,35.0,206.29956348897383,0.8312319571537203,0.7967491985330307,0.04613866420206563,0.25988616303576295,1.0,1.0,1,0,1,0.6054466088904334,0.6054466088904334
greedy_sleep,16,16,0.0,0.0,260.78183696907763,35.0,295.78183696907763,0.7430720818038644,0.7085893231831748,0.4101716274142413,0.5994333012069252,1.0,2.0,1,1,0,0.38670047983954625,0.3707439724461606
greedy_sleep,17,17,0.35714285714285715,0.35714285714285715,268.8800606503554,70.0,338.8800606503554,0.7350935363050686,0.6661280190636892,0.0196284727501871,0.2850776582341415,1.0,2.0,2,1,1,0.45464370027922096,0.44436418773050385
greedy_sleep,18,18,0.0,0.0,190.04347758262315,105.0,295.04347758262315,0.8127650467166274,0.7093167708545585,0.0648586701559906,0.6531985689445113,1.0,1.0,3,1,2,0.9462450469567847,0.9462450469567847
greedy_sleep,19,19,0.0,0.0,253.0403775213183,35.0,288.0403775213183,0.7506991354469771,0.7162163768262874,0.0069862203110627645,0.14627038537644999,1.0,2.0,1,1,0,0.3077593802259699,0.30036706837562105
greedy_sleep,20,20,1.0,1.0,182.4714493615282,105.0,287.4714493615282,0.8202251730428294,0.7167768971807604,0.0,0.575432487478986,1.0,1.0,3,1,2,0.8085718065732399,0.8085718065732399
greedy_sleep,21,21,0.0,0.0,247.28085281324854,105.0,352.28085281324854,0.7563735440263561,0.6529252681642872,0.35312554184376715,0.9276875440255368,1.0,2.0,3,2,1,0.25819933177694154,0.24800775284771406
greedy_sleep,22,22,1.0,1.0,192.83017576864358,105.0,297.8301757686436,0.8100195312624201,0.7065712554003512,0.0,0.544520584402611,1.0,1.0,3,1,2,0.9969122867026107,0.9969122867026107
greedy_sleep,23,23,1.0,1.0,247.19478093112164,35.0,282.1947809311216,0.756458343910225,0.7219755852895353,0.0,0.14158874984400407,1.0,2.0,1,1,0,0.24884477299130384,0.247225281192015
oracle,0,0,1.0,1.0,191.60139719299536,0.0,191.60139719299536,0.811230150548773,0.811230150548773,0.0,0.0,1.0,1.0,0,0,0,0.9745708580544612,0.9745708580544612
oracle,1,1,1.0,1.0,170.93305095100436,70.0,240.93305095100436,0.831593053250242,0.7626275360088627,0.0,0.4095170571785122,1.0,1.0,2,1,1,0.5987827445637155,0.5987827445637155
oracle,2,2,1.0,1.0,188.36269094300943,70.0,258.3626909430094,0.8144209941448183,0.745455476903439,0.0,0.3716234868463363,1.0,1.0,2,1,1,0.9156852898728985,0.9156852898728985
oracle,3,3,1.0,1.0,183.35105988468388,70.0,253.35105988468388,0.8193585616899666,0.7503930444485873,0.0,0.38178126728051387,1.0,1.0,2,1,1,0.8245647251760704,0.8245647251760704
oracle,4,4,1.0,1.0,169.4348211411104,70.0,239.4348211411104,0.8330691417328961,0.7641036244915168,0.0,0.4131382175668713,1.0,1.0,2,1,1,0.5715422025656438,0.5715422025656438
oracle,5,5,1.0,1.0,181.129997581154,70.0,251.129997581154,0.8215468004126563,0.7525812831712769,0.0,0.3864627667133767,1.0,1.0,2,1,1,0.7841817742027997,0.7841817742027997
oracle,6,6,1.0,1.0,185.79331863349086,70.0,255.79331863349086,0.8169523954349844,0.7479868781936051,0.0,0.376762741065447,1.0,1.0,2,1,1,0.8689694296998335,0.8689694296998335
oracle,7,7,1.0,1.0,176.23302195675922,70.0,246.23302195675922,0.8263714069391535,0.7574058896977742,0.0,0.3972013827078066,1.0,1.0,2,1,1,0.6951458537592585,0.6951458537592585
oracle,8,8,1.0,1.0,179.21741039626582,70.0,249.21741039626582,0.8234311227622997,0.7544656055209205,0.0,0.3905870520348648,1.0,1.0,2,1,1,0.7494074617502876,0.7494074617502876
oracle,9,9,1.0,1.0,167.56485307652463,0.0,167.56485307652463,0.8349114748014536,0.8349114748014536,0.0,0.0,1.0,1.0,0,0,0,0.5375427832095387,0.5375427832095387
oracle,10,10,1.0,1.0,189.7168957293062,0.0,189.7168957293062,0.8130868022371367,0.8130868022371367,0.0,0.0,1.0,1.0,0,0,0,0.9403071950782946,0.9403071950782946
oracle,11,11,1.0,1.0,188.20898441344528,70.0,258.20898441344525,0.814572429149315,0.7456069119079357,0.0,0.3719269843475087,1.0,1.0,2,1,1,0.912890625699005,0.912890625699005
oracle,12,12,1.0,1.0,257.6211032532241,105.0,362.6211032532241,0.7461861051692373,0.6427378293071684,0.0,0.4075753060369131,1.0,2.0,3,2,1,0.3570413029946784,0.34201002957476423
oracle,13,13,1.0,1.0,177.5026023416179,35.0,212.5026023416179,0.8251205888259923,0.7906378302053026,0.0,0.19718020771684075,1.0,1.0,1,0,1,0.7182291334839618,0.7182291334839618
oracle,14,14,1.0,1.0,252.15293359098814,35.0,287.15293359098814,0.7515734644423763,0.7170907058216865,0.0,0.13880465121525315,1.0,2.0,1,1,0,0.2997236925566715,0.2922993962817104
oracle,15,15,1.0,1.0,163.74460609352516,35.0,198.74460609352516,0.8386752649324876,0.804192506311798,0.0,0.21374749883369734,1.0,1.0,1,0,1,0.468083747155003,0.468083747155003
oracle,16,16,1.0,1.0,184.92914755862716,70.0,254.92914755862716,0.8178037955087417,0.7488382782673624,0.0,0.3785233475853678,1.0,1.0,2,1,1,0.8532572283386759,0.8532572283386759
oracle,17,17,1.0,1.0,263.7039547602277,105.0,368.7039547602277,0.7401931480194801,0.6367448721574112,0.0,0.3981737782259316,1.0,2.0,3,2,1,0.40998539440714743,0.3973086796384334
oracle,18,18,1.0,1.0,178.46826335628538,105.0,283.4682633562854,0.8241691986637582,0.7207209228016892,0.0,0.5883398987885208,1.0,1.0,3,1,2,0.7357866064779157,0.7357866064779157
oracle,19,19,1.0,1.0,251.2848462247606,105.0,356.2848462247606,0.7524287229312704,0.6489804470692013,0.0,0.4178524951961617,1.0,2.0,3,2,1,0.2968376305265163,0.2844076929523691
oracle,20,20,1.0,1.0,182.4714493615282,35.0,217.4714493615282,0.8202251730428294,0.7857424144221398,0.0,0.191810829159662,1.0,1.0,1,0,1,0.8085718065732399,0.8085718065732399
oracle,21,21,1.0,1.0,182.74790118609687,70.0,252.74790118609687,0.819952806713205,0.7509872894718257,0.0,0.3830413347878464,1.0,1.0,2,1,1,0.8135982033835795,0.8135982033835795
oracle,22,22,1.0,1.0,192.83017576864358,70.0,262.8301757686436,0.8100195312624201,0.7410540140210408,0.0,0.363013722935074,1.0,1.0,2,1,1,0.9969122867026107,0.9969122867026107
oracle,23,23,1.0,1.0,247.19478093112164,35.0,282.1947809311216,0.756458343910225,0.7219755852895353,0.0,0.14158874984400407,1.0,2.0,1,1,0,0.24884477299130384,0.247225281192015
flat_mlp,0,0,1.0,1.0,191.60139719299536,0.0,191.60139719299536,0.811230150548773,0.811230150548773,0.0,0.0,1.0,1.0,0,0,0,0.9745708580544612,0.9745708580544612
flat_mlp,1,1,1.0,1.0,170.93305095100436,70.0,240.93305095100436,0.831593053250242,0.7626275360088627,0.0,0.4095170571785122,1.0,1.0,2,1,1,0.5987827445637155,0.5987827445637155
flat_mlp,2,2,0.0,0.0,260.69344245215143,105.0,365.69344245215143,0.7431591699978803,0.6397108941358114,0.38399722974347517,0.9414324600129799,1.0,2.0,3,2,1,0.40951155238812603,0.36994038592864964
flat_mlp,3,3,0.0,0.38095238095238093,248.75858729133734,70.0,318.75858729133734,0.7549176479888302,0.6859521307474509,0.3567338386142443,0.7385151058947581,1.0,2.0,2,1,1,0.2780857972987595,0.2614417026485214
flat_mlp,4,4,0.0,0.0,184.23779840247218,35.0,219.23779840247218,0.8184849276822934,0.7840021690616037,0.08736679486345615,0.2939359036468918,1.0,1.0,1,0,1,0.8406872436813124,0.8406872436813124
flat_mlp,5,5,1.0,1.0,181.129997581154,0.0,181.129997581154,0.8215468004126563,0.8215468004126563,0.0,0.0,1.0,1.0,0,0,0,0.7841817742027997,0.7841817742027997
flat_mlp,6,6,0.0,0.0,276.26512497060673,35.0,311.26512497060673,0.7278176108663973,0.6933348522457077,0.4869486534959151,0.6753300240286385,1.0,2.0,1,1,0,0.5359437498339489,0.511501136096425
flat_mlp,7,7,0.0,0.0,188.1962362214229,35.0,223.1962362214229,0.814584988944411,0.7801022303237213,0.06788293210791677,0.2664836234618201,1.0,1.0,1,0,1,0.9126588403895077,0.9126588403895077
flat_mlp,8,8,1.0,1.0,179.21741039626582,0.0,179.21741039626582,0.8234311227622997,0.8234311227622997,0.0,0.0,1.0,1.0,0,0,0,0.7494074617502876,0.7494074617502876
flat_mlp,9,9,1.0,1.0,167.56485307652463,0.0,167.56485307652463,0.8349114748014536,0.8349114748014536,0.0,0.0,1.0,1.0,0,0,0,0.5375427832095387,0.5375427832095387
flat_mlp,10,10,1.0,1.0,189.7168957293062,0.0,189.7168957293062,0.8130868022371367,0.8130868022371367,0.0,0.0,1.0,1.0,0,0,0,0.9403071950782946,0.9403071950782946
flat_mlp,11,11,0.0,0.0,259.03034370292187,35.0,294.03034370292187,0.7447976909330819,0.7103149323123923,0.3762910655418066,0.562254557715561,1.0,2.0,1,1,0,0.3675570441228277,0.3548213063901987
flat_mlp,12,12,0.5238095238095238,0.30952380952380953,269.14396761553826,70.0,339.14396761553826,0.7348335294428194,0.6658680122014401,0.044727952084686114,0.31644482277596153,1.0,2.0,2,1,1,0.45682867244384023,0.4467633419594386
flat_mlp,13,13,0.0,0.5238095238095238,274.7680610605082,70.0,344.7680610605082,0.7292925506793022,0.660327033437923,0.5479663815389885,0.94232679697267,1.0,2.0,2,1,1,0.506152254962265,0.4978914641864382
flat_mlp,14,14,0.5238095238095238,0.2857142857142857,261.09097384918357,0.0,261.09097384918357,0.7427675134490802,0.7427675134490802,0.035446901731048794,0.035446901731048794,1.0,2.0,0,0,0,0.40474594251798274,0.3735543077198506
flat_mlp,15,15,1.0,1.0,163.74460609352516,35.0,198.74460609352516,0.8386752649324876,0.804192506311798,0.0,0.21374749883369734,1.0,1.0,1,0,1,0.468083747155003,0.468083747155003
flat_mlp,16,16,1.0,1.0,184.92914755862716,70.0,254.92914755862716,0.8178037955087417,0.7488382782673624,0.0,0.3785233475853678,1.0,1.0,2,1,1,0.8532572283386759,0.8532572283386759
flat_mlp,17,17,0.0,0.0,290.3438702750364,35.0,325.3438702750364,0.7139469258374026,0.679464167216713,0.101022055353819,0.2337466480957962,1.0,2.0,1,1,0,0.6411910273153532,0.6394897297730584
flat_mlp,18,18,1.0,1.0,178.46826335628538,35.0,213.46826335628538,0.8241691986637582,0.7896864400430685,0.0,0.19611329959617357,1.0,1.0,1,0,1,0.7357866064779157,0.7357866064779157
flat_mlp,19,19,0.5476190476190477,0.35714285714285715,347.4306286893606,70.0,417.4306286893606,0.657703814099152,0.5887382968577727,0.3826167152897189,0.6611850454204933,1.0,3.0,2,2,0,0.3180740436900253,0.27533714357188255
flat_mlp,20,20,1.0,1.0,182.4714493615282,70.0,252.4714493615282,0.8202251730428294,0.7512596558014502,0.0,0.383621658319324,1.0,1.0,2,0,2,0.8085718065732399,0.8085718065732399
flat_mlp,21,21,1.0,1.0,182.74790118609687,70.0,252.74790118609687,0.819952806713205,0.7509872894718257,0.0,0.3830413347878464,1.0,1.0,2,1,1,0.8135982033835795,0.8135982033835795
flat_mlp,22,22,0.0,0.4523809523809524,255.77163267720636,105.0,360.77163267720636,0.7480082436677771,0.6445599678057081,0.32640875141907005,0.8709293358216811,1.0,2.0,3,2,1,0.3362956593667599,0.3251966607018758
flat_mlp,23,23,0.0,0.35714285714285715,284.00660088943016,70.0,354.00660088943016,0.7201905409956353,0.651225023754256,0.14891827335369903,0.43209577304170743,1.0,2.0,2,1,1,0.5915440090787832,0.5818781899039107
flat_mlp_pruned,0,0,1.0,1.0,191.60139719299536,0.0,191.60139719299536,0.811230150548773,0.811230150548773,0.0,0.0,1.0,1.0,0,0,0,0.9745708580544612,0.9745708580544612
flat_mlp_pruned,1,1,1.0,1.0,170.93305095100436,70.0,240.93305095100436,0.831593053250242,0.7626275360088627,0.0,0.4095170571785122,1.0,1.0,2,1,1,0.5987827445637155,0.5987827445637155
flat_mlp_pruned,2,2,0.0,0.0,260.69344245215143,105.0,365.69344245215143,0.7431591699978803,0.6397108941358114,0.38399722974347517,0.9414324600129799,1.0,2.0,3,2,1,0.40951155238812603,0.36994038592864964
flat_mlp_pruned,3,3,0.38095238095238093,0.38095238095238093,248.75858729133734,70.0,318.75858729133734,0.7549176479888302,0.6859521307474509,0.3567338386142443,0.7385151058947581,1.0,2.0,2,1,1,0.2780857972987595,0.2614417026485214
flat_mlp_pruned,4,4,0.0,0.0,184.23779840247218,35.0,219.23779840247218,0.8184849276822934,0.7840021690616037,0.08736679486345615,0.2939359036468918,1.0,1.0,1,0,1,0.8406872436813124,0.8406872436813124
flat_mlp_pruned,5,5,1.0,1.0,181.129997581154,0.0,181.129997581154,0.8215468004126563,0.8215468004126563,0.0,0.0,1.0,1.0,0,0,0,0.7841817742027997,0.7841817742027997
flat_mlp_pruned,6,6,1.0,1.0,185.79331863349086,70.0,255.79331863349086,0.8169523954349844,0.7479868781936051,0.0,0.376762741065447,1.0,1.0,2,1,1,0.8689694296998335,0.8689694296998335
flat_mlp_pruned,7,7,0.0,0.0,188.1962362214229,70.0,258.1962362214229,0.814584988944411,0.7456194717030317,0.06788293210791677,0.4650843148157234,1.0,1.0,2,1,1,0.9126588403895077,0.9126588403895077
flat_mlp_pruned,8,8,1.0,1.0,179.21741039626582,0.0,179.21741039626582,0.8234311227622997,0.8234311227622997,0.0,0.0,1.0,1.0,0,0,0,0.7494074617502876,0.7494074617502876
flat_mlp_pruned,9,9,1.0,1.0,167.56485307652463,0.0,167.56485307652463,0.8349114748014536,0.8349114748014536,0.0,0.0,1.0,1.0,0,0,0,0.5375427832095387,0.5375427832095387
flat_mlp_pruned,10,10,1.0,1.0,189.7168957293062,0.0,189.7168957293062,0.8130868022371367,0.8130868022371367,0.0,0.0,1.0,1.0,0,0,0,0.9403071950782946,0.9403071950782946
flat_mlp_pruned,11,11,0.0,0.0,259.03034370292187,35.0,294.03034370292187,0.7447976909330819,0.7103149323123923,0.3762910655418066,0.562254557715561,1.0,2.0,1,1,0,0.3675570441228277,0.3548213063901987
flat_mlp_pruned,12,12,0.30952380952380953,0.30952380952380953,269.14396761553826,70.0,339.14396761553826,0.7348335294428194,0.6658680122014401,0.044727952084686114,0.31644482277596153,1.0,2.0,2,1,1,0.45682867244384023,0.4467633419594386
flat_mlp_pruned,13,13,1.0,1.0,177.5026023416179,35.0,212.5026023416179,0.8251205888259923,0.7906378302053026,0.0,0.19718020771684075,1.0,1.0,1,0,1,0.7182291334839618,0.7182291334839618
flat_mlp_pruned,14,14,0.4523809523809524,0.4523809523809524,259.3576327629057,35.0,294.3576327629057,0.7444752386572357,0.7099924800365461,0.028572735876252663,0.16737738709150582,1.0,2.0,1,1,0,0.37182165687436614,0.3577966614809611
flat_mlp_pruned,15,15,1.0,1.0,163.74460609352516,35.0,198.74460609352516,0.8386752649324876,0.804192506311798,0.0,0.21374749883369734,1.0,1.0,1,0,1,0.468083747155003,0.468083747155003
flat_mlp_pruned,16,16,1.0,1.0,184.92914755862716,70.0,254.92914755862716,0.8178037955087417,0.7488382782673624,0.0,0.3785233475853678,1.0,1.0,2,1,1,0.8532572283386759,0.8532572283386759
flat_mlp_pruned,17,17,0.0,0.0,276.44885568550075,105.0,381.44885568550075,0.727636595383743,0.6241883195216741,0.04833033670982037,0.44650411493575193,1.0,2.0,3,2,1,0.513916354975491,0.513171415322734
flat_mlp_pruned,18,18,1.0,1.0,178.46826335628538,35.0,213.46826335628538,0.8241691986637582,0.7896864400430685,0.0,0.19611329959617357,1.0,1.0,1,0,1,0.7357866064779157,0.7357866064779157
flat_mlp_pruned,19,19,0.0,0.0,264.3055173869841,35.0,299.3055173869841,0.7396004754808039,0.7051177168601142,0.05181638032632184,0.19110054539170906,1.0,2.0,1,1,0,0.4206509029139347,0.4027774307907648
flat_mlp_pruned,20,20,1.0,1.0,182.4714493615282,105.0,287.4714493615282,0.8202251730428294,0.7167768971807604,0.0,0.575432487478986,1.0,1.0,3,1,2,0.8085718065732399,0.8085718065732399
flat_mlp_pruned,21,21,1.0,1.0,182.74790118609687,70.0,252.74790118609687,0.819952806713205,0.7509872894718257,0.0,0.3830413347878464,1.0,1.0,2,1,1,0.8135982033835795,0.8135982033835795
flat_mlp_pruned,22,22,0.0,0.0,255.32730013312522,35.0,290.3273001331252,0.7484460097210589,0.7139632511003693,0.3241044826898114,0.5056113441573484,1.0,2.0,1,1,0,0.3372918556171622,0.32115727393750204
flat_mlp_pruned,23,23,0.35714285714285715,0.35714285714285715,284.00660088943016,70.0,354.00660088943016,0.7201905409956353,0.651225023754256,0.14891827335369903,0.43209577304170743,1.0,2.0,2,1,1,0.5915440090787832,0.5818781899039107
flat_mlp_stable,0,0,1.0,1.0,191.60139719299536,0.0,191.60139719299536,0.811230150548773,0.811230150548773,0.0,0.0,1.0,1.0,0,0,0,0.9745708580544612,0.9745708580544612
flat_mlp_stable,1,1,0.0,0.0,172.76512451472874,0.0,172.76512451472874,0.8297880546652918,0.8297880546652918,0.010718076776442244,0.010718076776442244,1.0,1.0,0,0,0,0.632093172995068,0.632093172995068
flat_mlp_stable,2,2,0.0,0.0,260.69344245215143,35.0,295.69344245215143,0.7431591699978803,0.7086764113771907,0.38399722974347517,0.5698089731666434,1.0,2.0,1,1,0,0.40951155238812603,0.36994038592864964
flat_mlp_stable,3,3,0.38095238095238093,0.38095238095238093,248.75858729133734,70.0,318.75858729133734,0.7549176479888302,0.6859521307474509,0.3567338386142443,0.7385151058947581,1.0,2.0,2,1,1,0.2780857972987595,0.2614417026485214
flat_mlp_stable,4,4,0.0,0.0,184.23779840247218,35.0,219.23779840247218,0.8184849276822934,0.7840021690616037,0.08736679486345615,0.2939359036468918,1.0,1.0,1,0,1,0.8406872436813124,0.8406872436813124
flat_mlp_stable,5,5,1.0,1.0,181.129997581154,0.0,181.129997581154,0.8215468004126563,0.8215468004126563,0.0,0.0,1.0,1.0,0,0,0,0.7841817742027997,0.7841817742027997
flat_mlp_stable,6,6,1.0,1.0,185.79331863349086,70.0,255.79331863349086,0.8169523954349844,0.7479868781936051,0.0,0.376762741065447,1.0,1.0,2,1,1,0.8689694296998335,0.8689694296998335
flat_mlp_stable,7,7,0.0,0.0,247.7355502957119,35.0,282.7355502957119,0.7559255662111213,0.7214428075904317,0.4057271874762305,0.6043278788301337,1.0,2.0,1,1,0,0.27995831001336136,0.2521413663246537
flat_mlp_stable,8,8,0.0,0.0,190.91126016790332,35.0,225.91126016790332,0.8119100885045288,0.7774273298838391,0.06524951870346385,0.26054304472089623,1.0,1.0,1,0,1,0.9620229121436971,0.9620229121436971
flat_mlp_stable,9,9,0.0,0.0,191.0303983069906,0.0,191.0303983069906,0.8117927110275954,0.8117927110275954,0.14003858684941273,0.14003858684941273,1.0,1.0,0,0,0,0.9641890601271019,0.9641890601271019
flat_mlp_stable,10,10,1.0,1.0,189.7168957293062,70.0,259.7168957293062,0.8130868022371367,0.7441212849957575,0.0,0.3689708274579725,1.0,1.0,2,1,1,0.9403071950782946,0.9403071950782946
flat_mlp_stable,11,11,0.0,0.0,259.03034370292187,35.0,294.03034370292187,0.7447976909330819,0.7103149323123923,0.3762910655418066,0.562254557715561,1.0,2.0,1,1,0,0.3675570441228277,0.3548213063901987
flat_mlp_stable,12,12,0.30952380952380953,0.30952380952380953,269.14396761553826,70.0,339.14396761553826,0.7348335294428194,0.6658680122014401,0.044727952084686114,0.31644482277596153,1.0,2.0,2,1,1,0.45682867244384023,0.4467633419594386
flat_mlp_stable,13,13,1.0,1.0,177.5026023416179,35.0,212.5026023416179,0.8251205888259923,0.7906378302053026,0.0,0.19718020771684075,1.0,1.0,1,0,1,0.7182291334839618,0.7182291334839618
flat_mlp_stable,14,14,0.2857142857142857,0.2857142857142857,261.09097384918357,35.0,296.09097384918357,0.7427675134490802,0.7082847548283906,0.035446901731048794,0.17425155294630196,1.0,2.0,1,1,0,0.40474594251798274,0.3735543077198506
flat_mlp_stable,15,15,1.0,1.0,163.74460609352516,35.0,198.74460609352516,0.8386752649324876,0.804192506311798,0.0,0.21374749883369734,1.0,1.0,1,0,1,0.468083747155003,0.468083747155003
flat_mlp_stable,16,16,1.0,1.0,184.92914755862716,70.0,254.92914755862716,0.8178037955087417,0.7488382782673624,0.0,0.3785233475853678,1.0,1.0,2,1,1,0.8532572283386759,0.8532572283386759
flat_mlp_stable,17,17,0.0,0.0,291.031908426981,35.0,326.031908426981,0.7132690557369645,0.6787862971162749,0.1036311863111843,0.2363557790531615,1.0,2.0,1,1,0,0.6699677010595556,0.6457446220634633
flat_mlp_stable,18,18,0.0,0.0,190.04347758262315,35.0,225.04347758262315,0.8127650467166274,0.7782822880959378,0.0648586701559906,0.2609719697521642,1.0,1.0,1,0,1,0.9462450469567847,0.9462450469567847
flat_mlp_stable,19,19,0.0,0.0,259.9365252636138,35.0,294.9365252636138,0.7439049012181145,0.7094221425974249,0.03442976832401092,0.17371393338939814,1.0,2.0,1,1,0,0.38528296651092553,0.36305932057830714
flat_mlp_stable,20,20,1.0,1.0,182.4714493615282,105.0,287.4714493615282,0.8202251730428294,0.7167768971807604,0.0,0.575432487478986,1.0,1.0,3,1,2,0.8085718065732399,0.8085718065732399
flat_mlp_stable,21,21,1.0,1.0,182.74790118609687,70.0,252.74790118609687,0.819952806713205,0.7509872894718257,0.0,0.3830413347878464,1.0,1.0,2,1,1,0.8135982033835795,0.8135982033835795
flat_mlp_stable,22,22,0.5,0.5,256.18094191576046,35.0,291.18094191576046,0.7476049833342261,0.7131222247135365,0.3285313924264878,0.5100382538940248,1.0,2.0,1,1,0,0.3339036775701034,0.32891765377964055
flat_mlp_stable,23,23,0.35714285714285715,0.35714285714285715,284.00660088943016,0.0,284.00660088943016,0.7201905409956353,0.7201905409956353,0.14891827335369903,0.14891827335369903,1.0,2.0,0,0,0,0.5915440090787832,0.5818781899039107
flat_mlp_search,0,0,1.0,1.0,191.60139719299536,0.0,191.60139719299536,0.811230150548773,0.811230150548773,0.0,0.0,1.0,1.0,0,0,0,0.9745708580544612,0.9745708580544612
flat_mlp_search,1,1,1.0,1.0,170.93305095100436,70.0,240.93305095100436,0.831593053250242,0.7626275360088627,0.0,0.4095170571785122,1.0,1.0,2,1,1,0.5987827445637155,0.5987827445637155
flat_mlp_search,2,2,1.0,1.0,188.36269094300943,70.0,258.3626909430094,0.8144209941448183,0.745455476903439,0.0,0.3716234868463363,1.0,1.0,2,1,1,0.9156852898728985,0.9156852898728985
flat_mlp_search,3,3,1.0,1.0,183.35105988468388,70.0,253.35105988468388,0.8193585616899666,0.7503930444485873,0.0,0.38178126728051387,1.0,1.0,2,1,1,0.8245647251760704,0.8245647251760704
flat_mlp_search,4,4,1.0,1.0,169.4348211411104,70.0,239.4348211411104,0.8330691417328961,0.7641036244915168,0.0,0.4131382175668713,1.0,1.0,2,1,1,0.5715422025656438,0.5715422025656438
flat_mlp_search,5,5,1.0,1.0,181.129997581154,70.0,251.129997581154,0.8215468004126563,0.7525812831712769,0.0,0.3864627667133767,1.0,1.0,2,1,1,0.7841817742027997,0.7841817742027997
flat_mlp_search,6,6,1.0,1.0,185.79331863349086,70.0,255.79331863349086,0.8169523954349844,0.7479868781936051,0.0,0.376762741065447,1.0,1.0,2,1,1,0.8689694296998335,0.8689694296998335
flat_mlp_search,7,7,1.0,1.0,176.23302195675922,70.0,246.23302195675922,0.8263714069391535,0.7574058896977742,0.0,0.3972013827078066,1.0,1.0,2,1,1,0.6951458537592585,0.6951458537592585
flat_mlp_search,8,8,1.0,1.0,179.21741039626582,70.0,249.21741039626582,0.8234311227622997,0.7544656055209205,0.0,0.3905870520348648,1.0,1.0,2,1,1,0.7494074617502876,0.7494074617502876
flat_mlp_search,9,9,1.0,1.0,167.56485307652463,0.0,167.56485307652463,0.8349114748014536,0.8349114748014536,0.0,0.0,1.0,1.0,0,0,0,0.5375427832095387,0.5375427832095387
flat_mlp_search,10,10,1.0,1.0,189.7168957293062,0.0,189.7168957293062,0.8130868022371367,0.8130868022371367,0.0,0.0,1.0,1.0,0,0,0,0.9403071950782946,0.9403071950782946
flat_mlp_search,11,11,1.0,1.0,188.20898441344528,70.0,258.20898441344525,0.814572429149315,0.7456069119079357,0.0,0.3719269843475087,1.0,1.0,2,1,1,0.912890625699005,0.912890625699005
flat_mlp_search,12,12,0.42857142857142855,0.42857142857142855,255.42265304569867,105.0,360.42265304569867,0.748352065964829,0.6449037901027599,-0.008533657296562712,0.3990416487403504,1.0,2.0,3,2,1,0.33536511655845175,0.32202411859726054
flat_mlp_search,13,13,1.0,1.0,177.5026023416179,105.0,282.5026023416179,0.8251205888259923,0.7216723129639233,0.0,0.5915406231505222,1.0,1.0,3,1,2,0.7182291334839618,0.7182291334839618
flat_mlp_search,14,14,1.0,1.0,252.15293359098814,35.0,287.15293359098814,0.7515734644423763,0.7170907058216865,0.0,0.13880465121525315,1.0,2.0,1,1,0,0.2997236925566715,0.2922993962817104
flat_mlp_search,15,15,1.0,1.0,163.74460609352516,35.0,198.74460609352516,0.8386752649324876,0.804192506311798,0.0,0.21374749883369734,1.0,1.0,1,0,1,0.468083747155003,0.468083747155003
flat_mlp_search,16,16,1.0,1.0,184.92914755862716,70.0,254.92914755862716,0.8178037955087417,0.7488382782673624,0.0,0.3785233475853678,1.0,1.0,2,1,1,0.8532572283386759,0.8532572283386759
flat_mlp_search,17,17,0.9761904761904762,0.9761904761904762,264.18094423562536,105.0,369.18094423562536,0.7397232076496302,0.6362749317875612,0.00180880668183896,0.39998258490777056,1.0,2.0,3,2,1,0.4045945832338186,0.40164494759659414
flat_mlp_search,18,18,1.0,1.0,178.46826335628538,105.0,283.4682633562854,0.8241691986637582,0.7207209228016892,0.0,0.5883398987885208,1.0,1.0,3,1,2,0.7357866064779157,0.7357866064779157
flat_mlp_search,19,19,0.0,0.0,251.21364985420357,105.0,356.2136498542036,0.7524988671387157,0.6490505912766467,-0.00028332934367777745,0.417569165852484,1.0,2.0,3,2,1,0.2999098465841065,0.2837604532200324
flat_mlp_search,20,20,1.0,1.0,182.4714493615282,105.0,287.4714493615282,0.8202251730428294,0.7167768971807604,0.0,0.575432487478986,1.0,1.0,3,1,2,0.8085718065732399,0.8085718065732399
flat_mlp_search,21,21,1.0,1.0,182.74790118609687,70.0,252.74790118609687,0.819952806713205,0.7509872894718257,0.0,0.3830413347878464,1.0,1.0,2,1,1,0.8135982033835795,0.8135982033835795
flat_mlp_search,22,22,1.0,1.0,192.83017576864358,70.0,262.8301757686436,0.8100195312624201,0.7410540140210408,0.0,0.363013722935074,1.0,1.0,2,1,1,0.9969122867026107,0.9969122867026107
flat_mlp_search,23,23,0.42857142857142855,0.42857142857142855,245.8594150492425,35.0,280.8594150492425,0.7577739753209434,0.7232912167002538,-0.005402079594274395,0.1361866702497298,1.0,2.0,1,1,0,0.25423328990179656,0.23508559135675
flat_mlp_stable_search,0,0,1.0,1.0,191.60139719299536,0.0,191.60139719299536,0.811230150548773,0.811230150548773,0.0,0.0,1.0,1.0,0,0,0,0.9745708580544612,0.9745708580544612
flat_mlp_stable_search,1,1,0.0,0.0,172.76512451472874,0.0,172.76512451472874,0.8297880546652918,0.8297880546652918,0.010718076776442244,0.010718076776442244,1.0,1.0,0,0,0,0.632093172995068,0.632093172995068
flat_mlp_stable_search,2,2,1.0,1.0,188.36269094300943,70.0,258.3626909430094,0.8144209941448183,0.745455476903439,0.0,0.3716234868463363,1.0,1.0,2,1,1,0.9156852898728985,0.9156852898728985
flat_mlp_stable_search,3,3,0.0,0.0,186.31352295994674,0.0,186.31352295994674,0.8164398788571953,0.8164398788571953,0.016157327244936903,0.016157327244936903,1.0,1.0,0,0,0,0.8784276901808497,0.8784276901808497
flat_mlp_stable_search,4,4,1.0,1.0,169.4348211411104,70.0,239.4348211411104,0.8330691417328961,0.7641036244915168,0.0,0.4131382175668713,1.0,1.0,2,1,1,0.5715422025656438,0.5715422025656438
flat_mlp_stable_search,5,5,1.0,1.0,181.129997581154,70.0,251.129997581154,0.8215468004126563,0.7525812831712769,0.0,0.3864627667133767,1.0,1.0,2,1,1,0.7841817742027997,0.7841817742027997
flat_mlp_stable_search,6,6,1.0,1.0,185.79331863349086,70.0,255.79331863349086,0.8169523954349844,0.7479868781936051,0.0,0.376762741065447,1.0,1.0,2,1,1,0.8689694296998335,0.8689694296998335
flat_mlp_stable_search,7,7,1.0,1.0,176.23302195675922,70.0,246.23302195675922,0.8263714069391535,0.7574058896977742,0.0,0.3972013827078066,1.0,1.0,2,1,1,0.6951458537592585,0.6951458537592585
flat_mlp_stable_search,8,8,1.0,1.0,179.21741039626582,70.0,249.21741039626582,0.8234311227622997,0.7544656055209205,0.0,0.3905870520348648,1.0,1.0,2,1,1,0.7494074617502876,0.7494074617502876
flat_mlp_stable_search,9,9,1.0,1.0,167.56485307652463,0.0,167.56485307652463,0.8349114748014536,0.8349114748014536,0.0,0.0,1.0,1.0,0,0,0,0.5375427832095387,0.5375427832095387
flat_mlp_stable_search,10,10,1.0,1.0,189.7168957293062,0.0,189.7168957293062,0.8130868022371367,0.8130868022371367,0.0,0.0,1.0,1.0,0,0,0,0.9403071950782946,0.9403071950782946
flat_mlp_stable_search,11,11,1.0,1.0,188.20898441344528,70.0,258.20898441344525,0.814572429149315,0.7456069119079357,0.0,0.3719269843475087,1.0,1.0,2,1,1,0.912890625699005,0.912890625699005
flat_mlp_stable_search,12,12,0.0,0.0,260.2175794828221,35.0,295.2175794828221,0.7436280005095349,0.7091452418888452,0.01007866279900933,0.14593709814464703,1.0,2.0,1,1,0,0.3776026032818028,0.36561435893474636
flat_mlp_stable_search,13,13,0.0,0.0,266.70611473308054,0.0,266.70611473308054,0.7372353549427778,0.7372353549427778,0.5025476314977253,0.5025476314977253,1.0,2.0,0,0,0,0.4467418493708429,0.4246010430280047
flat_mlp_stable_search,14,14,0.0,0.0,257.9796826981849,0.0,257.9796826981849,0.7458328249278967,0.7458328249278967,0.023107996501235205,0.023107996501235205,1.0,2.0,0,0,0,0.36027709994519874,0.3452698427107721
flat_mlp_stable_search,15,15,0.0,0.0,171.29956348897383,35.0,206.29956348897383,0.8312319571537203,0.7967491985330307,0.04613866420206563,0.25988616303576295,1.0,1.0,1,0,1,0.6054466088904334,0.6054466088904334
flat_mlp_stable_search,16,16,1.0,1.0,184.92914755862716,70.0,254.92914755862716,0.8178037955087417,0.7488382782673624,0.0,0.3785233475853678,1.0,1.0,2,1,1,0.8532572283386759,0.8532572283386759
flat_mlp_stable_search,17,17,0.0,0.0,286.0090816759349,35.0,321.0090816759349,0.7182176535212464,0.6837348949005567,0.08458396816986723,0.21730856091184442,1.0,2.0,1,1,0,0.6073058023290985,0.6000825606903174
flat_mlp_stable_search,18,18,0.0,0.0,190.04347758262315,35.0,225.04347758262315,0.8127650467166274,0.7782822880959378,0.0648586701559906,0.2609719697521642,1.0,1.0,1,0,1,0.9462450469567847,0.9462450469567847
flat_mlp_stable_search,19,19,0.0,0.0,251.21364985420357,35.0,286.2136498542036,0.7524988671387157,0.718016108518026,-0.00028332934367777745,0.13900083572170954,1.0,2.0,1,1,0,0.2999098465841065,0.2837604532200324
flat_mlp_stable_search,20,20,0.0,0.0,261.09840731093163,0.0,261.09840731093163,0.7427601898414466,0.7427601898414466,0.43090005710219864,0.43090005710219864,1.0,2.0,0,0,0,0.3763732460306877,0.3736218846448329
flat_mlp_stable_search,21,21,0.0,0.0,275.2377466871761,0.0,275.2377466871761,0.7288298062195309,0.7288298062195309,0.5061061982150726,0.5061061982150726,1.0,2.0,0,0,0,0.5052442331951463,0.502161333519783
flat_mlp_stable_search,22,22,0.0,0.0,250.46752526062537,0.0,250.46752526062537,0.7532339652604676,0.7532339652604676,0.29890212598849003,0.29890212598849003,1.0,2.0,0,0,0,0.30092822143592607,0.2769775023693215
flat_mlp_stable_search,23,23,0.0,0.0,257.2481349127696,0.0,257.2481349127696,0.7465535616622959,0.7465535616622959,0.04066976634287938,0.04066976634287938,1.0,2.0,0,0,0,0.35529026128604224,0.33861940829790593
agg_gcn,0,0,1.0,1.0,191.60139719299536,0.0,191.60139719299536,0.811230150548773,0.811230150548773,0.0,0.0,1.0,1.0,0,0,0,0.9745708580544612,0.9745708580544612
agg_gcn,1,1,1.0,1.0,170.93305095100436,70.0,240.93305095100436,0.831593053250242,0.7626275360088627,0.0,0.4095170571785122,1.0,1.0,2,1,1,0.5987827445637155,0.5987827445637155
agg_gcn,2,2,0.0,0.0,260.69344245215143,105.0,365.69344245215143,0.7431591699978803,0.6397108941358114,0.38399722974347517,0.9414324600129799,1.0,2.0,3,2,1,0.40951155238812603,0.36994038592864964
agg_gcn,3,3,0.0,0.38095238095238093,248.75858729133734,70.0,318.75858729133734,0.7549176479888302,0.6859521307474509,0.3567338386142443,0.7385151058947581,1.0,2.0,2,1,1,0.2780857972987595,0.2614417026485214
agg_gcn,4,4,0.0,0.0,184.23779840247218,35.0,219.23779840247218,0.8184849276822934,0.7840021690616037,0.08736679486345615,0.2939359036468918,1.0,1.0,1,0,1,0.8406872436813124,0.8406872436813124
agg_gcn,5,5,1.0,1.0,181.129997581154,0.0,181.129997581154,0.8215468004126563,0.8215468004126563,0.0,0.0,1.0,1.0,0,0,0,0.7841817742027997,0.7841817742027997
agg_gcn,6,6,0.0,0.0,276.26512497060673,35.0,311.26512497060673,0.7278176108663973,0.6933348522457077,0.4869486534959151,0.6753300240286385,1.0,2.0,1,1,0,0.5359437498339489,0.511501136096425
agg_gcn,7,7,0.0,0.0,188.1962362214229,35.0,223.1962362214229,0.814584988944411,0.7801022303237213,0.06788293210791677,0.2664836234618201,1.0,1.0,1,0,1,0.9126588403895077,0.9126588403895077
agg_gcn,8,8,1.0,1.0,179.21741039626582,0.0,179.21741039626582,0.8234311227622997,0.8234311227622997,0.0,0.0,1.0,1.0,0,0,0,0.7494074617502876,0.7494074617502876
agg_gcn,9,9,1.0,1.0,167.56485307652463,0.0,167.56485307652463,0.8349114748014536,0.8349114748014536,0.0,0.0,1.0,1.0,0,0,0,0.5375427832095387,0.5375427832095387
agg_gcn,10,10,1.0,1.0,189.7168957293062,0.0,189.7168957293062,0.8130868022371367,0.8130868022371367,0.0,0.0,1.0,1.0,0,0,0,0.9403071950782946,0.9403071950782946
agg_gcn,11,11,0.0,0.0,259.03034370292187,35.0,294.03034370292187,0.7447976909330819,0.7103149323123923,0.3762910655418066,0.562254557715561,1.0,2.0,1,1,0,0.3675570441228277,0.3548213063901987
agg_gcn,12,12,0.5238095238095238,0.30952380952380953,269.14396761553826,70.0,339.14396761553826,0.7348335294428194,0.6658680122014401,0.044727952084686114,0.31644482277596153,1.0,2.0,2,1,1,0.45682867244384023,0.4467633419594386
agg_gcn,13,13,1.0,1.0,177.5026023416179,35.0,212.5026023416179,0.8251205888259923,0.7906378302053026,0.0,0.19718020771684075,1.0,1.0,1,0,1,0.7182291334839618,0.7182291334839618
agg_gcn,14,14,0.5238095238095238,0.2857142857142857,261.09097384918357,35.0,296.09097384918357,0.7427675134490802,0.7082847548283906,0.035446901731048794,0.17425155294630196,1.0,2.0,1,1,0,0.40474594251798274,0.3735543077198506
agg_gcn,15,15,1.0,1.0,163.74460609352516,35.0,198.74460609352516,0.8386752649324876,0.804192506311798,0.0,0.21374749883369734,1.0,1.0,1,0,1,0.468083747155003,0.468083747155003
agg_gcn,16,16,1.0,1.0,184.92914755862716,70.0,254.92914755862716,0.8178037955087417,0.7488382782673624,0.0,0.3785233475853678,1.0,1.0,2,1,1,0.8532572283386759,0.8532572283386759
agg_gcn,17,17,0.0,0.0,290.3438702750364,35.0,325.3438702750364,0.7139469258374026,0.679464167216713,0.101022055353819,0.2337466480957962,1.0,2.0,1,1,0,0.6411910273153532,0.6394897297730584
agg_gcn,18,18,1.0,1.0,178.46826335628538,35.0,213.46826335628538,0.8241691986637582,0.7896864400430685,0.0,0.19611329959617357,1.0,1.0,1,0,1,0.7357866064779157,0.7357866064779157
agg_gcn,19,19,0.5476190476190477,0.35714285714285715,347.4306286893606,70.0,417.4306286893606,0.657703814099152,0.5887382968577727,0.3826167152897189,0.6611850454204933,1.0,3.0,2,2,0,0.3180740436900253,0.27533714357188255
agg_gcn,20,20,1.0,1.0,182.4714493615282,70.0,252.4714493615282,0.8202251730428294,0.7512596558014502,0.0,0.383621658319324,1.0,1.0,2,0,2,0.8085718065732399,0.8085718065732399
agg_gcn,21,21,1.0,1.0,182.74790118609687,70.0,252.74790118609687,0.819952806713205,0.7509872894718257,0.0,0.3830413347878464,1.0,1.0,2,1,1,0.8135982033835795,0.8135982033835795
agg_gcn,22,22,0.0,0.4523809523809524,255.77163267720636,105.0,360.77163267720636,0.7480082436677771,0.6445599678057081,0.32640875141907005,0.8709293358216811,1.0,2.0,3,2,1,0.3362956593667599,0.3251966607018758
agg_gcn,23,23,0.0,0.35714285714285715,284.00660088943016,70.0,354.00660088943016,0.7201905409956353,0.651225023754256,0.14891827335369903,0.43209577304170743,1.0,2.0,2,1,1,0.5915440090787832,0.5818781899039107
agg_gcn_pruned,0,0,1.0,1.0,191.60139719299536,0.0,191.60139719299536,0.811230150548773,0.811230150548773,0.0,0.0,1.0,1.0,0,0,0,0.9745708580544612,0.9745708580544612
agg_gcn_pruned,1,1,1.0,1.0,170.93305095100436,70.0,240.93305095100436,0.831593053250242,0.7626275360088627,0.0,0.4095170571785122,1.0,1.0,2,1,1,0.5987827445637155,0.5987827445637155
agg_gcn_pruned,2,2,0.0,0.0,260.69344245215143,105.0,365.69344245215143,0.7431591699978803,0.6397108941358114,0.38399722974347517,0.9414324600129799,1.0,2.0,3,2,1,0.40951155238812603,0.36994038592864964
agg_gcn_pruned,3,3,0.38095238095238093,0.38095238095238093,248.75858729133734,70.0,318.75858729133734,0.7549176479888302,0.6859521307474509,0.3567338386142443,0.7385151058947581,1.0,2.0,2,1,1,0.2780857972987595,0.2614417026485214
agg_gcn_pruned,4,4,0.0,0.0,184.23779840247218,35.0,219.23779840247218,0.8184849276822934,0.7840021690616037,0.08736679486345615,0.2939359036468918,1.0,1.0,1,0,1,0.8406872436813124,0.8406872436813124
agg_gcn_pruned,5,5,1.0,1.0,181.129997581154,0.0,181.129997581154,0.8215468004126563,0.8215468004126563,0.0,0.0,1.0,1.0,0,0,0,0.7841817742027997,0.7841817742027997
agg_gcn_pruned,6,6,1.0,1.0,185.79331863349086,70.0,255.79331863349086,0.8169523954349844,0.7479868781936051,0.0,0.376762741065447,1.0,1.0,2,1,1,0.8689694296998335,0.8689694296998335
agg_gcn_pruned,7,7,0.0,0.0,188.1962362214229,70.0,258.1962362214229,0.814584988944411,0.7456194717030317,0.06788293210791677,0.4650843148157234,1.0,1.0,2,1,1,0.9126588403895077,0.9126588403895077
agg_gcn_pruned,8,8,1.0,1.0,179.21741039626582,0.0,179.21741039626582,0.8234311227622997,0.8234311227622997,0.0,0.0,1.0,1.0,0,0,0,0.7494074617502876,0.7494074617502876
agg_gcn_pruned,9,9,1.0,1.0,167.56485307652463,0.0,167.56485307652463,0.8349114748014536,0.8349114748014536,0.0,0.0,1.0,1.0,0,0,0,0.5375427832095387,0.5375427832095387
agg_gcn_pruned,10,10,1.0,1.0,189.7168957293062,0.0,189.7168957293062,0.8130868022371367,0.8130868022371367,0.0,0.0,1.0,1.0,0,0,0,0.9403071950782946,0.9403071950782946
agg_gcn_pruned,11,11,0.0,0.0,259.03034370292187,35.0,294.03034370292187,0.7447976909330819,0.7103149323123923,0.3762910655418066,0.562254557715561,1.0,2.0,1,1,0,0.3675570441228277,0.3548213063901987
agg_gcn_pruned,12,12,0.30952380952380953,0.30952380952380953,269.14396761553826,70.0,339.14396761553826,0.7348335294428194,0.6658680122014401,0.044727952084686114,0.31644482277596153,1.0,2.0,2,1,1,0.45682867244384023,0.4467633419594386
agg_gcn_pruned,13,13,1.0,1.0,177.5026023416179,35.0,212.5026023416179,0.8251205888259923,0.7906378302053026,0.0,0.19718020771684075,1.0,1.0,1,0,1,0.7182291334839618,0.7182291334839618
agg_gcn_pruned,14,14,0.42857142857142855,0.42857142857142855,259.67044697827055,35.0,294.67044697827055,0.7441670473120487,0.709684288691359,0.029813309249363734,0.16861796046461688,1.0,2.0,1,1,0,0.398917140288275,0.360640427075187
agg_gcn_pruned,15,15,1.0,1.0,163.74460609352516,35.0,198.74460609352516,0.8386752649324876,0.804192506311798,0.0,0.21374749883369734,1.0,1.0,1,0,1,0.468083747155003,0.468083747155003
agg_gcn_pruned,16,16,1.0,1.0,184.92914755862716,70.0,254.92914755862716,0.8178037955087417,0.7488382782673624,0.0,0.3785233475853678,1.0,1.0,2,1,1,0.8532572283386759,0.8532572283386759
agg_gcn_pruned,17,17,0.0,0.0,276.2778355585392,105.0,381.2778355585392,0.7278050881196658,0.6243568122575969,0.04768180594691605,0.44585558417284765,1.0,2.0,3,2,1,0.5490833904422063,0.511616686895811
agg_gcn_pruned,18,18,1.0,1.0,178.46826335628538,35.0,213.46826335628538,0.8241691986637582,0.7896864400430685,0.0,0.19611329959617357,1.0,1.0,1,0,1,0.7357866064779157,0.7357866064779157
agg_gcn_pruned,19,19,0.35714285714285715,0.35714285714285715,347.4306286893606,70.0,417.4306286893606,0.657703814099152,0.5887382968577727,0.3826167152897189,0.6611850454204933,1.0,3.0,2,2,0,0.3180740436900253,0.27533714357188255
agg_gcn_pruned,20,20,1.0,1.0,182.4714493615282,70.0,252.4714493615282,0.8202251730428294,0.7512596558014502,0.0,0.383621658319324,1.0,1.0,2,0,2,0.8085718065732399,0.8085718065732399
agg_gcn_pruned,21,21,1.0,1.0,182.74790118609687,70.0,252.74790118609687,0.819952806713205,0.7509872894718257,0.0,0.3830413347878464,1.0,1.0,2,1,1,0.8135982033835795,0.8135982033835795
agg_gcn_pruned,22,22,0.4523809523809524,0.4523809523809524,255.77163267720636,105.0,360.77163267720636,0.7480082436677771,0.6445599678057081,0.32640875141907005,0.8709293358216811,1.0,2.0,3,2,1,0.3362956593667599,0.3251966607018758
agg_gcn_pruned,23,23,0.9761904761904762,0.9761904761904762,246.2718833553717,70.0,316.2718833553717,0.757367602605545,0.6884020853641658,-0.0037334832566999015,0.2794440164313085,1.0,2.0,2,1,1,0.2685952457743563,0.2388353032306517
agg_gcn_stable,0,0,1.0,1.0,191.60139719299536,0.0,191.60139719299536,0.811230150548773,0.811230150548773,0.0,0.0,1.0,1.0,0,0,0,0.9745708580544612,0.9745708580544612
agg_gcn_stable,1,1,0.0,0.0,172.76512451472874,0.0,172.76512451472874,0.8297880546652918,0.8297880546652918,0.010718076776442244,0.010718076776442244,1.0,1.0,0,0,0,0.632093172995068,0.632093172995068
agg_gcn_stable,2,2,0.0,0.0,260.69344245215143,35.0,295.69344245215143,0.7431591699978803,0.7086764113771907,0.38399722974347517,0.5698089731666434,1.0,2.0,1,1,0,0.40951155238812603,0.36994038592864964
agg_gcn_stable,3,3,0.38095238095238093,0.38095238095238093,248.75858729133734,70.0,318.75858729133734,0.7549176479888302,0.6859521307474509,0.3567338386142443,0.7385151058947581,1.0,2.0,2,1,1,0.2780857972987595,0.2614417026485214
agg_gcn_stable,4,4,0.0,0.0,184.23779840247218,35.0,219.23779840247218,0.8184849276822934,0.7840021690616037,0.08736679486345615,0.2939359036468918,1.0,1.0,1,0,1,0.8406872436813124,0.8406872436813124
agg_gcn_stable,5,5,1.0,1.0,181.129997581154,0.0,181.129997581154,0.8215468004126563,0.8215468004126563,0.0,0.0,1.0,1.0,0,0,0,0.7841817742027997,0.7841817742027997
agg_gcn_stable,6,6,1.0,1.0,185.79331863349086,70.0,255.79331863349086,0.8169523954349844,0.7479868781936051,0.0,0.376762741065447,1.0,1.0,2,1,1,0.8689694296998335,0.8689694296998335
agg_gcn_stable,7,7,0.0,0.0,247.7355502957119,35.0,282.7355502957119,0.7559255662111213,0.7214428075904317,0.4057271874762305,0.6043278788301337,1.0,2.0,1,1,0,0.27995831001336136,0.2521413663246537
agg_gcn_stable,8,8,0.0,0.0,190.91126016790332,35.0,225.91126016790332,0.8119100885045288,0.7774273298838391,0.06524951870346385,0.26054304472089623,1.0,1.0,1,0,1,0.9620229121436971,0.9620229121436971
agg_gcn_stable,9,9,0.0,0.0,191.0303983069906,0.0,191.0303983069906,0.8117927110275954,0.8117927110275954,0.14003858684941273,0.14003858684941273,1.0,1.0,0,0,0,0.9641890601271019,0.9641890601271019
agg_gcn_stable,10,10,1.0,1.0,189.7168957293062,70.0,259.7168957293062,0.8130868022371367,0.7441212849957575,0.0,0.3689708274579725,1.0,1.0,2,1,1,0.9403071950782946,0.9403071950782946
agg_gcn_stable,11,11,0.0,0.0,259.03034370292187,35.0,294.03034370292187,0.7447976909330819,0.7103149323123923,0.3762910655418066,0.562254557715561,1.0,2.0,1,1,0,0.3675570441228277,0.3548213063901987
agg_gcn_stable,12,12,0.30952380952380953,0.30952380952380953,269.14396761553826,70.0,339.14396761553826,0.7348335294428194,0.6658680122014401,0.044727952084686114,0.31644482277596153,1.0,2.0,2,1,1,0.45682867244384023,0.4467633419594386
agg_gcn_stable,13,13,1.0,1.0,177.5026023416179,35.0,212.5026023416179,0.8251205888259923,0.7906378302053026,0.0,0.19718020771684075,1.0,1.0,1,0,1,0.7182291334839618,0.7182291334839618
agg_gcn_stable,14,14,0.2857142857142857,0.2857142857142857,261.09097384918357,35.0,296.09097384918357,0.7427675134490802,0.7082847548283906,0.035446901731048794,0.17425155294630196,1.0,2.0,1,1,0,0.40474594251798274,0.3735543077198506
agg_gcn_stable,15,15,1.0,1.0,163.74460609352516,35.0,198.74460609352516,0.8386752649324876,0.804192506311798,0.0,0.21374749883369734,1.0,1.0,1,0,1,0.468083747155003,0.468083747155003
agg_gcn_stable,16,16,1.0,1.0,184.92914755862716,70.0,254.92914755862716,0.8178037955087417,0.7488382782673624,0.0,0.3785233475853678,1.0,1.0,2,1,1,0.8532572283386759,0.8532572283386759
agg_gcn_stable,17,17,0.0,0.0,291.031908426981,35.0,326.031908426981,0.7132690557369645,0.6787862971162749,0.1036311863111843,0.2363557790531615,1.0,2.0,1,1,0,0.6699677010595556,0.6457446220634633
agg_gcn_stable,18,18,0.0,0.0,190.04347758262315,35.0,225.04347758262315,0.8127650467166274,0.7782822880959378,0.0648586701559906,0.2609719697521642,1.0,1.0,1,0,1,0.9462450469567847,0.9462450469567847
agg_gcn_stable,19,19,0.0,0.0,259.9365252636138,35.0,294.9365252636138,0.7439049012181145,0.7094221425974249,0.03442976832401092,0.17371393338939814,1.0,2.0,1,1,0,0.38528296651092553,0.36305932057830714
agg_gcn_stable,20,20,1.0,1.0,182.4714493615282,105.0,287.4714493615282,0.8202251730428294,0.7167768971807604,0.0,0.575432487478986,1.0,1.0,3,1,2,0.8085718065732399,0.8085718065732399
agg_gcn_stable,21,21,1.0,1.0,182.74790118609687,70.0,252.74790118609687,0.819952806713205,0.7509872894718257,0.0,0.3830413347878464,1.0,1.0,2,1,1,0.8135982033835795,0.8135982033835795
agg_gcn_stable,22,22,0.5,0.5,256.18094191576046,35.0,291.18094191576046,0.7476049833342261,0.7131222247135365,0.3285313924264878,0.5100382538940248,1.0,2.0,1,1,0,0.3339036775701034,0.32891765377964055
agg_gcn_stable,23,23,0.35714285714285715,0.35714285714285715,284.00660088943016,0.0,284.00660088943016,0.7201905409956353,0.7201905409956353,0.14891827335369903,0.14891827335369903,1.0,2.0,0,0,0,0.5915440090787832,0.5818781899039107
agg_gcn_search,0,0,1.0,1.0,191.60139719299536,0.0,191.60139719299536,0.811230150548773,0.811230150548773,0.0,0.0,1.0,1.0,0,0,0,0.9745708580544612,0.9745708580544612
agg_gcn_search,1,1,1.0,1.0,170.93305095100436,70.0,240.93305095100436,0.831593053250242,0.7626275360088627,0.0,0.4095170571785122,1.0,1.0,2,1,1,0.5987827445637155,0.5987827445637155
agg_gcn_search,2,2,1.0,1.0,188.36269094300943,70.0,258.3626909430094,0.8144209941448183,0.745455476903439,0.0,0.3716234868463363,1.0,1.0,2,1,1,0.9156852898728985,0.9156852898728985
agg_gcn_search,3,3,1.0,1.0,183.35105988468388,70.0,253.35105988468388,0.8193585616899666,0.7503930444485873,0.0,0.38178126728051387,1.0,1.0,2,1,1,0.8245647251760704,0.8245647251760704
agg_gcn_search,4,4,1.0,1.0,169.4348211411104,70.0,239.4348211411104,0.8330691417328961,0.7641036244915168,0.0,0.4131382175668713,1.0,1.0,2,1,1,0.5715422025656438,0.5715422025656438
agg_gcn_search,5,5,1.0,1.0,181.129997581154,70.0,251.129997581154,0.8215468004126563,0.7525812831712769,0.0,0.3864627667133767,1.0,1.0,2,1,1,0.7841817742027997,0.7841817742027997
agg_gcn_search,6,6,1.0,1.0,185.79331863349086,70.0,255.79331863349086,0.8169523954349844,0.7479868781936051,0.0,0.376762741065447,1.0,1.0,2,1,1,0.8689694296998335,0.8689694296998335
agg_gcn_search,7,7,1.0,1.0,176.23302195675922,70.0,246.23302195675922,0.8263714069391535,0.7574058896977742,0.0,0.3972013827078066,1.0,1.0,2,1,1,0.6951458537592585,0.6951458537592585
agg_gcn_search,8,8,1.0,1.0,179.21741039626582,70.0,249.21741039626582,0.8234311227622997,0.7544656055209205,0.0,0.3905870520348648,1.0,1.0,2,1,1,0.7494074617502876,0.7494074617502876
agg_gcn_search,9,9,1.0,1.0,167.56485307652463,0.0,167.56485307652463,0.8349114748014536,0.8349114748014536,0.0,0.0,1.0,1.0,0,0,0,0.5375427832095387,0.5375427832095387
agg_gcn_search,10,10,1.0,1.0,189.7168957293062,0.0,189.7168957293062,0.8130868022371367,0.8130868022371367,0.0,0.0,1.0,1.0,0,0,0,0.9403071950782946,0.9403071950782946
agg_gcn_search,11,11,1.0,1.0,188.20898441344528,70.0,258.20898441344525,0.814572429149315,0.7456069119079357,0.0,0.3719269843475087,1.0,1.0,2,1,1,0.912890625699005,0.912890625699005
agg_gcn_search,12,12,0.42857142857142855,0.42857142857142855,255.42265304569867,105.0,360.42265304569867,0.748352065964829,0.6449037901027599,-0.008533657296562712,0.3990416487403504,1.0,2.0,3,2,1,0.33536511655845175,0.32202411859726054
agg_gcn_search,13,13,1.0,1.0,177.5026023416179,105.0,282.5026023416179,0.8251205888259923,0.7216723129639233,0.0,0.5915406231505222,1.0,1.0,3,1,2,0.7182291334839618,0.7182291334839618
agg_gcn_search,14,14,1.0,1.0,252.15293359098814,35.0,287.15293359098814,0.7515734644423763,0.7170907058216865,0.0,0.13880465121525315,1.0,2.0,1,1,0,0.2997236925566715,0.2922993962817104
agg_gcn_search,15,15,1.0,1.0,163.74460609352516,35.0,198.74460609352516,0.8386752649324876,0.804192506311798,0.0,0.21374749883369734,1.0,1.0,1,0,1,0.468083747155003,0.468083747155003
agg_gcn_search,16,16,1.0,1.0,184.92914755862716,70.0,254.92914755862716,0.8178037955087417,0.7488382782673624,0.0,0.3785233475853678,1.0,1.0,2,1,1,0.8532572283386759,0.8532572283386759
agg_gcn_search,17,17,0.0,0.0,261.6593058761101,105.0,366.6593058761101,0.7422075804176255,0.6387593045555565,-0.007753576869852675,0.3904202013560789,1.0,2.0,3,2,1,0.43819537072683507,0.37872096251009224
agg_gcn_search,18,18,1.0,1.0,178.46826335628538,35.0,213.46826335628538,0.8241691986637582,0.7896864400430685,0.0,0.19611329959617357,1.0,1.0,1,0,1,0.7357866064779157,0.7357866064779157
agg_gcn_search,19,19,0.0,0.0,249.68759879291906,105.0,354.68759879291906,0.754002365721262,0.650554089859193,-0.006356322141339503,0.41149617305482217,1.0,2.0,3,2,1,0.2737489598819471,0.26988726175380956
agg_gcn_search,20,20,1.0,1.0,182.4714493615282,105.0,287.4714493615282,0.8202251730428294,0.7167768971807604,0.0,0.575432487478986,1.0,1.0,3,1,2,0.8085718065732399,0.8085718065732399
agg_gcn_search,21,21,1.0,1.0,182.74790118609687,70.0,252.74790118609687,0.819952806713205,0.7509872894718257,0.0,0.3830413347878464,1.0,1.0,2,1,1,0.8135982033835795,0.8135982033835795
agg_gcn_search,22,22,1.0,1.0,192.83017576864358,70.0,262.8301757686436,0.8100195312624201,0.7410540140210408,0.0,0.363013722935074,1.0,1.0,2,1,1,0.9969122867026107,0.9969122867026107
agg_gcn_search,23,23,0.42857142857142855,0.42857142857142855,245.8594150492425,35.0,280.8594150492425,0.7577739753209434,0.7232912167002538,-0.005402079594274395,0.1361866702497298,1.0,2.0,1,1,0,0.25423328990179656,0.23508559135675
agg_gcn_stable_search,0,0,1.0,1.0,191.60139719299536,0.0,191.60139719299536,0.811230150548773,0.811230150548773,0.0,0.0,1.0,1.0,0,0,0,0.9745708580544612,0.9745708580544612
agg_gcn_stable_search,1,1,0.0,0.0,172.76512451472874,0.0,172.76512451472874,0.8297880546652918,0.8297880546652918,0.010718076776442244,0.010718076776442244,1.0,1.0,0,0,0,0.632093172995068,0.632093172995068
agg_gcn_stable_search,2,2,1.0,1.0,188.36269094300943,70.0,258.3626909430094,0.8144209941448183,0.745455476903439,0.0,0.3716234868463363,1.0,1.0,2,1,1,0.9156852898728985,0.9156852898728985
agg_gcn_stable_search,3,3,0.0,0.0,186.31352295994674,0.0,186.31352295994674,0.8164398788571953,0.8164398788571953,0.016157327244936903,0.016157327244936903,1.0,1.0,0,0,0,0.8784276901808497,0.8784276901808497
agg_gcn_stable_search,4,4,1.0,1.0,169.4348211411104,70.0,239.4348211411104,0.8330691417328961,0.7641036244915168,0.0,0.4131382175668713,1.0,1.0,2,1,1,0.5715422025656438,0.5715422025656438
agg_gcn_stable_search,5,5,1.0,1.0,181.129997581154,70.0,251.129997581154,0.8215468004126563,0.7525812831712769,0.0,0.3864627667133767,1.0,1.0,2,1,1,0.7841817742027997,0.7841817742027997
agg_gcn_stable_search,6,6,1.0,1.0,185.79331863349086,70.0,255.79331863349086,0.8169523954349844,0.7479868781936051,0.0,0.376762741065447,1.0,1.0,2,1,1,0.8689694296998335,0.8689694296998335
agg_gcn_stable_search,7,7,1.0,1.0,176.23302195675922,70.0,246.23302195675922,0.8263714069391535,0.7574058896977742,0.0,0.3972013827078066,1.0,1.0,2,1,1,0.6951458537592585,0.6951458537592585
agg_gcn_stable_search,8,8,1.0,1.0,179.21741039626582,70.0,249.21741039626582,0.8234311227622997,0.7544656055209205,0.0,0.3905870520348648,1.0,1.0,2,1,1,0.7494074617502876,0.7494074617502876
agg_gcn_stable_search,9,9,1.0,1.0,167.56485307652463,0.0,167.56485307652463,0.8349114748014536,0.8349114748014536,0.0,0.0,1.0,1.0,0,0,0,0.5375427832095387,0.5375427832095387
agg_gcn_stable_search,10,10,1.0,1.0,189.7168957293062,0.0,189.7168957293062,0.8130868022371367,0.8130868022371367,0.0,0.0,1.0,1.0,0,0,0,0.9403071950782946,0.9403071950782946
agg_gcn_stable_search,11,11,1.0,1.0,188.20898441344528,70.0,258.20898441344525,0.814572429149315,0.7456069119079357,0.0,0.3719269843475087,1.0,1.0,2,1,1,0.912890625699005,0.912890625699005
agg_gcn_stable_search,12,12,0.0,0.0,260.52083407351813,35.0,295.52083407351813,0.7433292275137753,0.7088464688930856,0.011255796919104931,0.14711423226474263,1.0,2.0,1,1,0,0.3695563234051643,0.3683712188501649
agg_gcn_stable_search,13,13,0.0,0.0,266.6812312171469,0.0,266.6812312171469,0.7372598707220228,0.7372598707220228,0.5024074447308532,0.5024074447308532,1.0,2.0,0,0,0,0.4384523791185847,0.4243748292467895
agg_gcn_stable_search,14,14,0.0,0.0,261.68537580227064,0.0,261.68537580227064,0.7421818957613097,0.7421818957613097,0.037804209039046396,0.037804209039046396,1.0,2.0,0,0,0,0.4270999936035007,0.3789579618388241
agg_gcn_stable_search,15,15,0.0,0.0,171.29956348897383,35.0,206.29956348897383,0.8312319571537203,0.7967491985330307,0.04613866420206563,0.25988616303576295,1.0,1.0,1,0,1,0.6054466088904334,0.6054466088904334
agg_gcn_stable_search,16,16,1.0,1.0,184.92914755862716,70.0,254.92914755862716,0.8178037955087417,0.7488382782673624,0.0,0.3785233475853678,1.0,1.0,2,1,1,0.8532572283386759,0.8532572283386759
agg_gcn_stable_search,17,17,0.38095238095238093,0.38095238095238093,272.33604126116336,35.0,307.33604126116336,0.7316886292993464,0.6972058706786568,0.03273400472429154,0.16545859746626873,1.0,2.0,1,1,0,0.5039157871458354,0.47578219328330285
agg_gcn_stable_search,18,18,0.0,0.0,190.04347758262315,35.0,225.04347758262315,0.8127650467166274,0.7782822880959378,0.0648586701559906,0.2609719697521642,1.0,1.0,1,0,1,0.9462450469567847,0.9462450469567847
agg_gcn_stable_search,19,19,0.0,0.0,249.68759879291906,35.0,284.68759879291906,0.754002365721262,0.7195196071005724,-0.006356322141339503,0.13292784292404772,1.0,2.0,1,1,0,0.2737489598819471,0.26988726175380956
agg_gcn_stable_search,20,20,0.0,0.0,261.09840731093163,0.0,261.09840731093163,0.7427601898414466,0.7427601898414466,0.43090005710219864,0.43090005710219864,1.0,2.0,0,0,0,0.3763732460306877,0.3736218846448329
agg_gcn_stable_search,21,21,0.0,0.0,272.6000433009553,0.0,272.6000433009553,0.7314285287675317,0.7314285287675317,0.4916726349888948,0.4916726349888948,1.0,2.0,0,0,0,0.5151466665178503,0.4781822118268662
agg_gcn_stable_search,22,22,0.0,0.0,252.02214169688455,0.0,252.02214169688455,0.7517023234513452,0.7517023234513452,0.3069642274208115,0.3069642274208115,1.0,2.0,0,0,0,0.3063689879887111,0.29111037906258685
agg_gcn_stable_search,23,23,0.0,0.0,262.48389136519154,0.0,262.48389136519154,0.7413951809209935,0.7413951809209935,0.06185045807391077,0.06185045807391077,1.0,2.0,0,0,0,0.40192429895079684,0.38621719422901374
ml_gcn,0,0,1.0,1.0,191.60139719299536,0.0,191.60139719299536,0.811230150548773,0.811230150548773,0.0,0.0,1.0,1.0,0,0,0,0.9745708580544612,0.9745708580544612
ml_gcn,1,1,1.0,1.0,170.93305095100436,70.0,240.93305095100436,0.831593053250242,0.7626275360088627,0.0,0.4095170571785122,1.0,1.0,2,1,1,0.5987827445637155,0.5987827445637155
ml_gcn,2,2,0.0,0.0,260.69344245215143,105.0,365.69344245215143,0.7431591699978803,0.6397108941358114,0.38399722974347517,0.9414324600129799,1.0,2.0,3,2,1,0.40951155238812603,0.36994038592864964
ml_gcn,3,3,0.0,0.38095238095238093,248.75858729133734,70.0,318.75858729133734,0.7549176479888302,0.6859521307474509,0.3567338386142443,0.7385151058947581,1.0,2.0,2,1,1,0.2780857972987595,0.2614417026485214
ml_gcn,4,4,0.0,0.0,184.23779840247218,35.0,219.23779840247218,0.8184849276822934,0.7840021690616037,0.08736679486345615,0.2939359036468918,1.0,1.0,1,0,1,0.8406872436813124,0.8406872436813124
ml_gcn,5,5,1.0,1.0,181.129997581154,0.0,181.129997581154,0.8215468004126563,0.8215468004126563,0.0,0.0,1.0,1.0,0,0,0,0.7841817742027997,0.7841817742027997
ml_gcn,6,6,0.0,0.0,276.26512497060673,35.0,311.26512497060673,0.7278176108663973,0.6933348522457077,0.4869486534959151,0.6753300240286385,1.0,2.0,1,1,0,0.5359437498339489,0.511501136096425
ml_gcn,7,7,0.0,0.0,188.1962362214229,35.0,223.1962362214229,0.814584988944411,0.7801022303237213,0.06788293210791677,0.2664836234618201,1.0,1.0,1,0,1,0.9126588403895077,0.9126588403895077
ml_gcn,8,8,1.0,1.0,179.21741039626582,0.0,179.21741039626582,0.8234311227622997,0.8234311227622997,0.0,0.0,1.0,1.0,0,0,0,0.7494074617502876,0.7494074617502876
ml_gcn,9,9,1.0,1.0,167.56485307652463,0.0,167.56485307652463,0.8349114748014536,0.8349114748014536,0.0,0.0,1.0,1.0,0,0,0,0.5375427832095387,0.5375427832095387
ml_gcn,10,10,1.0,1.0,189.7168957293062,0.0,189.7168957293062,0.8130868022371367,0.8130868022371367,0.0,0.0,1.0,1.0,0,0,0,0.9403071950782946,0.9403071950782946
ml_gcn,11,11,0.0,0.0,259.03034370292187,35.0,294.03034370292187,0.7447976909330819,0.7103149323123923,0.3762910655418066,0.562254557715561,1.0,2.0,1,1,0,0.3675570441228277,0.3548213063901987
ml_gcn,12,12,0.5238095238095238,0.30952380952380953,269.14396761553826,70.0,339.14396761553826,0.7348335294428194,0.6658680122014401,0.044727952084686114,0.31644482277596153,1.0,2.0,2,1,1,0.45682867244384023,0.4467633419594386
ml_gcn,13,13,1.0,1.0,177.5026023416179,35.0,212.5026023416179,0.8251205888259923,0.7906378302053026,0.0,0.19718020771684075,1.0,1.0,1,0,1,0.7182291334839618,0.7182291334839618
ml_gcn,14,14,0.5238095238095238,0.2857142857142857,261.09097384918357,35.0,296.09097384918357,0.7427675134490802,0.7082847548283906,0.035446901731048794,0.17425155294630196,1.0,2.0,1,1,0,0.40474594251798274,0.3735543077198506
ml_gcn,15,15,1.0,1.0,163.74460609352516,35.0,198.74460609352516,0.8386752649324876,0.804192506311798,0.0,0.21374749883369734,1.0,1.0,1,0,1,0.468083747155003,0.468083747155003
ml_gcn,16,16,1.0,1.0,184.92914755862716,70.0,254.92914755862716,0.8178037955087417,0.7488382782673624,0.0,0.3785233475853678,1.0,1.0,2,1,1,0.8532572283386759,0.8532572283386759
ml_gcn,17,17,0.0,0.0,290.3438702750364,35.0,325.3438702750364,0.7139469258374026,0.679464167216713,0.101022055353819,0.2337466480957962,1.0,2.0,1,1,0,0.6411910273153532,0.6394897297730584
ml_gcn,18,18,1.0,1.0,178.46826335628538,35.0,213.46826335628538,0.8241691986637582,0.7896864400430685,0.0,0.19611329959617357,1.0,1.0,1,0,1,0.7357866064779157,0.7357866064779157
ml_gcn,19,19,0.5476190476190477,0.35714285714285715,347.4306286893606,70.0,417.4306286893606,0.657703814099152,0.5887382968577727,0.3826167152897189,0.6611850454204933,1.0,3.0,2,2,0,0.3180740436900253,0.27533714357188255
ml_gcn,20,20,1.0,1.0,182.4714493615282,70.0,252.4714493615282,0.8202251730428294,0.7512596558014502,0.0,0.383621658319324,1.0,1.0,2,0,2,0.8085718065732399,0.8085718065732399
ml_gcn,21,21,1.0,1.0,182.74790118609687,70.0,252.74790118609687,0.819952806713205,0.7509872894718257,0.0,0.3830413347878464,1.0,1.0,2,1,1,0.8135982033835795,0.8135982033835795
ml_gcn,22,22,0.0,0.4523809523809524,255.77163267720636,105.0,360.77163267720636,0.7480082436677771,0.6445599678057081,0.32640875141907005,0.8709293358216811,1.0,2.0,3,2,1,0.3362956593667599,0.3251966607018758
ml_gcn,23,23,0.0,0.35714285714285715,284.00660088943016,70.0,354.00660088943016,0.7201905409956353,0.651225023754256,0.14891827335369903,0.43209577304170743,1.0,2.0,2,1,1,0.5915440090787832,0.5818781899039107
ml_gcn_pruned,0,0,1.0,1.0,191.60139719299536,0.0,191.60139719299536,0.811230150548773,0.811230150548773,0.0,0.0,1.0,1.0,0,0,0,0.9745708580544612,0.9745708580544612
ml_gcn_pruned,1,1,1.0,1.0,170.93305095100436,70.0,240.93305095100436,0.831593053250242,0.7626275360088627,0.0,0.4095170571785122,1.0,1.0,2,1,1,0.5987827445637155,0.5987827445637155
ml_gcn_pruned,2,2,0.0,0.0,260.69344245215143,105.0,365.69344245215143,0.7431591699978803,0.6397108941358114,0.38399722974347517,0.9414324600129799,1.0,2.0,3,2,1,0.40951155238812603,0.36994038592864964
ml_gcn_pruned,3,3,0.38095238095238093,0.38095238095238093,248.75858729133734,70.0,318.75858729133734,0.7549176479888302,0.6859521307474509,0.3567338386142443,0.7385151058947581,1.0,2.0,2,1,1,0.2780857972987595,0.2614417026485214
ml_gcn_pruned,4,4,0.0,0.0,184.23779840247218,35.0,219.23779840247218,0.8184849276822934,0.7840021690616037,0.08736679486345615,0.2939359036468918,1.0,1.0,1,0,1,0.8406872436813124,0.8406872436813124
ml_gcn_pruned,5,5,1.0,1.0,181.129997581154,0.0,181.129997581154,0.8215468004126563,0.8215468004126563,0.0,0.0,1.0,1.0,0,0,0,0.7841817742027997,0.7841817742027997
ml_gcn_pruned,6,6,1.0,1.0,185.79331863349086,70.0,255.79331863349086,0.8169523954349844,0.7479868781936051,0.0,0.376762741065447,1.0,1.0,2,1,1,0.8689694296998335,0.8689694296998335
ml_gcn_pruned,7,7,0.0,0.0,188.1962362214229,70.0,258.1962362214229,0.814584988944411,0.7456194717030317,0.06788293210791677,0.4650843148157234,1.0,1.0,2,1,1,0.9126588403895077,0.9126588403895077
ml_gcn_pruned,8,8,1.0,1.0,179.21741039626582,0.0,179.21741039626582,0.8234311227622997,0.8234311227622997,0.0,0.0,1.0,1.0,0,0,0,0.7494074617502876,0.7494074617502876
ml_gcn_pruned,9,9,1.0,1.0,167.56485307652463,0.0,167.56485307652463,0.8349114748014536,0.8349114748014536,0.0,0.0,1.0,1.0,0,0,0,0.5375427832095387,0.5375427832095387
ml_gcn_pruned,10,10,1.0,1.0,189.7168957293062,0.0,189.7168957293062,0.8130868022371367,0.8130868022371367,0.0,0.0,1.0,1.0,0,0,0,0.9403071950782946,0.9403071950782946
ml_gcn_pruned,11,11,0.0,0.0,259.03034370292187,35.0,294.03034370292187,0.7447976909330819,0.7103149323123923,0.3762910655418066,0.562254557715561,1.0,2.0,1,1,0,0.3675570441228277,0.3548213063901987
ml_gcn_pruned,12,12,0.30952380952380953,0.30952380952380953,269.14396761553826,70.0,339.14396761553826,0.7348335294428194,0.6658680122014401,0.044727952084686114,0.31644482277596153,1.0,2.0,2,1,1,0.45682867244384023,0.4467633419594386
ml_gcn_pruned,13,13,1.0,1.0,177.5026023416179,35.0,212.5026023416179,0.8251205888259923,0.7906378302053026,0.0,0.19718020771684075,1.0,1.0,1,0,1,0.7182291334839618,0.7182291334839618
ml_gcn_pruned,14,14,0.2857142857142857,0.2857142857142857,261.09097384918357,35.0,296.09097384918357,0.7427675134490802,0.7082847548283906,0.035446901731048794,0.17425155294630196,1.0,2.0,1,1,0,0.40474594251798274,0.3735543077198506
ml_gcn_pruned,15,15,1.0,1.0,163.74460609352516,35.0,198.74460609352516,0.8386752649324876,0.804192506311798,0.0,0.21374749883369734,1.0,1.0,1,0,1,0.468083747155003,0.468083747155003
ml_gcn_pruned,16,16,1.0,1.0,184.92914755862716,70.0,254.92914755862716,0.8178037955087417,0.7488382782673624,0.0,0.3785233475853678,1.0,1.0,2,1,1,0.8532572283386759,0.8532572283386759
ml_gcn_pruned,17,17,0.0,0.0,276.2778355585392,105.0,381.2778355585392,0.7278050881196658,0.6243568122575969,0.04768180594691605,0.44585558417284765,1.0,2.0,3,2,1,0.5490833904422063,0.511616686895811
ml_gcn_pruned,18,18,1.0,1.0,178.46826335628538,35.0,213.46826335628538,0.8241691986637582,0.7896864400430685,0.0,0.19611329959617357,1.0,1.0,1,0,1,0.7357866064779157,0.7357866064779157
ml_gcn_pruned,19,19,0.0,0.0,264.3055173869841,35.0,299.3055173869841,0.7396004754808039,0.7051177168601142,0.05181638032632184,0.19110054539170906,1.0,2.0,1,1,0,0.4206509029139347,0.4027774307907648
ml_gcn_pruned,20,20,1.0,1.0,182.4714493615282,105.0,287.4714493615282,0.8202251730428294,0.7167768971807604,0.0,0.575432487478986,1.0,1.0,3,1,2,0.8085718065732399,0.8085718065732399
ml_gcn_pruned,21,21,1.0,1.0,182.74790118609687,70.0,252.74790118609687,0.819952806713205,0.7509872894718257,0.0,0.3830413347878464,1.0,1.0,2,1,1,0.8135982033835795,0.8135982033835795
ml_gcn_pruned,22,22,0.4523809523809524,0.4523809523809524,255.77163267720636,105.0,360.77163267720636,0.7480082436677771,0.6445599678057081,0.32640875141907005,0.8709293358216811,1.0,2.0,3,2,1,0.3362956593667599,0.3251966607018758
ml_gcn_pruned,23,23,0.35714285714285715,0.35714285714285715,284.00660088943016,70.0,354.00660088943016,0.7201905409956353,0.651225023754256,0.14891827335369903,0.43209577304170743,1.0,2.0,2,1,1,0.5915440090787832,0.5818781899039107
ml_gcn_stable,0,0,1.0,1.0,191.60139719299536,0.0,191.60139719299536,0.811230150548773,0.811230150548773,0.0,0.0,1.0,1.0,0,0,0,0.9745708580544612,0.9745708580544612
ml_gcn_stable,1,1,0.0,0.0,172.76512451472874,0.0,172.76512451472874,0.8297880546652918,0.8297880546652918,0.010718076776442244,0.010718076776442244,1.0,1.0,0,0,0,0.632093172995068,0.632093172995068
ml_gcn_stable,2,2,0.0,0.0,260.69344245215143,35.0,295.69344245215143,0.7431591699978803,0.7086764113771907,0.38399722974347517,0.5698089731666434,1.0,2.0,1,1,0,0.40951155238812603,0.36994038592864964
ml_gcn_stable,3,3,0.38095238095238093,0.38095238095238093,248.75858729133734,70.0,318.75858729133734,0.7549176479888302,0.6859521307474509,0.3567338386142443,0.7385151058947581,1.0,2.0,2,1,1,0.2780857972987595,0.2614417026485214
ml_gcn_stable,4,4,0.0,0.0,184.23779840247218,35.0,219.23779840247218,0.8184849276822934,0.7840021690616037,0.08736679486345615,0.2939359036468918,1.0,1.0,1,0,1,0.8406872436813124,0.8406872436813124
ml_gcn_stable,5,5,1.0,1.0,181.129997581154,0.0,181.129997581154,0.8215468004126563,0.8215468004126563,0.0,0.0,1.0,1.0,0,0,0,0.7841817742027997,0.7841817742027997
ml_gcn_stable,6,6,1.0,1.0,185.79331863349086,70.0,255.79331863349086,0.8169523954349844,0.7479868781936051,0.0,0.376762741065447,1.0,1.0,2,1,1,0.8689694296998335,0.8689694296998335
ml_gcn_stable,7,7,0.0,0.0,247.7355502957119,35.0,282.7355502957119,0.7559255662111213,0.7214428075904317,0.4057271874762305,0.6043278788301337,1.0,2.0,1,1,0,0.27995831001336136,0.2521413663246537
ml_gcn_stable,8,8,0.0,0.0,190.91126016790332,35.0,225.91126016790332,0.8119100885045288,0.7774273298838391,0.06524951870346385,0.26054304472089623,1.0,1.0,1,0,1,0.9620229121436971,0.9620229121436971
ml_gcn_stable,9,9,0.0,0.0,191.0303983069906,0.0,191.0303983069906,0.8117927110275954,0.8117927110275954,0.14003858684941273,0.14003858684941273,1.0,1.0,0,0,0,0.9641890601271019,0.9641890601271019
ml_gcn_stable,10,10,1.0,1.0,189.7168957293062,70.0,259.7168957293062,0.8130868022371367,0.7441212849957575,0.0,0.3689708274579725,1.0,1.0,2,1,1,0.9403071950782946,0.9403071950782946
ml_gcn_stable,11,11,0.0,0.0,259.03034370292187,35.0,294.03034370292187,0.7447976909330819,0.7103149323123923,0.3762910655418066,0.562254557715561,1.0,2.0,1,1,0,0.3675570441228277,0.3548213063901987
ml_gcn_stable,12,12,0.30952380952380953,0.30952380952380953,269.14396761553826,70.0,339.14396761553826,0.7348335294428194,0.6658680122014401,0.044727952084686114,0.31644482277596153,1.0,2.0,2,1,1,0.45682867244384023,0.4467633419594386
ml_gcn_stable,13,13,1.0,1.0,177.5026023416179,35.0,212.5026023416179,0.8251205888259923,0.7906378302053026,0.0,0.19718020771684075,1.0,1.0,1,0,1,0.7182291334839618,0.7182291334839618
ml_gcn_stable,14,14,0.2857142857142857,0.2857142857142857,261.09097384918357,35.0,296.09097384918357,0.7427675134490802,0.7082847548283906,0.035446901731048794,0.17425155294630196,1.0,2.0,1,1,0,0.40474594251798274,0.3735543077198506
ml_gcn_stable,15,15,1.0,1.0,163.74460609352516,35.0,198.74460609352516,0.8386752649324876,0.804192506311798,0.0,0.21374749883369734,1.0,1.0,1,0,1,0.468083747155003,0.468083747155003
ml_gcn_stable,16,16,1.0,1.0,184.92914755862716,70.0,254.92914755862716,0.8178037955087417,0.7488382782673624,0.0,0.3785233475853678,1.0,1.0,2,1,1,0.8532572283386759,0.8532572283386759
ml_gcn_stable,17,17,0.0,0.0,291.031908426981,35.0,326.031908426981,0.7132690557369645,0.6787862971162749,0.1036311863111843,0.2363557790531615,1.0,2.0,1,1,0,0.6699677010595556,0.6457446220634633
ml_gcn_stable,18,18,0.0,0.0,190.04347758262315,35.0,225.04347758262315,0.8127650467166274,0.7782822880959378,0.0648586701559906,0.2609719697521642,1.0,1.0,1,0,1,0.9462450469567847,0.9462450469567847
ml_gcn_stable,19,19,0.0,0.0,259.9365252636138,35.0,294.9365252636138,0.7439049012181145,0.7094221425974249,0.03442976832401092,0.17371393338939814,1.0,2.0,1,1,0,0.38528296651092553,0.36305932057830714
ml_gcn_stable,20,20,1.0,1.0,182.4714493615282,105.0,287.4714493615282,0.8202251730428294,0.7167768971807604,0.0,0.575432487478986,1.0,1.0,3,1,2,0.8085718065732399,0.8085718065732399
ml_gcn_stable,21,21,1.0,1.0,182.74790118609687,70.0,252.74790118609687,0.819952806713205,0.7509872894718257,0.0,0.3830413347878464,1.0,1.0,2,1,1,0.8135982033835795,0.8135982033835795
ml_gcn_stable,22,22,0.5,0.5,256.18094191576046,35.0,291.18094191576046,0.7476049833342261,0.7131222247135365,0.3285313924264878,0.5100382538940248,1.0,2.0,1,1,0,0.3339036775701034,0.32891765377964055
ml_gcn_stable,23,23,0.35714285714285715,0.35714285714285715,284.00660088943016,0.0,284.00660088943016,0.7201905409956353,0.7201905409956353,0.14891827335369903,0.14891827335369903,1.0,2.0,0,0,0,0.5915440090787832,0.5818781899039107
ml_gcn_search,0,0,1.0,1.0,191.60139719299536,0.0,191.60139719299536,0.811230150548773,0.811230150548773,0.0,0.0,1.0,1.0,0,0,0,0.9745708580544612,0.9745708580544612
ml_gcn_search,1,1,1.0,1.0,170.93305095100436,70.0,240.93305095100436,0.831593053250242,0.7626275360088627,0.0,0.4095170571785122,1.0,1.0,2,1,1,0.5987827445637155,0.5987827445637155
ml_gcn_search,2,2,1.0,1.0,188.36269094300943,70.0,258.3626909430094,0.8144209941448183,0.745455476903439,0.0,0.3716234868463363,1.0,1.0,2,1,1,0.9156852898728985,0.9156852898728985
ml_gcn_search,3,3,1.0,1.0,183.35105988468388,70.0,253.35105988468388,0.8193585616899666,0.7503930444485873,0.0,0.38178126728051387,1.0,1.0,2,1,1,0.8245647251760704,0.8245647251760704
ml_gcn_search,4,4,1.0,1.0,169.4348211411104,70.0,239.4348211411104,0.8330691417328961,0.7641036244915168,0.0,0.4131382175668713,1.0,1.0,2,1,1,0.5715422025656438,0.5715422025656438
ml_gcn_search,5,5,1.0,1.0,181.129997581154,70.0,251.129997581154,0.8215468004126563,0.7525812831712769,0.0,0.3864627667133767,1.0,1.0,2,1,1,0.7841817742027997,0.7841817742027997
ml_gcn_search,6,6,1.0,1.0,185.79331863349086,70.0,255.79331863349086,0.8169523954349844,0.7479868781936051,0.0,0.376762741065447,1.0,1.0,2,1,1,0.8689694296998335,0.8689694296998335
ml_gcn_search,7,7,1.0,1.0,176.23302195675922,70.0,246.23302195675922,0.8263714069391535,0.7574058896977742,0.0,0.3972013827078066,1.0,1.0,2,1,1,0.6951458537592585,0.6951458537592585
ml_gcn_search,8,8,1.0,1.0,179.21741039626582,70.0,249.21741039626582,0.8234311227622997,0.7544656055209205,0.0,0.3905870520348648,1.0,1.0,2,1,1,0.7494074617502876,0.7494074617502876
ml_gcn_search,9,9,1.0,1.0,167.56485307652463,0.0,167.56485307652463,0.8349114748014536,0.8349114748014536,0.0,0.0,1.0,1.0,0,0,0,0.5375427832095387,0.5375427832095387
ml_gcn_search,10,10,1.0,1.0,189.7168957293062,0.0,189.7168957293062,0.8130868022371367,0.8130868022371367,0.0,0.0,1.0,1.0,0,0,0,0.9403071950782946,0.9403071950782946
ml_gcn_search,11,11,1.0,1.0,188.20898441344528,70.0,258.20898441344525,0.814572429149315,0.7456069119079357,0.0,0.3719269843475087,1.0,1.0,2,1,1,0.912890625699005,0.912890625699005
ml_gcn_search,12,12,0.42857142857142855,0.42857142857142855,255.42265304569867,105.0,360.42265304569867,0.748352065964829,0.6449037901027599,-0.008533657296562712,0.3990416487403504,1.0,2.0,3,2,1,0.33536511655845175,0.32202411859726054
ml_gcn_search,13,13,1.0,1.0,177.5026023416179,105.0,282.5026023416179,0.8251205888259923,0.7216723129639233,0.0,0.5915406231505222,1.0,1.0,3,1,2,0.7182291334839618,0.7182291334839618
ml_gcn_search,14,14,1.0,1.0,252.15293359098814,35.0,287.15293359098814,0.7515734644423763,0.7170907058216865,0.0,0.13880465121525315,1.0,2.0,1,1,0,0.2997236925566715,0.2922993962817104
ml_gcn_search,15,15,1.0,1.0,163.74460609352516,35.0,198.74460609352516,0.8386752649324876,0.804192506311798,0.0,0.21374749883369734,1.0,1.0,1,0,1,0.468083747155003,0.468083747155003
ml_gcn_search,16,16,1.0,1.0,184.92914755862716,70.0,254.92914755862716,0.8178037955087417,0.7488382782673624,0.0,0.3785233475853678,1.0,1.0,2,1,1,0.8532572283386759,0.8532572283386759
ml_gcn_search,17,17,0.2857142857142857,0.2857142857142857,266.64560124745196,105.0,371.64560124745196,0.7372949741404414,0.6338466982783725,0.011155109485934511,0.4093288877118661,1.0,2.0,3,2,1,0.45489148648097,0.42405092043138115
ml_gcn_search,18,18,1.0,1.0,178.46826335628538,35.0,213.46826335628538,0.8241691986637582,0.7896864400430685,0.0,0.19611329959617357,1.0,1.0,1,0,1,0.7357866064779157,0.7357866064779157
ml_gcn_search,19,19,0.0,0.0,249.68759879291906,105.0,354.68759879291906,0.754002365721262,0.650554089859193,-0.006356322141339503,0.41149617305482217,1.0,2.0,3,2,1,0.2737489598819471,0.26988726175380956
ml_gcn_search,20,20,1.0,1.0,182.4714493615282,105.0,287.4714493615282,0.8202251730428294,0.7167768971807604,0.0,0.575432487478986,1.0,1.0,3,1,2,0.8085718065732399,0.8085718065732399
ml_gcn_search,21,21,1.0,1.0,182.74790118609687,70.0,252.74790118609687,0.819952806713205,0.7509872894718257,0.0,0.3830413347878464,1.0,1.0,2,1,1,0.8135982033835795,0.8135982033835795
ml_gcn_search,22,22,1.0,1.0,192.83017576864358,70.0,262.8301757686436,0.8100195312624201,0.7410540140210408,0.0,0.363013722935074,1.0,1.0,2,1,1,0.9969122867026107,0.9969122867026107
ml_gcn_search,23,23,0.42857142857142855,0.42857142857142855,245.8594150492425,35.0,280.8594150492425,0.7577739753209434,0.7232912167002538,-0.005402079594274395,0.1361866702497298,1.0,2.0,1,1,0,0.25423328990179656,0.23508559135675
ml_gcn_stable_search,0,0,1.0,1.0,191.60139719299536,0.0,191.60139719299536,0.811230150548773,0.811230150548773,0.0,0.0,1.0,1.0,0,0,0,0.9745708580544612,0.9745708580544612
ml_gcn_stable_search,1,1,0.0,0.0,172.76512451472874,0.0,172.76512451472874,0.8297880546652918,0.8297880546652918,0.010718076776442244,0.010718076776442244,1.0,1.0,0,0,0,0.632093172995068,0.632093172995068
ml_gcn_stable_search,2,2,1.0,1.0,188.36269094300943,70.0,258.3626909430094,0.8144209941448183,0.745455476903439,0.0,0.3716234868463363,1.0,1.0,2,1,1,0.9156852898728985,0.9156852898728985
ml_gcn_stable_search,3,3,0.0,0.0,186.31352295994674,0.0,186.31352295994674,0.8164398788571953,0.8164398788571953,0.016157327244936903,0.016157327244936903,1.0,1.0,0,0,0,0.8784276901808497,0.8784276901808497
ml_gcn_stable_search,4,4,1.0,1.0,169.4348211411104,70.0,239.4348211411104,0.8330691417328961,0.7641036244915168,0.0,0.4131382175668713,1.0,1.0,2,1,1,0.5715422025656438,0.5715422025656438
ml_gcn_stable_search,5,5,1.0,1.0,181.129997581154,70.0,251.129997581154,0.8215468004126563,0.7525812831712769,0.0,0.3864627667133767,1.0,1.0,2,1,1,0.7841817742027997,0.7841817742027997
ml_gcn_stable_search,6,6,1.0,1.0,185.79331863349086,70.0,255.79331863349086,0.8169523954349844,0.7479868781936051,0.0,0.376762741065447,1.0,1.0,2,1,1,0.8689694296998335,0.8689694296998335
ml_gcn_stable_search,7,7,1.0,1.0,176.23302195675922,70.0,246.23302195675922,0.8263714069391535,0.7574058896977742,0.0,0.3972013827078066,1.0,1.0,2,1,1,0.6951458537592585,0.6951458537592585
ml_gcn_stable_search,8,8,1.0,1.0,179.21741039626582,70.0,249.21741039626582,0.8234311227622997,0.7544656055209205,0.0,0.3905870520348648,1.0,1.0,2,1,1,0.7494074617502876,0.7494074617502876
ml_gcn_stable_search,9,9,1.0,1.0,167.56485307652463,0.0,167.56485307652463,0.8349114748014536,0.8349114748014536,0.0,0.0,1.0,1.0,0,0,0,0.5375427832095387,0.5375427832095387
ml_gcn_stable_search,10,10,1.0,1.0,189.7168957293062,0.0,189.7168957293062,0.8130868022371367,0.8130868022371367,0.0,0.0,1.0,1.0,0,0,0,0.9403071950782946,0.9403071950782946
ml_gcn_stable_search,11,11,1.0,1.0,188.20898441344528,70.0,258.20898441344525,0.814572429149315,0.7456069119079357,0.0,0.3719269843475087,1.0,1.0,2,1,1,0.912890625699005,0.912890625699005
ml_gcn_stable_search,12,12,0.0,0.0,261.39489334917096,35.0,296.39489334917096,0.7424680853702749,0.7079853267495853,0.014648606221663056,0.15050704156730077,1.0,2.0,1,1,0,0.3860184196243345,0.37631721226519077
ml_gcn_stable_search,13,13,0.0,0.0,266.178007223693,0.0,266.178007223693,0.7377556579076917,0.7377556579076917,0.4995724215435007,0.4995724215435007,1.0,2.0,0,0,0,0.42205149138216996,0.419800065669936
ml_gcn_stable_search,14,14,0.0,0.0,261.5932776740311,0.0,261.5932776740311,0.7422726328334669,0.7422726328334669,0.03743896193710745,0.03743896193710745,1.0,2.0,0,0,0,0.39994530112069215,0.3781207061275559
ml_gcn_stable_search,15,15,0.0,0.0,171.29956348897383,35.0,206.29956348897383,0.8312319571537203,0.7967491985330307,0.04613866420206563,0.25988616303576295,1.0,1.0,1,0,1,0.6054466088904334,0.6054466088904334
ml_gcn_stable_search,16,16,1.0,1.0,184.92914755862716,70.0,254.92914755862716,0.8178037955087417,0.7488382782673624,0.0,0.3785233475853678,1.0,1.0,2,1,1,0.8532572283386759,0.8532572283386759
ml_gcn_stable_search,17,17,0.35714285714285715,0.35714285714285715,271.0689403876592,35.0,306.0689403876592,0.7329370045441781,0.6984542459234884,0.027928991941467494,0.16065358468344468,1.0,2.0,1,1,0,0.4717826487377545,0.46426309443326563
ml_gcn_stable_search,18,18,0.0,0.0,190.04347758262315,35.0,225.04347758262315,0.8127650467166274,0.7782822880959378,0.0648586701559906,0.2609719697521642,1.0,1.0,1,0,1,0.9462450469567847,0.9462450469567847
ml_gcn_stable_search,19,19,0.0,0.0,249.68759879291906,35.0,284.68759879291906,0.754002365721262,0.7195196071005724,-0.006356322141339503,0.13292784292404772,1.0,2.0,1,1,0,0.2737489598819471,0.26988726175380956
ml_gcn_stable_search,20,20,0.0,0.0,261.09840731093163,0.0,261.09840731093163,0.7427601898414466,0.7427601898414466,0.43090005710219864,0.43090005710219864,1.0,2.0,0,0,0,0.3763732460306877,0.3736218846448329
ml_gcn_stable_search,21,21,0.0,0.0,272.6000433009553,0.0,272.6000433009553,0.7314285287675317,0.7314285287675317,0.4916726349888948,0.4916726349888948,1.0,2.0,0,0,0,0.5151466665178503,0.4781822118268662
ml_gcn_stable_search,22,22,0.0,0.0,251.59922864179254,0.0,251.59922864179254,0.7521189865598104,0.7521189865598104,0.3047710382407144,0.3047710382407144,1.0,2.0,0,0,0,0.2883551957155014,0.2872657149253868
ml_gcn_stable_search,23,23,0.0,0.0,259.818327886413,0.0,259.818327886413,0.7440213518360462,0.7440213518360462,0.05106720662847963,0.05106720662847963,1.0,2.0,0,0,0,0.3658735210471481,0.36198479896739083
attn_ml_gcn,0,0,1.0,1.0,191.60139719299536,0.0,191.60139719299536,0.811230150548773,0.811230150548773,0.0,0.0,1.0,1.0,0,0,0,0.9745708580544612,0.9745708580544612
attn_ml_gcn,1,1,1.0,1.0,170.93305095100436,70.0,240.93305095100436,0.831593053250242,0.7626275360088627,0.0,0.4095170571785122,1.0,1.0,2,1,1,0.5987827445637155,0.5987827445637155
attn_ml_gcn,2,2,0.0,0.0,260.69344245215143,105.0,365.69344245215143,0.7431591699978803,0.6397108941358114,0.38399722974347517,0.9414324600129799,1.0,2.0,3,2,1,0.40951155238812603,0.36994038592864964
attn_ml_gcn,3,3,0.0,0.38095238095238093,248.75858729133734,70.0,318.75858729133734,0.7549176479888302,0.6859521307474509,0.3567338386142443,0.7385151058947581,1.0,2.0,2,1,1,0.2780857972987595,0.2614417026485214
attn_ml_gcn,4,4,0.0,0.0,184.23779840247218,35.0,219.23779840247218,0.8184849276822934,0.7840021690616037,0.08736679486345615,0.2939359036468918,1.0,1.0,1,0,1,0.8406872436813124,0.8406872436813124
attn_ml_gcn,5,5,1.0,1.0,181.129997581154,0.0,181.129997581154,0.8215468004126563,0.8215468004126563,0.0,0.0,1.0,1.0,0,0,0,0.7841817742027997,0.7841817742027997
attn_ml_gcn,6,6,0.0,0.0,276.26512497060673,35.0,311.26512497060673,0.7278176108663973,0.6933348522457077,0.4869486534959151,0.6753300240286385,1.0,2.0,1,1,0,0.5359437498339489,0.511501136096425
attn_ml_gcn,7,7,0.0,0.0,188.1962362214229,35.0,223.1962362214229,0.814584988944411,0.7801022303237213,0.06788293210791677,0.2664836234618201,1.0,1.0,1,0,1,0.9126588403895077,0.9126588403895077
attn_ml_gcn,8,8,1.0,1.0,179.21741039626582,0.0,179.21741039626582,0.8234311227622997,0.8234311227622997,0.0,0.0,1.0,1.0,0,0,0,0.7494074617502876,0.7494074617502876
attn_ml_gcn,9,9,1.0,1.0,167.56485307652463,0.0,167.56485307652463,0.8349114748014536,0.8349114748014536,0.0,0.0,1.0,1.0,0,0,0,0.5375427832095387,0.5375427832095387
attn_ml_gcn,10,10,1.0,1.0,189.7168957293062,0.0,189.7168957293062,0.8130868022371367,0.8130868022371367,0.0,0.0,1.0,1.0,0,0,0,0.9403071950782946,0.9403071950782946
attn_ml_gcn,11,11,0.0,0.0,259.03034370292187,35.0,294.03034370292187,0.7447976909330819,0.7103149323123923,0.3762910655418066,0.562254557715561,1.0,2.0,1,1,0,0.3675570441228277,0.3548213063901987
attn_ml_gcn,12,12,0.5238095238095238,0.30952380952380953,269.14396761553826,70.0,339.14396761553826,0.7348335294428194,0.6658680122014401,0.044727952084686114,0.31644482277596153,1.0,2.0,2,1,1,0.45682867244384023,0.4467633419594386
attn_ml_gcn,13,13,1.0,1.0,177.5026023416179,35.0,212.5026023416179,0.8251205888259923,0.7906378302053026,0.0,0.19718020771684075,1.0,1.0,1,0,1,0.7182291334839618,0.7182291334839618
attn_ml_gcn,14,14,0.5238095238095238,0.2857142857142857,261.09097384918357,35.0,296.09097384918357,0.7427675134490802,0.7082847548283906,0.035446901731048794,0.17425155294630196,1.0,2.0,1,1,0,0.40474594251798274,0.3735543077198506
attn_ml_gcn,15,15,1.0,1.0,163.74460609352516,35.0,198.74460609352516,0.8386752649324876,0.804192506311798,0.0,0.21374749883369734,1.0,1.0,1,0,1,0.468083747155003,0.468083747155003
attn_ml_gcn,16,16,1.0,1.0,184.92914755862716,70.0,254.92914755862716,0.8178037955087417,0.7488382782673624,0.0,0.3785233475853678,1.0,1.0,2,1,1,0.8532572283386759,0.8532572283386759
attn_ml_gcn,17,17,0.0,0.0,290.3438702750364,35.0,325.3438702750364,0.7139469258374026,0.679464167216713,0.101022055353819,0.2337466480957962,1.0,2.0,1,1,0,0.6411910273153532,0.6394897297730584
attn_ml_gcn,18,18,1.0,1.0,178.46826335628538,35.0,213.46826335628538,0.8241691986637582,0.7896864400430685,0.0,0.19611329959617357,1.0,1.0,1,0,1,0.7357866064779157,0.7357866064779157
attn_ml_gcn,19,19,0.5476190476190477,0.35714285714285715,347.4306286893606,70.0,417.4306286893606,0.657703814099152,0.5887382968577727,0.3826167152897189,0.6611850454204933,1.0,3.0,2,2,0,0.3180740436900253,0.27533714357188255
attn_ml_gcn,20,20,1.0,1.0,182.4714493615282,70.0,252.4714493615282,0.8202251730428294,0.7512596558014502,0.0,0.383621658319324,1.0,1.0,2,0,2,0.8085718065732399,0.8085718065732399
attn_ml_gcn,21,21,1.0,1.0,182.74790118609687,70.0,252.74790118609687,0.819952806713205,0.7509872894718257,0.0,0.3830413347878464,1.0,1.0,2,1,1,0.8135982033835795,0.8135982033835795
attn_ml_gcn,22,22,0.0,0.4523809523809524,255.77163267720636,105.0,360.77163267720636,0.7480082436677771,0.6445599678057081,0.32640875141907005,0.8709293358216811,1.0,2.0,3,2,1,0.3362956593667599,0.3251966607018758
attn_ml_gcn,23,23,0.0,0.35714285714285715,284.00660088943016,70.0,354.00660088943016,0.7201905409956353,0.651225023754256,0.14891827335369903,0.43209577304170743,1.0,2.0,2,1,1,0.5915440090787832,0.5818781899039107
attn_ml_gcn_pruned,0,0,1.0,1.0,191.60139719299536,0.0,191.60139719299536,0.811230150548773,0.811230150548773,0.0,0.0,1.0,1.0,0,0,0,0.9745708580544612,0.9745708580544612
attn_ml_gcn_pruned,1,1,1.0,1.0,170.93305095100436,70.0,240.93305095100436,0.831593053250242,0.7626275360088627,0.0,0.4095170571785122,1.0,1.0,2,1,1,0.5987827445637155,0.5987827445637155
attn_ml_gcn_pruned,2,2,0.0,0.0,260.69344245215143,105.0,365.69344245215143,0.7431591699978803,0.6397108941358114,0.38399722974347517,0.9414324600129799,1.0,2.0,3,2,1,0.40951155238812603,0.36994038592864964
attn_ml_gcn_pruned,3,3,0.38095238095238093,0.38095238095238093,248.75858729133734,70.0,318.75858729133734,0.7549176479888302,0.6859521307474509,0.3567338386142443,0.7385151058947581,1.0,2.0,2,1,1,0.2780857972987595,0.2614417026485214
attn_ml_gcn_pruned,4,4,0.0,0.0,184.23779840247218,35.0,219.23779840247218,0.8184849276822934,0.7840021690616037,0.08736679486345615,0.2939359036468918,1.0,1.0,1,0,1,0.8406872436813124,0.8406872436813124
attn_ml_gcn_pruned,5,5,1.0,1.0,181.129997581154,0.0,181.129997581154,0.8215468004126563,0.8215468004126563,0.0,0.0,1.0,1.0,0,0,0,0.7841817742027997,0.7841817742027997
attn_ml_gcn_pruned,6,6,1.0,1.0,185.79331863349086,70.0,255.79331863349086,0.8169523954349844,0.7479868781936051,0.0,0.376762741065447,1.0,1.0,2,1,1,0.8689694296998335,0.8689694296998335
attn_ml_gcn_pruned,7,7,0.0,0.0,188.1962362214229,70.0,258.1962362214229,0.814584988944411,0.7456194717030317,0.06788293210791677,0.4650843148157234,1.0,1.0,2,1,1,0.9126588403895077,0.9126588403895077
attn_ml_gcn_pruned,8,8,1.0,1.0,179.21741039626582,0.0,179.21741039626582,0.8234311227622997,0.8234311227622997,0.0,0.0,1.0,1.0,0,0,0,0.7494074617502876,0.7494074617502876
attn_ml_gcn_pruned,9,9,1.0,1.0,167.56485307652463,0.0,167.56485307652463,0.8349114748014536,0.8349114748014536,0.0,0.0,1.0,1.0,0,0,0,0.5375427832095387,0.5375427832095387
attn_ml_gcn_pruned,10,10,1.0,1.0,189.7168957293062,0.0,189.7168957293062,0.8130868022371367,0.8130868022371367,0.0,0.0,1.0,1.0,0,0,0,0.9403071950782946,0.9403071950782946
attn_ml_gcn_pruned,11,11,0.0,0.0,259.03034370292187,35.0,294.03034370292187,0.7447976909330819,0.7103149323123923,0.3762910655418066,0.562254557715561,1.0,2.0,1,1,0,0.3675570441228277,0.3548213063901987
attn_ml_gcn_pruned,12,12,0.30952380952380953,0.30952380952380953,269.14396761553826,70.0,339.14396761553826,0.7348335294428194,0.6658680122014401,0.044727952084686114,0.31644482277596153,1.0,2.0,2,1,1,0.45682867244384023,0.4467633419594386
attn_ml_gcn_pruned,13,13,1.0,1.0,177.5026023416179,35.0,212.5026023416179,0.8251205888259923,0.7906378302053026,0.0,0.19718020771684075,1.0,1.0,1,0,1,0.7182291334839618,0.7182291334839618
attn_ml_gcn_pruned,14,14,0.42857142857142855,0.42857142857142855,259.67044697827055,35.0,294.67044697827055,0.7441670473120487,0.709684288691359,0.029813309249363734,0.16861796046461688,1.0,2.0,1,1,0,0.398917140288275,0.360640427075187
attn_ml_gcn_pruned,15,15,1.0,1.0,163.74460609352516,35.0,198.74460609352516,0.8386752649324876,0.804192506311798,0.0,0.21374749883369734,1.0,1.0,1,0,1,0.468083747155003,0.468083747155003
attn_ml_gcn_pruned,16,16,1.0,1.0,184.92914755862716,70.0,254.92914755862716,0.8178037955087417,0.7488382782673624,0.0,0.3785233475853678,1.0,1.0,2,1,1,0.8532572283386759,0.8532572283386759
attn_ml_gcn_pruned,17,17,0.0,0.0,276.2778355585392,105.0,381.2778355585392,0.7278050881196658,0.6243568122575969,0.04768180594691605,0.44585558417284765,1.0,2.0,3,2,1,0.5490833904422063,0.511616686895811
attn_ml_gcn_pruned,18,18,1.0,1.0,178.46826335628538,35.0,213.46826335628538,0.8241691986637582,0.7896864400430685,0.0,0.19611329959617357,1.0,1.0,1,0,1,0.7357866064779157,0.7357866064779157
attn_ml_gcn_pruned,19,19,0.0,0.0,264.3055173869841,35.0,299.3055173869841,0.7396004754808039,0.7051177168601142,0.05181638032632184,0.19110054539170906,1.0,2.0,1,1,0,0.4206509029139347,0.4027774307907648
attn_ml_gcn_pruned,20,20,1.0,1.0,182.4714493615282,105.0,287.4714493615282,0.8202251730428294,0.7167768971807604,0.0,0.575432487478986,1.0,1.0,3,1,2,0.8085718065732399,0.8085718065732399
attn_ml_gcn_pruned,21,21,1.0,1.0,182.74790118609687,70.0,252.74790118609687,0.819952806713205,0.7509872894718257,0.0,0.3830413347878464,1.0,1.0,2,1,1,0.8135982033835795,0.8135982033835795
attn_ml_gcn_pruned,22,22,0.4523809523809524,0.4523809523809524,255.77163267720636,105.0,360.77163267720636,0.7480082436677771,0.6445599678057081,0.32640875141907005,0.8709293358216811,1.0,2.0,3,2,1,0.3362956593667599,0.3251966607018758
attn_ml_gcn_pruned,23,23,0.35714285714285715,0.35714285714285715,284.00660088943016,70.0,354.00660088943016,0.7201905409956353,0.651225023754256,0.14891827335369903,0.43209577304170743,1.0,2.0,2,1,1,0.5915440090787832,0.5818781899039107
attn_ml_gcn_stable,0,0,1.0,1.0,191.60139719299536,0.0,191.60139719299536,0.811230150548773,0.811230150548773,0.0,0.0,1.0,1.0,0,0,0,0.9745708580544612,0.9745708580544612
attn_ml_gcn_stable,1,1,0.0,0.0,172.76512451472874,0.0,172.76512451472874,0.8297880546652918,0.8297880546652918,0.010718076776442244,0.010718076776442244,1.0,1.0,0,0,0,0.632093172995068,0.632093172995068
attn_ml_gcn_stable,2,2,0.0,0.0,260.69344245215143,35.0,295.69344245215143,0.7431591699978803,0.7086764113771907,0.38399722974347517,0.5698089731666434,1.0,2.0,1,1,0,0.40951155238812603,0.36994038592864964
attn_ml_gcn_stable,3,3,0.38095238095238093,0.38095238095238093,248.75858729133734,70.0,318.75858729133734,0.7549176479888302,0.6859521307474509,0.3567338386142443,0.7385151058947581,1.0,2.0,2,1,1,0.2780857972987595,0.2614417026485214
attn_ml_gcn_stable,4,4,0.0,0.0,184.23779840247218,35.0,219.23779840247218,0.8184849276822934,0.7840021690616037,0.08736679486345615,0.2939359036468918,1.0,1.0,1,0,1,0.8406872436813124,0.8406872436813124
attn_ml_gcn_stable,5,5,1.0,1.0,181.129997581154,0.0,181.129997581154,0.8215468004126563,0.8215468004126563,0.0,0.0,1.0,1.0,0,0,0,0.7841817742027997,0.7841817742027997
attn_ml_gcn_stable,6,6,1.0,1.0,185.79331863349086,70.0,255.79331863349086,0.8169523954349844,0.7479868781936051,0.0,0.376762741065447,1.0,1.0,2,1,1,0.8689694296998335,0.8689694296998335
attn_ml_gcn_stable,7,7,0.0,0.0,247.7355502957119,35.0,282.7355502957119,0.7559255662111213,0.7214428075904317,0.4057271874762305,0.6043278788301337,1.0,2.0,1,1,0,0.27995831001336136,0.2521413663246537
attn_ml_gcn_stable,8,8,0.0,0.0,190.91126016790332,35.0,225.91126016790332,0.8119100885045288,0.7774273298838391,0.06524951870346385,0.26054304472089623,1.0,1.0,1,0,1,0.9620229121436971,0.9620229121436971
attn_ml_gcn_stable,9,9,0.0,0.0,191.0303983069906,0.0,191.0303983069906,0.8117927110275954,0.8117927110275954,0.14003858684941273,0.14003858684941273,1.0,1.0,0,0,0,0.9641890601271019,0.9641890601271019
attn_ml_gcn_stable,10,10,1.0,1.0,189.7168957293062,70.0,259.7168957293062,0.8130868022371367,0.7441212849957575,0.0,0.3689708274579725,1.0,1.0,2,1,1,0.9403071950782946,0.9403071950782946
attn_ml_gcn_stable,11,11,0.0,0.0,259.03034370292187,35.0,294.03034370292187,0.7447976909330819,0.7103149323123923,0.3762910655418066,0.562254557715561,1.0,2.0,1,1,0,0.3675570441228277,0.3548213063901987
attn_ml_gcn_stable,12,12,0.30952380952380953,0.30952380952380953,269.14396761553826,70.0,339.14396761553826,0.7348335294428194,0.6658680122014401,0.044727952084686114,0.31644482277596153,1.0,2.0,2,1,1,0.45682867244384023,0.4467633419594386
attn_ml_gcn_stable,13,13,1.0,1.0,177.5026023416179,35.0,212.5026023416179,0.8251205888259923,0.7906378302053026,0.0,0.19718020771684075,1.0,1.0,1,0,1,0.7182291334839618,0.7182291334839618
attn_ml_gcn_stable,14,14,0.2857142857142857,0.2857142857142857,261.09097384918357,35.0,296.09097384918357,0.7427675134490802,0.7082847548283906,0.035446901731048794,0.17425155294630196,1.0,2.0,1,1,0,0.40474594251798274,0.3735543077198506
attn_ml_gcn_stable,15,15,1.0,1.0,163.74460609352516,35.0,198.74460609352516,0.8386752649324876,0.804192506311798,0.0,0.21374749883369734,1.0,1.0,1,0,1,0.468083747155003,0.468083747155003
attn_ml_gcn_stable,16,16,1.0,1.0,184.92914755862716,70.0,254.92914755862716,0.8178037955087417,0.7488382782673624,0.0,0.3785233475853678,1.0,1.0,2,1,1,0.8532572283386759,0.8532572283386759
attn_ml_gcn_stable,17,17,0.0,0.0,291.031908426981,35.0,326.031908426981,0.7132690557369645,0.6787862971162749,0.1036311863111843,0.2363557790531615,1.0,2.0,1,1,0,0.6699677010595556,0.6457446220634633
attn_ml_gcn_stable,18,18,0.0,0.0,190.04347758262315,35.0,225.04347758262315,0.8127650467166274,0.7782822880959378,0.0648586701559906,0.2609719697521642,1.0,1.0,1,0,1,0.9462450469567847,0.9462450469567847
attn_ml_gcn_stable,19,19,0.0,0.0,259.9365252636138,35.0,294.9365252636138,0.7439049012181145,0.7094221425974249,0.03442976832401092,0.17371393338939814,1.0,2.0,1,1,0,0.38528296651092553,0.36305932057830714
attn_ml_gcn_stable,20,20,1.0,1.0,182.4714493615282,105.0,287.4714493615282,0.8202251730428294,0.7167768971807604,0.0,0.575432487478986,1.0,1.0,3,1,2,0.8085718065732399,0.8085718065732399
attn_ml_gcn_stable,21,21,1.0,1.0,182.74790118609687,70.0,252.74790118609687,0.819952806713205,0.7509872894718257,0.0,0.3830413347878464,1.0,1.0,2,1,1,0.8135982033835795,0.8135982033835795
attn_ml_gcn_stable,22,22,0.5,0.5,256.18094191576046,35.0,291.18094191576046,0.7476049833342261,0.7131222247135365,0.3285313924264878,0.5100382538940248,1.0,2.0,1,1,0,0.3339036775701034,0.32891765377964055
attn_ml_gcn_stable,23,23,0.35714285714285715,0.35714285714285715,284.00660088943016,0.0,284.00660088943016,0.7201905409956353,0.7201905409956353,0.14891827335369903,0.14891827335369903,1.0,2.0,0,0,0,0.5915440090787832,0.5818781899039107
attn_ml_gcn_search,0,0,1.0,1.0,191.60139719299536,0.0,191.60139719299536,0.811230150548773,0.811230150548773,0.0,0.0,1.0,1.0,0,0,0,0.9745708580544612,0.9745708580544612
attn_ml_gcn_search,1,1,1.0,1.0,170.93305095100436,70.0,240.93305095100436,0.831593053250242,0.7626275360088627,0.0,0.4095170571785122,1.0,1.0,2,1,1,0.5987827445637155,0.5987827445637155
attn_ml_gcn_search,2,2,1.0,1.0,188.36269094300943,70.0,258.3626909430094,0.8144209941448183,0.745455476903439,0.0,0.3716234868463363,1.0,1.0,2,1,1,0.9156852898728985,0.9156852898728985
attn_ml_gcn_search,3,3,1.0,1.0,183.35105988468388,70.0,253.35105988468388,0.8193585616899666,0.7503930444485873,0.0,0.38178126728051387,1.0,1.0,2,1,1,0.8245647251760704,0.8245647251760704
attn_ml_gcn_search,4,4,1.0,1.0,169.4348211411104,70.0,239.4348211411104,0.8330691417328961,0.7641036244915168,0.0,0.4131382175668713,1.0,1.0,2,1,1,0.5715422025656438,0.5715422025656438
attn_ml_gcn_search,5,5,1.0,1.0,181.129997581154,70.0,251.129997581154,0.8215468004126563,0.7525812831712769,0.0,0.3864627667133767,1.0,1.0,2,1,1,0.7841817742027997,0.7841817742027997
attn_ml_gcn_search,6,6,1.0,1.0,185.79331863349086,70.0,255.79331863349086,0.8169523954349844,0.7479868781936051,0.0,0.376762741065447,1.0,1.0,2,1,1,0.8689694296998335,0.8689694296998335
attn_ml_gcn_search,7,7,1.0,1.0,176.23302195675922,70.0,246.23302195675922,0.8263714069391535,0.7574058896977742,0.0,0.3972013827078066,1.0,1.0,2,1,1,0.6951458537592585,0.6951458537592585
attn_ml_gcn_search,8,8,1.0,1.0,179.21741039626582,70.0,249.21741039626582,0.8234311227622997,0.7544656055209205,0.0,0.3905870520348648,1.0,1.0,2,1,1,0.7494074617502876,0.7494074617502876
attn_ml_gcn_search,9,9,1.0,1.0,167.56485307652463,0.0,167.56485307652463,0.8349114748014536,0.8349114748014536,0.0,0.0,1.0,1.0,0,0,0,0.5375427832095387,0.5375427832095387
attn_ml_gcn_search,10,10,1.0,1.0,189.7168957293062,0.0,189.7168957293062,0.8130868022371367,0.8130868022371367,0.0,0.0,1.0,1.0,0,0,0,0.9403071950782946,0.9403071950782946
attn_ml_gcn_search,11,11,1.0,1.0,188.20898441344528,70.0,258.20898441344525,0.814572429149315,0.7456069119079357,0.0,0.3719269843475087,1.0,1.0,2,1,1,0.912890625699005,0.912890625699005
attn_ml_gcn_search,12,12,0.42857142857142855,0.42857142857142855,255.42265304569867,105.0,360.42265304569867,0.748352065964829,0.6449037901027599,-0.008533657296562712,0.3990416487403504,1.0,2.0,3,2,1,0.33536511655845175,0.32202411859726054
attn_ml_gcn_search,13,13,1.0,1.0,177.5026023416179,105.0,282.5026023416179,0.8251205888259923,0.7216723129639233,0.0,0.5915406231505222,1.0,1.0,3,1,2,0.7182291334839618,0.7182291334839618
attn_ml_gcn_search,14,14,1.0,1.0,252.15293359098814,35.0,287.15293359098814,0.7515734644423763,0.7170907058216865,0.0,0.13880465121525315,1.0,2.0,1,1,0,0.2997236925566715,0.2922993962817104
attn_ml_gcn_search,15,15,1.0,1.0,163.74460609352516,35.0,198.74460609352516,0.8386752649324876,0.804192506311798,0.0,0.21374749883369734,1.0,1.0,1,0,1,0.468083747155003,0.468083747155003
attn_ml_gcn_search,16,16,1.0,1.0,184.92914755862716,70.0,254.92914755862716,0.8178037955087417,0.7488382782673624,0.0,0.3785233475853678,1.0,1.0,2,1,1,0.8532572283386759,0.8532572283386759
attn_ml_gcn_search,17,17,0.2857142857142857,0.2857142857142857,266.64560124745196,105.0,371.64560124745196,0.7372949741404414,0.6338466982783725,0.011155109485934511,0.4093288877118661,1.0,2.0,3,2,1,0.45489148648097,0.42405092043138115
attn_ml_gcn_search,18,18,1.0,1.0,178.46826335628538,35.0,213.46826335628538,0.8241691986637582,0.7896864400430685,0.0,0.19611329959617357,1.0,1.0,1,0,1,0.7357866064779157,0.7357866064779157
attn_ml_gcn_search,19,19,0.0,0.0,249.68759879291906,105.0,354.68759879291906,0.754002365721262,0.650554089859193,-0.006356322141339503,0.41149617305482217,1.0,2.0,3,2,1,0.2737489598819471,0.26988726175380956
attn_ml_gcn_search,20,20,1.0,1.0,182.4714493615282,105.0,287.4714493615282,0.8202251730428294,0.7167768971807604,0.0,0.575432487478986,1.0,1.0,3,1,2,0.8085718065732399,0.8085718065732399
attn_ml_gcn_search,21,21,1.0,1.0,182.74790118609687,70.0,252.74790118609687,0.819952806713205,0.7509872894718257,0.0,0.3830413347878464,1.0,1.0,2,1,1,0.8135982033835795,0.8135982033835795
attn_ml_gcn_search,22,22,1.0,1.0,192.83017576864358,70.0,262.8301757686436,0.8100195312624201,0.7410540140210408,0.0,0.363013722935074,1.0,1.0,2,1,1,0.9969122867026107,0.9969122867026107
attn_ml_gcn_search,23,23,0.42857142857142855,0.42857142857142855,245.8594150492425,35.0,280.8594150492425,0.7577739753209434,0.7232912167002538,-0.005402079594274395,0.1361866702497298,1.0,2.0,1,1,0,0.25423328990179656,0.23508559135675
attn_ml_gcn_stable_search,0,0,1.0,1.0,191.60139719299536,0.0,191.60139719299536,0.811230150548773,0.811230150548773,0.0,0.0,1.0,1.0,0,0,0,0.9745708580544612,0.9745708580544612
attn_ml_gcn_stable_search,1,1,0.0,0.0,172.76512451472874,0.0,172.76512451472874,0.8297880546652918,0.8297880546652918,0.010718076776442244,0.010718076776442244,1.0,1.0,0,0,0,0.632093172995068,0.632093172995068
attn_ml_gcn_stable_search,2,2,1.0,1.0,188.36269094300943,70.0,258.3626909430094,0.8144209941448183,0.745455476903439,0.0,0.3716234868463363,1.0,1.0,2,1,1,0.9156852898728985,0.9156852898728985
attn_ml_gcn_stable_search,3,3,0.0,0.0,186.31352295994674,0.0,186.31352295994674,0.8164398788571953,0.8164398788571953,0.016157327244936903,0.016157327244936903,1.0,1.0,0,0,0,0.8784276901808497,0.8784276901808497
attn_ml_gcn_stable_search,4,4,1.0,1.0,169.4348211411104,70.0,239.4348211411104,0.8330691417328961,0.7641036244915168,0.0,0.4131382175668713,1.0,1.0,2,1,1,0.5715422025656438,0.5715422025656438
attn_ml_gcn_stable_search,5,5,1.0,1.0,181.129997581154,70.0,251.129997581154,0.8215468004126563,0.7525812831712769,0.0,0.3864627667133767,1.0,1.0,2,1,1,0.7841817742027997,0.7841817742027997
attn_ml_gcn_stable_search,6,6,1.0,1.0,185.79331863349086,70.0,255.79331863349086,0.8169523954349844,0.7479868781936051,0.0,0.376762741065447,1.0,1.0,2,1,1,0.8689694296998335,0.8689694296998335
attn_ml_gcn_stable_search,7,7,1.0,1.0,176.23302195675922,70.0,246.23302195675922,0.8263714069391535,0.7574058896977742,0.0,0.3972013827078066,1.0,1.0,2,1,1,0.6951458537592585,0.6951458537592585
attn_ml_gcn_stable_search,8,8,1.0,1.0,179.21741039626582,70.0,249.21741039626582,0.8234311227622997,0.7544656055209205,0.0,0.3905870520348648,1.0,1.0,2,1,1,0.7494074617502876,0.7494074617502876
attn_ml_gcn_stable_search,9,9,1.0,1.0,167.56485307652463,0.0,167.56485307652463,0.8349114748014536,0.8349114748014536,0.0,0.0,1.0,1.0,0,0,0,0.5375427832095387,0.5375427832095387
attn_ml_gcn_stable_search,10,10,1.0,1.0,189.7168957293062,0.0,189.7168957293062,0.8130868022371367,0.8130868022371367,0.0,0.0,1.0,1.0,0,0,0,0.9403071950782946,0.9403071950782946
attn_ml_gcn_stable_search,11,11,1.0,1.0,188.20898441344528,70.0,258.20898441344525,0.814572429149315,0.7456069119079357,0.0,0.3719269843475087,1.0,1.0,2,1,1,0.912890625699005,0.912890625699005
attn_ml_gcn_stable_search,12,12,0.0,0.0,261.39489334917096,35.0,296.39489334917096,0.7424680853702749,0.7079853267495853,0.014648606221663056,0.15050704156730077,1.0,2.0,1,1,0,0.3860184196243345,0.37631721226519077
attn_ml_gcn_stable_search,13,13,0.0,0.0,266.178007223693,0.0,266.178007223693,0.7377556579076917,0.7377556579076917,0.4995724215435007,0.4995724215435007,1.0,2.0,0,0,0,0.42205149138216996,0.419800065669936
attn_ml_gcn_stable_search,14,14,0.0,0.0,261.5932776740311,0.0,261.5932776740311,0.7422726328334669,0.7422726328334669,0.03743896193710745,0.03743896193710745,1.0,2.0,0,0,0,0.39994530112069215,0.3781207061275559
attn_ml_gcn_stable_search,15,15,0.0,0.0,171.29956348897383,35.0,206.29956348897383,0.8312319571537203,0.7967491985330307,0.04613866420206563,0.25988616303576295,1.0,1.0,1,0,1,0.6054466088904334,0.6054466088904334
attn_ml_gcn_stable_search,16,16,1.0,1.0,184.92914755862716,70.0,254.92914755862716,0.8178037955087417,0.7488382782673624,0.0,0.3785233475853678,1.0,1.0,2,1,1,0.8532572283386759,0.8532572283386759
attn_ml_gcn_stable_search,17,17,0.35714285714285715,0.35714285714285715,271.0689403876592,35.0,306.0689403876592,0.7329370045441781,0.6984542459234884,0.027928991941467494,0.16065358468344468,1.0,2.0,1,1,0,0.4717826487377545,0.46426309443326563
attn_ml_gcn_stable_search,18,18,0.0,0.0,190.04347758262315,35.0,225.04347758262315,0.8127650467166274,0.7782822880959378,0.0648586701559906,0.2609719697521642,1.0,1.0,1,0,1,0.9462450469567847,0.9462450469567847
attn_ml_gcn_stable_search,19,19,0.0,0.0,249.68759879291906,35.0,284.68759879291906,0.754002365721262,0.7195196071005724,-0.006356322141339503,0.13292784292404772,1.0,2.0,1,1,0,0.2737489598819471,0.26988726175380956
attn_ml_gcn_stable_search,20,20,0.0,0.0,261.09840731093163,0.0,261.09840731093163,0.7427601898414466,0.7427601898414466,0.43090005710219864,0.43090005710219864,1.0,2.0,0,0,0,0.3763732460306877,0.3736218846448329
attn_ml_gcn_stable_search,21,21,0.0,0.0,272.6000433009553,0.0,272.6000433009553,0.7314285287675317,0.7314285287675317,0.4916726349888948,0.4916726349888948,1.0,2.0,0,0,0,0.5151466665178503,0.4781822118268662
attn_ml_gcn_stable_search,22,22,0.0,0.0,251.59922864179254,0.0,251.59922864179254,0.7521189865598104,0.7521189865598104,0.3047710382407144,0.3047710382407144,1.0,2.0,0,0,0,0.2883551957155014,0.2872657149253868
attn_ml_gcn_stable_search,23,23,0.0,0.0,259.818327886413,0.0,259.818327886413,0.7440213518360462,0.7440213518360462,0.05106720662847963,0.05106720662847963,1.0,2.0,0,0,0,0.3658735210471481,0.36198479896739083
