policy,graph_id,hour,raw_assignment_accuracy,assignment_accuracy,energy_w,switching_penalty_w,energy_w_with_switching,energy_saving_vs_all_on,energy_saving_with_switching_vs_all_on,energy_gap_vs_oracle,energy_gap_with_switching_vs_oracle_static,served_ratio,active_bs,switch_events,activation_events,deactivation_events,max_load,mean_active_load
rsrp,0,0,0.3333333333333333,0.3333333333333333,688.454479163049,0.0,688.454479163049,0.32171972496251333,0.32171972496251333,1.801128936762283,1.801128936762283,1.0,7.0,0,0,0,0.19395198043494322,0.15182981600791953
rsrp,1,1,0.09523809523809523,0.09523809523809523,685.4496332654232,0.0,685.4496332654232,0.324680164270519,0.324680164270519,2.839959071286952,2.839959071286952,1.0,7.0,0,0,0,0.19876495483938145,0.144025021468632
rsrp,2,2,0.19047619047619047,0.16666666666666666,702.6040090376065,0.0,702.6040090376065,0.3077793014407818,0.3077793014407818,3.213038116572328,3.213038116572328,1.0,7.0,0,0,0,0.24731506770055214,0.18858184165612082
rsrp,3,3,0.35714285714285715,0.2857142857142857,695.5813258652053,0.0,695.5813258652053,0.3146982011180244,0.3146982011180244,1.6646395268780523,1.6646395268780523,1.0,7.0,0,0,0,0.2195841728620852,0.1703411061433904
rsrp,4,4,0.11904761904761904,0.14285714285714285,670.5473961734829,0.0,670.5473961734829,0.33936217125765233,0.33936217125765233,3.0342627411419585,3.0342627411419585,1.0,7.0,0,0,0,0.1800442285155474,0.1053179121389164
rsrp,5,5,0.14285714285714285,0.14285714285714285,702.5411827241797,0.0,702.5411827241797,0.3078411992865224,0.3078411992865224,2.7385732846217836,2.7385732846217836,1.0,7.0,0,0,0,0.24867912526030908,0.18841865642644082
rsrp,6,6,0.23809523809523808,0.23809523809523808,677.9171716417844,0.0,677.9171716417844,0.332101308727306,0.332101308727306,2.697026177095473,2.697026177095473,1.0,7.0,0,0,0,0.16485068485841042,0.124460186082557
rsrp,7,7,0.16666666666666666,0.16666666666666666,680.044186046156,0.0,680.044186046156,0.3300057280333438,0.3300057280333438,3.235388686027812,3.235388686027812,1.0,7.0,0,0,0,0.16130902877584494,0.12998489882118477
rsrp,8,8,0.35714285714285715,0.3333333333333333,683.7323472166005,0.0,683.7323472166005,0.32637207170778276,0.32637207170778276,1.6953313840685635,1.6953313840685635,1.0,7.0,0,0,0,0.18623285945254356,0.13956453822493642
rsrp,9,9,0.14285714285714285,0.14285714285714285,677.8812810812062,0.0,677.8812810812062,0.33213666888551113,0.33213666888551113,3.3218620290860423,3.3218620290860423,1.0,7.0,0,0,0,0.21030727921641462,0.12436696384728887
rsrp,10,10,0.3333333333333333,0.3333333333333333,677.1108772294804,0.0,677.1108772294804,0.33289568745864,0.33289568745864,1.677277703746699,1.677277703746699,1.0,7.0,0,0,0,0.184908782597246,0.12236591488176744
rsrp,11,11,0.35714285714285715,0.35714285714285715,676.4249148843413,0.0,676.4249148843413,0.3335715124292204,0.3335715124292204,1.7594837142023037,1.7594837142023037,1.0,7.0,0,0,0,0.1806748469313039,0.12058419450478264
rsrp,12,12,0.2857142857142857,0.2619047619047619,753.4401538833164,0.0,753.4401538833164,0.2576944296716095,0.2576944296716095,1.7578953777760076,1.7578953777760076,1.0,7.0,0,0,0,0.43737460319164867,0.32062377632030226
rsrp,13,13,0.16666666666666666,0.19047619047619047,689.2567129640047,0.0,689.2567129640047,0.3209293468334929,0.3209293468334929,2.8146286337434256,2.8146286337434256,1.0,7.0,0,0,0,0.21550307923268117,0.15391354016624592
rsrp,14,14,0.42857142857142855,0.38095238095238093,687.773417343712,0.0,687.773417343712,0.32239072182885514,0.32239072182885514,1.8055459396964506,1.8055459396964506,1.0,7.0,0,0,0,0.1869349314270629,0.15006082426938194
rsrp,15,15,0.14285714285714285,0.11904761904761904,680.6182442201798,0.0,680.6182442201798,0.3294401534776554,0.3294401534776554,3.0417418071468205,3.0417418071468205,1.0,7.0,0,0,0,0.18241084196203175,0.1314759590134539
rsrp,16,16,0.2619047619047619,0.2619047619047619,674.7462662399995,0.0,674.7462662399995,0.3352253534581286,0.3352253534581286,1.720754350761759,1.720754350761759,1.0,7.0,0,0,0,0.17288205321656183,0.11622406815584298
rsrp,17,17,0.19047619047619047,0.19047619047619047,675.5624246770409,0.0,675.5624246770409,0.33442125647582177,0.33442125647582177,2.698597688853439,2.698597688853439,1.0,7.0,0,0,0,0.1876063867038479,0.11834396020010621
rsrp,18,18,0.14285714285714285,0.09523809523809523,676.226835802891,0.0,676.226835802891,0.33376666423360496,0.33376666423360496,2.981890440035862,2.981890440035862,1.0,7.0,0,0,0,0.16479430432185238,0.12006970338413228
rsrp,19,19,0.16666666666666666,0.14285714285714285,679.7560921353245,0.0,679.7560921353245,0.3302895643986951,0.3302895643986951,3.0696732492760996,3.0696732492760996,1.0,7.0,0,0,0,0.15285209765147442,0.12923660294889472
rsrp,20,20,0.09523809523809523,0.09523809523809523,698.9983355576462,0.0,698.9983355576462,0.31133168910576725,0.31133168910576725,2.696800850929923,2.696800850929923,1.0,7.0,0,0,0,0.23420974913815462,0.17921645599388647
rsrp,21,21,0.11904761904761904,0.09523809523809523,691.2387673852184,0.0,691.2387673852184,0.31897658385692773,0.31897658385692773,2.878031877540257,2.878031877540257,1.0,7.0,0,0,0,0.2166251469490999,0.15906173346809951
rsrp,22,22,0.30952380952380953,0.3333333333333333,690.9867608457232,0.0,690.9867608457232,0.31922486616184903,0.31922486616184903,1.8262153930598228,1.8262153930598228,1.0,7.0,0,0,0,0.2125071091934892,0.15840717102785248
rsrp,23,23,0.21428571428571427,0.19047619047619047,678.9128787855908,0.0,678.9128787855908,0.3311203164673982,0.3311203164673982,2.5407598472314925,2.5407598472314925,1.0,7.0,0,0,0,0.18873697704909975,0.12704643840413182
sinr,0,0,0.3333333333333333,0.3333333333333333,688.454479163049,0.0,688.454479163049,0.32171972496251333,0.32171972496251333,1.801128936762283,1.801128936762283,1.0,7.0,0,0,0,0.19395198043494322,0.15182981600791953
sinr,1,1,0.09523809523809523,0.09523809523809523,685.4496332654232,0.0,685.4496332654232,0.324680164270519,0.324680164270519,2.839959071286952,2.839959071286952,1.0,7.0,0,0,0,0.19876495483938145,0.144025021468632
sinr,2,2,0.19047619047619047,0.16666666666666666,702.6040090376065,0.0,702.6040090376065,0.3077793014407818,0.3077793014407818,3.213038116572328,3.213038116572328,1.0,7.0,0,0,0,0.24731506770055214,0.18858184165612082
sinr,3,3,0.35714285714285715,0.2857142857142857,695.5813258652053,0.0,695.5813258652053,0.3146982011180244,0.3146982011180244,1.6646395268780523,1.6646395268780523,1.0,7.0,0,0,0,0.2195841728620852,0.1703411061433904
sinr,4,4,0.11904761904761904,0.14285714285714285,670.5473961734829,0.0,670.5473961734829,0.33936217125765233,0.33936217125765233,3.0342627411419585,3.0342627411419585,1.0,7.0,0,0,0,0.1800442285155474,0.1053179121389164
sinr,5,5,0.14285714285714285,0.14285714285714285,702.5411827241797,0.0,702.5411827241797,0.3078411992865224,0.3078411992865224,2.7385732846217836,2.7385732846217836,1.0,7.0,0,0,0,0.24867912526030908,0.18841865642644082
sinr,6,6,0.23809523809523808,0.23809523809523808,677.9171716417844,0.0,677.9171716417844,0.332101308727306,0.332101308727306,2.697026177095473,2.697026177095473,1.0,7.0,0,0,0,0.16485068485841042,0.124460186082557
sinr,7,7,0.16666666666666666,0.16666666666666666,680.044186046156,0.0,680.044186046156,0.3300057280333438,0.3300057280333438,3.235388686027812,3.235388686027812,1.0,7.0,0,0,0,0.16130902877584494,0.12998489882118477
sinr,8,8,0.35714285714285715,0.3333333333333333,683.7323472166005,0.0,683.7323472166005,0.32637207170778276,0.32637207170778276,1.6953313840685635,1.6953313840685635,1.0,7.0,0,0,0,0.18623285945254356,0.13956453822493642
sinr,9,9,0.14285714285714285,0.14285714285714285,677.8812810812062,0.0,677.8812810812062,0.33213666888551113,0.33213666888551113,3.3218620290860423,3.3218620290860423,1.0,7.0,0,0,0,0.21030727921641462,0.12436696384728887
sinr,10,10,0.3333333333333333,0.3333333333333333,677.1108772294804,0.0,677.1108772294804,0.33289568745864,0.33289568745864,1.677277703746699,1.677277703746699,1.0,7.0,0,0,0,0.184908782597246,0.12236591488176744
sinr,11,11,0.35714285714285715,0.35714285714285715,676.4249148843413,0.0,676.4249148843413,0.3335715124292204,0.3335715124292204,1.7594837142023037,1.7594837142023037,1.0,7.0,0,0,0,0.1806748469313039,0.12058419450478264
sinr,12,12,0.2857142857142857,0.2619047619047619,753.4401538833164,0.0,753.4401538833164,0.2576944296716095,0.2576944296716095,1.7578953777760076,1.7578953777760076,1.0,7.0,0,0,0,0.43737460319164867,0.32062377632030226
sinr,13,13,0.16666666666666666,0.19047619047619047,689.2567129640047,0.0,689.2567129640047,0.3209293468334929,0.3209293468334929,2.8146286337434256,2.8146286337434256,1.0,7.0,0,0,0,0.21550307923268117,0.15391354016624592
sinr,14,14,0.42857142857142855,0.38095238095238093,687.773417343712,0.0,687.773417343712,0.32239072182885514,0.32239072182885514,1.8055459396964506,1.8055459396964506,1.0,7.0,0,0,0,0.1869349314270629,0.15006082426938194
sinr,15,15,0.14285714285714285,0.11904761904761904,680.6182442201798,0.0,680.6182442201798,0.3294401534776554,0.3294401534776554,3.0417418071468205,3.0417418071468205,1.0,7.0,0,0,0,0.18241084196203175,0.1314759590134539
sinr,16,16,0.2619047619047619,0.2619047619047619,674.7462662399995,0.0,674.7462662399995,0.3352253534581286,0.3352253534581286,1.720754350761759,1.720754350761759,1.0,7.0,0,0,0,0.17288205321656183,0.11622406815584298
sinr,17,17,0.19047619047619047,0.19047619047619047,675.5624246770409,0.0,675.5624246770409,0.33442125647582177,0.33442125647582177,2.698597688853439,2.698597688853439,1.0,7.0,0,0,0,0.1876063867038479,0.11834396020010621
sinr,18,18,0.14285714285714285,0.09523809523809523,676.226835802891,0.0,676.226835802891,0.33376666423360496,0.33376666423360496,2.981890440035862,2.981890440035862,1.0,7.0,0,0,0,0.16479430432185238,0.12006970338413228
sinr,19,19,0.16666666666666666,0.14285714285714285,679.7560921353245,0.0,679.7560921353245,0.3302895643986951,0.3302895643986951,3.0696732492760996,3.0696732492760996,1.0,7.0,0,0,0,0.15285209765147442,0.12923660294889472
sinr,20,20,0.09523809523809523,0.09523809523809523,698.9983355576462,0.0,698.9983355576462,0.31133168910576725,0.31133168910576725,2.696800850929923,2.696800850929923,1.0,7.0,0,0,0,0.23420974913815462,0.17921645599388647
sinr,21,21,0.11904761904761904,0.09523809523809523,691.2387673852184,0.0,691.2387673852184,0.31897658385692773,0.31897658385692773,2.878031877540257,2.878031877540257,1.0,7.0,0,0,0,0.2166251469490999,0.15906173346809951
sinr,22,22,0.30952380952380953,0.3333333333333333,690.9867608457232,0.0,690.9867608457232,0.31922486616184903,0.31922486616184903,1.8262153930598228,1.8262153930598228,1.0,7.0,0,0,0,0.2125071091934892,0.15840717102785248
sinr,23,23,0.21428571428571427,0.19047619047619047,678.9128787855908,0.0,678.9128787855908,0.3311203164673982,0.3311203164673982,2.5407598472314925,2.5407598472314925,1.0,7.0,0,0,0,0.18873697704909975,0.12704643840413182
load_aware,0,0,0.35714285714285715,0.35714285714285715,690.6934128526382,0.0,690.6934128526382,0.31951387896291805,0.31951387896291805,1.8102385324366759,1.8102385324366759,1.0,7.0,0,0,0,0.18945861545296513,0.15764522818867052
load_aware,1,1,0.11904761904761904,0.11904761904761904,689.606674471674,0.0,689.606674471674,0.32058455717076456,0.32058455717076456,2.8632472420218464,2.8632472420218464,1.0,7.0,0,0,0,0.18804179758004663,0.15482253109525682
load_aware,2,2,0.16666666666666666,0.16666666666666666,705.9025474192625,0.0,705.9025474192625,0.30452950993176103,0.30452950993176103,3.2328172065748584,3.2328172065748584,1.0,7.0,0,0,0,0.24731506770055214,0.19714947381626616
load_aware,3,3,0.3333333333333333,0.3333333333333333,712.1021890723998,0.0,712.1021890723998,0.2984214885986209,0.2984214885986209,1.7279278060239573,1.7279278060239573,1.0,7.0,0,0,0,0.2590853908161894,0.2132524391490906
load_aware,4,4,0.14285714285714285,0.14285714285714285,679.9328107410483,0.0,679.9328107410483,0.3301154573979819,0.3301154573979819,3.09072888882394,3.09072888882394,1.0,7.0,0,0,0,0.15523708435732278,0.12969561231441126
load_aware,5,5,0.14285714285714285,0.14285714285714285,710.9233086299299,0.0,710.9233086299299,0.2995829471626306,0.2995829471626306,2.7831787721720795,2.7831787721720795,1.0,7.0,0,0,0,0.2317657768125475,0.2101904120257921
load_aware,6,6,0.23809523809523808,0.23809523809523808,677.9171716417844,0.0,677.9171716417844,0.332101308727306,0.332101308727306,2.697026177095473,2.697026177095473,1.0,7.0,0,0,0,0.16485068485841042,0.124460186082557
load_aware,7,7,0.16666666666666666,0.16666666666666666,682.3401977476946,0.0,682.3401977476946,0.3277436475392172,0.3277436475392172,3.2496884950449627,3.2496884950449627,1.0,7.0,0,0,0,0.16224137836283925,0.13594856557842713
load_aware,8,8,0.3333333333333333,0.3333333333333333,686.1938639384317,0.0,686.1938639384317,0.32394693208036285,0.32394693208036285,1.7050348934897135,1.7050348934897135,1.0,7.0,0,0,0,0.18623285945254356,0.14595808815177067
load_aware,9,9,0.14285714285714285,0.14285714285714285,681.8942319408046,0.0,681.8942319408046,0.3281830227184191,0.3281830227184191,3.3474467744223118,3.3474467744223118,1.0,7.0,0,0,0,0.21030727921641462,0.1347902128332587
load_aware,10,10,0.3333333333333333,0.3333333333333333,677.6975645783368,0.0,677.6975645783368,0.3323176703661706,0.3323176703661706,1.6795974493171595,1.6795974493171595,1.0,7.0,0,0,0,0.184908782597246,0.12388977812555012
load_aware,11,11,0.38095238095238093,0.38095238095238093,677.1292413468913,0.0,677.1292413468913,0.33287759473212686,0.33287759473212686,1.7623570226214955,1.7623570226214955,1.0,7.0,0,0,0,0.14645155739674082,0.12241361388802911
load_aware,12,12,0.30952380952380953,0.30952380952380953,782.4424528699037,0.0,782.4424528699037,0.22912073608876482,0.22912073608876482,1.8640555099480636,1.8640555099480636,1.0,7.0,0,0,0,0.4187840666063765,0.39595442303871115
load_aware,13,13,0.19047619047619047,0.19047619047619047,690.2750671270694,0.0,690.2750671270694,0.3199260422393405,0.3199260422393405,2.820264622304224,2.820264622304224,1.0,7.0,0,0,0,0.19611562184427156,0.15655861591446593
load_aware,14,14,0.35714285714285715,0.35714285714285715,693.3105025852283,0.0,693.3105025852283,0.3169354654332726,0.3169354654332726,1.8281326617554188,1.8281326617554188,1.0,7.0,0,0,0,0.1939884547136151,0.1644428638577358
load_aware,15,15,0.11904761904761904,0.11904761904761904,681.822982715569,0.0,681.822982715569,0.32825321899943943,0.32825321899943943,3.0488959526385746,3.0488959526385746,1.0,7.0,0,0,0,0.14693228147836135,0.13460514991056857
load_aware,16,16,0.23809523809523808,0.23809523809523808,679.3428310753403,0.0,679.3428310753403,0.33069671815237406,0.33069671815237406,1.7392889087134495,1.7392889087134495,1.0,7.0,0,0,0,0.16276611326612755,0.12816319759828657
load_aware,17,17,0.19047619047619047,0.19047619047619047,683.6673545126462,0.0,683.6673545126462,0.3264361039284274,0.3264361039284274,2.74297090095537,2.74297090095537,1.0,7.0,0,0,0,0.16469127496842167,0.1393957260068732
load_aware,18,18,0.09523809523809523,0.09523809523809523,674.2687546490478,0.0,674.2687546490478,0.33569580822753914,0.33569580822753914,2.970360485567188,2.970360485567188,1.0,7.0,0,0,0,0.14192122580878588,0.114983778309215
load_aware,19,19,0.14285714285714285,0.14285714285714285,682.8884115761296,0.0,682.8884115761296,0.3272035353929758,0.3272035353929758,3.0884263237743186,3.0884263237743186,1.0,7.0,0,0,0,0.14785646201384367,0.13737249760033654
load_aware,20,20,0.09523809523809523,0.09523809523809523,702.3896798382661,0.0,702.3896798382661,0.3079904632135309,0.3079904632135309,2.7147366939564885,2.7147366939564885,1.0,7.0,0,0,0,0.26291118356235765,0.1880251424370552
load_aware,21,21,0.09523809523809523,0.09523809523809523,695.7897608212795,0.0,695.7897608212795,0.314492846481498,0.314492846481498,2.903564151556489,2.903564151556489,1.0,7.0,0,0,0,0.1855212560126257,0.17088249563968697
load_aware,22,22,0.30952380952380953,0.30952380952380953,689.5656997723372,0.0,689.5656997723372,0.3206249263326727,0.3206249263326727,1.8204030896878074,1.8204030896878074,1.0,7.0,0,0,0,0.19572863771479487,0.1547161033047721
load_aware,23,23,0.19047619047619047,0.19047619047619047,680.3174615977745,0.0,680.3174615977745,0.3297364910366754,0.3297364910366754,2.548085220749796,2.548085220749796,1.0,7.0,0,0,0,0.15804028838359158,0.13069470544876496
rsrp_sleep,0,0,0.40476190476190477,0.40476190476190477,245.3727258368146,0.0,245.3727258368146,0.758253472081956,0.758253472081956,-0.0016469302817054437,-0.0016469302817054437,1.0,2.0,0,0,0,0.24547931382170107,0.23066114397104184
rsrp_sleep,1,1,0.0,0.0,186.65324404407954,105.0,291.65324404407954,0.816105178281695,0.7126569024196261,0.045650596146224055,0.6338713536136111,1.0,1.0,3,1,2,0.8846044371650829,0.8846044371650829
rsrp_sleep,2,2,0.0,0.0,170.191504256547,70.0,240.191504256547,0.8323236411265547,0.7633581238851754,0.020522634836311986,0.4402649994778407,1.0,1.0,2,1,1,0.5853000773917637,0.5853000773917637
rsrp_sleep,3,3,0.3333333333333333,0.3333333333333333,261.7529598177515,105.0,366.7529598177515,0.7421153105243827,0.6386670346623138,0.0027257159903475055,0.4049607098268765,1.0,2.0,3,2,1,0.3912776388814121,0.37957236197955896
rsrp_sleep,4,4,1.0,1.0,166.21311976910914,105.0,271.21311976910914,0.8362432317545723,0.7327949558925032,0.0,0.6317190853878332,1.0,1.0,3,1,2,0.5129658139838027,0.5129658139838027
rsrp_sleep,5,5,0.0,0.0,259.7718331150461,35.0,294.7718331150461,0.7440671594925654,0.7095844008718758,0.38237595070982044,0.5686284696787115,1.0,2.0,1,1,0,0.3643711624493818,0.3615621192276918
rsrp_sleep,6,6,0.0,0.0,187.0541335325335,105.0,292.0541335325335,0.8157102132684398,0.7122619374063709,0.02010106415936107,0.5927193202435209,1.0,1.0,3,1,2,0.8918933369551549,0.8918933369551549
rsrp_sleep,7,7,0.0,0.0,160.63486906192978,0.0,160.63486906192978,0.8417390452591825,0.8417390452591825,0.0004513250265175301,0.0004513250265175301,1.0,1.0,0,0,0,0.4115430738532687,0.4115430738532687
rsrp_sleep,8,8,0.9761904761904762,0.9523809523809523,253.26724701942925,35.0,288.26724701942925,0.7504756187000696,0.71599286007938,-0.0015988533714073406,0.1363741397543877,1.0,2.0,1,1,0,0.313154727086418,0.3024295183584479
rsrp_sleep,9,9,0.0,0.0,169.0611993903113,105.0,274.0611993903113,0.8334372419799889,0.72998896611792,0.0778571390426136,0.7472892737229521,1.0,1.0,3,1,2,0.5647490798238417,0.5647490798238417
rsrp_sleep,10,10,0.47619047619047616,0.5,254.38389440085993,35.0,289.38389440085996,0.7493754734966896,0.714892714876,0.005826891244666084,0.14421592438875627,1.0,2.0,1,1,0,0.3198330696960893,0.31258085818963577
rsrp_sleep,11,11,0.35714285714285715,0.35714285714285715,249.9637610366504,70.0,319.9637610366504,0.7537302846929553,0.684764767451576,0.019730220669553225,0.3052960768994194,1.0,2.0,2,1,1,0.28062394104861926,0.2723978276059127
rsrp_sleep,12,12,0.0,0.0,292.6094601844062,70.0,362.6094601844062,0.7117148175523091,0.6427493003109298,0.07106884810533044,0.32729713040393776,1.0,2.0,2,1,1,0.6713593481966653,0.6600860016764197
rsrp_sleep,13,13,1.0,1.0,180.68776259554616,35.0,215.68776259554616,0.8219824999058659,0.7874997412851762,0.0,0.19370431897119925,1.0,1.0,1,0,1,0.7761411381008393,0.7761411381008393
rsrp_sleep,14,14,1.0,1.0,245.14780086549803,35.0,280.147800865498,0.7584750730389181,0.7239923144182285,0.0,0.14277101355358673,1.0,2.0,1,1,0,0.23389160789395794,0.22861637150452743
rsrp_sleep,15,15,1.0,1.0,168.39725957177046,105.0,273.39725957177046,0.8340913698800291,0.7306430940179601,0.0,0.623525586265549,1.0,1.0,3,1,2,0.5526774467594633,0.5526774467594633
rsrp_sleep,16,16,0.0,0.0,251.78236937277632,105.0,356.7823693727763,0.7519385523420923,0.6484902764800233,0.015252712302412826,0.4386403190570561,1.0,2.0,3,2,1,0.31127612040611363,0.28893063066160296
rsrp_sleep,17,17,0.0,0.0,248.80539927675312,140.0,388.8053992767531,0.7548715278061545,0.6169404933233958,0.36217030599234634,1.1286482176183852,1.0,2.0,4,2,2,0.26784650128354115,0.2618672661523011
rsrp_sleep,18,18,0.0,0.0,244.44368936103552,140.0,384.4436893610355,0.7591687789546449,0.6212377444718863,0.4393808974441799,1.2637561397297619,1.0,2.0,4,2,2,0.2384348952681865,0.22221535782759577
rsrp_sleep,19,19,1.0,1.0,167.02964845058196,105.0,272.02964845058193,0.8354387699994267,0.7319904941373577,0.0,0.6286309105839115,1.0,1.0,3,1,2,0.5278117900105812,0.5278117900105812
rsrp_sleep,20,20,0.0,0.0,265.2252172084925,35.0,300.2252172084925,0.7386943672822734,0.7042116086615837,0.4026997759332553,0.5878046942151054,1.0,2.0,1,1,0,0.4251095228719872,0.41113833825902235
rsrp_sleep,21,21,0.0,0.0,248.2939567385938,140.0,388.2939567385938,0.7553754120802032,0.6174443775974445,0.3929946129544281,1.1784315538097305,1.0,2.0,4,2,2,0.2600191243677359,0.25721778853267113
rsrp_sleep,22,22,0.0,0.0,245.74640241510804,70.0,315.74640241510804,0.7578853178176276,0.6889198005762482,0.005131074356025713,0.2914391322297399,1.0,2.0,2,1,1,0.26473599054277946,0.2340582037737095
rsrp_sleep,23,23,0.0,0.0,243.42674844122115,70.0,313.42674844122115,0.7601706911909151,0.6912051739495357,0.26955266803091665,0.6346262983169605,1.0,2.0,2,1,1,0.22285535902524142,0.21297044037473772
sinr_sleep,0,0,0.40476190476190477,0.40476190476190477,245.3727258368146,0.0,245.3727258368146,0.758253472081956,0.758253472081956,-0.0016469302817054437,-0.0016469302817054437,1.0,2.0,0,0,0,0.24547931382170107,0.23066114397104184
sinr_sleep,1,1,0.0,0.0,186.65324404407954,105.0,291.65324404407954,0.816105178281695,0.7126569024196261,0.045650596146224055,0.6338713536136111,1.0,1.0,3,1,2,0.8846044371650829,0.8846044371650829
sinr_sleep,2,2,0.0,0.0,170.191504256547,70.0,240.191504256547,0.8323236411265547,0.7633581238851754,0.020522634836311986,0.4402649994778407,1.0,1.0,2,1,1,0.5853000773917637,0.5853000773917637
sinr_sleep,3,3,0.3333333333333333,0.3333333333333333,261.7529598177515,105.0,366.7529598177515,0.7421153105243827,0.6386670346623138,0.0027257159903475055,0.4049607098268765,1.0,2.0,3,2,1,0.3912776388814121,0.37957236197955896
sinr_sleep,4,4,1.0,1.0,166.21311976910914,105.0,271.21311976910914,0.8362432317545723,0.7327949558925032,0.0,0.6317190853878332,1.0,1.0,3,1,2,0.5129658139838027,0.5129658139838027
sinr_sleep,5,5,0.0,0.0,259.7718331150461,35.0,294.7718331150461,0.7440671594925654,0.7095844008718758,0.38237595070982044,0.5686284696787115,1.0,2.0,1,1,0,0.3643711624493818,0.3615621192276918
sinr_sleep,6,6,0.0,0.0,187.0541335325335,105.0,292.0541335325335,0.8157102132684398,0.7122619374063709,0.02010106415936107,0.5927193202435209,1.0,1.0,3,1,2,0.8918933369551549,0.8918933369551549
sinr_sleep,7,7,0.0,0.0,160.63486906192978,0.0,160.63486906192978,0.8417390452591825,0.8417390452591825,0.0004513250265175301,0.0004513250265175301,1.0,1.0,0,0,0,0.4115430738532687,0.4115430738532687
sinr_sleep,8,8,0.9761904761904762,0.9523809523809523,253.26724701942925,35.0,288.26724701942925,0.7504756187000696,0.71599286007938,-0.0015988533714073406,0.1363741397543877,1.0,2.0,1,1,0,0.313154727086418,0.3024295183584479
sinr_sleep,9,9,0.0,0.0,169.0611993903113,105.0,274.0611993903113,0.8334372419799889,0.72998896611792,0.0778571390426136,0.7472892737229521,1.0,1.0,3,1,2,0.5647490798238417,0.5647490798238417
sinr_sleep,10,10,0.47619047619047616,0.5,254.38389440085993,35.0,289.38389440085996,0.7493754734966896,0.714892714876,0.005826891244666084,0.14421592438875627,1.0,2.0,1,1,0,0.3198330696960893,0.31258085818963577
sinr_sleep,11,11,0.35714285714285715,0.35714285714285715,249.9637610366504,70.0,319.9637610366504,0.7537302846929553,0.684764767451576,0.019730220669553225,0.3052960768994194,1.0,2.0,2,1,1,0.28062394104861926,0.2723978276059127
sinr_sleep,12,12,0.0,0.0,292.6094601844062,70.0,362.6094601844062,0.7117148175523091,0.6427493003109298,0.07106884810533044,0.32729713040393776,1.0,2.0,2,1,1,0.6713593481966653,0.6600860016764197
sinr_sleep,13,13,1.0,1.0,180.68776259554616,35.0,215.68776259554616,0.8219824999058659,0.7874997412851762,0.0,0.19370431897119925,1.0,1.0,1,0,1,0.7761411381008393,0.7761411381008393
sinr_sleep,14,14,1.0,1.0,245.14780086549803,35.0,280.147800865498,0.7584750730389181,0.7239923144182285,0.0,0.14277101355358673,1.0,2.0,1,1,0,0.23389160789395794,0.22861637150452743
sinr_sleep,15,15,1.0,1.0,168.39725957177046,105.0,273.39725957177046,0.8340913698800291,0.7306430940179601,0.0,0.623525586265549,1.0,1.0,3,1,2,0.5526774467594633,0.5526774467594633
sinr_sleep,16,16,0.0,0.0,251.78236937277632,105.0,356.7823693727763,0.7519385523420923,0.6484902764800233,0.015252712302412826,0.4386403190570561,1.0,2.0,3,2,1,0.31127612040611363,0.28893063066160296
sinr_sleep,17,17,0.0,0.0,248.80539927675312,140.0,388.8053992767531,0.7548715278061545,0.6169404933233958,0.36217030599234634,1.1286482176183852,1.0,2.0,4,2,2,0.26784650128354115,0.2618672661523011
sinr_sleep,18,18,0.0,0.0,244.44368936103552,140.0,384.4436893610355,0.7591687789546449,0.6212377444718863,0.4393808974441799,1.2637561397297619,1.0,2.0,4,2,2,0.2384348952681865,0.22221535782759577
sinr_sleep,19,19,1.0,1.0,167.02964845058196,105.0,272.02964845058193,0.8354387699994267,0.7319904941373577,0.0,0.6286309105839115,1.0,1.0,3,1,2,0.5278117900105812,0.5278117900105812
sinr_sleep,20,20,0.0,0.0,265.2252172084925,35.0,300.2252172084925,0.7386943672822734,0.7042116086615837,0.4026997759332553,0.5878046942151054,1.0,2.0,1,1,0,0.4251095228719872,0.41113833825902235
sinr_sleep,21,21,0.0,0.0,248.2939567385938,140.0,388.2939567385938,0.7553754120802032,0.6174443775974445,0.3929946129544281,1.1784315538097305,1.0,2.0,4,2,2,0.2600191243677359,0.25721778853267113
sinr_sleep,22,22,0.0,0.0,245.74640241510804,70.0,315.74640241510804,0.7578853178176276,0.6889198005762482,0.005131074356025713,0.2914391322297399,1.0,2.0,2,1,1,0.26473599054277946,0.2340582037737095
sinr_sleep,23,23,0.0,0.0,243.42674844122115,70.0,313.42674844122115,0.7601706911909151,0.6912051739495357,0.26955266803091665,0.6346262983169605,1.0,2.0,2,1,1,0.22285535902524142,0.21297044037473772
load_sleep,0,0,1.0,1.0,245.77750425112777,0.0,245.77750425112777,0.7578546756146525,0.7578546756146525,0.0,0.0,1.0,2.0,0,0,0,0.2471624906426948,0.234340947737525
load_sleep,1,1,0.0,0.0,261.4205948606243,70.0,331.4205948606243,0.742442763684114,0.6734772464427347,0.4645049554903938,0.8566521271353186,1.0,2.0,2,1,1,0.38180417616018153,0.37655086236931207
load_sleep,2,2,0.0,0.0,170.191504256547,35.0,205.191504256547,0.8323236411265547,0.797840882505865,0.020522634836311986,0.23039381715707635,1.0,1.0,1,0,1,0.5853000773917637,0.5853000773917637
load_sleep,3,3,0.30952380952380953,0.30952380952380953,265.2971572532722,105.0,370.2971572532722,0.7386234903908648,0.6351752145287959,0.01630286107255803,0.418537854909087,1.0,2.0,3,2,1,0.4123588625926619,0.41179233866611087
load_sleep,4,4,1.0,1.0,166.21311976910914,105.0,271.21311976910914,0.8362432317545723,0.7327949558925032,0.0,0.6317190853878332,1.0,1.0,3,1,2,0.5129658139838027,0.5129658139838027
load_sleep,5,5,0.0,0.0,265.7483111740262,105.0,370.7483111740262,0.7381790037694324,0.6347307279073634,0.41417978193974475,0.9729373388464179,1.0,2.0,3,2,1,0.4194599321543303,0.41589373794569273
load_sleep,6,6,0.0,0.0,258.4175717651261,140.0,398.4175717651261,0.7454014071279546,0.607470372645196,0.4092820884347596,1.1727730965469727,1.0,2.0,4,2,2,0.3556103508736339,0.3492506524102375
load_sleep,7,7,0.0,0.0,249.55082183859747,140.0,389.55082183859747,0.7541371213412833,0.6162060868585246,0.5542294884532708,1.4261646188620596,1.0,2.0,4,2,2,0.2796376319564072,0.2686438348963407
load_sleep,8,8,1.0,1.0,253.67283268319923,70.0,323.6728326831992,0.7500760269131043,0.6811105096717249,0.0,0.27594598625158995,1.0,2.0,2,1,1,0.3270294090636621,0.30611666075635674
load_sleep,9,9,0.0,0.0,169.0611993903113,105.0,274.0611993903113,0.8334372419799889,0.72998896611792,0.0778571390426136,0.7472892737229521,1.0,1.0,3,1,2,0.5647490798238417,0.5647490798238417
load_sleep,10,10,1.0,1.0,252.91021408869986,105.0,357.91021408869983,0.7508273752820691,0.6473790994200002,0.0,0.4151670994322701,1.0,2.0,3,2,1,0.30165465399719743,0.2991837644427259
load_sleep,11,11,0.3333333333333333,0.3333333333333333,257.0945185719999,140.0,397.0945185719999,0.7467049078108374,0.6087738733280789,0.048820233257405435,0.6199519457171377,1.0,2.0,4,2,2,0.34837149894446573,0.33722289610909006
load_sleep,12,12,0.0,0.0,291.65442081086775,70.0,361.65442081086775,0.71265574304348,0.6436902258021007,0.06757301813091193,0.32380130042951927,1.0,2.0,2,1,1,0.656378568835282,0.651403825553343
load_sleep,13,13,1.0,1.0,180.68776259554616,35.0,215.68776259554616,0.8219824999058659,0.7874997412851762,0.0,0.19370431897119925,1.0,1.0,1,0,1,0.7761411381008393,0.7761411381008393
load_sleep,14,14,1.0,1.0,245.14780086549803,35.0,280.147800865498,0.7584750730389181,0.7239923144182285,0.0,0.14277101355358673,1.0,2.0,1,1,0,0.23389160789395794,0.22861637150452743
load_sleep,15,15,0.0,0.0,250.9700010246258,70.0,320.9700010246258,0.752738915246674,0.6837733980052947,0.49034492403757346,0.906028648214606,1.0,2.0,2,1,1,0.31252309578466175,0.2815454638602346
load_sleep,16,16,0.0,0.0,251.78236937277632,140.0,391.7823693727763,0.7519385523420923,0.6140075178593337,0.015252712302412826,0.5797695213086038,1.0,2.0,4,2,2,0.31127612040611363,0.28893063066160296
load_sleep,17,17,0.0,0.0,248.80539927675312,140.0,388.8053992767531,0.7548715278061545,0.6169404933233958,0.36217030599234634,1.1286482176183852,1.0,2.0,4,2,2,0.26784650128354115,0.2618672661523011
load_sleep,18,18,0.0,0.0,246.9387317747649,140.0,386.9387317747649,0.7567106090889016,0.618779574606143,0.454072691689401,1.278447933974983,1.0,2.0,4,2,2,0.2573915818775868,0.2448975615887719
load_sleep,19,19,1.0,1.0,167.02964845058196,105.0,272.02964845058193,0.8354387699994267,0.7319904941373577,0.0,0.6286309105839115,1.0,1.0,3,1,2,0.5278117900105812,0.5278117900105812
load_sleep,20,20,0.0,0.0,267.7343288689318,105.0,372.7343288689318,0.7362223360897223,0.6327740602276534,0.41596974475798837,0.9712844996035386,1.0,2.0,3,2,1,0.4421608026401831,0.43394844426301604
load_sleep,21,21,0.0,0.0,251.9138470660644,0.0,251.9138470660644,0.7518090176689021,0.7518090176689021,0.41330315284757235,0.41330315284757235,1.0,2.0,0,0,0,0.3073039898970743,0.29012588241876747
load_sleep,22,22,0.0,0.0,245.74640241510804,140.0,385.74640241510804,0.7578853178176276,0.6199542833348689,0.005131074356025713,0.577747190103454,1.0,2.0,4,2,2,0.26473599054277946,0.2340582037737095
load_sleep,23,23,0.0,0.0,243.42674844122115,70.0,313.42674844122115,0.7601706911909151,0.6912051739495357,0.26955266803091665,0.6346262983169605,1.0,2.0,2,1,1,0.22285535902524142,0.21297044037473772
greedy_sleep,0,0,1.0,1.0,245.77750425112777,0.0,245.77750425112777,0.7578546756146525,0.7578546756146525,0.0,0.0,1.0,2.0,0,0,0,0.2471624906426948,0.234340947737525
greedy_sleep,1,1,0.0,0.0,261.4205948606243,70.0,331.4205948606243,0.742442763684114,0.6734772464427347,0.4645049554903938,0.8566521271353186,1.0,2.0,2,1,1,0.38180417616018153,0.37655086236931207
greedy_sleep,2,2,0.0,0.0,170.191504256547,35.0,205.191504256547,0.8323236411265547,0.797840882505865,0.020522634836311986,0.23039381715707635,1.0,1.0,1,0,1,0.5853000773917637,0.5853000773917637
greedy_sleep,3,3,0.30952380952380953,0.30952380952380953,265.2971572532722,105.0,370.2971572532722,0.7386234903908648,0.6351752145287959,0.01630286107255803,0.418537854909087,1.0,2.0,3,2,1,0.4123588625926619,0.41179233866611087
greedy_sleep,4,4,1.0,1.0,166.21311976910914,105.0,271.21311976910914,0.8362432317545723,0.7327949558925032,0.0,0.6317190853878332,1.0,1.0,3,1,2,0.5129658139838027,0.5129658139838027
greedy_sleep,5,5,0.0,0.0,265.7483111740262,105.0,370.7483111740262,0.7381790037694324,0.6347307279073634,0.41417978193974475,0.9729373388464179,1.0,2.0,3,2,1,0.4194599321543303,0.41589373794569273
greedy_sleep,6,6,0.0,0.0,258.4175717651261,140.0,398.4175717651261,0.7454014071279546,0.607470372645196,0.4092820884347596,1.1727730965469727,1.0,2.0,4,2,2,0.3556103508736339,0.3492506524102375
greedy_sleep,7,7,0.0,0.0,249.55082183859747,140.0,389.55082183859747,0.7541371213412833,0.6162060868585246,0.5542294884532708,1.4261646188620596,1.0,2.0,4,2,2,0.2796376319564072,0.2686438348963407
greedy_sleep,8,8,1.0,1.0,253.67283268319923,70.0,323.6728326831992,0.7500760269131043,0.6811105096717249,0.0,0.27594598625158995,1.0,2.0,2,1,1,0.3270294090636621,0.30611666075635674
greedy_sleep,9,9,0.0,0.0,169.0611993903113,105.0,274.0611993903113,0.8334372419799889,0.72998896611792,0.0778571390426136,0.7472892737229521,1.0,1.0,3,1,2,0.5647490798238417,0.5647490798238417
greedy_sleep,10,10,1.0,1.0,252.91021408869986,105.0,357.91021408869983,0.7508273752820691,0.6473790994200002,0.0,0.4151670994322701,1.0,2.0,3,2,1,0.30165465399719743,0.2991837644427259
greedy_sleep,11,11,0.3333333333333333,0.3333333333333333,257.0945185719999,140.0,397.0945185719999,0.7467049078108374,0.6087738733280789,0.048820233257405435,0.6199519457171377,1.0,2.0,4,2,2,0.34837149894446573,0.33722289610909006
greedy_sleep,12,12,0.0,0.0,291.65442081086775,70.0,361.65442081086775,0.71265574304348,0.6436902258021007,0.06757301813091193,0.32380130042951927,1.0,2.0,2,1,1,0.656378568835282,0.651403825553343
greedy_sleep,13,13,1.0,1.0,180.68776259554616,35.0,215.68776259554616,0.8219824999058659,0.7874997412851762,0.0,0.19370431897119925,1.0,1.0,1,0,1,0.7761411381008393,0.7761411381008393
greedy_sleep,14,14,1.0,1.0,245.14780086549803,35.0,280.147800865498,0.7584750730389181,0.7239923144182285,0.0,0.14277101355358673,1.0,2.0,1,1,0,0.23389160789395794,0.22861637150452743
greedy_sleep,15,15,0.0,0.0,250.9700010246258,70.0,320.9700010246258,0.752738915246674,0.6837733980052947,0.49034492403757346,0.906028648214606,1.0,2.0,2,1,1,0.31252309578466175,0.2815454638602346
greedy_sleep,16,16,0.0,0.0,251.78236937277632,140.0,391.7823693727763,0.7519385523420923,0.6140075178593337,0.015252712302412826,0.5797695213086038,1.0,2.0,4,2,2,0.31127612040611363,0.28893063066160296
greedy_sleep,17,17,0.0,0.0,248.80539927675312,140.0,388.8053992767531,0.7548715278061545,0.6169404933233958,0.36217030599234634,1.1286482176183852,1.0,2.0,4,2,2,0.26784650128354115,0.2618672661523011
greedy_sleep,18,18,0.0,0.0,246.9387317747649,140.0,386.9387317747649,0.7567106090889016,0.618779574606143,0.454072691689401,1.278447933974983,1.0,2.0,4,2,2,0.2573915818775868,0.2448975615887719
greedy_sleep,19,19,1.0,1.0,167.02964845058196,105.0,272.02964845058193,0.8354387699994267,0.7319904941373577,0.0,0.6286309105839115,1.0,1.0,3,1,2,0.5278117900105812,0.5278117900105812
greedy_sleep,20,20,0.0,0.0,267.7343288689318,105.0,372.7343288689318,0.7362223360897223,0.6327740602276534,0.41596974475798837,0.9712844996035386,1.0,2.0,3,2,1,0.4421608026401831,0.43394844426301604
greedy_sleep,21,21,0.0,0.0,251.9138470660644,0.0,251.9138470660644,0.7518090176689021,0.7518090176689021,0.41330315284757235,0.41330315284757235,1.0,2.0,0,0,0,0.3073039898970743,0.29012588241876747
greedy_sleep,22,22,0.0,0.0,245.74640241510804,140.0,385.74640241510804,0.7578853178176276,0.6199542833348689,0.005131074356025713,0.577747190103454,1.0,2.0,4,2,2,0.26473599054277946,0.2340582037737095
greedy_sleep,23,23,0.0,0.0,243.42674844122115,70.0,313.42674844122115,0.7601706911909151,0.6912051739495357,0.26955266803091665,0.6346262983169605,1.0,2.0,2,1,1,0.22285535902524142,0.21297044037473772
oracle,0,0,1.0,1.0,245.77750425112777,0.0,245.77750425112777,0.7578546756146525,0.7578546756146525,0.0,0.0,1.0,2.0,0,0,0,0.2471624906426948,0.234340947737525
oracle,1,1,1.0,1.0,178.50441125553368,105.0,283.5044112555337,0.8241335849699175,0.7206853091078486,0.0,0.5882207574673871,1.0,1.0,3,1,2,0.7364438410097034,0.7364438410097034
oracle,2,2,1.0,1.0,166.76896567203048,70.0,236.76896567203048,0.8356956003231226,0.7667300830817434,0.0,0.4197423646415287,1.0,1.0,2,1,1,0.5230721031278267,0.5230721031278267
oracle,3,3,1.0,1.0,261.04143500421725,105.0,366.04143500421725,0.7428163201928895,0.6393680443308205,0.0,0.40223499383652894,1.0,2.0,3,2,1,0.37861213754525896,0.3731039545837932
oracle,4,4,1.0,1.0,166.21311976910914,105.0,271.21311976910914,0.8362432317545723,0.7327949558925032,0.0,0.6317190853878332,1.0,1.0,3,1,2,0.5129658139838027,0.5129658139838027
oracle,5,5,1.0,1.0,187.91692157380112,70.0,257.9169215738011,0.8148601757893585,0.7458946585479792,0.0,0.37250503793778206,1.0,1.0,2,1,1,0.9075803922509295,0.9075803922509295
oracle,6,6,1.0,1.0,183.368236839043,70.0,253.368236839043,0.8193416385822236,0.7503761213408443,0.0,0.3817455040561066,1.0,1.0,2,1,1,0.8248770334371454,0.8248770334371454
oracle,7,7,1.0,1.0,160.5624032310338,70.0,230.5624032310338,0.8418104401664691,0.7728449229250898,0.0,0.4359675652043944,1.0,1.0,2,1,1,0.41022551329152385,0.41022551329152385
oracle,8,8,1.0,1.0,253.67283268319923,105.0,358.6728326831992,0.7500760269131043,0.6466277510510353,0.0,0.413918979377385,1.0,2.0,3,2,1,0.3270294090636621,0.30611666075635674
oracle,9,9,1.0,1.0,156.8493571796321,105.0,261.8493571796321,0.845468613616126,0.7420203377540571,0.0,0.6694321346803384,1.0,1.0,3,1,2,0.34271558508422,0.34271558508422
oracle,10,10,1.0,1.0,252.91021408869986,105.0,357.91021408869983,0.7508273752820691,0.6473790994200002,0.0,0.4151670994322701,1.0,2.0,3,2,1,0.30165465399719743,0.2991837644427259
oracle,11,11,1.0,1.0,245.12734443873262,140.0,385.1273444387326,0.758495227153958,0.6205641926711994,0.0,0.5711317124597323,1.0,2.0,4,2,2,0.2398640674689058,0.22843040398847844
oracle,12,12,1.0,1.0,273.1938854369804,70.0,343.1938854369804,0.7308434626236646,0.6618779453822853,0.0,0.25622828229860733,1.0,2.0,2,1,1,0.5238645474189046,0.4835807766998218
oracle,13,13,1.0,1.0,180.68776259554616,105.0,285.68776259554613,0.8219824999058659,0.718534224043797,0.0,0.5811129569135977,1.0,1.0,3,1,2,0.7761411381008393,0.7761411381008393
oracle,14,14,1.0,1.0,245.14780086549803,35.0,280.147800865498,0.7584750730389181,0.7239923144182285,0.0,0.14277101355358673,1.0,2.0,1,1,0,0.23389160789395794,0.22861637150452743
oracle,15,15,1.0,1.0,168.39725957177046,105.0,273.39725957177046,0.8340913698800291,0.7306430940179601,0.0,0.623525586265549,1.0,1.0,3,1,2,0.5526774467594633,0.5526774467594633
oracle,16,16,1.0,1.0,247.99970127809718,105.0,352.9997012780972,0.7556653189378353,0.6522170430757663,0.0,0.4233876067546432,1.0,2.0,3,2,1,0.26308012566234085,0.2545427388917927
oracle,17,17,1.0,1.0,182.65366539134578,35.0,217.65366539134578,0.820045649860743,0.7855628912400534,0.0,0.1916194779065097,1.0,1.0,1,0,1,0.8118848252971961,0.8118848252971961
oracle,18,18,1.0,1.0,169.82557556174265,70.0,239.82557556174265,0.8326841620081353,0.763718644766756,0.0,0.41218762114279095,1.0,1.0,2,1,1,0.5786468283953207,0.5786468283953207
oracle,19,19,1.0,1.0,167.02964845058196,70.0,237.02964845058196,0.8354387699994267,0.7664732527580473,0.0,0.41908727372260784,1.0,1.0,2,1,1,0.5278117900105812,0.5278117900105812
oracle,20,20,1.0,1.0,189.08195592462454,70.0,259.08195592462454,0.8137123586949513,0.744746841453572,0.0,0.3702098365637001,1.0,1.0,2,1,1,0.9287628349931737,0.9287628349931737
oracle,21,21,1.0,1.0,178.24473578686894,0.0,178.24473578686894,0.8243894228700799,0.8243894228700799,0.0,0.0,1.0,1.0,0,0,0,0.7317224688521625,0.7317224688521625
oracle,22,22,1.0,1.0,244.49189631566662,105.0,349.4918963156666,0.7591212844180625,0.6556730085559935,0.0,0.42946208681057124,1.0,2.0,3,2,1,0.2233218701364855,0.22265360286969646
oracle,23,23,1.0,1.0,191.74214238687506,35.0,226.74214238687506,0.811091485333128,0.7766087267124384,0.0,0.18253681514302192,1.0,1.0,1,0,1,0.9771298615795463,0.9771298615795463
flat_mlp,0,0,0.0,0.0,259.1512121216632,0.0,259.1512121216632,0.7446786087471299,0.7446786087471299,0.05441388100706973,0.05441388100706973,1.0,2.0,0,0,0,0.35608808033792666,0.35592011019693814
flat_mlp,1,1,1.0,1.0,178.50441125553368,35.0,213.50441125553368,0.8241335849699175,0.7896508263492279,0.0,0.19607358582246237,1.0,1.0,1,0,1,0.7364438410097034,0.7364438410097034
flat_mlp,2,2,0.0,0.0,169.80719714595574,0.0,169.80719714595574,0.8327022688217184,0.8327022688217184,0.01821820661705297,0.01821820661705297,1.0,1.0,0,0,0,0.5783126753810137,0.5783126753810137
flat_mlp,3,3,0.0,0.16666666666666666,353.2526596605421,70.0,423.2526596605421,0.6519678229945398,0.5830023057531605,0.35324363220281546,0.6214002947605014,1.0,3.0,2,2,0,0.3198984429117667,0.3106221797608614
flat_mlp,4,4,1.0,1.0,166.21311976910914,70.0,236.21311976910914,0.8362432317545723,0.7672777145131929,0.0,0.4211460569252221,1.0,1.0,2,0,2,0.5129658139838027,0.5129658139838027
flat_mlp,5,5,1.0,1.0,187.91692157380112,70.0,257.9169215738011,0.8148601757893585,0.7458946585479792,0.0,0.37250503793778206,1.0,1.0,2,1,1,0.9075803922509295,0.9075803922509295
flat_mlp,6,6,0.0,0.0,271.1931998462862,35.0,306.1931998462862,0.7328145814322303,0.6983318228115406,0.47895406817012803,0.6698268201981813,1.0,2.0,1,1,0,0.48325131406670724,0.46539272587532904
flat_mlp,7,7,1.0,1.0,160.5624032310338,35.0,195.5624032310338,0.8418104401664691,0.8073276815457795,0.0,0.2179837826021972,1.0,1.0,1,0,1,0.41022551329152385,0.41022551329152385
flat_mlp,8,8,0.0,0.0,288.16322162046265,35.0,323.16322162046265,0.7160953481571797,0.68161258953649,0.13596406273562978,0.2739370558614248,1.0,2.0,1,1,0,0.6263600108215717,0.6196656510951151
flat_mlp,9,9,1.0,1.0,156.8493571796321,35.0,191.8493571796321,0.845468613616126,0.8109858549954364,0.0,0.22314404489344616,1.0,1.0,1,0,1,0.34271558508422,0.34271558508422
flat_mlp,10,10,0.0,0.0,259.4034571778219,35.0,294.4034571778219,0.7444300914504217,0.7099473328297321,0.025674103802089846,0.1640631369461799,1.0,2.0,1,1,0,0.38740313791517256,0.35821324707110824
flat_mlp,11,11,0.0,0.40476190476190477,253.3556436593205,70.0,323.3556436593205,0.7503885284144625,0.6814230111730832,0.03356744731775308,0.31913330354761926,1.0,2.0,2,1,1,0.3235301265387932,0.30323312417564074
flat_mlp,12,12,0.0,0.0,319.8545907608908,140.0,459.8545907608908,0.6848723243735066,0.546941289890748,0.17079703394267207,0.6832535985398868,1.0,2.0,4,2,2,0.9245234350109217,0.9077690069171891
flat_mlp,13,13,0.0,0.0,259.13810900173115,70.0,329.13810900173115,0.7446915182248953,0.6757260009835161,0.43417631210470664,0.8215849500471052,1.0,2.0,2,1,1,0.3818372854420691,0.35580099092482853
flat_mlp,14,14,0.0,0.0,260.670091827551,70.0,330.670091827551,0.7431821755393586,0.6742166582979793,0.06331809180931379,0.34886011891648727,1.0,2.0,2,1,1,0.3720710750709161,0.3697281075231913
flat_mlp,15,15,1.0,1.0,168.39725957177046,35.0,203.39725957177046,0.8340913698800291,0.7996086112593394,0.0,0.20784186208851632,1.0,1.0,1,0,1,0.5526774467594633,0.5526774467594633
flat_mlp,16,16,0.0,0.35714285714285715,258.6883644671707,35.0,293.6883644671707,0.7451346162885017,0.7106518576678121,0.04309950025741224,0.18422870250895998,1.0,2.0,1,1,0,0.38111798554536763,0.35171240424700606
flat_mlp,17,17,0.0,0.5238095238095238,264.54365726485105,70.0,334.54365726485105,0.7393658549114768,0.6704003376700974,0.4483347853876972,0.8315737412007166,1.0,2.0,2,1,1,0.4071795163959905,0.4049423387713734
flat_mlp,18,18,1.0,1.0,169.82557556174265,35.0,204.82557556174265,0.8326841620081353,0.7982014033874456,0.0,0.20609381057139547,1.0,1.0,1,0,1,0.5786468283953207,0.5786468283953207
flat_mlp,19,19,1.0,1.0,167.02964845058196,70.0,237.02964845058196,0.8354387699994267,0.7664732527580473,0.0,0.41908727372260784,1.0,1.0,2,1,1,0.5278117900105812,0.5278117900105812
flat_mlp,20,20,1.0,1.0,189.08195592462454,70.0,259.08195592462454,0.8137123586949513,0.744746841453572,0.0,0.3702098365637001,1.0,1.0,2,1,1,0.9287628349931737,0.9287628349931737
flat_mlp,21,21,1.0,1.0,178.24473578686894,0.0,178.24473578686894,0.8243894228700799,0.8243894228700799,0.0,0.0,1.0,1.0,0,0,0,0.7317224688521625,0.7317224688521625
flat_mlp,22,22,0.0,0.38095238095238093,255.20615433622842,35.0,290.20615433622845,0.7485653651859818,0.7140826065652922,0.043822548648927345,0.18697657758578454,1.0,2.0,1,1,0,0.34250129155741477,0.32005594851116737
flat_mlp,23,23,0.0,0.0,273.21963906557016,70.0,343.21963906557016,0.7308180895905713,0.6618525723491919,0.42493264998729,0.7900062802733339,1.0,2.0,2,1,1,0.5010544818867805,0.48381490059609267
flat_mlp_pruned,0,0,0.0,0.0,258.935845560727,0.0,258.935845560727,0.7448907925510079,0.7448907925510079,0.05353761463927326,0.05353761463927326,1.0,2.0,0,0,0,0.3735345324862823,0.3539622323702455
flat_mlp_pruned,1,1,1.0,1.0,178.50441125553368,35.0,213.50441125553368,0.8241335849699175,0.7896508263492279,0.0,0.19607358582246237,1.0,1.0,1,0,1,0.7364438410097034,0.7364438410097034
flat_mlp_pruned,2,2,0.0,0.0,169.80719714595574,0.0,169.80719714595574,0.8327022688217184,0.8327022688217184,0.01821820661705297,0.01821820661705297,1.0,1.0,0,0,0,0.5783126753810137,0.5783126753810137
flat_mlp_pruned,3,3,0.47619047619047616,0.47619047619047616,278.17248475552645,35.0,313.17248475552645,0.7259384386645059,0.6914556800438162,0.06562578753458219,0.19970411881342517,1.0,2.0,1,1,0,0.5397661993570729,0.5288407705047858
flat_mlp_pruned,4,4,1.0,1.0,166.21311976910914,105.0,271.21311976910914,0.8362432317545723,0.7327949558925032,0.0,0.6317190853878332,1.0,1.0,3,1,2,0.5129658139838027,0.5129658139838027
flat_mlp_pruned,5,5,1.0,1.0,187.91692157380112,70.0,257.9169215738011,0.8148601757893585,0.7458946585479792,0.0,0.37250503793778206,1.0,1.0,2,1,1,0.9075803922509295,0.9075803922509295
flat_mlp_pruned,6,6,1.0,1.0,183.368236839043,70.0,253.368236839043,0.8193416385822236,0.7503761213408443,0.0,0.3817455040561066,1.0,1.0,2,1,1,0.8248770334371454,0.8248770334371454
flat_mlp_pruned,7,7,1.0,1.0,160.5624032310338,70.0,230.5624032310338,0.8418104401664691,0.7728449229250898,0.0,0.4359675652043944,1.0,1.0,2,1,1,0.41022551329152385,0.41022551329152385
flat_mlp_pruned,8,8,0.0,0.0,288.16322162046265,35.0,323.16322162046265,0.7160953481571797,0.68161258953649,0.13596406273562978,0.2739370558614248,1.0,2.0,1,1,0,0.6263600108215717,0.6196656510951151
flat_mlp_pruned,9,9,1.0,1.0,156.8493571796321,35.0,191.8493571796321,0.845468613616126,0.8109858549954364,0.0,0.22314404489344616,1.0,1.0,1,0,1,0.34271558508422,0.34271558508422
flat_mlp_pruned,10,10,0.0,0.0,259.4034571778219,35.0,294.4034571778219,0.7444300914504217,0.7099473328297321,0.025674103802089846,0.1640631369461799,1.0,2.0,1,1,0,0.38740313791517256,0.35821324707110824
flat_mlp_pruned,11,11,0.40476190476190477,0.40476190476190477,253.3556436593205,70.0,323.3556436593205,0.7503885284144625,0.6814230111730832,0.03356744731775308,0.31913330354761926,1.0,2.0,2,1,1,0.3235301265387932,0.30323312417564074
flat_mlp_pruned,12,12,0.0,0.0,319.8545907608908,140.0,459.8545907608908,0.6848723243735066,0.546941289890748,0.17079703394267207,0.6832535985398868,1.0,2.0,4,2,2,0.9245234350109217,0.9077690069171891
flat_mlp_pruned,13,13,0.0,0.0,259.13810900173115,70.0,329.13810900173115,0.7446915182248953,0.6757260009835161,0.43417631210470664,0.8215849500471052,1.0,2.0,2,1,1,0.3818372854420691,0.35580099092482853
flat_mlp_pruned,14,14,0.35714285714285715,0.35714285714285715,258.8876511248222,70.0,328.8876511248222,0.7449382747538698,0.6759727575124904,0.05604720993137775,0.3415892370385512,1.0,2.0,2,1,1,0.35980341745484606,0.35352410113474697
flat_mlp_pruned,15,15,1.0,1.0,168.39725957177046,35.0,203.39725957177046,0.8340913698800291,0.7996086112593394,0.0,0.20784186208851632,1.0,1.0,1,0,1,0.5526774467594633,0.5526774467594633
flat_mlp_pruned,16,16,0.0,0.0,255.03419150440902,35.0,290.034191504409,0.7487347866951636,0.7142520280744739,0.02836491411102001,0.16949411636256775,1.0,2.0,1,1,0,0.3421370113989686,0.3184926500400819
flat_mlp_pruned,17,17,0.5,0.5,256.12734238595783,140.0,396.12734238595783,0.7476577907527509,0.6097267562699923,0.40225678930225983,1.1687347009282987,1.0,2.0,4,2,2,0.3391209159099603,0.32843038532688984
flat_mlp_pruned,18,18,1.0,1.0,169.82557556174265,105.0,274.82557556174265,0.8326841620081353,0.7292358861460664,0.0,0.6182814317141865,1.0,1.0,3,1,2,0.5786468283953207,0.5786468283953207
flat_mlp_pruned,19,19,1.0,1.0,167.02964845058196,70.0,237.02964845058196,0.8354387699994267,0.7664732527580473,0.0,0.41908727372260784,1.0,1.0,2,1,1,0.5278117900105812,0.5278117900105812
flat_mlp_pruned,20,20,1.0,1.0,189.08195592462454,70.0,259.08195592462454,0.8137123586949513,0.744746841453572,0.0,0.3702098365637001,1.0,1.0,2,1,1,0.9287628349931737,0.9287628349931737
flat_mlp_pruned,21,21,1.0,1.0,178.24473578686894,0.0,178.24473578686894,0.8243894228700799,0.8243894228700799,0.0,0.0,1.0,1.0,0,0,0,0.7317224688521625,0.7317224688521625
flat_mlp_pruned,22,22,0.38095238095238093,0.38095238095238093,255.20615433622842,35.0,290.20615433622845,0.7485653651859818,0.7140826065652922,0.043822548648927345,0.18697657758578454,1.0,2.0,1,1,0,0.34250129155741477,0.32005594851116737
flat_mlp_pruned,23,23,0.0,0.0,273.21963906557016,70.0,343.21963906557016,0.7308180895905713,0.6618525723491919,0.42493264998729,0.7900062802733339,1.0,2.0,2,1,1,0.5010544818867805,0.48381490059609267
flat_mlp_stable,0,0,0.0,0.0,258.935845560727,0.0,258.935845560727,0.7448907925510079,0.7448907925510079,0.05353761463927326,0.05353761463927326,1.0,2.0,0,0,0,0.3735345324862823,0.3539622323702455
flat_mlp_stable,1,1,1.0,1.0,178.50441125553368,35.0,213.50441125553368,0.8241335849699175,0.7896508263492279,0.0,0.19607358582246237,1.0,1.0,1,0,1,0.7364438410097034,0.7364438410097034
flat_mlp_stable,2,2,0.0,0.0,169.80719714595574,0.0,169.80719714595574,0.8327022688217184,0.8327022688217184,0.01821820661705297,0.01821820661705297,1.0,1.0,0,0,0,0.5783126753810137,0.5783126753810137
flat_mlp_stable,3,3,0.47619047619047616,0.47619047619047616,278.17248475552645,35.0,313.17248475552645,0.7259384386645059,0.6914556800438162,0.06562578753458219,0.19970411881342517,1.0,2.0,1,1,0,0.5397661993570729,0.5288407705047858
flat_mlp_stable,4,4,0.0,0.0,177.22470547687817,35.0,212.22470547687817,0.8253943788405141,0.7909116202198244,0.06624979859030082,0.2768228270529119,1.0,1.0,1,0,1,0.7131764632159667,0.7131764632159667
flat_mlp_stable,5,5,1.0,1.0,187.91692157380112,0.0,187.91692157380112,0.8148601757893585,0.8148601757893585,0.0,0.0,1.0,1.0,0,0,0,0.9075803922509295,0.9075803922509295
flat_mlp_stable,6,6,1.0,1.0,183.368236839043,70.0,253.368236839043,0.8193416385822236,0.7503761213408443,0.0,0.3817455040561066,1.0,1.0,2,1,1,0.8248770334371454,0.8248770334371454
flat_mlp_stable,7,7,1.0,1.0,160.5624032310338,70.0,230.5624032310338,0.8418104401664691,0.7728449229250898,0.0,0.4359675652043944,1.0,1.0,2,1,1,0.41022551329152385,0.41022551329152385
flat_mlp_stable,8,8,0.0,0.0,288.16322162046265,35.0,323.16322162046265,0.7160953481571797,0.68161258953649,0.13596406273562978,0.2739370558614248,1.0,2.0,1,1,0,0.6263600108215717,0.6196656510951151
flat_mlp_stable,9,9,1.0,1.0,156.8493571796321,35.0,191.8493571796321,0.845468613616126,0.8109858549954364,0.0,0.22314404489344616,1.0,1.0,1,0,1,0.34271558508422,0.34271558508422
flat_mlp_stable,10,10,0.0,0.0,259.4034571778219,35.0,294.4034571778219,0.7444300914504217,0.7099473328297321,0.025674103802089846,0.1640631369461799,1.0,2.0,1,1,0,0.38740313791517256,0.35821324707110824
flat_mlp_stable,11,11,0.40476190476190477,0.40476190476190477,253.3556436593205,70.0,323.3556436593205,0.7503885284144625,0.6814230111730832,0.03356744731775308,0.31913330354761926,1.0,2.0,2,1,1,0.3235301265387932,0.30323312417564074
flat_mlp_stable,12,12,0.0,0.0,323.63412322145473,70.0,393.63412322145473,0.6811486470724584,0.612183129831079,0.18463164980355956,0.4408599321021669,1.0,2.0,2,1,1,0.9445904701017116,0.9421283929223155
flat_mlp_stable,13,13,0.0,0.0,259.13810900173115,0.0,259.13810900173115,0.7446915182248953,0.7446915182248953,0.43417631210470664,0.43417631210470664,1.0,2.0,0,0,0,0.3818372854420691,0.35580099092482853
flat_mlp_stable,14,14,0.0,0.0,260.670091827551,70.0,330.670091827551,0.7431821755393586,0.6742166582979793,0.06331809180931379,0.34886011891648727,1.0,2.0,2,1,1,0.3720710750709161,0.3697281075231913
flat_mlp_stable,15,15,1.0,1.0,168.39725957177046,35.0,203.39725957177046,0.8340913698800291,0.7996086112593394,0.0,0.20784186208851632,1.0,1.0,1,0,1,0.5526774467594633,0.5526774467594633
flat_mlp_stable,16,16,0.35714285714285715,0.35714285714285715,258.6883644671707,35.0,293.6883644671707,0.7451346162885017,0.7106518576678121,0.04309950025741224,0.18422870250895998,1.0,2.0,1,1,0,0.38111798554536763,0.35171240424700606
flat_mlp_stable,17,17,0.5238095238095238,0.5238095238095238,264.54365726485105,70.0,334.54365726485105,0.7393658549114768,0.6704003376700974,0.4483347853876972,0.8315737412007166,1.0,2.0,2,1,1,0.4071795163959905,0.4049423387713734
flat_mlp_stable,18,18,1.0,1.0,169.82557556174265,35.0,204.82557556174265,0.8326841620081353,0.7982014033874456,0.0,0.20609381057139547,1.0,1.0,1,0,1,0.5786468283953207,0.5786468283953207
flat_mlp_stable,19,19,0.0,0.0,178.95341230261118,0.0,178.95341230261118,0.8236912194062943,0.8236912194062943,0.07138710978941584,0.07138710978941584,1.0,1.0,0,0,0,0.7446074964111123,0.7446074964111123
flat_mlp_stable,20,20,1.0,1.0,189.08195592462454,0.0,189.08195592462454,0.8137123586949513,0.8137123586949513,0.0,0.0,1.0,1.0,0,0,0,0.9287628349931737,0.9287628349931737
flat_mlp_stable,21,21,1.0,1.0,178.24473578686894,0.0,178.24473578686894,0.8243894228700799,0.8243894228700799,0.0,0.0,1.0,1.0,0,0,0,0.7317224688521625,0.7317224688521625
flat_mlp_stable,22,22,0.38095238095238093,0.38095238095238093,255.20615433622842,35.0,290.20615433622845,0.7485653651859818,0.7140826065652922,0.043822548648927345,0.18697657758578454,1.0,2.0,1,1,0,0.34250129155741477,0.32005594851116737
flat_mlp_stable,23,23,0.0,0.0,273.21963906557016,70.0,343.21963906557016,0.7308180895905713,0.6618525723491919,0.42493264998729,0.7900062802733339,1.0,2.0,2,1,1,0.5010544818867805,0.48381490059609267
flat_mlp_search,0,0,0.9285714285714286,0.9285714285714286,251.46437288816153,0.0,251.46437288816153,0.7522518493712694,0.7522518493712694,0.023138279698792546,0.023138279698792546,1.0,2.0,0,0,0,0.3105503016753024,0.2860397535287412
flat_mlp_search,1,1,1.0,1.0,178.50441125553368,105.0,283.5044112555337,0.8241335849699175,0.7206853091078486,0.0,0.5882207574673871,1.0,1.0,3,1,2,0.7364438410097034,0.7364438410097034
flat_mlp_search,2,2,1.0,1.0,166.76896567203048,70.0,236.76896567203048,0.8356956003231226,0.7667300830817434,0.0,0.4197423646415287,1.0,1.0,2,1,1,0.5230721031278267,0.5230721031278267
flat_mlp_search,3,3,1.0,1.0,261.04143500421725,105.0,366.04143500421725,0.7428163201928895,0.6393680443308205,0.0,0.40223499383652894,1.0,2.0,3,2,1,0.37861213754525896,0.3731039545837932
flat_mlp_search,4,4,1.0,1.0,166.21311976910914,105.0,271.21311976910914,0.8362432317545723,0.7327949558925032,0.0,0.6317190853878332,1.0,1.0,3,1,2,0.5129658139838027,0.5129658139838027
flat_mlp_search,5,5,1.0,1.0,187.91692157380112,70.0,257.9169215738011,0.8148601757893585,0.7458946585479792,0.0,0.37250503793778206,1.0,1.0,2,1,1,0.9075803922509295,0.9075803922509295
flat_mlp_search,6,6,1.0,1.0,183.368236839043,70.0,253.368236839043,0.8193416385822236,0.7503761213408443,0.0,0.3817455040561066,1.0,1.0,2,1,1,0.8248770334371454,0.8248770334371454
flat_mlp_search,7,7,1.0,1.0,160.5624032310338,70.0,230.5624032310338,0.8418104401664691,0.7728449229250898,0.0,0.4359675652043944,1.0,1.0,2,1,1,0.41022551329152385,0.41022551329152385
flat_mlp_search,8,8,0.0,0.0,256.96928921232166,105.0,361.96928921232166,0.7468282864903235,0.6433800106282546,0.012994913543774007,0.4269138929211591,1.0,2.0,3,2,1,0.3487487006144956,0.33608444738474197
flat_mlp_search,9,9,1.0,1.0,156.8493571796321,105.0,261.8493571796321,0.845468613616126,0.7420203377540571,0.0,0.6694321346803384,1.0,1.0,3,1,2,0.34271558508422,0.34271558508422
flat_mlp_search,10,10,0.9761904761904762,0.9761904761904762,252.7824710792151,105.0,357.7824710792151,0.7509532304638274,0.6475049546017585,-0.00050509233067178,0.41466200710159845,1.0,2.0,3,2,1,0.31661849417799,0.2980224643565008
flat_mlp_search,11,11,1.0,1.0,245.12734443873262,140.0,385.1273444387326,0.758495227153958,0.6205641926711994,0.0,0.5711317124597323,1.0,2.0,4,2,2,0.2398640674689058,0.22843040398847844
flat_mlp_search,12,12,0.40476190476190477,0.40476190476190477,275.7452861201058,140.0,415.7452861201058,0.728329767369354,0.5903987328865953,0.0093391573498959,0.5217957219471105,1.0,2.0,4,2,2,0.5151445402192197,0.5067753283645977
flat_mlp_search,13,13,1.0,1.0,180.68776259554616,105.0,285.68776259554613,0.8219824999058659,0.718534224043797,0.0,0.5811129569135977,1.0,1.0,3,1,2,0.7761411381008393,0.7761411381008393
flat_mlp_search,14,14,0.9761904761904762,0.9761904761904762,245.59919506661342,35.0,280.59919506661345,0.7580303496880656,0.7235475910673759,0.0018413145030130292,0.14461232805659988,1.0,2.0,1,1,0,0.25358674069325854,0.23271995515103092
flat_mlp_search,15,15,1.0,1.0,168.39725957177046,105.0,273.39725957177046,0.8340913698800291,0.7306430940179601,0.0,0.623525586265549,1.0,1.0,3,1,2,0.5526774467594633,0.5526774467594633
flat_mlp_search,16,16,0.0,0.0,249.72605373123992,105.0,354.7260537312399,0.7539644790825222,0.6505162032204532,0.006961106986201059,0.43034871374084427,1.0,2.0,3,2,1,0.28167529558488763,0.27023685210218074
flat_mlp_search,17,17,1.0,1.0,182.65366539134578,105.0,287.6536653913458,0.820045649860743,0.7165973739986741,0.0,0.5748584337195292,1.0,1.0,3,1,2,0.8118848252971961,0.8118848252971961
flat_mlp_search,18,18,1.0,1.0,169.82557556174265,70.0,239.82557556174265,0.8326841620081353,0.763718644766756,0.0,0.41218762114279095,1.0,1.0,2,1,1,0.5786468283953207,0.5786468283953207
flat_mlp_search,19,19,1.0,1.0,167.02964845058196,70.0,237.02964845058196,0.8354387699994267,0.7664732527580473,0.0,0.41908727372260784,1.0,1.0,2,1,1,0.5278117900105812,0.5278117900105812
flat_mlp_search,20,20,1.0,1.0,189.08195592462454,70.0,259.08195592462454,0.8137123586949513,0.744746841453572,0.0,0.3702098365637001,1.0,1.0,2,1,1,0.9287628349931737,0.9287628349931737
flat_mlp_search,21,21,1.0,1.0,178.24473578686894,0.0,178.24473578686894,0.8243894228700799,0.8243894228700799,0.0,0.0,1.0,1.0,0,0,0,0.7317224688521625,0.7317224688521625
flat_mlp_search,22,22,0.9761904761904762,0.9761904761904762,244.72144485082814,105.0,349.7214448508281,0.7588951282257851,0.6554468523637161,0.0009388799327121243,0.43040096674328326,1.0,2.0,3,2,1,0.24006944947859626,0.22474040773480136
flat_mlp_search,23,23,1.0,1.0,191.74214238687506,35.0,226.74214238687506,0.811091485333128,0.7766087267124384,0.0,0.18253681514302192,1.0,1.0,1,0,1,0.9771298615795463,0.9771298615795463
flat_mlp_stable_search,0,0,0.9285714285714286,0.9285714285714286,251.46437288816153,0.0,251.46437288816153,0.7522518493712694,0.7522518493712694,0.023138279698792546,0.023138279698792546,1.0,2.0,0,0,0,0.3105503016753024,0.2860397535287412
flat_mlp_stable_search,1,1,0.0,0.0,265.6445218099913,0.0,265.6445218099913,0.7382812593005011,0.7382812593005011,0.4881678270108088,0.4881678270108088,1.0,2.0,0,0,0,0.44585429320263426,0.41495019827264834
flat_mlp_stable_search,2,2,0.0,0.0,170.191504256547,35.0,205.191504256547,0.8323236411265547,0.797840882505865,0.020522634836311986,0.23039381715707635,1.0,1.0,1,0,1,0.5853000773917637,0.5853000773917637
flat_mlp_stable_search,3,3,1.0,1.0,261.04143500421725,35.0,296.04143500421725,0.7428163201928895,0.7083335615721998,0.0,0.134078331278843,1.0,2.0,1,1,0,0.37861213754525896,0.3731039545837932
flat_mlp_stable_search,4,4,0.0,0.0,251.22042957866785,0.0,251.22042957866785,0.7524921876072238,0.7524921876072238,0.5114356190873772,0.5114356190873772,1.0,2.0,0,0,0,0.28672253749833326,0.2838220870787985
flat_mlp_stable_search,5,5,0.0,0.0,264.4603244407162,0.0,264.4603244407162,0.7394479562160431,0.7394479562160431,0.40732575984038766,0.40732575984038766,1.0,2.0,0,0,0,0.4071027869210307,0.40418476764287425
flat_mlp_stable_search,6,6,1.0,1.0,183.368236839043,35.0,218.368236839043,0.8193416385822236,0.784858879961534,0.0,0.1908727520280533,1.0,1.0,1,0,1,0.8248770334371454,0.8248770334371454
flat_mlp_stable_search,7,7,1.0,1.0,160.5624032310338,70.0,230.5624032310338,0.8418104401664691,0.7728449229250898,0.0,0.4359675652043944,1.0,1.0,2,1,1,0.41022551329152385,0.41022551329152385
flat_mlp_stable_search,8,8,0.0,0.0,267.1872510341096,35.0,302.1872510341096,0.736761329030434,0.7022785704097443,0.05327499286369347,0.1912479859894885,1.0,2.0,1,1,0,0.4471038208809071,0.4289750094009962
flat_mlp_stable_search,9,9,1.0,1.0,156.8493571796321,35.0,191.8493571796321,0.845468613616126,0.8109858549954364,0.0,0.22314404489344616,1.0,1.0,1,0,1,0.34271558508422,0.34271558508422
flat_mlp_stable_search,10,10,0.0,0.0,259.4034571778219,35.0,294.4034571778219,0.7444300914504217,0.7099473328297321,0.025674103802089846,0.1640631369461799,1.0,2.0,1,1,0,0.38740313791517256,0.35821324707110824
flat_mlp_stable_search,11,11,0.0,0.0,290.74214996086283,0.0,290.74214996086283,0.7135545320582631,0.7135545320582631,0.18608615708122772,0.18608615708122772,1.0,2.0,0,0,0,0.6616445849173708,0.6431104541896622
flat_mlp_stable_search,12,12,0.0,0.0,323.63412322145473,0.0,323.63412322145473,0.6811486470724584,0.6811486470724584,0.18463164980355956,0.18463164980355956,1.0,2.0,0,0,0,0.9445904701017116,0.9421283929223155
flat_mlp_stable_search,13,13,0.0,0.0,259.13810900173115,0.0,259.13810900173115,0.7446915182248953,0.7446915182248953,0.43417631210470664,0.43417631210470664,1.0,2.0,0,0,0,0.3818372854420691,0.35580099092482853
flat_mlp_stable_search,14,14,0.35714285714285715,0.35714285714285715,258.8876511248222,70.0,328.8876511248222,0.7449382747538698,0.6759727575124904,0.05604720993137775,0.3415892370385512,1.0,2.0,2,1,1,0.35980341745484606,0.35352410113474697
flat_mlp_stable_search,15,15,1.0,1.0,168.39725957177046,35.0,203.39725957177046,0.8340913698800291,0.7996086112593394,0.0,0.20784186208851632,1.0,1.0,1,0,1,0.5526774467594633,0.5526774467594633
flat_mlp_stable_search,16,16,0.0,0.0,255.03419150440902,35.0,290.034191504409,0.7487347866951636,0.7142520280744739,0.02836491411102001,0.16949411636256775,1.0,2.0,1,1,0,0.3421370113989686,0.3184926500400819
flat_mlp_stable_search,17,17,0.0,0.0,270.31906078176087,0.0,270.31906078176087,0.7336758021854572,0.7336758021854572,0.479954208433688,0.479954208433688,1.0,2.0,0,0,0,0.4692104007873638,0.45744600710691674
flat_mlp_stable_search,18,18,1.0,1.0,169.82557556174265,35.0,204.82557556174265,0.8326841620081353,0.7982014033874456,0.0,0.20609381057139547,1.0,1.0,1,0,1,0.5786468283953207,0.5786468283953207
flat_mlp_stable_search,19,19,0.0,0.0,178.95341230261118,0.0,178.95341230261118,0.8236912194062943,0.8236912194062943,0.07138710978941584,0.07138710978941584,1.0,1.0,0,0,0,0.7446074964111123,0.7446074964111123
flat_mlp_stable_search,20,20,1.0,1.0,189.08195592462454,0.0,189.08195592462454,0.8137123586949513,0.8137123586949513,0.0,0.0,1.0,1.0,0,0,0,0.9287628349931737,0.9287628349931737
flat_mlp_stable_search,21,21,1.0,1.0,178.24473578686894,0.0,178.24473578686894,0.8243894228700799,0.8243894228700799,0.0,0.0,1.0,1.0,0,0,0,0.7317224688521625,0.7317224688521625
flat_mlp_stable_search,22,22,0.38095238095238093,0.38095238095238093,255.20615433622842,35.0,290.20615433622845,0.7485653651859818,0.7140826065652922,0.043822548648927345,0.18697657758578454,1.0,2.0,1,1,0,0.34250129155741477,0.32005594851116737
flat_mlp_stable_search,23,23,1.0,1.0,191.74214238687506,35.0,226.74214238687506,0.811091485333128,0.7766087267124384,0.0,0.18253681514302192,1.0,1.0,1,0,1,0.9771298615795463,0.9771298615795463
agg_gcn,0,0,0.0,0.0,259.1512121216632,0.0,259.1512121216632,0.7446786087471299,0.7446786087471299,0.05441388100706973,0.05441388100706973,1.0,2.0,0,0,0,0.35608808033792666,0.35592011019693814
agg_gcn,1,1,1.0,1.0,178.50441125553368,35.0,213.50441125553368,0.8241335849699175,0.7896508263492279,0.0,0.19607358582246237,1.0,1.0,1,0,1,0.7364438410097034,0.7364438410097034
agg_gcn,2,2,0.0,0.0,169.80719714595574,0.0,169.80719714595574,0.8327022688217184,0.8327022688217184,0.01821820661705297,0.01821820661705297,1.0,1.0,0,0,0,0.5783126753810137,0.5783126753810137
agg_gcn,3,3,0.0,0.16666666666666666,353.2526596605421,70.0,423.2526596605421,0.6519678229945398,0.5830023057531605,0.35324363220281546,0.6214002947605014,1.0,3.0,2,2,0,0.3198984429117667,0.3106221797608614
agg_gcn,4,4,1.0,1.0,166.21311976910914,70.0,236.21311976910914,0.8362432317545723,0.7672777145131929,0.0,0.4211460569252221,1.0,1.0,2,0,2,0.5129658139838027,0.5129658139838027
agg_gcn,5,5,1.0,1.0,187.91692157380112,70.0,257.9169215738011,0.8148601757893585,0.7458946585479792,0.0,0.37250503793778206,1.0,1.0,2,1,1,0.9075803922509295,0.9075803922509295
agg_gcn,6,6,0.0,0.0,271.1931998462862,35.0,306.1931998462862,0.7328145814322303,0.6983318228115406,0.47895406817012803,0.6698268201981813,1.0,2.0,1,1,0,0.48325131406670724,0.46539272587532904
agg_gcn,7,7,1.0,1.0,160.5624032310338,35.0,195.5624032310338,0.8418104401664691,0.8073276815457795,0.0,0.2179837826021972,1.0,1.0,1,0,1,0.41022551329152385,0.41022551329152385
agg_gcn,8,8,0.0,0.0,288.16322162046265,35.0,323.16322162046265,0.7160953481571797,0.68161258953649,0.13596406273562978,0.2739370558614248,1.0,2.0,1,1,0,0.6263600108215717,0.6196656510951151
agg_gcn,9,9,1.0,1.0,156.8493571796321,35.0,191.8493571796321,0.845468613616126,0.8109858549954364,0.0,0.22314404489344616,1.0,1.0,1,0,1,0.34271558508422,0.34271558508422
agg_gcn,10,10,0.0,0.0,264.5716365880603,105.0,369.5716365880603,0.7393382890758027,0.6358900132137337,0.046108942422035136,0.4612760418543053,1.0,2.0,3,2,1,0.4195903462133477,0.40519669625509364
agg_gcn,11,11,0.5476190476190477,0.4523809523809524,272.83205368219353,70.0,342.83205368219353,0.7311999471111393,0.6622344298697601,0.11302170023869146,0.3985875564685576,1.0,2.0,2,1,1,0.4843051820913743,0.48029139711085045
agg_gcn,12,12,0.0,0.0,319.8545907608908,140.0,459.8545907608908,0.6848723243735066,0.546941289890748,0.17079703394267207,0.6832535985398868,1.0,2.0,4,2,2,0.9245234350109217,0.9077690069171891
agg_gcn,13,13,0.0,0.0,187.4130243684018,105.0,292.4130243684018,0.8153566262380277,0.7119083503759588,0.03722035004611551,0.6183333069597133,1.0,1.0,3,1,2,0.8984186248800325,0.8984186248800325
agg_gcn,14,14,0.0,0.0,260.670091827551,105.0,365.670091827551,0.7431821755393586,0.6397338996772897,0.06331809180931379,0.491631132470074,1.0,2.0,3,2,1,0.3720710750709161,0.3697281075231913
agg_gcn,15,15,1.0,1.0,168.39725957177046,35.0,203.39725957177046,0.8340913698800291,0.7996086112593394,0.0,0.20784186208851632,1.0,1.0,1,0,1,0.5526774467594633,0.5526774467594633
agg_gcn,16,16,0.0,0.35714285714285715,258.6883644671707,35.0,293.6883644671707,0.7451346162885017,0.7106518576678121,0.04309950025741224,0.18422870250895998,1.0,2.0,1,1,0,0.38111798554536763,0.35171240424700606
agg_gcn,17,17,0.0,0.5238095238095238,264.54365726485105,70.0,334.54365726485105,0.7393658549114768,0.6704003376700974,0.4483347853876972,0.8315737412007166,1.0,2.0,2,1,1,0.4071795163959905,0.4049423387713734
agg_gcn,18,18,1.0,1.0,169.82557556174265,35.0,204.82557556174265,0.8326841620081353,0.7982014033874456,0.0,0.20609381057139547,1.0,1.0,1,0,1,0.5786468283953207,0.5786468283953207
agg_gcn,19,19,0.0,0.0,178.95341230261118,0.0,178.95341230261118,0.8236912194062943,0.8236912194062943,0.07138710978941584,0.07138710978941584,1.0,1.0,0,0,0,0.7446074964111123,0.7446074964111123
agg_gcn,20,20,1.0,1.0,189.08195592462454,0.0,189.08195592462454,0.8137123586949513,0.8137123586949513,0.0,0.0,1.0,1.0,0,0,0,0.9287628349931737,0.9287628349931737
agg_gcn,21,21,1.0,1.0,178.24473578686894,0.0,178.24473578686894,0.8243894228700799,0.8243894228700799,0.0,0.0,1.0,1.0,0,0,0,0.7317224688521625,0.7317224688521625
agg_gcn,22,22,0.0,0.38095238095238093,255.20615433622842,35.0,290.20615433622845,0.7485653651859818,0.7140826065652922,0.043822548648927345,0.18697657758578454,1.0,2.0,1,1,0,0.34250129155741477,0.32005594851116737
agg_gcn,23,23,0.0,0.0,273.21963906557016,70.0,343.21963906557016,0.7308180895905713,0.6618525723491919,0.42493264998729,0.7900062802733339,1.0,2.0,2,1,1,0.5010544818867805,0.48381490059609267
agg_gcn_pruned,0,0,0.0,0.0,259.1512121216632,0.0,259.1512121216632,0.7446786087471299,0.7446786087471299,0.05441388100706973,0.05441388100706973,1.0,2.0,0,0,0,0.35608808033792666,0.35592011019693814
agg_gcn_pruned,1,1,1.0,1.0,178.50441125553368,35.0,213.50441125553368,0.8241335849699175,0.7896508263492279,0.0,0.19607358582246237,1.0,1.0,1,0,1,0.7364438410097034,0.7364438410097034
agg_gcn_pruned,2,2,0.0,0.0,169.80719714595574,0.0,169.80719714595574,0.8327022688217184,0.8327022688217184,0.01821820661705297,0.01821820661705297,1.0,1.0,0,0,0,0.5783126753810137,0.5783126753810137
agg_gcn_pruned,3,3,0.47619047619047616,0.47619047619047616,278.17248475552645,35.0,313.17248475552645,0.7259384386645059,0.6914556800438162,0.06562578753458219,0.19970411881342517,1.0,2.0,1,1,0,0.5397661993570729,0.5288407705047858
agg_gcn_pruned,4,4,1.0,1.0,166.21311976910914,105.0,271.21311976910914,0.8362432317545723,0.7327949558925032,0.0,0.6317190853878332,1.0,1.0,3,1,2,0.5129658139838027,0.5129658139838027
agg_gcn_pruned,5,5,1.0,1.0,187.91692157380112,70.0,257.9169215738011,0.8148601757893585,0.7458946585479792,0.0,0.37250503793778206,1.0,1.0,2,1,1,0.9075803922509295,0.9075803922509295
agg_gcn_pruned,6,6,1.0,1.0,183.368236839043,70.0,253.368236839043,0.8193416385822236,0.7503761213408443,0.0,0.3817455040561066,1.0,1.0,2,1,1,0.8248770334371454,0.8248770334371454
agg_gcn_pruned,7,7,1.0,1.0,160.5624032310338,70.0,230.5624032310338,0.8418104401664691,0.7728449229250898,0.0,0.4359675652043944,1.0,1.0,2,1,1,0.41022551329152385,0.41022551329152385
agg_gcn_pruned,8,8,0.35714285714285715,0.35714285714285715,262.84545385140194,105.0,367.84545385140194,0.7410389617227566,0.6375906858606877,0.03615925706817013,0.4500782364455552,1.0,2.0,3,2,1,0.39114083508664554,0.3895041259218356
agg_gcn_pruned,9,9,1.0,1.0,156.8493571796321,105.0,261.8493571796321,0.845468613616126,0.7420203377540571,0.0,0.6694321346803384,1.0,1.0,3,1,2,0.34271558508422,0.34271558508422
agg_gcn_pruned,10,10,0.0,0.0,264.5716365880603,105.0,369.5716365880603,0.7393382890758027,0.6358900132137337,0.046108942422035136,0.4612760418543053,1.0,2.0,3,2,1,0.4195903462133477,0.40519669625509364
agg_gcn_pruned,11,11,0.40476190476190477,0.40476190476190477,253.3556436593205,70.0,323.3556436593205,0.7503885284144625,0.6814230111730832,0.03356744731775308,0.31913330354761926,1.0,2.0,2,1,1,0.3235301265387932,0.30323312417564074
agg_gcn_pruned,12,12,0.0,0.0,319.8545907608908,140.0,459.8545907608908,0.6848723243735066,0.546941289890748,0.17079703394267207,0.6832535985398868,1.0,2.0,4,2,2,0.9245234350109217,0.9077690069171891
agg_gcn_pruned,13,13,0.0,0.0,187.4130243684018,105.0,292.4130243684018,0.8153566262380277,0.7119083503759588,0.03722035004611551,0.6183333069597133,1.0,1.0,3,1,2,0.8984186248800325,0.8984186248800325
agg_gcn_pruned,14,14,0.35714285714285715,0.35714285714285715,258.8876511248222,105.0,363.8876511248222,0.7449382747538698,0.6414899988918007,0.05604720993137775,0.48436025059213794,1.0,2.0,3,2,1,0.35980341745484606,0.35352410113474697
agg_gcn_pruned,15,15,1.0,1.0,168.39725957177046,35.0,203.39725957177046,0.8340913698800291,0.7996086112593394,0.0,0.20784186208851632,1.0,1.0,1,0,1,0.5526774467594633,0.5526774467594633
agg_gcn_pruned,16,16,0.0,0.0,255.03419150440902,35.0,290.034191504409,0.7487347866951636,0.7142520280744739,0.02836491411102001,0.16949411636256775,1.0,2.0,1,1,0,0.3421370113989686,0.3184926500400819
agg_gcn_pruned,17,17,0.5238095238095238,0.5238095238095238,264.54365726485105,70.0,334.54365726485105,0.7393658549114768,0.6704003376700974,0.4483347853876972,0.8315737412007166,1.0,2.0,2,1,1,0.4071795163959905,0.4049423387713734
agg_gcn_pruned,18,18,1.0,1.0,169.82557556174265,35.0,204.82557556174265,0.8326841620081353,0.7982014033874456,0.0,0.20609381057139547,1.0,1.0,1,0,1,0.5786468283953207,0.5786468283953207
agg_gcn_pruned,19,19,0.0,0.0,178.95341230261118,0.0,178.95341230261118,0.8236912194062943,0.8236912194062943,0.07138710978941584,0.07138710978941584,1.0,1.0,0,0,0,0.7446074964111123,0.7446074964111123
agg_gcn_pruned,20,20,1.0,1.0,189.08195592462454,0.0,189.08195592462454,0.8137123586949513,0.8137123586949513,0.0,0.0,1.0,1.0,0,0,0,0.9287628349931737,0.9287628349931737
agg_gcn_pruned,21,21,1.0,1.0,178.24473578686894,0.0,178.24473578686894,0.8243894228700799,0.8243894228700799,0.0,0.0,1.0,1.0,0,0,0,0.7317224688521625,0.7317224688521625
agg_gcn_pruned,22,22,0.38095238095238093,0.38095238095238093,255.20615433622842,35.0,290.20615433622845,0.7485653651859818,0.7140826065652922,0.043822548648927345,0.18697657758578454,1.0,2.0,1,1,0,0.34250129155741477,0.32005594851116737
agg_gcn_pruned,23,23,1.0,1.0,191.74214238687506,35.0,226.74214238687506,0.811091485333128,0.7766087267124384,0.0,0.18253681514302192,1.0,1.0,1,0,1,0.9771298615795463,0.9771298615795463
agg_gcn_stable,0,0,0.0,0.0,259.1512121216632,0.0,259.1512121216632,0.7446786087471299,0.7446786087471299,0.05441388100706973,0.05441388100706973,1.0,2.0,0,0,0,0.35608808033792666,0.35592011019693814
agg_gcn_stable,1,1,1.0,1.0,178.50441125553368,35.0,213.50441125553368,0.8241335849699175,0.7896508263492279,0.0,0.19607358582246237,1.0,1.0,1,0,1,0.7364438410097034,0.7364438410097034
agg_gcn_stable,2,2,0.0,0.0,169.80719714595574,0.0,169.80719714595574,0.8327022688217184,0.8327022688217184,0.01821820661705297,0.01821820661705297,1.0,1.0,0,0,0,0.5783126753810137,0.5783126753810137
agg_gcn_stable,3,3,0.47619047619047616,0.47619047619047616,278.17248475552645,35.0,313.17248475552645,0.7259384386645059,0.6914556800438162,0.06562578753458219,0.19970411881342517,1.0,2.0,1,1,0,0.5397661993570729,0.5288407705047858
agg_gcn_stable,4,4,0.0,0.0,177.22470547687817,35.0,212.22470547687817,0.8253943788405141,0.7909116202198244,0.06624979859030082,0.2768228270529119,1.0,1.0,1,0,1,0.7131764632159667,0.7131764632159667
agg_gcn_stable,5,5,1.0,1.0,187.91692157380112,0.0,187.91692157380112,0.8148601757893585,0.8148601757893585,0.0,0.0,1.0,1.0,0,0,0,0.9075803922509295,0.9075803922509295
agg_gcn_stable,6,6,1.0,1.0,183.368236839043,70.0,253.368236839043,0.8193416385822236,0.7503761213408443,0.0,0.3817455040561066,1.0,1.0,2,1,1,0.8248770334371454,0.8248770334371454
agg_gcn_stable,7,7,1.0,1.0,160.5624032310338,70.0,230.5624032310338,0.8418104401664691,0.7728449229250898,0.0,0.4359675652043944,1.0,1.0,2,1,1,0.41022551329152385,0.41022551329152385
agg_gcn_stable,8,8,0.0,0.0,288.16322162046265,35.0,323.16322162046265,0.7160953481571797,0.68161258953649,0.13596406273562978,0.2739370558614248,1.0,2.0,1,1,0,0.6263600108215717,0.6196656510951151
agg_gcn_stable,9,9,1.0,1.0,156.8493571796321,35.0,191.8493571796321,0.845468613616126,0.8109858549954364,0.0,0.22314404489344616,1.0,1.0,1,0,1,0.34271558508422,0.34271558508422
agg_gcn_stable,10,10,0.0,0.0,259.4034571778219,35.0,294.4034571778219,0.7444300914504217,0.7099473328297321,0.025674103802089846,0.1640631369461799,1.0,2.0,1,1,0,0.38740313791517256,0.35821324707110824
agg_gcn_stable,11,11,0.40476190476190477,0.40476190476190477,253.3556436593205,70.0,323.3556436593205,0.7503885284144625,0.6814230111730832,0.03356744731775308,0.31913330354761926,1.0,2.0,2,1,1,0.3235301265387932,0.30323312417564074
agg_gcn_stable,12,12,0.0,0.0,323.63412322145473,70.0,393.63412322145473,0.6811486470724584,0.612183129831079,0.18463164980355956,0.4408599321021669,1.0,2.0,2,1,1,0.9445904701017116,0.9421283929223155
agg_gcn_stable,13,13,0.0,0.0,187.4130243684018,105.0,292.4130243684018,0.8153566262380277,0.7119083503759588,0.03722035004611551,0.6183333069597133,1.0,1.0,3,1,2,0.8984186248800325,0.8984186248800325
agg_gcn_stable,14,14,0.0,0.0,255.39800317716703,35.0,290.398003177167,0.748376351549589,0.7138935929288994,0.04181233637618002,0.18458334992976674,1.0,2.0,1,1,0,0.33086331489874626,0.3218000288833365
agg_gcn_stable,15,15,1.0,1.0,168.39725957177046,105.0,273.39725957177046,0.8340913698800291,0.7306430940179601,0.0,0.623525586265549,1.0,1.0,3,1,2,0.5526774467594633,0.5526774467594633
agg_gcn_stable,16,16,0.35714285714285715,0.35714285714285715,258.6883644671707,35.0,293.6883644671707,0.7451346162885017,0.7106518576678121,0.04309950025741224,0.18422870250895998,1.0,2.0,1,1,0,0.38111798554536763,0.35171240424700606
agg_gcn_stable,17,17,0.5238095238095238,0.5238095238095238,264.54365726485105,70.0,334.54365726485105,0.7393658549114768,0.6704003376700974,0.4483347853876972,0.8315737412007166,1.0,2.0,2,1,1,0.4071795163959905,0.4049423387713734
agg_gcn_stable,18,18,1.0,1.0,169.82557556174265,35.0,204.82557556174265,0.8326841620081353,0.7982014033874456,0.0,0.20609381057139547,1.0,1.0,1,0,1,0.5786468283953207,0.5786468283953207
agg_gcn_stable,19,19,0.0,0.0,178.95341230261118,0.0,178.95341230261118,0.8236912194062943,0.8236912194062943,0.07138710978941584,0.07138710978941584,1.0,1.0,0,0,0,0.7446074964111123,0.7446074964111123
agg_gcn_stable,20,20,1.0,1.0,189.08195592462454,0.0,189.08195592462454,0.8137123586949513,0.8137123586949513,0.0,0.0,1.0,1.0,0,0,0,0.9287628349931737,0.9287628349931737
agg_gcn_stable,21,21,1.0,1.0,178.24473578686894,0.0,178.24473578686894,0.8243894228700799,0.8243894228700799,0.0,0.0,1.0,1.0,0,0,0,0.7317224688521625,0.7317224688521625
agg_gcn_stable,22,22,0.38095238095238093,0.38095238095238093,255.20615433622842,35.0,290.20615433622845,0.7485653651859818,0.7140826065652922,0.043822548648927345,0.18697657758578454,1.0,2.0,1,1,0,0.34250129155741477,0.32005594851116737
agg_gcn_stable,23,23,1.0,1.0,191.74214238687506,35.0,226.74214238687506,0.811091485333128,0.7766087267124384,0.0,0.18253681514302192,1.0,1.0,1,0,1,0.9771298615795463,0.9771298615795463
agg_gcn_search,0,0,0.9285714285714286,0.9285714285714286,247.2824764724918,0.0,247.2824764724918,0.756371944362077,0.756371944362077,0.0061233115127831,0.0061233115127831,1.0,2.0,0,0,0,0.25911323374026607,0.248022513386289
agg_gcn_search,1,1,1.0,1.0,178.50441125553368,105.0,283.5044112555337,0.8241335849699175,0.7206853091078486,0.0,0.5882207574673871,1.0,1.0,3,1,2,0.7364438410097034,0.7364438410097034
agg_gcn_search,2,2,1.0,1.0,166.76896567203048,70.0,236.76896567203048,0.8356956003231226,0.7667300830817434,0.0,0.4197423646415287,1.0,1.0,2,1,1,0.5230721031278267,0.5230721031278267
agg_gcn_search,3,3,0.3333333333333333,0.3333333333333333,261.7529598177515,105.0,366.7529598177515,0.7421153105243827,0.6386670346623138,0.0027257159903475055,0.4049607098268765,1.0,2.0,3,2,1,0.3912776388814121,0.37957236197955896
agg_gcn_search,4,4,1.0,1.0,166.21311976910914,105.0,271.21311976910914,0.8362432317545723,0.7327949558925032,0.0,0.6317190853878332,1.0,1.0,3,1,2,0.5129658139838027,0.5129658139838027
agg_gcn_search,5,5,1.0,1.0,187.91692157380112,70.0,257.9169215738011,0.8148601757893585,0.7458946585479792,0.0,0.37250503793778206,1.0,1.0,2,1,1,0.9075803922509295,0.9075803922509295
agg_gcn_search,6,6,1.0,1.0,183.368236839043,70.0,253.368236839043,0.8193416385822236,0.7503761213408443,0.0,0.3817455040561066,1.0,1.0,2,1,1,0.8248770334371454,0.8248770334371454
agg_gcn_search,7,7,1.0,1.0,160.5624032310338,70.0,230.5624032310338,0.8418104401664691,0.7728449229250898,0.0,0.4359675652043944,1.0,1.0,2,1,1,0.41022551329152385,0.41022551329152385
agg_gcn_search,8,8,0.0,0.0,256.96928921232166,105.0,361.96928921232166,0.7468282864903235,0.6433800106282546,0.012994913543774007,0.4269138929211591,1.0,2.0,3,2,1,0.3487487006144956,0.33608444738474197
agg_gcn_search,9,9,1.0,1.0,156.8493571796321,105.0,261.8493571796321,0.845468613616126,0.7420203377540571,0.0,0.6694321346803384,1.0,1.0,3,1,2,0.34271558508422,0.34271558508422
agg_gcn_search,10,10,0.0,0.0,255.016655081721,105.0,360.016655081721,0.7487520639588956,0.6453037880968266,0.008328809497122122,0.4234959089293923,1.0,2.0,3,2,1,0.32250456150569773,0.31833322801564545
agg_gcn_search,11,11,1.0,1.0,245.12734443873262,140.0,385.1273444387326,0.758495227153958,0.6205641926711994,0.0,0.5711317124597323,1.0,2.0,4,2,2,0.2398640674689058,0.22843040398847844
agg_gcn_search,12,12,0.40476190476190477,0.40476190476190477,275.7452861201058,140.0,415.7452861201058,0.728329767369354,0.5903987328865953,0.0093391573498959,0.5217957219471105,1.0,2.0,4,2,2,0.5151445402192197,0.5067753283645977
agg_gcn_search,13,13,1.0,1.0,180.68776259554616,105.0,285.68776259554613,0.8219824999058659,0.718534224043797,0.0,0.5811129569135977,1.0,1.0,3,1,2,0.7761411381008393,0.7761411381008393
agg_gcn_search,14,14,0.9523809523809523,0.9523809523809523,246.6418705709458,35.0,281.6418705709458,0.7570030831813341,0.7225203245606445,0.006094567033328201,0.14886558058691493,1.0,2.0,1,1,0,0.25270236826135867,0.2421988233722347
agg_gcn_search,15,15,1.0,1.0,168.39725957177046,105.0,273.39725957177046,0.8340913698800291,0.7306430940179601,0.0,0.623525586265549,1.0,1.0,3,1,2,0.5526774467594633,0.5526774467594633
agg_gcn_search,16,16,0.9761904761904762,0.9761904761904762,249.805147728689,105.0,354.805147728689,0.7538865539618828,0.6504382780998138,0.007280034779426098,0.43066764153406933,1.0,2.0,3,2,1,0.28660026705022246,0.2709558884426275
agg_gcn_search,17,17,1.0,1.0,182.65366539134578,35.0,217.65366539134578,0.820045649860743,0.7855628912400534,0.0,0.1916194779065097,1.0,1.0,1,0,1,0.8118848252971961,0.8118848252971961
agg_gcn_search,18,18,1.0,1.0,169.82557556174265,70.0,239.82557556174265,0.8326841620081353,0.763718644766756,0.0,0.41218762114279095,1.0,1.0,2,1,1,0.5786468283953207,0.5786468283953207
agg_gcn_search,19,19,1.0,1.0,167.02964845058196,70.0,237.02964845058196,0.8354387699994267,0.7664732527580473,0.0,0.41908727372260784,1.0,1.0,2,1,1,0.5278117900105812,0.5278117900105812
agg_gcn_search,20,20,1.0,1.0,189.08195592462454,70.0,259.08195592462454,0.8137123586949513,0.744746841453572,0.0,0.3702098365637001,1.0,1.0,2,1,1,0.9287628349931737,0.9287628349931737
agg_gcn_search,21,21,1.0,1.0,178.24473578686894,0.0,178.24473578686894,0.8243894228700799,0.8243894228700799,0.0,0.0,1.0,1.0,0,0,0,0.7317224688521625,0.7317224688521625
agg_gcn_search,22,22,0.9523809523809523,0.9523809523809523,244.03959853761222,105.0,349.0395985376122,0.7595668979925003,0.6561186221304314,-0.0018499499773621684,0.4276121368332091,1.0,2.0,3,2,1,0.22001075083670094,0.2185418048873841
agg_gcn_search,23,23,1.0,1.0,191.74214238687506,35.0,226.74214238687506,0.811091485333128,0.7766087267124384,0.0,0.18253681514302192,1.0,1.0,1,0,1,0.9771298615795463,0.9771298615795463
agg_gcn_stable_search,0,0,0.9285714285714286,0.9285714285714286,247.2824764724918,0.0,247.2824764724918,0.756371944362077,0.756371944362077,0.0061233115127831,0.0061233115127831,1.0,2.0,0,0,0,0.25911323374026607,0.248022513386289
agg_gcn_stable_search,1,1,0.0,0.0,265.6445218099913,0.0,265.6445218099913,0.7382812593005011,0.7382812593005011,0.4881678270108088,0.4881678270108088,1.0,2.0,0,0,0,0.44585429320263426,0.41495019827264834
agg_gcn_stable_search,2,2,0.0,0.0,170.191504256547,35.0,205.191504256547,0.8323236411265547,0.797840882505865,0.020522634836311986,0.23039381715707635,1.0,1.0,1,0,1,0.5853000773917637,0.5853000773917637
agg_gcn_stable_search,3,3,0.9047619047619048,0.9047619047619048,265.04085239734775,35.0,300.04085239734775,0.7388760074902978,0.7043932488696081,0.01532100600452908,0.14939933728337207,1.0,2.0,1,1,0,0.4114841118292632,0.4094622945213434
agg_gcn_stable_search,4,4,0.0,0.0,246.76665356265735,0.0,246.76665356265735,0.756880144273244,0.756880144273244,0.4846400446935066,0.4846400446935066,1.0,2.0,0,0,0,0.2459801068382033,0.24333321420597584
agg_gcn_stable_search,5,5,0.0,0.0,264.4603244407162,0.0,264.4603244407162,0.7394479562160431,0.7394479562160431,0.40732575984038766,0.40732575984038766,1.0,2.0,0,0,0,0.4071027869210307,0.40418476764287425
agg_gcn_stable_search,6,6,1.0,1.0,183.368236839043,35.0,218.368236839043,0.8193416385822236,0.784858879961534,0.0,0.1908727520280533,1.0,1.0,1,0,1,0.8248770334371454,0.8248770334371454
agg_gcn_stable_search,7,7,1.0,1.0,160.5624032310338,70.0,230.5624032310338,0.8418104401664691,0.7728449229250898,0.0,0.4359675652043944,1.0,1.0,2,1,1,0.41022551329152385,0.41022551329152385
agg_gcn_stable_search,8,8,0.30952380952380953,0.30952380952380953,260.59338875893496,35.0,295.59338875893496,0.7432577450650888,0.7087749864443991,0.02728142388183329,0.16525441700762833,1.0,2.0,1,1,0,0.38368162966307295,0.36903080689940876
agg_gcn_stable_search,9,9,1.0,1.0,156.8493571796321,35.0,191.8493571796321,0.845468613616126,0.8109858549954364,0.0,0.22314404489344616,1.0,1.0,1,0,1,0.34271558508422,0.34271558508422
agg_gcn_stable_search,10,10,0.0,0.0,259.4034571778219,35.0,294.4034571778219,0.7444300914504217,0.7099473328297321,0.025674103802089846,0.1640631369461799,1.0,2.0,1,1,0,0.38740313791517256,0.35821324707110824
agg_gcn_stable_search,11,11,0.0,0.0,290.74214996086283,0.0,290.74214996086283,0.7135545320582631,0.7135545320582631,0.18608615708122772,0.18608615708122772,1.0,2.0,0,0,0,0.6616445849173708,0.6431104541896622
agg_gcn_stable_search,12,12,0.0,0.0,323.63412322145473,0.0,323.63412322145473,0.6811486470724584,0.6811486470724584,0.18463164980355956,0.18463164980355956,1.0,2.0,0,0,0,0.9445904701017116,0.9421283929223155
agg_gcn_stable_search,13,13,0.0,0.0,259.13810900173115,0.0,259.13810900173115,0.7446915182248953,0.7446915182248953,0.43417631210470664,0.43417631210470664,1.0,2.0,0,0,0,0.3818372854420691,0.35580099092482853
agg_gcn_stable_search,14,14,0.0,0.0,257.5689094860505,70.0,327.5689094860505,0.7462375275999503,0.677272010358571,0.050667836206156176,0.33620986331332964,1.0,2.0,2,1,1,0.343652391051703,0.34153554078227694
agg_gcn_stable_search,15,15,1.0,1.0,168.39725957177046,35.0,203.39725957177046,0.8340913698800291,0.7996086112593394,0.0,0.20784186208851632,1.0,1.0,1,0,1,0.5526774467594633,0.5526774467594633
agg_gcn_stable_search,16,16,0.0,0.0,255.03419150440902,35.0,290.034191504409,0.7487347866951636,0.7142520280744739,0.02836491411102001,0.16949411636256775,1.0,2.0,1,1,0,0.3421370113989686,0.3184926500400819
agg_gcn_stable_search,17,17,0.0,0.0,270.31906078176087,0.0,270.31906078176087,0.7336758021854572,0.7336758021854572,0.479954208433688,0.479954208433688,1.0,2.0,0,0,0,0.4692104007873638,0.45744600710691674
agg_gcn_stable_search,18,18,1.0,1.0,169.82557556174265,35.0,204.82557556174265,0.8326841620081353,0.7982014033874456,0.0,0.20609381057139547,1.0,1.0,1,0,1,0.5786468283953207,0.5786468283953207
agg_gcn_stable_search,19,19,0.0,0.0,178.95341230261118,0.0,178.95341230261118,0.8236912194062943,0.8236912194062943,0.07138710978941584,0.07138710978941584,1.0,1.0,0,0,0,0.7446074964111123,0.7446074964111123
agg_gcn_stable_search,20,20,1.0,1.0,189.08195592462454,0.0,189.08195592462454,0.8137123586949513,0.8137123586949513,0.0,0.0,1.0,1.0,0,0,0,0.9287628349931737,0.9287628349931737
agg_gcn_stable_search,21,21,1.0,1.0,178.24473578686894,0.0,178.24473578686894,0.8243894228700799,0.8243894228700799,0.0,0.0,1.0,1.0,0,0,0,0.7317224688521625,0.7317224688521625
agg_gcn_stable_search,22,22,0.38095238095238093,0.38095238095238093,255.20615433622842,35.0,290.20615433622845,0.7485653651859818,0.7140826065652922,0.043822548648927345,0.18697657758578454,1.0,2.0,1,1,0,0.34250129155741477,0.32005594851116737
agg_gcn_stable_search,23,23,1.0,1.0,191.74214238687506,35.0,226.74214238687506,0.811091485333128,0.7766087267124384,0.0,0.18253681514302192,1.0,1.0,1,0,1,0.9771298615795463,0.9771298615795463
ml_gcn,0,0,0.0,0.0,259.1512121216632,0.0,259.1512121216632,0.7446786087471299,0.7446786087471299,0.05441388100706973,0.05441388100706973,1.0,2.0,0,0,0,0.35608808033792666,0.35592011019693814
ml_gcn,1,1,1.0,1.0,178.50441125553368,35.0,213.50441125553368,0.8241335849699175,0.7896508263492279,0.0,0.19607358582246237,1.0,1.0,1,0,1,0.7364438410097034,0.7364438410097034
ml_gcn,2,2,1.0,1.0,166.76896567203048,70.0,236.76896567203048,0.8356956003231226,0.7667300830817434,0.0,0.4197423646415287,1.0,1.0,2,1,1,0.5230721031278267,0.5230721031278267
ml_gcn,3,3,0.6428571428571429,0.42857142857142855,288.14159700584827,35.0,323.14159700584827,0.7161166531962085,0.6816338945755189,0.10381555710185704,0.23789388838070002,1.0,2.0,1,1,0,0.62705457900637,0.6194690636895297
ml_gcn,4,4,1.0,1.0,166.21311976910914,35.0,201.21311976910914,0.8362432317545723,0.8017604731338825,0.0,0.21057302846261106,1.0,1.0,1,0,1,0.5129658139838027,0.5129658139838027
ml_gcn,5,5,0.0,0.5238095238095238,270.987724795929,35.0,305.987724795929,0.7330170199054886,0.698534261284799,0.4420613243682968,0.6283138433371879,1.0,2.0,1,1,0,0.49115682474693917,0.463524770872082
ml_gcn,6,6,1.0,1.0,183.368236839043,105.0,288.368236839043,0.8193416385822236,0.7158933627201547,0.0,0.5726182560841598,1.0,1.0,3,1,2,0.8248770334371454,0.8248770334371454
ml_gcn,7,7,1.0,1.0,160.5624032310338,70.0,230.5624032310338,0.8418104401664691,0.7728449229250898,0.0,0.4359675652043944,1.0,1.0,2,1,1,0.41022551329152385,0.41022551329152385
ml_gcn,8,8,0.0,0.0,288.16322162046265,35.0,323.16322162046265,0.7160953481571797,0.68161258953649,0.13596406273562978,0.2739370558614248,1.0,2.0,1,1,0,0.6263600108215717,0.6196656510951151
ml_gcn,9,9,1.0,1.0,156.8493571796321,35.0,191.8493571796321,0.845468613616126,0.8109858549954364,0.0,0.22314404489344616,1.0,1.0,1,0,1,0.34271558508422,0.34271558508422
ml_gcn,10,10,0.0,0.0,264.5716365880603,105.0,369.5716365880603,0.7393382890758027,0.6358900132137337,0.046108942422035136,0.4612760418543053,1.0,2.0,3,2,1,0.4195903462133477,0.40519669625509364
ml_gcn,11,11,0.0,0.40476190476190477,253.3556436593205,70.0,323.3556436593205,0.7503885284144625,0.6814230111730832,0.03356744731775308,0.31913330354761926,1.0,2.0,2,1,1,0.3235301265387932,0.30323312417564074
ml_gcn,12,12,0.0,0.0,319.8545907608908,140.0,459.8545907608908,0.6848723243735066,0.546941289890748,0.17079703394267207,0.6832535985398868,1.0,2.0,4,2,2,0.9245234350109217,0.9077690069171891
ml_gcn,13,13,0.0,0.0,259.13810900173115,70.0,329.13810900173115,0.7446915182248953,0.6757260009835161,0.43417631210470664,0.8215849500471052,1.0,2.0,2,1,1,0.3818372854420691,0.35580099092482853
ml_gcn,14,14,0.0,0.0,260.670091827551,70.0,330.670091827551,0.7431821755393586,0.6742166582979793,0.06331809180931379,0.34886011891648727,1.0,2.0,2,1,1,0.3720710750709161,0.3697281075231913
ml_gcn,15,15,1.0,1.0,168.39725957177046,35.0,203.39725957177046,0.8340913698800291,0.7996086112593394,0.0,0.20784186208851632,1.0,1.0,1,0,1,0.5526774467594633,0.5526774467594633
ml_gcn,16,16,0.0,0.35714285714285715,258.6883644671707,35.0,293.6883644671707,0.7451346162885017,0.7106518576678121,0.04309950025741224,0.18422870250895998,1.0,2.0,1,1,0,0.38111798554536763,0.35171240424700606
ml_gcn,17,17,0.0,0.5238095238095238,264.54365726485105,70.0,334.54365726485105,0.7393658549114768,0.6704003376700974,0.4483347853876972,0.8315737412007166,1.0,2.0,2,1,1,0.4071795163959905,0.4049423387713734
ml_gcn,18,18,1.0,1.0,169.82557556174265,35.0,204.82557556174265,0.8326841620081353,0.7982014033874456,0.0,0.20609381057139547,1.0,1.0,1,0,1,0.5786468283953207,0.5786468283953207
ml_gcn,19,19,0.0,0.0,178.95341230261118,0.0,178.95341230261118,0.8236912194062943,0.8236912194062943,0.07138710978941584,0.07138710978941584,1.0,1.0,0,0,0,0.7446074964111123,0.7446074964111123
ml_gcn,20,20,1.0,1.0,189.08195592462454,0.0,189.08195592462454,0.8137123586949513,0.8137123586949513,0.0,0.0,1.0,1.0,0,0,0,0.9287628349931737,0.9287628349931737
ml_gcn,21,21,1.0,1.0,178.24473578686894,0.0,178.24473578686894,0.8243894228700799,0.8243894228700799,0.0,0.0,1.0,1.0,0,0,0,0.7317224688521625,0.7317224688521625
ml_gcn,22,22,0.0,0.38095238095238093,255.20615433622842,35.0,290.20615433622845,0.7485653651859818,0.7140826065652922,0.043822548648927345,0.18697657758578454,1.0,2.0,1,1,0,0.34250129155741477,0.32005594851116737
ml_gcn,23,23,1.0,1.0,191.74214238687506,35.0,226.74214238687506,0.811091485333128,0.7766087267124384,0.0,0.18253681514302192,1.0,1.0,1,0,1,0.9771298615795463,0.9771298615795463
ml_gcn_pruned,0,0,0.0,0.0,258.935845560727,0.0,258.935845560727,0.7448907925510079,0.7448907925510079,0.05353761463927326,0.05353761463927326,1.0,2.0,0,0,0,0.3735345324862823,0.3539622323702455
ml_gcn_pruned,1,1,1.0,1.0,178.50441125553368,35.0,213.50441125553368,0.8241335849699175,0.7896508263492279,0.0,0.19607358582246237,1.0,1.0,1,0,1,0.7364438410097034,0.7364438410097034
ml_gcn_pruned,2,2,1.0,1.0,166.76896567203048,70.0,236.76896567203048,0.8356956003231226,0.7667300830817434,0.0,0.4197423646415287,1.0,1.0,2,1,1,0.5230721031278267,0.5230721031278267
ml_gcn_pruned,3,3,0.47619047619047616,0.47619047619047616,278.17248475552645,105.0,383.17248475552645,0.7259384386645059,0.622490162802437,0.06562578753458219,0.46786078137111115,1.0,2.0,3,2,1,0.5397661993570729,0.5288407705047858
ml_gcn_pruned,4,4,1.0,1.0,166.21311976910914,105.0,271.21311976910914,0.8362432317545723,0.7327949558925032,0.0,0.6317190853878332,1.0,1.0,3,1,2,0.5129658139838027,0.5129658139838027
ml_gcn_pruned,5,5,0.0,0.0,259.823029779731,35.0,294.823029779731,0.7440167194288365,0.7095339608081468,0.38264839378868803,0.568900912757579,1.0,2.0,1,1,0,0.37341330457449745,0.3620275434520994
ml_gcn_pruned,6,6,1.0,1.0,183.368236839043,105.0,288.368236839043,0.8193416385822236,0.7158933627201547,0.0,0.5726182560841598,1.0,1.0,3,1,2,0.8248770334371454,0.8248770334371454
ml_gcn_pruned,7,7,1.0,1.0,160.5624032310338,70.0,230.5624032310338,0.8418104401664691,0.7728449229250898,0.0,0.4359675652043944,1.0,1.0,2,1,1,0.41022551329152385,0.41022551329152385
ml_gcn_pruned,8,8,0.0,0.0,288.16322162046265,35.0,323.16322162046265,0.7160953481571797,0.68161258953649,0.13596406273562978,0.2739370558614248,1.0,2.0,1,1,0,0.6263600108215717,0.6196656510951151
ml_gcn_pruned,9,9,1.0,1.0,156.8493571796321,35.0,191.8493571796321,0.845468613616126,0.8109858549954364,0.0,0.22314404489344616,1.0,1.0,1,0,1,0.34271558508422,0.34271558508422
ml_gcn_pruned,10,10,0.0,0.0,259.4034571778219,35.0,294.4034571778219,0.7444300914504217,0.7099473328297321,0.025674103802089846,0.1640631369461799,1.0,2.0,1,1,0,0.38740313791517256,0.35821324707110824
ml_gcn_pruned,11,11,0.40476190476190477,0.40476190476190477,253.3556436593205,70.0,323.3556436593205,0.7503885284144625,0.6814230111730832,0.03356744731775308,0.31913330354761926,1.0,2.0,2,1,1,0.3235301265387932,0.30323312417564074
ml_gcn_pruned,12,12,0.0,0.0,319.8545907608908,140.0,459.8545907608908,0.6848723243735066,0.546941289890748,0.17079703394267207,0.6832535985398868,1.0,2.0,4,2,2,0.9245234350109217,0.9077690069171891
ml_gcn_pruned,13,13,0.0,0.0,259.13810900173115,70.0,329.13810900173115,0.7446915182248953,0.6757260009835161,0.43417631210470664,0.8215849500471052,1.0,2.0,2,1,1,0.3818372854420691,0.35580099092482853
ml_gcn_pruned,14,14,0.35714285714285715,0.35714285714285715,258.8876511248222,70.0,328.8876511248222,0.7449382747538698,0.6759727575124904,0.05604720993137775,0.3415892370385512,1.0,2.0,2,1,1,0.35980341745484606,0.35352410113474697
ml_gcn_pruned,15,15,1.0,1.0,168.39725957177046,35.0,203.39725957177046,0.8340913698800291,0.7996086112593394,0.0,0.20784186208851632,1.0,1.0,1,0,1,0.5526774467594633,0.5526774467594633
ml_gcn_pruned,16,16,0.0,0.0,255.03419150440902,35.0,290.034191504409,0.7487347866951636,0.7142520280744739,0.02836491411102001,0.16949411636256775,1.0,2.0,1,1,0,0.3421370113989686,0.3184926500400819
ml_gcn_pruned,17,17,0.5,0.5,256.12734238595783,140.0,396.12734238595783,0.7476577907527509,0.6097267562699923,0.40225678930225983,1.1687347009282987,1.0,2.0,4,2,2,0.3391209159099603,0.32843038532688984
ml_gcn_pruned,18,18,1.0,1.0,169.82557556174265,105.0,274.82557556174265,0.8326841620081353,0.7292358861460664,0.0,0.6182814317141865,1.0,1.0,3,1,2,0.5786468283953207,0.5786468283953207
ml_gcn_pruned,19,19,0.0,0.0,178.95341230261118,0.0,178.95341230261118,0.8236912194062943,0.8236912194062943,0.07138710978941584,0.07138710978941584,1.0,1.0,0,0,0,0.7446074964111123,0.7446074964111123
ml_gcn_pruned,20,20,1.0,1.0,189.08195592462454,0.0,189.08195592462454,0.8137123586949513,0.8137123586949513,0.0,0.0,1.0,1.0,0,0,0,0.9287628349931737,0.9287628349931737
ml_gcn_pruned,21,21,1.0,1.0,178.24473578686894,0.0,178.24473578686894,0.8243894228700799,0.8243894228700799,0.0,0.0,1.0,1.0,0,0,0,0.7317224688521625,0.7317224688521625
ml_gcn_pruned,22,22,0.38095238095238093,0.38095238095238093,255.20615433622842,35.0,290.20615433622845,0.7485653651859818,0.7140826065652922,0.043822548648927345,0.18697657758578454,1.0,2.0,1,1,0,0.34250129155741477,0.32005594851116737
ml_gcn_pruned,23,23,1.0,1.0,191.74214238687506,35.0,226.74214238687506,0.811091485333128,0.7766087267124384,0.0,0.18253681514302192,1.0,1.0,1,0,1,0.9771298615795463,0.9771298615795463
ml_gcn_stable,0,0,0.0,0.0,258.935845560727,0.0,258.935845560727,0.7448907925510079,0.7448907925510079,0.05353761463927326,0.05353761463927326,1.0,2.0,0,0,0,0.3735345324862823,0.3539622323702455
ml_gcn_stable,1,1,1.0,1.0,178.50441125553368,35.0,213.50441125553368,0.8241335849699175,0.7896508263492279,0.0,0.19607358582246237,1.0,1.0,1,0,1,0.7364438410097034,0.7364438410097034
ml_gcn_stable,2,2,0.0,0.0,169.80719714595574,0.0,169.80719714595574,0.8327022688217184,0.8327022688217184,0.01821820661705297,0.01821820661705297,1.0,1.0,0,0,0,0.5783126753810137,0.5783126753810137
ml_gcn_stable,3,3,0.47619047619047616,0.47619047619047616,278.17248475552645,35.0,313.17248475552645,0.7259384386645059,0.6914556800438162,0.06562578753458219,0.19970411881342517,1.0,2.0,1,1,0,0.5397661993570729,0.5288407705047858
ml_gcn_stable,4,4,0.0,0.0,177.22470547687817,35.0,212.22470547687817,0.8253943788405141,0.7909116202198244,0.06624979859030082,0.2768228270529119,1.0,1.0,1,0,1,0.7131764632159667,0.7131764632159667
ml_gcn_stable,5,5,1.0,1.0,187.91692157380112,0.0,187.91692157380112,0.8148601757893585,0.8148601757893585,0.0,0.0,1.0,1.0,0,0,0,0.9075803922509295,0.9075803922509295
ml_gcn_stable,6,6,1.0,1.0,183.368236839043,70.0,253.368236839043,0.8193416385822236,0.7503761213408443,0.0,0.3817455040561066,1.0,1.0,2,1,1,0.8248770334371454,0.8248770334371454
ml_gcn_stable,7,7,1.0,1.0,160.5624032310338,70.0,230.5624032310338,0.8418104401664691,0.7728449229250898,0.0,0.4359675652043944,1.0,1.0,2,1,1,0.41022551329152385,0.41022551329152385
ml_gcn_stable,8,8,0.0,0.0,288.16322162046265,35.0,323.16322162046265,0.7160953481571797,0.68161258953649,0.13596406273562978,0.2739370558614248,1.0,2.0,1,1,0,0.6263600108215717,0.6196656510951151
ml_gcn_stable,9,9,1.0,1.0,156.8493571796321,35.0,191.8493571796321,0.845468613616126,0.8109858549954364,0.0,0.22314404489344616,1.0,1.0,1,0,1,0.34271558508422,0.34271558508422
ml_gcn_stable,10,10,0.0,0.0,259.4034571778219,35.0,294.4034571778219,0.7444300914504217,0.7099473328297321,0.025674103802089846,0.1640631369461799,1.0,2.0,1,1,0,0.38740313791517256,0.35821324707110824
ml_gcn_stable,11,11,0.40476190476190477,0.40476190476190477,253.3556436593205,70.0,323.3556436593205,0.7503885284144625,0.6814230111730832,0.03356744731775308,0.31913330354761926,1.0,2.0,2,1,1,0.3235301265387932,0.30323312417564074
ml_gcn_stable,12,12,0.0,0.0,323.63412322145473,70.0,393.63412322145473,0.6811486470724584,0.612183129831079,0.18463164980355956,0.4408599321021669,1.0,2.0,2,1,1,0.9445904701017116,0.9421283929223155
ml_gcn_stable,13,13,0.0,0.0,259.13810900173115,0.0,259.13810900173115,0.7446915182248953,0.7446915182248953,0.43417631210470664,0.43417631210470664,1.0,2.0,0,0,0,0.3818372854420691,0.35580099092482853
ml_gcn_stable,14,14,0.0,0.0,260.670091827551,70.0,330.670091827551,0.7431821755393586,0.6742166582979793,0.06331809180931379,0.34886011891648727,1.0,2.0,2,1,1,0.3720710750709161,0.3697281075231913
ml_gcn_stable,15,15,1.0,1.0,168.39725957177046,35.0,203.39725957177046,0.8340913698800291,0.7996086112593394,0.0,0.20784186208851632,1.0,1.0,1,0,1,0.5526774467594633,0.5526774467594633
ml_gcn_stable,16,16,0.35714285714285715,0.35714285714285715,258.6883644671707,35.0,293.6883644671707,0.7451346162885017,0.7106518576678121,0.04309950025741224,0.18422870250895998,1.0,2.0,1,1,0,0.38111798554536763,0.35171240424700606
ml_gcn_stable,17,17,0.5238095238095238,0.5238095238095238,264.54365726485105,70.0,334.54365726485105,0.7393658549114768,0.6704003376700974,0.4483347853876972,0.8315737412007166,1.0,2.0,2,1,1,0.4071795163959905,0.4049423387713734
ml_gcn_stable,18,18,1.0,1.0,169.82557556174265,35.0,204.82557556174265,0.8326841620081353,0.7982014033874456,0.0,0.20609381057139547,1.0,1.0,1,0,1,0.5786468283953207,0.5786468283953207
ml_gcn_stable,19,19,0.0,0.0,178.95341230261118,0.0,178.95341230261118,0.8236912194062943,0.8236912194062943,0.07138710978941584,0.07138710978941584,1.0,1.0,0,0,0,0.7446074964111123,0.7446074964111123
ml_gcn_stable,20,20,1.0,1.0,189.08195592462454,0.0,189.08195592462454,0.8137123586949513,0.8137123586949513,0.0,0.0,1.0,1.0,0,0,0,0.9287628349931737,0.9287628349931737
ml_gcn_stable,21,21,1.0,1.0,178.24473578686894,0.0,178.24473578686894,0.8243894228700799,0.8243894228700799,0.0,0.0,1.0,1.0,0,0,0,0.7317224688521625,0.7317224688521625
ml_gcn_stable,22,22,0.38095238095238093,0.38095238095238093,255.20615433622842,35.0,290.20615433622845,0.7485653651859818,0.7140826065652922,0.043822548648927345,0.18697657758578454,1.0,2.0,1,1,0,0.34250129155741477,0.32005594851116737
ml_gcn_stable,23,23,1.0,1.0,191.74214238687506,35.0,226.74214238687506,0.811091485333128,0.7766087267124384,0.0,0.18253681514302192,1.0,1.0,1,0,1,0.9771298615795463,0.9771298615795463
ml_gcn_search,0,0,0.9523809523809523,0.9523809523809523,246.69674973064485,0.0,246.69674973064485,0.7569490150436997,0.7569490150436997,0.0037401530393026986,0.0037401530393026986,1.0,2.0,0,0,0,0.25363839458652576,0.24269772482404378
ml_gcn_search,1,1,1.0,1.0,178.50441125553368,105.0,283.5044112555337,0.8241335849699175,0.7206853091078486,0.0,0.5882207574673871,1.0,1.0,3,1,2,0.7364438410097034,0.7364438410097034
ml_gcn_search,2,2,1.0,1.0,166.76896567203048,70.0,236.76896567203048,0.8356956003231226,0.7667300830817434,0.0,0.4197423646415287,1.0,1.0,2,1,1,0.5230721031278267,0.5230721031278267
ml_gcn_search,3,3,0.3333333333333333,0.3333333333333333,261.7529598177515,105.0,366.7529598177515,0.7421153105243827,0.6386670346623138,0.0027257159903475055,0.4049607098268765,1.0,2.0,3,2,1,0.3912776388814121,0.37957236197955896
ml_gcn_search,4,4,1.0,1.0,166.21311976910914,105.0,271.21311976910914,0.8362432317545723,0.7327949558925032,0.0,0.6317190853878332,1.0,1.0,3,1,2,0.5129658139838027,0.5129658139838027
ml_gcn_search,5,5,1.0,1.0,187.91692157380112,70.0,257.9169215738011,0.8148601757893585,0.7458946585479792,0.0,0.37250503793778206,1.0,1.0,2,1,1,0.9075803922509295,0.9075803922509295
ml_gcn_search,6,6,1.0,1.0,183.368236839043,70.0,253.368236839043,0.8193416385822236,0.7503761213408443,0.0,0.3817455040561066,1.0,1.0,2,1,1,0.8248770334371454,0.8248770334371454
ml_gcn_search,7,7,1.0,1.0,160.5624032310338,70.0,230.5624032310338,0.8418104401664691,0.7728449229250898,0.0,0.4359675652043944,1.0,1.0,2,1,1,0.41022551329152385,0.41022551329152385
ml_gcn_search,8,8,0.0,0.0,255.2104120896534,105.0,360.2104120896534,0.7485611703550213,0.6451128944929524,0.0060612695107732945,0.4199802488881584,1.0,2.0,3,2,1,0.32231809054664984,0.32009465536048576
ml_gcn_search,9,9,1.0,1.0,156.8493571796321,105.0,261.8493571796321,0.845468613616126,0.7420203377540571,0.0,0.6694321346803384,1.0,1.0,3,1,2,0.34271558508422,0.34271558508422
ml_gcn_search,10,10,0.9761904761904762,0.9761904761904762,252.7824710792151,105.0,357.7824710792151,0.7509532304638274,0.6475049546017585,-0.00050509233067178,0.41466200710159845,1.0,2.0,3,2,1,0.31661849417799,0.2980224643565008
ml_gcn_search,11,11,1.0,1.0,245.12734443873262,140.0,385.1273444387326,0.758495227153958,0.6205641926711994,0.0,0.5711317124597323,1.0,2.0,4,2,2,0.2398640674689058,0.22843040398847844
ml_gcn_search,12,12,0.40476190476190477,0.40476190476190477,274.16737497542647,140.0,414.16737497542647,0.7298843596301217,0.5919533251473631,0.003563365032452881,0.5160199296296675,1.0,2.0,4,2,2,0.49877770765842594,0.49243068159478587
ml_gcn_search,13,13,1.0,1.0,180.68776259554616,105.0,285.68776259554613,0.8219824999058659,0.718534224043797,0.0,0.5811129569135977,1.0,1.0,3,1,2,0.7761411381008393,0.7761411381008393
ml_gcn_search,14,14,0.9523809523809523,0.9523809523809523,246.00841807991515,35.0,281.00841807991515,0.7576271743055023,0.7231444156848127,0.0035106054852570416,0.14628161903884376,1.0,2.0,1,1,0,0.2413104508734991,0.2364401643628649
ml_gcn_search,15,15,1.0,1.0,168.39725957177046,105.0,273.39725957177046,0.8340913698800291,0.7306430940179601,0.0,0.623525586265549,1.0,1.0,3,1,2,0.5526774467594633,0.5526774467594633
ml_gcn_search,16,16,0.0,0.0,250.00732749453073,105.0,355.0073274945307,0.7536873620743539,0.650239086212285,0.008095276752701717,0.4314828835073449,1.0,2.0,3,2,1,0.2855133853445266,0.27279388631391577
ml_gcn_search,17,17,1.0,1.0,182.65366539134578,105.0,287.6536653913458,0.820045649860743,0.7165973739986741,0.0,0.5748584337195292,1.0,1.0,3,1,2,0.8118848252971961,0.8118848252971961
ml_gcn_search,18,18,1.0,1.0,169.82557556174265,70.0,239.82557556174265,0.8326841620081353,0.763718644766756,0.0,0.41218762114279095,1.0,1.0,2,1,1,0.5786468283953207,0.5786468283953207
ml_gcn_search,19,19,1.0,1.0,167.02964845058196,70.0,237.02964845058196,0.8354387699994267,0.7664732527580473,0.0,0.41908727372260784,1.0,1.0,2,1,1,0.5278117900105812,0.5278117900105812
ml_gcn_search,20,20,1.0,1.0,189.08195592462454,70.0,259.08195592462454,0.8137123586949513,0.744746841453572,0.0,0.3702098365637001,1.0,1.0,2,1,1,0.9287628349931737,0.9287628349931737
ml_gcn_search,21,21,1.0,1.0,178.24473578686894,0.0,178.24473578686894,0.8243894228700799,0.8243894228700799,0.0,0.0,1.0,1.0,0,0,0,0.7317224688521625,0.7317224688521625
ml_gcn_search,22,22,0.9761904761904762,0.9761904761904762,243.8100500024507,105.0,348.8100500024507,0.7597930541847776,0.6563447783227087,-0.0027888299100742924,0.42667325690049684,1.0,2.0,3,2,1,0.23098336308354628,0.2164550000222792
ml_gcn_search,23,23,1.0,1.0,191.74214238687506,35.0,226.74214238687506,0.811091485333128,0.7766087267124384,0.0,0.18253681514302192,1.0,1.0,1,0,1,0.9771298615795463,0.9771298615795463
ml_gcn_stable_search,0,0,0.9523809523809523,0.9523809523809523,246.69674973064485,0.0,246.69674973064485,0.7569490150436997,0.7569490150436997,0.0037401530393026986,0.0037401530393026986,1.0,2.0,0,0,0,0.25363839458652576,0.24269772482404378
ml_gcn_stable_search,1,1,0.0,0.0,265.6445218099913,0.0,265.6445218099913,0.7382812593005011,0.7382812593005011,0.4881678270108088,0.4881678270108088,1.0,2.0,0,0,0,0.44585429320263426,0.41495019827264834
ml_gcn_stable_search,2,2,0.0,0.0,170.191504256547,35.0,205.191504256547,0.8323236411265547,0.797840882505865,0.020522634836311986,0.23039381715707635,1.0,1.0,1,0,1,0.5853000773917637,0.5853000773917637
ml_gcn_stable_search,3,3,0.9047619047619048,0.9047619047619048,265.04085239734775,35.0,300.04085239734775,0.7388760074902978,0.7043932488696081,0.01532100600452908,0.14939933728337207,1.0,2.0,1,1,0,0.4114841118292632,0.4094622945213434
ml_gcn_stable_search,4,4,0.0,0.0,248.31817200115142,0.0,248.31817200115142,0.7553515546786685,0.7553515546786685,0.4939745571594859,0.4939745571594859,1.0,2.0,0,0,0,0.2682583161437832,0.2574379272831946
ml_gcn_stable_search,5,5,0.0,0.0,262.35582592656357,0.0,262.35582592656357,0.7415213537669325,0.7415213537669325,0.39612666985675293,0.39612666985675293,1.0,2.0,0,0,0,0.3965190095607359,0.38505296296875957
ml_gcn_stable_search,6,6,1.0,1.0,183.368236839043,35.0,218.368236839043,0.8193416385822236,0.784858879961534,0.0,0.1908727520280533,1.0,1.0,1,0,1,0.8248770334371454,0.8248770334371454
ml_gcn_stable_search,7,7,1.0,1.0,160.5624032310338,70.0,230.5624032310338,0.8418104401664691,0.7728449229250898,0.0,0.4359675652043944,1.0,1.0,2,1,1,0.41022551329152385,0.41022551329152385
ml_gcn_stable_search,8,8,0.0,0.0,267.1872510341096,35.0,302.1872510341096,0.736761329030434,0.7022785704097443,0.05327499286369347,0.1912479859894885,1.0,2.0,1,1,0,0.4471038208809071,0.4289750094009962
ml_gcn_stable_search,9,9,1.0,1.0,156.8493571796321,35.0,191.8493571796321,0.845468613616126,0.8109858549954364,0.0,0.22314404489344616,1.0,1.0,1,0,1,0.34271558508422,0.34271558508422
ml_gcn_stable_search,10,10,0.0,0.0,259.4034571778219,35.0,294.4034571778219,0.7444300914504217,0.7099473328297321,0.025674103802089846,0.1640631369461799,1.0,2.0,1,1,0,0.38740313791517256,0.35821324707110824
ml_gcn_stable_search,11,11,0.0,0.0,290.74214996086283,0.0,290.74214996086283,0.7135545320582631,0.7135545320582631,0.18608615708122772,0.18608615708122772,1.0,2.0,0,0,0,0.6616445849173708,0.6431104541896622
ml_gcn_stable_search,12,12,0.0,0.0,323.63412322145473,0.0,323.63412322145473,0.6811486470724584,0.6811486470724584,0.18463164980355956,0.18463164980355956,1.0,2.0,0,0,0,0.9445904701017116,0.9421283929223155
ml_gcn_stable_search,13,13,0.0,0.0,259.13810900173115,0.0,259.13810900173115,0.7446915182248953,0.7446915182248953,0.43417631210470664,0.43417631210470664,1.0,2.0,0,0,0,0.3818372854420691,0.35580099092482853
ml_gcn_stable_search,14,14,0.0,0.0,257.5689094860505,70.0,327.5689094860505,0.7462375275999503,0.677272010358571,0.050667836206156176,0.33620986331332964,1.0,2.0,2,1,1,0.343652391051703,0.34153554078227694
ml_gcn_stable_search,15,15,1.0,1.0,168.39725957177046,35.0,203.39725957177046,0.8340913698800291,0.7996086112593394,0.0,0.20784186208851632,1.0,1.0,1,0,1,0.5526774467594633,0.5526774467594633
ml_gcn_stable_search,16,16,0.0,0.0,255.03419150440902,35.0,290.034191504409,0.7487347866951636,0.7142520280744739,0.02836491411102001,0.16949411636256775,1.0,2.0,1,1,0,0.3421370113989686,0.3184926500400819
ml_gcn_stable_search,17,17,0.0,0.0,270.31906078176087,0.0,270.31906078176087,0.7336758021854572,0.7336758021854572,0.479954208433688,0.479954208433688,1.0,2.0,0,0,0,0.4692104007873638,0.45744600710691674
ml_gcn_stable_search,18,18,1.0,1.0,169.82557556174265,35.0,204.82557556174265,0.8326841620081353,0.7982014033874456,0.0,0.20609381057139547,1.0,1.0,1,0,1,0.5786468283953207,0.5786468283953207
ml_gcn_stable_search,19,19,0.0,0.0,178.95341230261118,0.0,178.95341230261118,0.8236912194062943,0.8236912194062943,0.07138710978941584,0.07138710978941584,1.0,1.0,0,0,0,0.7446074964111123,0.7446074964111123
ml_gcn_stable_search,20,20,1.0,1.0,189.08195592462454,0.0,189.08195592462454,0.8137123586949513,0.8137123586949513,0.0,0.0,1.0,1.0,0,0,0,0.9287628349931737,0.9287628349931737
ml_gcn_stable_search,21,21,1.0,1.0,178.24473578686894,0.0,178.24473578686894,0.8243894228700799,0.8243894228700799,0.0,0.0,1.0,1.0,0,0,0,0.7317224688521625,0.7317224688521625
ml_gcn_stable_search,22,22,0.38095238095238093,0.38095238095238093,255.20615433622842,35.0,290.20615433622845,0.7485653651859818,0.7140826065652922,0.043822548648927345,0.18697657758578454,1.0,2.0,1,1,0,0.34250129155741477,0.32005594851116737
ml_gcn_stable_search,23,23,1.0,1.0,191.74214238687506,35.0,226.74214238687506,0.811091485333128,0.7766087267124384,0.0,0.18253681514302192,1.0,1.0,1,0,1,0.9771298615795463,0.9771298615795463
attn_ml_gcn,0,0,0.0,0.0,259.1512121216632,0.0,259.1512121216632,0.7446786087471299,0.7446786087471299,0.05441388100706973,0.05441388100706973,1.0,2.0,0,0,0,0.35608808033792666,0.35592011019693814
attn_ml_gcn,1,1,1.0,1.0,178.50441125553368,35.0,213.50441125553368,0.8241335849699175,0.7896508263492279,0.0,0.19607358582246237,1.0,1.0,1,0,1,0.7364438410097034,0.7364438410097034
attn_ml_gcn,2,2,1.0,1.0,166.76896567203048,70.0,236.76896567203048,0.8356956003231226,0.7667300830817434,0.0,0.4197423646415287,1.0,1.0,2,1,1,0.5230721031278267,0.5230721031278267
attn_ml_gcn,3,3,0.6428571428571429,0.42857142857142855,288.14159700584827,35.0,323.14159700584827,0.7161166531962085,0.6816338945755189,0.10381555710185704,0.23789388838070002,1.0,2.0,1,1,0,0.62705457900637,0.6194690636895297
attn_ml_gcn,4,4,1.0,1.0,166.21311976910914,35.0,201.21311976910914,0.8362432317545723,0.8017604731338825,0.0,0.21057302846261106,1.0,1.0,1,0,1,0.5129658139838027,0.5129658139838027
attn_ml_gcn,5,5,0.0,0.5238095238095238,270.987724795929,35.0,305.987724795929,0.7330170199054886,0.698534261284799,0.4420613243682968,0.6283138433371879,1.0,2.0,1,1,0,0.49115682474693917,0.463524770872082
attn_ml_gcn,6,6,1.0,1.0,183.368236839043,105.0,288.368236839043,0.8193416385822236,0.7158933627201547,0.0,0.5726182560841598,1.0,1.0,3,1,2,0.8248770334371454,0.8248770334371454
attn_ml_gcn,7,7,1.0,1.0,160.5624032310338,70.0,230.5624032310338,0.8418104401664691,0.7728449229250898,0.0,0.4359675652043944,1.0,1.0,2,1,1,0.41022551329152385,0.41022551329152385
attn_ml_gcn,8,8,0.0,0.0,288.16322162046265,35.0,323.16322162046265,0.7160953481571797,0.68161258953649,0.13596406273562978,0.2739370558614248,1.0,2.0,1,1,0,0.6263600108215717,0.6196656510951151
attn_ml_gcn,9,9,1.0,1.0,156.8493571796321,35.0,191.8493571796321,0.845468613616126,0.8109858549954364,0.0,0.22314404489344616,1.0,1.0,1,0,1,0.34271558508422,0.34271558508422
attn_ml_gcn,10,10,0.0,0.0,264.5716365880603,105.0,369.5716365880603,0.7393382890758027,0.6358900132137337,0.046108942422035136,0.4612760418543053,1.0,2.0,3,2,1,0.4195903462133477,0.40519669625509364
attn_ml_gcn,11,11,0.0,0.40476190476190477,253.3556436593205,70.0,323.3556436593205,0.7503885284144625,0.6814230111730832,0.03356744731775308,0.31913330354761926,1.0,2.0,2,1,1,0.3235301265387932,0.30323312417564074
attn_ml_gcn,12,12,0.0,0.0,319.8545907608908,140.0,459.8545907608908,0.6848723243735066,0.546941289890748,0.17079703394267207,0.6832535985398868,1.0,2.0,4,2,2,0.9245234350109217,0.9077690069171891
attn_ml_gcn,13,13,0.0,0.0,259.13810900173115,70.0,329.13810900173115,0.7446915182248953,0.6757260009835161,0.43417631210470664,0.8215849500471052,1.0,2.0,2,1,1,0.3818372854420691,0.35580099092482853
attn_ml_gcn,14,14,0.0,0.0,260.670091827551,70.0,330.670091827551,0.7431821755393586,0.6742166582979793,0.06331809180931379,0.34886011891648727,1.0,2.0,2,1,1,0.3720710750709161,0.3697281075231913
attn_ml_gcn,15,15,1.0,1.0,168.39725957177046,35.0,203.39725957177046,0.8340913698800291,0.7996086112593394,0.0,0.20784186208851632,1.0,1.0,1,0,1,0.5526774467594633,0.5526774467594633
attn_ml_gcn,16,16,0.0,0.35714285714285715,258.6883644671707,35.0,293.6883644671707,0.7451346162885017,0.7106518576678121,0.04309950025741224,0.18422870250895998,1.0,2.0,1,1,0,0.38111798554536763,0.35171240424700606
attn_ml_gcn,17,17,0.0,0.5238095238095238,264.54365726485105,70.0,334.54365726485105,0.7393658549114768,0.6704003376700974,0.4483347853876972,0.8315737412007166,1.0,2.0,2,1,1,0.4071795163959905,0.4049423387713734
attn_ml_gcn,18,18,1.0,1.0,169.82557556174265,35.0,204.82557556174265,0.8326841620081353,0.7982014033874456,0.0,0.20609381057139547,1.0,1.0,1,0,1,0.5786468283953207,0.5786468283953207
attn_ml_gcn,19,19,0.0,0.0,178.95341230261118,0.0,178.95341230261118,0.8236912194062943,0.8236912194062943,0.07138710978941584,0.07138710978941584,1.0,1.0,0,0,0,0.7446074964111123,0.7446074964111123
attn_ml_gcn,20,20,1.0,1.0,189.08195592462454,0.0,189.08195592462454,0.8137123586949513,0.8137123586949513,0.0,0.0,1.0,1.0,0,0,0,0.9287628349931737,0.9287628349931737
attn_ml_gcn,21,21,1.0,1.0,178.24473578686894,0.0,178.24473578686894,0.8243894228700799,0.8243894228700799,0.0,0.0,1.0,1.0,0,0,0,0.7317224688521625,0.7317224688521625
attn_ml_gcn,22,22,0.0,0.38095238095238093,255.20615433622842,35.0,290.20615433622845,0.7485653651859818,0.7140826065652922,0.043822548648927345,0.18697657758578454,1.0,2.0,1,1,0,0.34250129155741477,0.32005594851116737
attn_ml_gcn,23,23,1.0,1.0,191.74214238687506,35.0,226.74214238687506,0.811091485333128,0.7766087267124384,0.0,0.18253681514302192,1.0,1.0,1,0,1,0.9771298615795463,0.9771298615795463
attn_ml_gcn_pruned,0,0,0.0,0.0,258.935845560727,0.0,258.935845560727,0.7448907925510079,0.7448907925510079,0.05353761463927326,0.05353761463927326,1.0,2.0,0,0,0,0.3735345324862823,0.3539622323702455
attn_ml_gcn_pruned,1,1,1.0,1.0,178.50441125553368,35.0,213.50441125553368,0.8241335849699175,0.7896508263492279,0.0,0.19607358582246237,1.0,1.0,1,0,1,0.7364438410097034,0.7364438410097034
attn_ml_gcn_pruned,2,2,1.0,1.0,166.76896567203048,70.0,236.76896567203048,0.8356956003231226,0.7667300830817434,0.0,0.4197423646415287,1.0,1.0,2,1,1,0.5230721031278267,0.5230721031278267
attn_ml_gcn_pruned,3,3,0.47619047619047616,0.47619047619047616,278.17248475552645,105.0,383.17248475552645,0.7259384386645059,0.622490162802437,0.06562578753458219,0.46786078137111115,1.0,2.0,3,2,1,0.5397661993570729,0.5288407705047858
attn_ml_gcn_pruned,4,4,1.0,1.0,166.21311976910914,105.0,271.21311976910914,0.8362432317545723,0.7327949558925032,0.0,0.6317190853878332,1.0,1.0,3,1,2,0.5129658139838027,0.5129658139838027
attn_ml_gcn_pruned,5,5,0.0,0.0,259.823029779731,35.0,294.823029779731,0.7440167194288365,0.7095339608081468,0.38264839378868803,0.568900912757579,1.0,2.0,1,1,0,0.37341330457449745,0.3620275434520994
attn_ml_gcn_pruned,6,6,1.0,1.0,183.368236839043,105.0,288.368236839043,0.8193416385822236,0.7158933627201547,0.0,0.5726182560841598,1.0,1.0,3,1,2,0.8248770334371454,0.8248770334371454
attn_ml_gcn_pruned,7,7,1.0,1.0,160.5624032310338,70.0,230.5624032310338,0.8418104401664691,0.7728449229250898,0.0,0.4359675652043944,1.0,1.0,2,1,1,0.41022551329152385,0.41022551329152385
attn_ml_gcn_pruned,8,8,0.0,0.0,288.16322162046265,35.0,323.16322162046265,0.7160953481571797,0.68161258953649,0.13596406273562978,0.2739370558614248,1.0,2.0,1,1,0,0.6263600108215717,0.6196656510951151
attn_ml_gcn_pruned,9,9,1.0,1.0,156.8493571796321,35.0,191.8493571796321,0.845468613616126,0.8109858549954364,0.0,0.22314404489344616,1.0,1.0,1,0,1,0.34271558508422,0.34271558508422
attn_ml_gcn_pruned,10,10,0.0,0.0,259.4034571778219,35.0,294.4034571778219,0.7444300914504217,0.7099473328297321,0.025674103802089846,0.1640631369461799,1.0,2.0,1,1,0,0.38740313791517256,0.35821324707110824
attn_ml_gcn_pruned,11,11,0.40476190476190477,0.40476190476190477,253.3556436593205,70.0,323.3556436593205,0.7503885284144625,0.6814230111730832,0.03356744731775308,0.31913330354761926,1.0,2.0,2,1,1,0.3235301265387932,0.30323312417564074
attn_ml_gcn_pruned,12,12,0.0,0.0,319.8545907608908,140.0,459.8545907608908,0.6848723243735066,0.546941289890748,0.17079703394267207,0.6832535985398868,1.0,2.0,4,2,2,0.9245234350109217,0.9077690069171891
attn_ml_gcn_pruned,13,13,0.0,0.0,259.13810900173115,70.0,329.13810900173115,0.7446915182248953,0.6757260009835161,0.43417631210470664,0.8215849500471052,1.0,2.0,2,1,1,0.3818372854420691,0.35580099092482853
attn_ml_gcn_pruned,14,14,0.35714285714285715,0.35714285714285715,258.8876511248222,70.0,328.8876511248222,0.7449382747538698,0.6759727575124904,0.05604720993137775,0.3415892370385512,1.0,2.0,2,1,1,0.35980341745484606,0.35352410113474697
attn_ml_gcn_pruned,15,15,1.0,1.0,168.39725957177046,35.0,203.39725957177046,0.8340913698800291,0.7996086112593394,0.0,0.20784186208851632,1.0,1.0,1,0,1,0.5526774467594633,0.5526774467594633
attn_ml_gcn_pruned,16,16,0.0,0.0,255.03419150440902,35.0,290.034191504409,0.7487347866951636,0.7142520280744739,0.02836491411102001,0.16949411636256775,1.0,2.0,1,1,0,0.3421370113989686,0.3184926500400819
attn_ml_gcn_pruned,17,17,0.5,0.5,256.12734238595783,140.0,396.12734238595783,0.7476577907527509,0.6097267562699923,0.40225678930225983,1.1687347009282987,1.0,2.0,4,2,2,0.3391209159099603,0.32843038532688984
attn_ml_gcn_pruned,18,18,1.0,1.0,169.82557556174265,105.0,274.82557556174265,0.8326841620081353,0.7292358861460664,0.0,0.6182814317141865,1.0,1.0,3,1,2,0.5786468283953207,0.5786468283953207
attn_ml_gcn_pruned,19,19,0.0,0.0,178.95341230261118,0.0,178.95341230261118,0.8236912194062943,0.8236912194062943,0.07138710978941584,0.07138710978941584,1.0,1.0,0,0,0,0.7446074964111123,0.7446074964111123
attn_ml_gcn_pruned,20,20,1.0,1.0,189.08195592462454,0.0,189.08195592462454,0.8137123586949513,0.8137123586949513,0.0,0.0,1.0,1.0,0,0,0,0.9287628349931737,0.9287628349931737
attn_ml_gcn_pruned,21,21,1.0,1.0,178.24473578686894,0.0,178.24473578686894,0.8243894228700799,0.8243894228700799,0.0,0.0,1.0,1.0,0,0,0,0.7317224688521625,0.7317224688521625
attn_ml_gcn_pruned,22,22,0.38095238095238093,0.38095238095238093,255.20615433622842,35.0,290.20615433622845,0.7485653651859818,0.7140826065652922,0.043822548648927345,0.18697657758578454,1.0,2.0,1,1,0,0.34250129155741477,0.32005594851116737
attn_ml_gcn_pruned,23,23,1.0,1.0,191.74214238687506,35.0,226.74214238687506,0.811091485333128,0.7766087267124384,0.0,0.18253681514302192,1.0,1.0,1,0,1,0.9771298615795463,0.9771298615795463
attn_ml_gcn_stable,0,0,0.0,0.0,258.935845560727,0.0,258.935845560727,0.7448907925510079,0.7448907925510079,0.05353761463927326,0.05353761463927326,1.0,2.0,0,0,0,0.3735345324862823,0.3539622323702455
attn_ml_gcn_stable,1,1,1.0,1.0,178.50441125553368,35.0,213.50441125553368,0.8241335849699175,0.7896508263492279,0.0,0.19607358582246237,1.0,1.0,1,0,1,0.7364438410097034,0.7364438410097034
attn_ml_gcn_stable,2,2,0.0,0.0,169.80719714595574,0.0,169.80719714595574,0.8327022688217184,0.8327022688217184,0.01821820661705297,0.01821820661705297,1.0,1.0,0,0,0,0.5783126753810137,0.5783126753810137
attn_ml_gcn_stable,3,3,0.47619047619047616,0.47619047619047616,278.17248475552645,35.0,313.17248475552645,0.7259384386645059,0.6914556800438162,0.06562578753458219,0.19970411881342517,1.0,2.0,1,1,0,0.5397661993570729,0.5288407705047858
attn_ml_gcn_stable,4,4,0.0,0.0,177.22470547687817,35.0,212.22470547687817,0.8253943788405141,0.7909116202198244,0.06624979859030082,0.2768228270529119,1.0,1.0,1,0,1,0.7131764632159667,0.7131764632159667
attn_ml_gcn_stable,5,5,1.0,1.0,187.91692157380112,0.0,187.91692157380112,0.8148601757893585,0.8148601757893585,0.0,0.0,1.0,1.0,0,0,0,0.9075803922509295,0.9075803922509295
attn_ml_gcn_stable,6,6,1.0,1.0,183.368236839043,70.0,253.368236839043,0.8193416385822236,0.7503761213408443,0.0,0.3817455040561066,1.0,1.0,2,1,1,0.8248770334371454,0.8248770334371454
attn_ml_gcn_stable,7,7,1.0,1.0,160.5624032310338,70.0,230.5624032310338,0.8418104401664691,0.7728449229250898,0.0,0.4359675652043944,1.0,1.0,2,1,1,0.41022551329152385,0.41022551329152385
attn_ml_gcn_stable,8,8,0.0,0.0,288.16322162046265,35.0,323.16322162046265,0.7160953481571797,0.68161258953649,0.13596406273562978,0.2739370558614248,1.0,2.0,1,1,0,0.6263600108215717,0.6196656510951151
attn_ml_gcn_stable,9,9,1.0,1.0,156.8493571796321,35.0,191.8493571796321,0.845468613616126,0.8109858549954364,0.0,0.22314404489344616,1.0,1.0,1,0,1,0.34271558508422,0.34271558508422
attn_ml_gcn_stable,10,10,0.0,0.0,259.4034571778219,35.0,294.4034571778219,0.7444300914504217,0.7099473328297321,0.025674103802089846,0.1640631369461799,1.0,2.0,1,1,0,0.38740313791517256,0.35821324707110824
attn_ml_gcn_stable,11,11,0.40476190476190477,0.40476190476190477,253.3556436593205,70.0,323.3556436593205,0.7503885284144625,0.6814230111730832,0.03356744731775308,0.31913330354761926,1.0,2.0,2,1,1,0.3235301265387932,0.30323312417564074
attn_ml_gcn_stable,12,12,0.0,0.0,323.63412322145473,70.0,393.63412322145473,0.6811486470724584,0.612183129831079,0.18463164980355956,0.4408599321021669,1.0,2.0,2,1,1,0.9445904701017116,0.9421283929223155
attn_ml_gcn_stable,13,13,0.0,0.0,259.13810900173115,0.0,259.13810900173115,0.7446915182248953,0.7446915182248953,0.43417631210470664,0.43417631210470664,1.0,2.0,0,0,0,0.3818372854420691,0.35580099092482853
attn_ml_gcn_stable,14,14,0.0,0.0,260.670091827551,70.0,330.670091827551,0.7431821755393586,0.6742166582979793,0.06331809180931379,0.34886011891648727,1.0,2.0,2,1,1,0.3720710750709161,0.3697281075231913
attn_ml_gcn_stable,15,15,1.0,1.0,168.39725957177046,35.0,203.39725957177046,0.8340913698800291,0.7996086112593394,0.0,0.20784186208851632,1.0,1.0,1,0,1,0.5526774467594633,0.5526774467594633
attn_ml_gcn_stable,16,16,0.35714285714285715,0.35714285714285715,258.6883644671707,35.0,293.6883644671707,0.7451346162885017,0.7106518576678121,0.04309950025741224,0.18422870250895998,1.0,2.0,1,1,0,0.38111798554536763,0.35171240424700606
attn_ml_gcn_stable,17,17,0.5238095238095238,0.5238095238095238,264.54365726485105,70.0,334.54365726485105,0.7393658549114768,0.6704003376700974,0.4483347853876972,0.8315737412007166,1.0,2.0,2,1,1,0.4071795163959905,0.4049423387713734
attn_ml_gcn_stable,18,18,1.0,1.0,169.82557556174265,35.0,204.82557556174265,0.8326841620081353,0.7982014033874456,0.0,0.20609381057139547,1.0,1.0,1,0,1,0.5786468283953207,0.5786468283953207
attn_ml_gcn_stable,19,19,0.0,0.0,178.95341230261118,0.0,178.95341230261118,0.8236912194062943,0.8236912194062943,0.07138710978941584,0.07138710978941584,1.0,1.0,0,0,0,0.7446074964111123,0.7446074964111123
attn_ml_gcn_stable,20,20,1.0,1.0,189.08195592462454,0.0,189.08195592462454,0.8137123586949513,0.8137123586949513,0.0,0.0,1.0,1.0,0,0,0,0.9287628349931737,0.9287628349931737
attn_ml_gcn_stable,21,21,1.0,1.0,178.24473578686894,0.0,178.24473578686894,0.8243894228700799,0.8243894228700799,0.0,0.0,1.0,1.0,0,0,0,0.7317224688521625,0.7317224688521625
attn_ml_gcn_stable,22,22,0.38095238095238093,0.38095238095238093,255.20615433622842,35.0,290.20615433622845,0.7485653651859818,0.7140826065652922,0.043822548648927345,0.18697657758578454,1.0,2.0,1,1,0,0.34250129155741477,0.32005594851116737
attn_ml_gcn_stable,23,23,1.0,1.0,191.74214238687506,35.0,226.74214238687506,0.811091485333128,0.7766087267124384,0.0,0.18253681514302192,1.0,1.0,1,0,1,0.9771298615795463,0.9771298615795463
attn_ml_gcn_search,0,0,0.9523809523809523,0.9523809523809523,246.69674973064485,0.0,246.69674973064485,0.7569490150436997,0.7569490150436997,0.0037401530393026986,0.0037401530393026986,1.0,2.0,0,0,0,0.25363839458652576,0.24269772482404378
attn_ml_gcn_search,1,1,1.0,1.0,178.50441125553368,105.0,283.5044112555337,0.8241335849699175,0.7206853091078486,0.0,0.5882207574673871,1.0,1.0,3,1,2,0.7364438410097034,0.7364438410097034
attn_ml_gcn_search,2,2,1.0,1.0,166.76896567203048,70.0,236.76896567203048,0.8356956003231226,0.7667300830817434,0.0,0.4197423646415287,1.0,1.0,2,1,1,0.5230721031278267,0.5230721031278267
attn_ml_gcn_search,3,3,0.3333333333333333,0.3333333333333333,261.7529598177515,105.0,366.7529598177515,0.7421153105243827,0.6386670346623138,0.0027257159903475055,0.4049607098268765,1.0,2.0,3,2,1,0.3912776388814121,0.37957236197955896
attn_ml_gcn_search,4,4,1.0,1.0,166.21311976910914,105.0,271.21311976910914,0.8362432317545723,0.7327949558925032,0.0,0.6317190853878332,1.0,1.0,3,1,2,0.5129658139838027,0.5129658139838027
attn_ml_gcn_search,5,5,1.0,1.0,187.91692157380112,70.0,257.9169215738011,0.8148601757893585,0.7458946585479792,0.0,0.37250503793778206,1.0,1.0,2,1,1,0.9075803922509295,0.9075803922509295
attn_ml_gcn_search,6,6,1.0,1.0,183.368236839043,70.0,253.368236839043,0.8193416385822236,0.7503761213408443,0.0,0.3817455040561066,1.0,1.0,2,1,1,0.8248770334371454,0.8248770334371454
attn_ml_gcn_search,7,7,1.0,1.0,160.5624032310338,70.0,230.5624032310338,0.8418104401664691,0.7728449229250898,0.0,0.4359675652043944,1.0,1.0,2,1,1,0.41022551329152385,0.41022551329152385
attn_ml_gcn_search,8,8,0.0,0.0,255.2104120896534,105.0,360.2104120896534,0.7485611703550213,0.6451128944929524,0.0060612695107732945,0.4199802488881584,1.0,2.0,3,2,1,0.32231809054664984,0.32009465536048576
attn_ml_gcn_search,9,9,1.0,1.0,156.8493571796321,105.0,261.8493571796321,0.845468613616126,0.7420203377540571,0.0,0.6694321346803384,1.0,1.0,3,1,2,0.34271558508422,0.34271558508422
attn_ml_gcn_search,10,10,0.9761904761904762,0.9761904761904762,252.7824710792151,105.0,357.7824710792151,0.7509532304638274,0.6475049546017585,-0.00050509233067178,0.41466200710159845,1.0,2.0,3,2,1,0.31661849417799,0.2980224643565008
attn_ml_gcn_search,11,11,1.0,1.0,245.12734443873262,140.0,385.1273444387326,0.758495227153958,0.6205641926711994,0.0,0.5711317124597323,1.0,2.0,4,2,2,0.2398640674689058,0.22843040398847844
attn_ml_gcn_search,12,12,0.40476190476190477,0.40476190476190477,274.16737497542647,140.0,414.16737497542647,0.7298843596301217,0.5919533251473631,0.003563365032452881,0.5160199296296675,1.0,2.0,4,2,2,0.49877770765842594,0.49243068159478587
attn_ml_gcn_search,13,13,1.0,1.0,180.68776259554616,105.0,285.68776259554613,0.8219824999058659,0.718534224043797,0.0,0.5811129569135977,1.0,1.0,3,1,2,0.7761411381008393,0.7761411381008393
attn_ml_gcn_search,14,14,0.9523809523809523,0.9523809523809523,246.00841807991515,35.0,281.00841807991515,0.7576271743055023,0.7231444156848127,0.0035106054852570416,0.14628161903884376,1.0,2.0,1,1,0,0.2413104508734991,0.2364401643628649
attn_ml_gcn_search,15,15,1.0,1.0,168.39725957177046,105.0,273.39725957177046,0.8340913698800291,0.7306430940179601,0.0,0.623525586265549,1.0,1.0,3,1,2,0.5526774467594633,0.5526774467594633
attn_ml_gcn_search,16,16,0.0,0.0,250.00732749453073,105.0,355.0073274945307,0.7536873620743539,0.650239086212285,0.008095276752701717,0.4314828835073449,1.0,2.0,3,2,1,0.2855133853445266,0.27279388631391577
attn_ml_gcn_search,17,17,1.0,1.0,182.65366539134578,105.0,287.6536653913458,0.820045649860743,0.7165973739986741,0.0,0.5748584337195292,1.0,1.0,3,1,2,0.8118848252971961,0.8118848252971961
attn_ml_gcn_search,18,18,1.0,1.0,169.82557556174265,70.0,239.82557556174265,0.8326841620081353,0.763718644766756,0.0,0.41218762114279095,1.0,1.0,2,1,1,0.5786468283953207,0.5786468283953207
attn_ml_gcn_search,19,19,1.0,1.0,167.02964845058196,70.0,237.02964845058196,0.8354387699994267,0.7664732527580473,0.0,0.41908727372260784,1.0,1.0,2,1,1,0.5278117900105812,0.5278117900105812
attn_ml_gcn_search,20,20,1.0,1.0,189.08195592462454,70.0,259.08195592462454,0.8137123586949513,0.744746841453572,0.0,0.3702098365637001,1.0,1.0,2,1,1,0.9287628349931737,0.9287628349931737
attn_ml_gcn_search,21,21,1.0,1.0,178.24473578686894,0.0,178.24473578686894,0.8243894228700799,0.8243894228700799,0.0,0.0,1.0,1.0,0,0,0,0.7317224688521625,0.7317224688521625
attn_ml_gcn_search,22,22,0.9761904761904762,0.9761904761904762,243.8100500024507,105.0,348.8100500024507,0.7597930541847776,0.6563447783227087,-0.0027888299100742924,0.42667325690049684,1.0,2.0,3,2,1,0.23098336308354628,0.2164550000222792
attn_ml_gcn_search,23,23,1.0,1.0,191.74214238687506,35.0,226.74214238687506,0.811091485333128,0.7766087267124384,0.0,0.18253681514302192,1.0,1.0,1,0,1,0.9771298615795463,0.9771298615795463
attn_ml_gcn_stable_search,0,0,0.9523809523809523,0.9523809523809523,246.69674973064485,0.0,246.69674973064485,0.7569490150436997,0.7569490150436997,0.0037401530393026986,0.0037401530393026986,1.0,2.0,0,0,0,0.25363839458652576,0.24269772482404378
attn_ml_gcn_stable_search,1,1,0.0,0.0,265.6445218099913,0.0,265.6445218099913,0.7382812593005011,0.7382812593005011,0.4881678270108088,0.4881678270108088,1.0,2.0,0,0,0,0.44585429320263426,0.41495019827264834
attn_ml_gcn_stable_search,2,2,0.0,0.0,170.191504256547,35.0,205.191504256547,0.8323236411265547,0.797840882505865,0.020522634836311986,0.23039381715707635,1.0,1.0,1,0,1,0.5853000773917637,0.5853000773917637
attn_ml_gcn_stable_search,3,3,0.9047619047619048,0.9047619047619048,265.04085239734775,35.0,300.04085239734775,0.7388760074902978,0.7043932488696081,0.01532100600452908,0.14939933728337207,1.0,2.0,1,1,0,0.4114841118292632,0.4094622945213434
attn_ml_gcn_stable_search,4,4,0.0,0.0,248.31817200115142,0.0,248.31817200115142,0.7553515546786685,0.7553515546786685,0.4939745571594859,0.4939745571594859,1.0,2.0,0,0,0,0.2682583161437832,0.2574379272831946
attn_ml_gcn_stable_search,5,5,0.0,0.0,264.4603244407162,0.0,264.4603244407162,0.7394479562160431,0.7394479562160431,0.40732575984038766,0.40732575984038766,1.0,2.0,0,0,0,0.4071027869210307,0.40418476764287425
attn_ml_gcn_stable_search,6,6,1.0,1.0,183.368236839043,35.0,218.368236839043,0.8193416385822236,0.784858879961534,0.0,0.1908727520280533,1.0,1.0,1,0,1,0.8248770334371454,0.8248770334371454
attn_ml_gcn_stable_search,7,7,1.0,1.0,160.5624032310338,70.0,230.5624032310338,0.8418104401664691,0.7728449229250898,0.0,0.4359675652043944,1.0,1.0,2,1,1,0.41022551329152385,0.41022551329152385
attn_ml_gcn_stable_search,8,8,0.0,0.0,267.1872510341096,35.0,302.1872510341096,0.736761329030434,0.7022785704097443,0.05327499286369347,0.1912479859894885,1.0,2.0,1,1,0,0.4471038208809071,0.4289750094009962
attn_ml_gcn_stable_search,9,9,1.0,1.0,156.8493571796321,35.0,191.8493571796321,0.845468613616126,0.8109858549954364,0.0,0.22314404489344616,1.0,1.0,1,0,1,0.34271558508422,0.34271558508422
attn_ml_gcn_stable_search,10,10,0.0,0.0,259.4034571778219,35.0,294.4034571778219,0.7444300914504217,0.7099473328297321,0.025674103802089846,0.1640631369461799,1.0,2.0,1,1,0,0.38740313791517256,0.35821324707110824
attn_ml_gcn_stable_search,11,11,0.0,0.0,290.74214996086283,0.0,290.74214996086283,0.7135545320582631,0.7135545320582631,0.18608615708122772,0.18608615708122772,1.0,2.0,0,0,0,0.6616445849173708,0.6431104541896622
attn_ml_gcn_stable_search,12,12,0.0,0.0,323.63412322145473,0.0,323.63412322145473,0.6811486470724584,0.6811486470724584,0.18463164980355956,0.18463164980355956,1.0,2.0,0,0,0,0.9445904701017116,0.9421283929223155
attn_ml_gcn_stable_search,13,13,0.0,0.0,259.13810900173115,0.0,259.13810900173115,0.7446915182248953,0.7446915182248953,0.43417631210470664,0.43417631210470664,1.0,2.0,0,0,0,0.3818372854420691,0.35580099092482853
attn_ml_gcn_stable_search,14,14,0.0,0.0,257.5689094860505,70.0,327.5689094860505,0.7462375275999503,0.677272010358571,0.050667836206156176,0.33620986331332964,1.0,2.0,2,1,1,0.343652391051703,0.34153554078227694
attn_ml_gcn_stable_search,15,15,1.0,1.0,168.39725957177046,35.0,203.39725957177046,0.8340913698800291,0.7996086112593394,0.0,0.20784186208851632,1.0,1.0,1,0,1,0.5526774467594633,0.5526774467594633
attn_ml_gcn_stable_search,16,16,0.0,0.0,255.03419150440902,35.0,290.034191504409,0.7487347866951636,0.7142520280744739,0.02836491411102001,0.16949411636256775,1.0,2.0,1,1,0,0.3421370113989686,0.3184926500400819
attn_ml_gcn_stable_search,17,17,0.0,0.0,270.31906078176087,0.0,270.31906078176087,0.7336758021854572,0.7336758021854572,0.479954208433688,0.479954208433688,1.0,2.0,0,0,0,0.4692104007873638,0.45744600710691674
attn_ml_gcn_stable_search,18,18,1.0,1.0,169.82557556174265,35.0,204.82557556174265,0.8326841620081353,0.7982014033874456,0.0,0.20609381057139547,1.0,1.0,1,0,1,0.5786468283953207,0.5786468283953207
attn_ml_gcn_stable_search,19,19,0.0,0.0,178.95341230261118,0.0,178.95341230261118,0.8236912194062943,0.8236912194062943,0.07138710978941584,0.07138710978941584,1.0,1.0,0,0,0,0.7446074964111123,0.7446074964111123
attn_ml_gcn_stable_search,20,20,1.0,1.0,189.08195592462454,0.0,189.08195592462454,0.8137123586949513,0.8137123586949513,0.0,0.0,1.0,1.0,0,0,0,0.9287628349931737,0.9287628349931737
attn_ml_gcn_stable_search,21,21,1.0,1.0,178.24473578686894,0.0,178.24473578686894,0.8243894228700799,0.8243894228700799,0.0,0.0,1.0,1.0,0,0,0,0.7317224688521625,0.7317224688521625
attn_ml_gcn_stable_search,22,22,0.38095238095238093,0.38095238095238093,255.20615433622842,35.0,290.20615433622845,0.7485653651859818,0.7140826065652922,0.043822548648927345,0.18697657758578454,1.0,2.0,1,1,0,0.34250129155741477,0.32005594851116737
attn_ml_gcn_stable_search,23,23,1.0,1.0,191.74214238687506,35.0,226.74214238687506,0.811091485333128,0.7766087267124384,0.0,0.18253681514302192,1.0,1.0,1,0,1,0.9771298615795463,0.9771298615795463
