policy,graph_id,hour,raw_assignment_accuracy,assignment_accuracy,energy_w,switching_penalty_w,energy_w_with_switching,energy_saving_vs_all_on,energy_saving_with_switching_vs_all_on,energy_gap_vs_oracle,energy_gap_with_switching_vs_oracle_static,served_ratio,active_bs,switch_events,activation_events,deactivation_events,max_load,mean_active_load
rsrp,0,0,0.16666666666666666,0.19047619047619047,696.8564010620269,0.0,696.8564010620269,0.31344196939701785,0.31344196939701785,2.8035569705329673,2.8035569705329673,1.0,7.0,0,0,0,0.2246678803811957,0.1736529897714981
rsrp,1,1,0.3333333333333333,0.2619047619047619,687.1360222394856,0.0,687.1360222394856,0.32301869730099947,0.32301869730099947,2.67743217657134,2.67743217657134,1.0,7.0,0,0,0,0.2299771219239854,0.14840525257009238
rsrp,2,2,0.09523809523809523,0.11904761904761904,674.6564097439528,0.0,674.6564097439528,0.3353138820256622,0.3353138820256622,2.8058688617645395,2.8058688617645395,1.0,7.0,0,0,0,0.19576744900247312,0.11599067465961775
rsrp,3,3,0.09523809523809523,0.11904761904761904,702.5883689822456,0.0,702.5883689822456,0.30779471036231965,0.30779471036231965,2.786638121111141,2.786638121111141,1.0,7.0,0,0,0,0.2618484347631658,0.18854121813570277
rsrp,4,4,0.14285714285714285,0.14285714285714285,685.9844560989226,0.0,685.9844560989226,0.32415324522273636,0.32415324522273636,2.997515276344607,2.997515276344607,1.0,7.0,0,0,0,0.19860218078234326,0.14541417168551285
rsrp,5,5,0.30952380952380953,0.30952380952380953,686.4539614391638,0.0,686.4539614391638,0.3236906783850603,0.3236906783850603,1.6914103399580778,1.6914103399580778,1.0,7.0,0,0,0,0.21914639998347013,0.14663366607575015
rsrp,6,6,0.30952380952380953,0.23809523809523808,702.1494133300512,0.0,702.1494133300512,0.30822717898517127,0.30822717898517127,1.7359348543799844,1.7359348543799844,1.0,7.0,0,0,0,0.2140247823919787,0.18740107358454852
rsrp,7,7,0.16666666666666666,0.16666666666666666,673.9479971714575,0.0,673.9479971714575,0.33601182544683994,0.33601182544683994,2.5934340180207887,2.5934340180207887,1.0,7.0,0,0,0,0.14701842500182796,0.11415064200378575
rsrp,8,8,0.16666666666666666,0.16666666666666666,687.2438473502808,0.0,687.2438473502808,0.32291246566474796,0.32291246566474796,2.5673479995291952,2.5673479995291952,1.0,7.0,0,0,0,0.22138318973045815,0.1486853177929373
rsrp,9,9,0.19047619047619047,0.19047619047619047,696.8568358468864,0.0,696.8568358468864,0.31344154103755034,0.31344154103755034,2.6647641242211075,2.6647641242211075,1.0,7.0,0,0,0,0.2494393729399149,0.17365411908282152
rsrp,10,10,0.023809523809523808,0.09523809523809523,691.3888507022463,0.0,691.3888507022463,0.3188287185199544,0.3188287185199544,2.686625188003668,2.686625188003668,1.0,7.0,0,0,0,0.20811944408388935,0.15945156026557475
rsrp,11,11,0.21428571428571427,0.19047619047619047,705.4639737001661,0.0,705.4639737001661,0.30496160226584623,0.30496160226584623,2.7143954613625825,2.7143954613625825,1.0,7.0,0,0,0,0.273332567097724,0.1960103212991328
rsrp,12,12,0.23809523809523808,0.2857142857142857,727.6548510411616,0.0,727.6548510411616,0.28309866892496394,0.28309866892496394,1.7323268276268589,1.7323268276268589,1.0,7.0,0,0,0,0.32997684502949665,0.2536489637432767
rsrp,13,13,0.21428571428571427,0.16666666666666666,665.1369107292717,0.0,665.1369107292717,0.3446926987888949,0.3446926987888949,3.3175903616918108,3.3175903616918108,1.0,7.0,0,0,0,0.12257259105217708,0.09126470319291329
rsrp,14,14,0.09523809523809523,0.11904761904761904,677.0375180399739,0.0,677.0375180399739,0.33296796252219324,0.33296796252219324,2.6146032832714208,2.6146032832714208,1.0,7.0,0,0,0,0.1773680492176926,0.12217537153239966
rsrp,15,15,0.16666666666666666,0.16666666666666666,685.7926682605001,0.0,685.7926682605001,0.3243421987581279,0.3243421987581279,2.6332685301728977,2.6332685301728977,1.0,7.0,0,0,0,0.2101775160337779,0.14491602145584456
rsrp,16,16,0.16666666666666666,0.16666666666666666,704.6872517734204,0.0,704.6872517734204,0.3057268455434282,0.3057268455434282,2.905392704103328,2.905392704103328,1.0,7.0,0,0,0,0.25516113440003774,0.1939928617491438
rsrp,17,17,0.16666666666666666,0.11904761904761904,704.8347233580015,0.0,704.8347233580015,0.3055815533418704,0.3055815533418704,3.3452017475079923,3.3452017475079923,1.0,7.0,0,0,0,0.23342437403826632,0.19437590482597816
rsrp,18,18,0.2619047619047619,0.19047619047619047,695.8830274255886,0.0,695.8830274255886,0.3144009582013906,0.3144009582013906,2.8128297366604214,2.8128297366604214,1.0,7.0,0,0,0,0.2505827634089978,0.17112474655997031
rsrp,19,19,0.21428571428571427,0.21428571428571427,707.3246236811061,0.0,707.3246236811061,0.3031284495752649,0.3031284495752649,1.7267808326267546,1.7267808326267546,1.0,7.0,0,0,0,0.2700078151258133,0.20084317839248347
rsrp,20,20,0.14285714285714285,0.14285714285714285,664.442811447585,0.0,664.442811447585,0.3453765404457291,0.3453765404457291,2.8113512373305656,2.8113512373305656,1.0,7.0,0,0,0,0.14304343037207012,0.0894618479158052
rsrp,21,21,0.11904761904761904,0.14285714285714285,693.8726539536143,0.0,693.8726539536143,0.31638162172057704,0.31638162172057704,2.5994294568212104,2.5994294568212104,1.0,7.0,0,0,0,0.22173259508355414,0.16590299728211538
rsrp,22,22,0.09523809523809523,0.09523809523809523,674.5423984021218,0.0,674.5423984021218,0.335426208470816,0.335426208470816,2.8477416693180793,2.8477416693180793,1.0,7.0,0,0,0,0.14882897474943266,0.11569454130421238
rsrp,23,23,0.21428571428571427,0.19047619047619047,692.5361181068479,0.0,692.5361181068479,0.3176984058060612,0.3176984058060612,2.821383637312522,2.821383637312522,1.0,7.0,0,0,0,0.21193768331763774,0.1624314756022023
sinr,0,0,0.16666666666666666,0.19047619047619047,696.8564010620269,0.0,696.8564010620269,0.31344196939701785,0.31344196939701785,2.8035569705329673,2.8035569705329673,1.0,7.0,0,0,0,0.2246678803811957,0.1736529897714981
sinr,1,1,0.3333333333333333,0.2619047619047619,687.1360222394856,0.0,687.1360222394856,0.32301869730099947,0.32301869730099947,2.67743217657134,2.67743217657134,1.0,7.0,0,0,0,0.2299771219239854,0.14840525257009238
sinr,2,2,0.09523809523809523,0.11904761904761904,674.6564097439528,0.0,674.6564097439528,0.3353138820256622,0.3353138820256622,2.8058688617645395,2.8058688617645395,1.0,7.0,0,0,0,0.19576744900247312,0.11599067465961775
sinr,3,3,0.09523809523809523,0.11904761904761904,702.5883689822456,0.0,702.5883689822456,0.30779471036231965,0.30779471036231965,2.786638121111141,2.786638121111141,1.0,7.0,0,0,0,0.2618484347631658,0.18854121813570277
sinr,4,4,0.14285714285714285,0.14285714285714285,685.9844560989226,0.0,685.9844560989226,0.32415324522273636,0.32415324522273636,2.997515276344607,2.997515276344607,1.0,7.0,0,0,0,0.19860218078234326,0.14541417168551285
sinr,5,5,0.30952380952380953,0.30952380952380953,686.4539614391638,0.0,686.4539614391638,0.3236906783850603,0.3236906783850603,1.6914103399580778,1.6914103399580778,1.0,7.0,0,0,0,0.21914639998347013,0.14663366607575015
sinr,6,6,0.30952380952380953,0.23809523809523808,702.1494133300512,0.0,702.1494133300512,0.30822717898517127,0.30822717898517127,1.7359348543799844,1.7359348543799844,1.0,7.0,0,0,0,0.2140247823919787,0.18740107358454852
sinr,7,7,0.16666666666666666,0.16666666666666666,673.9479971714575,0.0,673.9479971714575,0.33601182544683994,0.33601182544683994,2.5934340180207887,2.5934340180207887,1.0,7.0,0,0,0,0.14701842500182796,0.11415064200378575
sinr,8,8,0.16666666666666666,0.16666666666666666,687.2438473502808,0.0,687.2438473502808,0.32291246566474796,0.32291246566474796,2.5673479995291952,2.5673479995291952,1.0,7.0,0,0,0,0.22138318973045815,0.1486853177929373
sinr,9,9,0.19047619047619047,0.19047619047619047,696.8568358468864,0.0,696.8568358468864,0.31344154103755034,0.31344154103755034,2.6647641242211075,2.6647641242211075,1.0,7.0,0,0,0,0.2494393729399149,0.17365411908282152
sinr,10,10,0.023809523809523808,0.09523809523809523,691.3888507022463,0.0,691.3888507022463,0.3188287185199544,0.3188287185199544,2.686625188003668,2.686625188003668,1.0,7.0,0,0,0,0.20811944408388935,0.15945156026557475
sinr,11,11,0.21428571428571427,0.19047619047619047,705.4639737001661,0.0,705.4639737001661,0.30496160226584623,0.30496160226584623,2.7143954613625825,2.7143954613625825,1.0,7.0,0,0,0,0.273332567097724,0.1960103212991328
sinr,12,12,0.23809523809523808,0.2857142857142857,727.6548510411616,0.0,727.6548510411616,0.28309866892496394,0.28309866892496394,1.7323268276268589,1.7323268276268589,1.0,7.0,0,0,0,0.32997684502949665,0.2536489637432767
sinr,13,13,0.21428571428571427,0.16666666666666666,665.1369107292717,0.0,665.1369107292717,0.3446926987888949,0.3446926987888949,3.3175903616918108,3.3175903616918108,1.0,7.0,0,0,0,0.12257259105217708,0.09126470319291329
sinr,14,14,0.09523809523809523,0.11904761904761904,677.0375180399739,0.0,677.0375180399739,0.33296796252219324,0.33296796252219324,2.6146032832714208,2.6146032832714208,1.0,7.0,0,0,0,0.1773680492176926,0.12217537153239966
sinr,15,15,0.16666666666666666,0.16666666666666666,685.7926682605001,0.0,685.7926682605001,0.3243421987581279,0.3243421987581279,2.6332685301728977,2.6332685301728977,1.0,7.0,0,0,0,0.2101775160337779,0.14491602145584456
sinr,16,16,0.16666666666666666,0.16666666666666666,704.6872517734204,0.0,704.6872517734204,0.3057268455434282,0.3057268455434282,2.905392704103328,2.905392704103328,1.0,7.0,0,0,0,0.25516113440003774,0.1939928617491438
sinr,17,17,0.16666666666666666,0.11904761904761904,704.8347233580015,0.0,704.8347233580015,0.3055815533418704,0.3055815533418704,3.3452017475079923,3.3452017475079923,1.0,7.0,0,0,0,0.23342437403826632,0.19437590482597816
sinr,18,18,0.2619047619047619,0.19047619047619047,695.8830274255886,0.0,695.8830274255886,0.3144009582013906,0.3144009582013906,2.8128297366604214,2.8128297366604214,1.0,7.0,0,0,0,0.2505827634089978,0.17112474655997031
sinr,19,19,0.21428571428571427,0.21428571428571427,707.3246236811061,0.0,707.3246236811061,0.3031284495752649,0.3031284495752649,1.7267808326267546,1.7267808326267546,1.0,7.0,0,0,0,0.2700078151258133,0.20084317839248347
sinr,20,20,0.14285714285714285,0.14285714285714285,664.442811447585,0.0,664.442811447585,0.3453765404457291,0.3453765404457291,2.8113512373305656,2.8113512373305656,1.0,7.0,0,0,0,0.14304343037207012,0.0894618479158052
sinr,21,21,0.11904761904761904,0.14285714285714285,693.8726539536143,0.0,693.8726539536143,0.31638162172057704,0.31638162172057704,2.5994294568212104,2.5994294568212104,1.0,7.0,0,0,0,0.22173259508355414,0.16590299728211538
sinr,22,22,0.09523809523809523,0.09523809523809523,674.5423984021218,0.0,674.5423984021218,0.335426208470816,0.335426208470816,2.8477416693180793,2.8477416693180793,1.0,7.0,0,0,0,0.14882897474943266,0.11569454130421238
sinr,23,23,0.21428571428571427,0.19047619047619047,692.5361181068479,0.0,692.5361181068479,0.3176984058060612,0.3176984058060612,2.821383637312522,2.821383637312522,1.0,7.0,0,0,0,0.21193768331763774,0.1624314756022023
load_aware,0,0,0.19047619047619047,0.19047619047619047,708.1763786679389,0.0,708.1763786679389,0.3022892821005528,0.3022892821005528,2.8653432720774825,2.8653432720774825,1.0,7.0,0,0,0,0.24119224913001588,0.20305552900763382
load_aware,1,1,0.23809523809523808,0.23809523809523808,695.0280770197157,0.0,695.0280770197157,0.31524327387220125,0.31524327387220125,2.7196690776342374,2.7196690776342374,1.0,7.0,0,0,0,0.210229576369187,0.1689040961551059
load_aware,2,2,0.07142857142857142,0.07142857142857142,691.4808682250193,0.0,691.4808682250193,0.3187380608620499,0.3187380608620499,2.900778925204747,2.900778925204747,1.0,7.0,0,0,0,0.2048978828726111,0.15969056681823218
load_aware,3,3,0.11904761904761904,0.11904761904761904,704.7609259816387,0.0,704.7609259816387,0.3056542601166121,0.3056542601166121,2.79834723489295,2.79834723489295,1.0,7.0,0,0,0,0.2618484347631658,0.19418422332893157
load_aware,4,4,0.14285714285714285,0.14285714285714285,689.1235742790781,0.0,689.1235742790781,0.3210605179516472,0.3210605179516472,3.015808216903034,3.015808216903034,1.0,7.0,0,0,0,0.18183253887600836,0.15356772540020272
load_aware,5,5,0.3333333333333333,0.3333333333333333,691.6551788953325,0.0,691.6551788953325,0.3185663262114951,0.3185663262114951,1.7118029827691914,1.7118029827691914,1.0,7.0,0,0,0,0.21914639998347013,0.16014332180605834
load_aware,6,6,0.23809523809523808,0.23809523809523808,703.4258396192415,0.0,703.4258396192415,0.3069696161386783,0.3069696161386783,1.740908466986282,1.740908466986282,1.0,7.0,0,0,0,0.22850257327125179,0.19071646654348462
load_aware,7,7,0.19047619047619047,0.19047619047619047,684.2188120098639,0.0,684.2188120098639,0.3258927960493952,0.3258927960493952,2.648197138599857,2.648197138599857,1.0,7.0,0,0,0,0.18672538699089422,0.14082808314250375
load_aware,8,8,0.16666666666666666,0.16666666666666666,688.4947521440455,0.0,688.4947521440455,0.32168004714872367,0.32168004714872367,2.573841200931933,2.573841200931933,1.0,7.0,0,0,0,0.22138318973045815,0.15193442115336503
load_aware,9,9,0.19047619047619047,0.19047619047619047,701.8842963883959,0.0,701.8842963883959,0.3084883779424671,0.3084883779424671,2.6912034960987907,2.6912034960987907,1.0,7.0,0,0,0,0.22668593396240586,0.18671245815167756
load_aware,10,10,0.09523809523809523,0.09523809523809523,686.4899354926447,0.0,686.4899354926447,0.32365523596783774,0.32365523596783774,2.6605031812815936,2.6605031812815936,1.0,7.0,0,0,0,0.1717151867706278,0.14672710517570073
load_aware,11,11,0.19047619047619047,0.19047619047619047,714.5848344412159,0.0,714.5848344412159,0.2959755325702306,0.2959755325702306,2.7624184434045747,2.7624184434045747,1.0,7.0,0,0,0,0.26226928853983056,0.21970086867848262
load_aware,12,12,0.2619047619047619,0.2619047619047619,743.1007817606957,0.0,743.1007817606957,0.2678810031914328,0.2678810031914328,1.790325933689661,1.790325933689661,1.0,7.0,0,0,0,0.33312736274835064,0.29376826431349506
load_aware,13,13,0.14285714285714285,0.14285714285714285,665.6501536034855,0.0,665.6501536034855,0.3441870407847434,0.3441870407847434,3.320921965232626,3.320921965232626,1.0,7.0,0,0,0,0.11644957890104599,0.09259780156749473
load_aware,14,14,0.14285714285714285,0.14285714285714285,677.6576960656639,0.0,677.6576960656639,0.3323569496890011,0.3323569496890011,2.617914322125459,2.617914322125459,1.0,7.0,0,0,0,0.1773680492176926,0.12378622354717882
load_aware,15,15,0.16666666666666666,0.16666666666666666,692.6862844905836,0.0,692.6862844905836,0.3175504586299669,0.3175504586299669,2.6697902955212807,2.6697902955212807,1.0,7.0,0,0,0,0.21948671871600436,0.16282151815735985
load_aware,16,16,0.16666666666666666,0.16666666666666666,715.0552041432057,0.0,715.0552041432057,0.29551211414462486,0.29551211414462486,2.962852130876767,2.962852130876767,1.0,7.0,0,0,0,0.26572037362013734,0.22092260816417045
load_aware,17,17,0.11904761904761904,0.11904761904761904,708.3211235567918,0.0,708.3211235567918,0.30214667629872727,0.30214667629872727,3.366694888714376,3.366694888714376,1.0,7.0,0,0,0,0.2254542257838752,0.20343148975790068
load_aware,18,18,0.19047619047619047,0.19047619047619047,708.5980603809827,0.0,708.5980603809827,0.30187383213696284,0.30187383213696284,2.8824969850977,2.8824969850977,1.0,7.0,0,0,0,0.2505827634089978,0.20415080618437056
load_aware,19,19,0.21428571428571427,0.21428571428571427,707.3246236811061,0.0,707.3246236811061,0.3031284495752649,0.3031284495752649,1.7267808326267546,1.7267808326267546,1.0,7.0,0,0,0,0.2700078151258133,0.20084317839248347
load_aware,20,20,0.14285714285714285,0.14285714285714285,672.2768052935766,0.0,672.2768052935766,0.33765831990780637,0.33765831990780637,2.856288290789102,2.856288290789102,1.0,7.0,0,0,0,0.12853805941203145,0.10980988387941949
load_aware,21,21,0.14285714285714285,0.14285714285714285,697.4081633317634,0.0,697.4081633317634,0.3128983612494942,0.3128983612494942,2.617769733712174,2.617769733712174,1.0,7.0,0,0,0,0.23955110822385906,0.17508613852406057
load_aware,22,22,0.11904761904761904,0.11904761904761904,676.7068096499147,0.0,676.7068096499147,0.33329378359614314,0.33329378359614314,2.8600879582502525,2.8600879582502525,1.0,7.0,0,0,0,0.15617950009555018,0.12131638870107711
load_aware,23,23,0.19047619047619047,0.19047619047619047,700.4816050229331,0.0,700.4816050229331,0.3098703398788837,0.3098703398788837,2.8652264823248657,2.8652264823248657,1.0,7.0,0,0,0,0.20646373226350523,0.1830691039556706
rsrp_sleep,0,0,0.0,0.0,249.46422999585764,0.0,249.46422999585764,0.7542224335016181,0.7542224335016181,0.36161684021745366,0.36161684021745366,1.0,2.0,0,0,0,0.27571256495277124,0.26785663632597845
rsrp_sleep,1,1,1.0,1.0,186.85212649663006,105.0,291.85212649663004,0.8159092349786896,0.7124609591166207,0.0,0.561941691372154,1.0,1.0,3,1,2,0.8882204817569104,0.8882204817569104
rsrp_sleep,2,2,0.0,0.0,184.4689353362051,70.0,254.4689353362051,0.8182572065653152,0.7492916893239359,0.040625371402561124,0.4355090729071931,1.0,1.0,2,1,1,0.8448897333855476,0.8448897333855476
rsrp_sleep,3,3,0.0,0.0,190.0842054233612,70.0,260.0842054233612,0.8127249207651613,0.743759403523782,0.024469134779271394,0.4017379313887952,1.0,1.0,2,1,1,0.946985553152022,0.946985553152022
rsrp_sleep,4,4,0.0,0.0,247.89343934238903,105.0,352.893439342389,0.7557700105001094,0.6523217346380404,0.444577645843777,1.056456093357251,1.0,2.0,3,2,1,0.28945842014922296,0.25357672129444575
rsrp_sleep,5,5,0.40476190476190477,0.40476190476190477,253.93088906387828,0.0,253.93088906387828,0.7498217841735189,0.7498217841735189,-0.004401957228943704,-0.004401957228943704,1.0,2.0,0,0,0,0.31750699516628655,0.30846262785343914
rsrp_sleep,6,6,0.0,0.0,260.55770317189683,70.0,330.55770317189683,0.7432929032789194,0.67432738603754,0.015266677079877854,0.28802264065507704,1.0,2.0,2,1,1,0.3944055967660893,0.3687063924717892
rsrp_sleep,7,7,0.0,0.0,246.58610689040893,140.0,386.5861068904089,0.75705802276807,0.6191269882853114,0.31477637531412916,1.0612445963554076,1.0,2.0,4,2,2,0.29552971119507415,0.24169188082189944
rsrp_sleep,8,8,0.0,0.0,252.2724194125965,70.0,322.2724194125965,0.7514557444210872,0.6824902271797079,0.30949664256393794,0.6728529111283431,1.0,2.0,2,1,1,0.31413266715487714,0.2933856310236046
rsrp_sleep,9,9,1.0,1.0,190.15052871785934,105.0,295.15052871785934,0.8126595776178727,0.7092113017558036,0.0,0.5521940996324886,1.0,1.0,3,1,2,0.9481914312338063,0.9481914312338063
rsrp_sleep,10,10,0.0,0.0,248.1290837075927,105.0,353.1290837075927,0.755537848563948,0.6520895727018791,0.3230744593922187,0.8829556960468316,1.0,2.0,3,2,1,0.28851816010199904,0.2557189427962976
rsrp_sleep,11,11,0.0,0.0,257.2417995788095,140.0,397.2417995788095,0.746559803370631,0.6086287688878724,0.3544246176267188,1.0915499478732449,1.0,2.0,4,2,2,0.38426416881413894,0.3385618143528134
rsrp_sleep,12,12,0.9761904761904762,0.9523809523809523,265.3027569912326,140.0,405.3027569912326,0.7386179734076526,0.600686938924894,-0.0037943960198944635,0.5219023066412986,1.0,2.0,4,2,2,0.44065164302261145,0.4118432453748421
rsrp_sleep,13,13,0.0,0.0,192.8102053206954,105.0,297.8102053206954,0.8100392065805957,0.7065909307185267,0.2515851559278343,0.9331696247262654,1.0,1.0,3,1,2,0.9965491876490071,0.9965491876490071
rsrp_sleep,14,14,0.0,0.0,249.00535908097442,105.0,354.0053590809744,0.7546745230729317,0.6512262472108628,0.32940282407381716,0.8899823113705472,1.0,2.0,3,2,1,0.28903161085657164,0.2636850825543129
rsrp_sleep,15,15,0.0,0.0,250.42414686344455,70.0,320.42414686344455,0.7532767025975916,0.6843111853562123,0.3267248457207727,0.6975786166676143,1.0,2.0,2,1,1,0.2772085361816943,0.27658315330404115
rsrp_sleep,16,16,1.0,1.0,180.43953711313532,105.0,285.4395371131353,0.8222270570313938,0.7187787811693248,0.0,0.5819123772976936,1.0,1.0,3,1,2,0.7716279475115513,0.7716279475115513
rsrp_sleep,17,17,1.0,1.0,162.20989595298533,0.0,162.20989595298533,0.8401872946276007,0.8401872946276007,0.0,0.0,1.0,1.0,0,0,0,0.44017992641791487,0.44017992641791487
rsrp_sleep,18,18,0.0,0.0,251.33674237793485,105.0,356.33674237793485,0.7523775937163204,0.6489293178542515,0.3771053000088034,0.9524133712954734,1.0,2.0,3,2,1,0.31081740457627893,0.28487947616304393
rsrp_sleep,19,19,0.30952380952380953,0.3333333333333333,271.27156413634896,70.0,341.27156413634896,0.7327373752351242,0.6637718579937448,0.04576891113176487,0.31562330597880156,1.0,2.0,2,1,1,0.47673958121417864,0.46610512851226316
rsrp_sleep,20,20,0.0,0.0,181.2648472890586,35.0,216.2648472890586,0.8214139435575777,0.7869311849368881,0.03976442832535452,0.24053007889495653,1.0,1.0,1,0,1,0.7866335870737928,0.7866335870737928
rsrp_sleep,21,21,0.0,0.0,255.690816730263,35.0,290.690816730263,0.7480878652903813,0.7136051066696916,0.326383238096464,0.5079439758931206,1.0,2.0,1,1,0,0.35394421680490723,0.3244619702751182
rsrp_sleep,22,22,0.0,0.0,241.6521801262138,70.0,311.6521801262138,0.76191903435841,0.6929535171170307,0.37843842752622797,0.7777341834198405,1.0,2.0,2,1,1,0.2146980840692993,0.19683800114739824
rsrp_sleep,23,23,1.0,1.0,181.22653568326112,35.0,216.22653568326112,0.8214516889820088,0.7869689303613191,0.0,0.19312845035658183,1.0,1.0,1,0,1,0.7859370124229295,0.7859370124229295
sinr_sleep,0,0,0.0,0.0,249.46422999585764,0.0,249.46422999585764,0.7542224335016181,0.7542224335016181,0.36161684021745366,0.36161684021745366,1.0,2.0,0,0,0,0.27571256495277124,0.26785663632597845
sinr_sleep,1,1,1.0,1.0,186.85212649663006,105.0,291.85212649663004,0.8159092349786896,0.7124609591166207,0.0,0.561941691372154,1.0,1.0,3,1,2,0.8882204817569104,0.8882204817569104
sinr_sleep,2,2,0.0,0.0,184.4689353362051,70.0,254.4689353362051,0.8182572065653152,0.7492916893239359,0.040625371402561124,0.4355090729071931,1.0,1.0,2,1,1,0.8448897333855476,0.8448897333855476
sinr_sleep,3,3,0.0,0.0,190.0842054233612,70.0,260.0842054233612,0.8127249207651613,0.743759403523782,0.024469134779271394,0.4017379313887952,1.0,1.0,2,1,1,0.946985553152022,0.946985553152022
sinr_sleep,4,4,0.0,0.0,247.89343934238903,105.0,352.893439342389,0.7557700105001094,0.6523217346380404,0.444577645843777,1.056456093357251,1.0,2.0,3,2,1,0.28945842014922296,0.25357672129444575
sinr_sleep,5,5,0.40476190476190477,0.40476190476190477,253.93088906387828,0.0,253.93088906387828,0.7498217841735189,0.7498217841735189,-0.004401957228943704,-0.004401957228943704,1.0,2.0,0,0,0,0.31750699516628655,0.30846262785343914
sinr_sleep,6,6,0.0,0.0,260.55770317189683,70.0,330.55770317189683,0.7432929032789194,0.67432738603754,0.015266677079877854,0.28802264065507704,1.0,2.0,2,1,1,0.3944055967660893,0.3687063924717892
sinr_sleep,7,7,0.0,0.0,246.58610689040893,140.0,386.5861068904089,0.75705802276807,0.6191269882853114,0.31477637531412916,1.0612445963554076,1.0,2.0,4,2,2,0.29552971119507415,0.24169188082189944
sinr_sleep,8,8,0.0,0.0,252.2724194125965,70.0,322.2724194125965,0.7514557444210872,0.6824902271797079,0.30949664256393794,0.6728529111283431,1.0,2.0,2,1,1,0.31413266715487714,0.2933856310236046
sinr_sleep,9,9,1.0,1.0,190.15052871785934,105.0,295.15052871785934,0.8126595776178727,0.7092113017558036,0.0,0.5521940996324886,1.0,1.0,3,1,2,0.9481914312338063,0.9481914312338063
sinr_sleep,10,10,0.0,0.0,248.1290837075927,105.0,353.1290837075927,0.755537848563948,0.6520895727018791,0.3230744593922187,0.8829556960468316,1.0,2.0,3,2,1,0.28851816010199904,0.2557189427962976
sinr_sleep,11,11,0.0,0.0,257.2417995788095,140.0,397.2417995788095,0.746559803370631,0.6086287688878724,0.3544246176267188,1.0915499478732449,1.0,2.0,4,2,2,0.38426416881413894,0.3385618143528134
sinr_sleep,12,12,0.9761904761904762,0.9523809523809523,265.3027569912326,140.0,405.3027569912326,0.7386179734076526,0.600686938924894,-0.0037943960198944635,0.5219023066412986,1.0,2.0,4,2,2,0.44065164302261145,0.4118432453748421
sinr_sleep,13,13,0.0,0.0,192.8102053206954,105.0,297.8102053206954,0.8100392065805957,0.7065909307185267,0.2515851559278343,0.9331696247262654,1.0,1.0,3,1,2,0.9965491876490071,0.9965491876490071
sinr_sleep,14,14,0.0,0.0,249.00535908097442,105.0,354.0053590809744,0.7546745230729317,0.6512262472108628,0.32940282407381716,0.8899823113705472,1.0,2.0,3,2,1,0.28903161085657164,0.2636850825543129
sinr_sleep,15,15,0.0,0.0,250.42414686344455,70.0,320.42414686344455,0.7532767025975916,0.6843111853562123,0.3267248457207727,0.6975786166676143,1.0,2.0,2,1,1,0.2772085361816943,0.27658315330404115
sinr_sleep,16,16,1.0,1.0,180.43953711313532,105.0,285.4395371131353,0.8222270570313938,0.7187787811693248,0.0,0.5819123772976936,1.0,1.0,3,1,2,0.7716279475115513,0.7716279475115513
sinr_sleep,17,17,1.0,1.0,162.20989595298533,0.0,162.20989595298533,0.8401872946276007,0.8401872946276007,0.0,0.0,1.0,1.0,0,0,0,0.44017992641791487,0.44017992641791487
sinr_sleep,18,18,0.0,0.0,251.33674237793485,105.0,356.33674237793485,0.7523775937163204,0.6489293178542515,0.3771053000088034,0.9524133712954734,1.0,2.0,3,2,1,0.31081740457627893,0.28487947616304393
sinr_sleep,19,19,0.30952380952380953,0.3333333333333333,271.27156413634896,70.0,341.27156413634896,0.7327373752351242,0.6637718579937448,0.04576891113176487,0.31562330597880156,1.0,2.0,2,1,1,0.47673958121417864,0.46610512851226316
sinr_sleep,20,20,0.0,0.0,181.2648472890586,35.0,216.2648472890586,0.8214139435575777,0.7869311849368881,0.03976442832535452,0.24053007889495653,1.0,1.0,1,0,1,0.7866335870737928,0.7866335870737928
sinr_sleep,21,21,0.0,0.0,255.690816730263,35.0,290.690816730263,0.7480878652903813,0.7136051066696916,0.326383238096464,0.5079439758931206,1.0,2.0,1,1,0,0.35394421680490723,0.3244619702751182
sinr_sleep,22,22,0.0,0.0,241.6521801262138,70.0,311.6521801262138,0.76191903435841,0.6929535171170307,0.37843842752622797,0.7777341834198405,1.0,2.0,2,1,1,0.2146980840692993,0.19683800114739824
sinr_sleep,23,23,1.0,1.0,181.22653568326112,35.0,216.22653568326112,0.8214516889820088,0.7869689303613191,0.0,0.19312845035658183,1.0,1.0,1,0,1,0.7859370124229295,0.7859370124229295
load_sleep,0,0,0.0,0.0,252.63816129087076,0.0,252.63816129087076,0.7510954075952012,0.7510954075952012,0.3789406797957965,0.3789406797957965,1.0,2.0,0,0,0,0.3030866095977933,0.2967105571897344
load_sleep,1,1,1.0,1.0,186.85212649663006,105.0,291.85212649663004,0.8159092349786896,0.7124609591166207,0.0,0.561941691372154,1.0,1.0,3,1,2,0.8882204817569104,0.8882204817569104
load_sleep,2,2,0.0,0.0,243.40417876401648,105.0,348.4041787640165,0.7601929273260921,0.6567446514640232,0.3730906153147138,0.9654161675716618,1.0,2.0,3,2,1,0.22385151708521453,0.21276526149105893
load_sleep,3,3,0.0,0.0,246.40125708681927,0.0,246.40125708681927,0.7572401408011633,0.7572401408011633,0.32799293920311723,0.32799293920311723,1.0,2.0,0,0,0,0.24144158071543384,0.24001142806199333
load_sleep,4,4,0.0,0.0,252.46276102351746,140.0,392.4627610235175,0.7512682157403768,0.6133371812576183,0.47120497400033434,1.2870429040183,1.0,2.0,4,2,2,0.3146578817481124,0.2951160093047043
load_sleep,5,5,1.0,1.0,255.0536242087322,70.0,325.05362420873223,0.7487156411736628,0.6797501239322835,0.0,0.2744520891132801,1.0,2.0,2,1,1,0.3225326116894268,0.3186693109884745
load_sleep,6,6,0.38095238095238093,0.38095238095238093,257.1856593851319,140.0,397.1856593851319,0.746615113906274,0.6086840794235154,0.002127462047351614,0.5476393891977499,1.0,2.0,4,2,2,0.35704227563991636,0.3380514489557445
load_sleep,7,7,0.0,0.0,248.96313384676168,140.0,388.9631338467617,0.7547161242889048,0.6167850898061461,0.32745048305324204,1.0739187040945206,1.0,2.0,4,2,2,0.3012753719706111,0.26330121678874263
load_sleep,8,8,0.0,0.0,252.43093192751934,140.0,392.43093192751934,0.7512995744556459,0.6133685399728873,0.310319449934554,1.0370319870633642,1.0,2.0,4,2,2,0.3043072805554281,0.2948266538865395
load_sleep,9,9,0.0,0.0,279.90773170163595,70.0,349.90773170163595,0.724228835761935,0.6552633185205557,0.47203236083006705,0.8401617605850594,1.0,2.0,2,1,1,0.6306918953177844,0.5446157427421454
load_sleep,10,10,0.0,0.0,248.17006155914999,0.0,248.17006155914999,0.755497476296404,0.755497476296404,0.3232929615846505,0.3232929615846505,1.0,2.0,0,0,0,0.2668362628338327,0.25609146871954513
load_sleep,11,11,0.0,0.0,261.77824297148857,140.0,401.77824297148857,0.7420904010133118,0.6041593665305531,0.37830981286938475,1.1154351431159109,1.0,2.0,4,2,2,0.3807000670959483,0.37980220883171445
load_sleep,12,12,0.0,0.0,268.9237737921751,140.0,408.9237737921751,0.7350504691702708,0.5971194346875123,0.009802436783935812,0.5354991394451288,1.0,2.0,4,2,2,0.44996934539107475,0.4447615799288646
load_sleep,13,13,0.0,0.0,192.8102053206954,105.0,297.8102053206954,0.8100392065805957,0.7065909307185267,0.2515851559278343,0.9331696247262654,1.0,1.0,3,1,2,0.9965491876490071,0.9965491876490071
load_sleep,14,14,1.0,1.0,187.30617580450394,70.0,257.30617580450394,0.8154618957591094,0.7464963785177301,0.0,0.37371965819782005,1.0,1.0,2,1,1,0.8964759237182535,0.8964759237182535
load_sleep,15,15,0.0,0.0,250.42414686344455,105.0,355.42414686344455,0.7532767025975916,0.6498284267355227,0.3267248457207727,0.8830055021410351,1.0,2.0,3,2,1,0.2772085361816943,0.27658315330404115
load_sleep,16,16,0.0,0.0,263.27944124820294,70.0,333.27944124820294,0.740611387932805,0.6716458706914257,0.45910062428904996,0.847042209154179,1.0,2.0,2,1,1,0.3939299311284158,0.393449465892754
load_sleep,17,17,1.0,1.0,162.20989595298533,105.0,267.20989595298533,0.8401872946276007,0.7367390187655317,0.0,0.6473094590383871,1.0,1.0,3,1,2,0.44017992641791487,0.44017992641791487
load_sleep,18,18,0.0,0.0,252.21462225490708,105.0,357.2146222549071,0.751512687433589,0.6480644115715201,0.3819153131406346,0.9572233844273047,1.0,2.0,3,2,1,0.3000782224728297,0.2928602023173372
load_sleep,19,19,0.0,0.0,273.68043113070314,70.0,343.68043113070314,0.730364107260391,0.6613985900190117,0.055055244632171284,0.3249096394792079,1.0,2.0,2,1,1,0.49834805558162526,0.4880039193700283
load_sleep,20,20,0.0,0.0,181.2648472890586,105.0,286.2648472890586,0.8214139435575777,0.7179656676955087,0.03976442832535452,0.6420613800341606,1.0,1.0,3,1,2,0.7866335870737928,0.7866335870737928
load_sleep,21,21,0.0,0.0,247.54952125701237,105.0,352.5495212570124,0.7561088460522045,0.6526605701901356,0.2841506777323507,0.8288328911223203,1.0,2.0,3,2,1,0.2556054950159756,0.25045019324556717
load_sleep,22,22,0.0,0.0,247.616464035957,0.0,247.616464035957,0.7560428925754118,0.7560428925754118,0.4124600454134425,0.4124600454134425,1.0,2.0,0,0,0,0.25688010240837345,0.2510587639632451
load_sleep,23,23,1.0,1.0,181.22653568326112,35.0,216.22653568326112,0.8214516889820088,0.7869689303613191,0.0,0.19312845035658183,1.0,1.0,1,0,1,0.7859370124229295,0.7859370124229295
greedy_sleep,0,0,0.0,0.0,252.63816129087076,0.0,252.63816129087076,0.7510954075952012,0.7510954075952012,0.3789406797957965,0.3789406797957965,1.0,2.0,0,0,0,0.3030866095977933,0.2967105571897344
greedy_sleep,1,1,1.0,1.0,186.85212649663006,105.0,291.85212649663004,0.8159092349786896,0.7124609591166207,0.0,0.561941691372154,1.0,1.0,3,1,2,0.8882204817569104,0.8882204817569104
greedy_sleep,2,2,0.0,0.0,243.40417876401648,105.0,348.4041787640165,0.7601929273260921,0.6567446514640232,0.3730906153147138,0.9654161675716618,1.0,2.0,3,2,1,0.22385151708521453,0.21276526149105893
greedy_sleep,3,3,0.0,0.0,246.40125708681927,0.0,246.40125708681927,0.7572401408011633,0.7572401408011633,0.32799293920311723,0.32799293920311723,1.0,2.0,0,0,0,0.24144158071543384,0.24001142806199333
greedy_sleep,4,4,0.0,0.0,252.46276102351746,140.0,392.4627610235175,0.7512682157403768,0.6133371812576183,0.47120497400033434,1.2870429040183,1.0,2.0,4,2,2,0.3146578817481124,0.2951160093047043
greedy_sleep,5,5,1.0,1.0,255.0536242087322,70.0,325.05362420873223,0.7487156411736628,0.6797501239322835,0.0,0.2744520891132801,1.0,2.0,2,1,1,0.3225326116894268,0.3186693109884745
greedy_sleep,6,6,0.38095238095238093,0.38095238095238093,257.1856593851319,140.0,397.1856593851319,0.746615113906274,0.6086840794235154,0.002127462047351614,0.5476393891977499,1.0,2.0,4,2,2,0.35704227563991636,0.3380514489557445
greedy_sleep,7,7,0.0,0.0,248.96313384676168,140.0,388.9631338467617,0.7547161242889048,0.6167850898061461,0.32745048305324204,1.0739187040945206,1.0,2.0,4,2,2,0.3012753719706111,0.26330121678874263
greedy_sleep,8,8,0.0,0.0,252.43093192751934,140.0,392.43093192751934,0.7512995744556459,0.6133685399728873,0.310319449934554,1.0370319870633642,1.0,2.0,4,2,2,0.3043072805554281,0.2948266538865395
greedy_sleep,9,9,0.0,0.0,279.90773170163595,70.0,349.90773170163595,0.724228835761935,0.6552633185205557,0.47203236083006705,0.8401617605850594,1.0,2.0,2,1,1,0.6306918953177844,0.5446157427421454
greedy_sleep,10,10,0.0,0.0,248.17006155914999,0.0,248.17006155914999,0.755497476296404,0.755497476296404,0.3232929615846505,0.3232929615846505,1.0,2.0,0,0,0,0.2668362628338327,0.25609146871954513
greedy_sleep,11,11,0.0,0.0,261.77824297148857,140.0,401.77824297148857,0.7420904010133118,0.6041593665305531,0.37830981286938475,1.1154351431159109,1.0,2.0,4,2,2,0.3807000670959483,0.37980220883171445
greedy_sleep,12,12,0.0,0.0,268.9237737921751,140.0,408.9237737921751,0.7350504691702708,0.5971194346875123,0.009802436783935812,0.5354991394451288,1.0,2.0,4,2,2,0.44996934539107475,0.4447615799288646
greedy_sleep,13,13,0.0,0.0,192.8102053206954,105.0,297.8102053206954,0.8100392065805957,0.7065909307185267,0.2515851559278343,0.9331696247262654,1.0,1.0,3,1,2,0.9965491876490071,0.9965491876490071
greedy_sleep,14,14,1.0,1.0,187.30617580450394,70.0,257.30617580450394,0.8154618957591094,0.7464963785177301,0.0,0.37371965819782005,1.0,1.0,2,1,1,0.8964759237182535,0.8964759237182535
greedy_sleep,15,15,0.0,0.0,250.42414686344455,105.0,355.42414686344455,0.7532767025975916,0.6498284267355227,0.3267248457207727,0.8830055021410351,1.0,2.0,3,2,1,0.2772085361816943,0.27658315330404115
greedy_sleep,16,16,0.0,0.0,263.27944124820294,70.0,333.27944124820294,0.740611387932805,0.6716458706914257,0.45910062428904996,0.847042209154179,1.0,2.0,2,1,1,0.3939299311284158,0.393449465892754
greedy_sleep,17,17,1.0,1.0,162.20989595298533,105.0,267.20989595298533,0.8401872946276007,0.7367390187655317,0.0,0.6473094590383871,1.0,1.0,3,1,2,0.44017992641791487,0.44017992641791487
greedy_sleep,18,18,0.0,0.0,252.21462225490708,105.0,357.2146222549071,0.751512687433589,0.6480644115715201,0.3819153131406346,0.9572233844273047,1.0,2.0,3,2,1,0.3000782224728297,0.2928602023173372
greedy_sleep,19,19,0.0,0.0,273.68043113070314,70.0,343.68043113070314,0.730364107260391,0.6613985900190117,0.055055244632171284,0.3249096394792079,1.0,2.0,2,1,1,0.49834805558162526,0.4880039193700283
greedy_sleep,20,20,0.0,0.0,181.2648472890586,105.0,286.2648472890586,0.8214139435575777,0.7179656676955087,0.03976442832535452,0.6420613800341606,1.0,1.0,3,1,2,0.7866335870737928,0.7866335870737928
greedy_sleep,21,21,0.0,0.0,247.54952125701237,105.0,352.5495212570124,0.7561088460522045,0.6526605701901356,0.2841506777323507,0.8288328911223203,1.0,2.0,3,2,1,0.2556054950159756,0.25045019324556717
greedy_sleep,22,22,0.0,0.0,247.616464035957,0.0,247.616464035957,0.7560428925754118,0.7560428925754118,0.4124600454134425,0.4124600454134425,1.0,2.0,0,0,0,0.25688010240837345,0.2510587639632451
greedy_sleep,23,23,1.0,1.0,181.22653568326112,35.0,216.22653568326112,0.8214516889820088,0.7869689303613191,0.0,0.19312845035658183,1.0,1.0,1,0,1,0.7859370124229295,0.7859370124229295
oracle,0,0,1.0,1.0,183.21176899957962,0.0,183.21176899957962,0.8194957940890841,0.8194957940890841,0.0,0.0,1.0,1.0,0,0,0,0.8220321636287202,0.8220321636287202
oracle,1,1,1.0,1.0,186.85212649663006,70.0,256.85212649663004,0.8159092349786896,0.7469437177373103,0.0,0.3746277942481026,1.0,1.0,2,1,1,0.8882204817569104,0.8882204817569104
oracle,2,2,1.0,1.0,177.26738210080038,70.0,247.26738210080038,0.8253523329056154,0.756386815664236,0.0,0.394883701504632,1.0,1.0,2,1,1,0.7139524018327342,0.7139524018327342
oracle,3,3,1.0,1.0,185.54410178918283,0.0,185.54410178918283,0.8171979292717411,0.8171979292717411,0.0,0.0,1.0,1.0,0,0,0,0.8644382143487787,0.8644382143487787
oracle,4,4,1.0,1.0,171.60271035316666,0.0,171.60271035316666,0.8309332902924467,0.8309332902924467,0.0,0.0,1.0,1.0,0,0,0,0.6109583700575756,0.6109583700575756
oracle,5,5,1.0,1.0,255.0536242087322,105.0,360.05362420873223,0.7487156411736628,0.6452673653115939,0.0,0.4116781336699201,1.0,2.0,3,2,1,0.3225326116894268,0.3186693109884745
oracle,6,6,1.0,1.0,256.63966823112526,140.0,396.63966823112526,0.7471530362254923,0.6092220017427338,0.0,0.5455119271503983,1.0,2.0,4,2,2,0.3507461149115992,0.33308789301022945
oracle,7,7,1.0,1.0,187.54984613371536,35.0,222.54984613371536,0.8152218264692459,0.7807390678485563,0.0,0.1866170552603196,1.0,1.0,1,0,1,0.9009062933402792,0.9009062933402792
oracle,8,8,1.0,1.0,192.6483896275274,70.0,262.6483896275274,0.8101986309088399,0.7412331136674607,0.0,0.3633562685644053,1.0,1.0,2,1,1,0.9936070841368617,0.9936070841368617
oracle,9,9,1.0,1.0,190.15052871785934,70.0,260.15052871785934,0.8126595776178727,0.7436940603764933,0.0,0.36812939975499237,1.0,1.0,2,1,1,0.9481914312338063,0.9481914312338063
oracle,10,10,1.0,1.0,187.53977294790792,70.0,257.5397729479079,0.8152317507902385,0.7462662335488591,0.0,0.3732541577697419,1.0,1.0,2,1,1,0.9007231445074164,0.9007231445074164
oracle,11,11,1.0,1.0,189.92699647586122,70.0,259.9269964758612,0.812879806427723,0.7439142891863436,0.0,0.3685626651232629,1.0,1.0,2,1,1,0.944127208652022,0.944127208652022
oracle,12,12,1.0,1.0,266.3132549458443,35.0,301.3132549458443,0.7376224089203505,0.7031396502996609,0.0,0.13142417566529827,1.0,2.0,1,1,0,0.4456143453234825,0.42102959041676624
oracle,13,13,1.0,1.0,154.05280608154857,105.0,259.05280608154857,0.8482238363728585,0.7447755605107895,0.0,0.6815844687984312,1.0,1.0,3,1,2,0.2918692014827012,0.2918692014827012
oracle,14,14,1.0,1.0,187.30617580450394,0.0,187.30617580450394,0.8154618957591094,0.8154618957591094,0.0,0.0,1.0,1.0,0,0,0,0.8964759237182535,0.8964759237182535
oracle,15,15,1.0,1.0,188.75364222744776,70.0,258.75364222744776,0.8140358204655688,0.7450703032241894,0.0,0.37085377094684163,1.0,1.0,2,1,1,0.9227934950445047,0.9227934950445047
oracle,16,16,1.0,1.0,180.43953711313532,70.0,250.43953711313532,0.8222270570313938,0.7532615397900144,0.0,0.38794158486512914,1.0,1.0,2,1,1,0.7716279475115513,0.7716279475115513
oracle,17,17,1.0,1.0,162.20989595298533,0.0,162.20989595298533,0.8401872946276007,0.8401872946276007,0.0,0.0,1.0,1.0,0,0,0,0.44017992641791487,0.44017992641791487
oracle,18,18,1.0,1.0,182.51091065899473,70.0,252.51091065899473,0.8201862949172466,0.7512207776758673,0.0,0.38353871419111335,1.0,1.0,2,1,1,0.8092892847089953,0.8092892847089953
oracle,19,19,1.0,1.0,259.3991476020932,105.0,364.3991476020932,0.7444343373378393,0.6409860614757702,0.0,0.404781592270555,1.0,2.0,3,2,1,0.3616375346046523,0.3581740691099382
oracle,20,20,1.0,1.0,174.33261068663785,35.0,209.33261068663785,0.8282437333136573,0.7937609746929677,0.0,0.20076565056960202,1.0,1.0,1,0,1,0.6605929215752337,0.6605929215752337
oracle,21,21,1.0,1.0,192.77295534676182,70.0,262.7729553467618,0.8100759060623036,0.7411103888209243,0.0,0.36312147559331304,1.0,1.0,2,1,1,0.9958719153956692,0.9958719153956692
oracle,22,22,1.0,1.0,175.30865020927155,70.0,245.30865020927155,0.8272821180204222,0.7583166007790428,0.0,0.39929575589361255,1.0,1.0,2,1,1,0.678339094714028,0.678339094714028
oracle,23,23,1.0,1.0,181.22653568326112,70.0,251.22653568326112,0.8214516889820088,0.7524861717406295,0.0,0.38625690071316365,1.0,1.0,2,1,1,0.7859370124229295,0.7859370124229295
flat_mlp,0,0,0.0,0.0,268.23915366995305,0.0,268.23915366995305,0.7357249717537407,0.7357249717537407,0.4640934648175824,0.4640934648175824,1.0,2.0,0,0,0,0.46049712802398624,0.438537760635937
flat_mlp,1,1,1.0,1.0,186.85212649663006,105.0,291.85212649663004,0.8159092349786896,0.7124609591166207,0.0,0.561941691372154,1.0,1.0,3,1,2,0.8882204817569104,0.8882204817569104
flat_mlp,2,2,1.0,1.0,177.26738210080038,70.0,247.26738210080038,0.8253523329056154,0.756386815664236,0.0,0.394883701504632,1.0,1.0,2,1,1,0.7139524018327342,0.7139524018327342
flat_mlp,3,3,0.0,0.0,256.3555816391325,105.0,361.3555816391325,0.7474329244934655,0.6439846486313966,0.3816423112732864,0.947545506187572,1.0,2.0,3,2,1,0.3409194642833115,0.3305052876284772
flat_mlp,4,4,1.0,1.0,171.60271035316666,105.0,276.6027103531667,0.8309332902924467,0.7274850144303776,0.0,0.6118784475134743,1.0,1.0,3,1,2,0.6109583700575756,0.6109583700575756
flat_mlp,5,5,0.0,0.30952380952380953,266.88574782124283,35.0,301.88574782124283,0.7370583765307952,0.7025756179101056,0.04639072920143016,0.18361677375807017,1.0,2.0,1,1,0,0.4445872042825879,0.42623407110220757
flat_mlp,6,6,0.0,0.0,280.1223038828035,70.0,350.1223038828035,0.7240174345982231,0.6550519173568439,0.09150041306369758,0.36425637663889676,1.0,2.0,2,1,1,0.555980084822206,0.5465663989345773
flat_mlp,7,7,0.0,0.4523809523809524,249.79658116800897,70.0,319.79658116800897,0.7538949939231439,0.6849294766817645,0.33189435404769263,0.7051284645683319,1.0,2.0,2,1,1,0.29075191597307115,0.27087801061826317
flat_mlp,8,8,0.0,0.0,257.8415847256792,70.0,327.8415847256792,0.7459688820436657,0.6770033648022865,0.3384050872379386,0.7017613558023437,1.0,2.0,2,1,1,0.3569051301697312,0.3440144065970837
flat_mlp,9,9,0.0,0.0,279.8431964827239,70.0,349.8431964827239,0.7242924172584001,0.6553269000170208,0.47169297066719346,0.8398223704221858,1.0,2.0,2,1,1,0.5566666738362968,0.5440290589338534
flat_mlp,10,10,0.0,0.0,249.43448805285823,140.0,389.4344880528582,0.754251735908514,0.6163207014257555,0.33003513938423357,1.0765434549237174,1.0,2.0,4,2,2,0.2844797377514374,0.2675862550259839
flat_mlp,11,11,0.0,0.47619047619047616,254.56765298267374,70.0,324.56765298267374,0.7491944305589421,0.6802289133175629,0.3403447519638317,0.7089074170870947,1.0,2.0,2,1,1,0.346874090009551,0.3142513907515795
flat_mlp,12,12,0.0,0.30952380952380953,282.5715765108995,70.0,352.5715765108995,0.7216043581173404,0.6526388408759611,0.061049614553963516,0.32389796588456005,1.0,2.0,2,1,1,0.5752986340906855,0.5688325137354501
flat_mlp,13,13,1.0,1.0,154.05280608154857,35.0,189.05280608154857,0.8482238363728585,0.8137410777521689,0.0,0.22719482293281038,1.0,1.0,1,0,1,0.2918692014827012,0.2918692014827012
flat_mlp,14,14,1.0,1.0,187.30617580450394,0.0,187.30617580450394,0.8154618957591094,0.8154618957591094,0.0,0.0,1.0,1.0,0,0,0,0.8964759237182535,0.8964759237182535
flat_mlp,15,15,0.0,0.0,252.52417793098172,35.0,287.52417793098175,0.7512077064719391,0.7167249478512495,0.3378506234422253,0.5232775089156463,1.0,2.0,1,1,0,0.31041318289814984,0.29567434482710664
flat_mlp,16,16,1.0,1.0,180.43953711313532,35.0,215.43953711313532,0.8222270570313938,0.7877442984107041,0.0,0.19397079243256457,1.0,1.0,1,0,1,0.7716279475115513,0.7716279475115513
flat_mlp,17,17,1.0,1.0,162.20989595298533,0.0,162.20989595298533,0.8401872946276007,0.8401872946276007,0.0,0.0,1.0,1.0,0,0,0,0.44017992641791487,0.44017992641791487
flat_mlp,18,18,1.0,1.0,182.51091065899473,70.0,252.51091065899473,0.8201862949172466,0.7512207776758673,0.0,0.38353871419111335,1.0,1.0,2,1,1,0.8092892847089953,0.8092892847089953
flat_mlp,19,19,0.0,0.0,269.3332555728403,105.0,374.3332555728403,0.7346470388444923,0.6311987629824234,0.038296609925586915,0.4430782021961419,1.0,2.0,3,2,1,0.46184263468791364,0.44848414157127564
flat_mlp,20,20,0.0,0.0,182.29147176039874,35.0,217.29147176039874,0.8204024908764544,0.7859197322557648,0.04565331203619102,0.24641896260579302,1.0,1.0,1,0,1,0.8052994865527046,0.8052994865527046
flat_mlp,21,21,0.0,0.0,273.77450630357146,105.0,378.77450630357146,0.7302714223610134,0.6268231464989443,0.42019146726833795,0.9648736806583075,1.0,2.0,3,2,1,0.5013214315401721,0.4888591482142862
flat_mlp,22,22,1.0,1.0,175.30865020927155,105.0,280.30865020927155,0.8272821180204222,0.7238338421583532,0.0,0.5989436338404188,1.0,1.0,3,1,2,0.678339094714028,0.678339094714028
flat_mlp,23,23,1.0,1.0,181.22653568326112,70.0,251.22653568326112,0.8214516889820088,0.7524861717406295,0.0,0.38625690071316365,1.0,1.0,2,1,1,0.7859370124229295,0.7859370124229295
flat_mlp_pruned,0,0,1.0,1.0,183.21176899957962,0.0,183.21176899957962,0.8194957940890841,0.8194957940890841,0.0,0.0,1.0,1.0,0,0,0,0.8220321636287202,0.8220321636287202
flat_mlp_pruned,1,1,1.0,1.0,186.85212649663006,70.0,256.85212649663004,0.8159092349786896,0.7469437177373103,0.0,0.3746277942481026,1.0,1.0,2,1,1,0.8882204817569104,0.8882204817569104
flat_mlp_pruned,2,2,1.0,1.0,177.26738210080038,70.0,247.26738210080038,0.8253523329056154,0.756386815664236,0.0,0.394883701504632,1.0,1.0,2,1,1,0.7139524018327342,0.7139524018327342
flat_mlp_pruned,3,3,0.0,0.0,256.3555816391325,105.0,361.3555816391325,0.7474329244934655,0.6439846486313966,0.3816423112732864,0.947545506187572,1.0,2.0,3,2,1,0.3409194642833115,0.3305052876284772
flat_mlp_pruned,4,4,1.0,1.0,171.60271035316666,105.0,276.6027103531667,0.8309332902924467,0.7274850144303776,0.0,0.6118784475134743,1.0,1.0,3,1,2,0.6109583700575756,0.6109583700575756
flat_mlp_pruned,5,5,0.30952380952380953,0.30952380952380953,266.88574782124283,35.0,301.88574782124283,0.7370583765307952,0.7025756179101056,0.04639072920143016,0.18361677375807017,1.0,2.0,1,1,0,0.4445872042825879,0.42623407110220757
flat_mlp_pruned,6,6,0.0,0.0,280.1223038828035,70.0,350.1223038828035,0.7240174345982231,0.6550519173568439,0.09150041306369758,0.36425637663889676,1.0,2.0,2,1,1,0.555980084822206,0.5465663989345773
flat_mlp_pruned,7,7,0.4523809523809524,0.4523809523809524,249.79658116800897,70.0,319.79658116800897,0.7538949939231439,0.6849294766817645,0.33189435404769263,0.7051284645683319,1.0,2.0,2,1,1,0.29075191597307115,0.27087801061826317
flat_mlp_pruned,8,8,0.0,0.0,257.8415847256792,70.0,327.8415847256792,0.7459688820436657,0.6770033648022865,0.3384050872379386,0.7017613558023437,1.0,2.0,2,1,1,0.3569051301697312,0.3440144065970837
flat_mlp_pruned,9,9,1.0,1.0,190.15052871785934,35.0,225.15052871785934,0.8126595776178727,0.7781768189971829,0.0,0.18406469987749619,1.0,1.0,1,0,1,0.9481914312338063,0.9481914312338063
flat_mlp_pruned,10,10,0.0,0.0,249.43448805285823,105.0,354.4344880528582,0.754251735908514,0.6508034600464451,0.33003513938423357,0.8899163760388464,1.0,2.0,3,2,1,0.2844797377514374,0.2675862550259839
flat_mlp_pruned,11,11,0.47619047619047616,0.47619047619047616,254.56765298267374,70.0,324.56765298267374,0.7491944305589421,0.6802289133175629,0.3403447519638317,0.7089074170870947,1.0,2.0,2,1,1,0.346874090009551,0.3142513907515795
flat_mlp_pruned,12,12,0.0,0.0,268.9237737921751,70.0,338.9237737921751,0.7350504691702708,0.6660849519288915,0.009802436783935812,0.27265078811453236,1.0,2.0,2,1,1,0.44996934539107475,0.4447615799288646
flat_mlp_pruned,13,13,1.0,1.0,154.05280608154857,35.0,189.05280608154857,0.8482238363728585,0.8137410777521689,0.0,0.22719482293281038,1.0,1.0,1,0,1,0.2918692014827012,0.2918692014827012
flat_mlp_pruned,14,14,1.0,1.0,187.30617580450394,0.0,187.30617580450394,0.8154618957591094,0.8154618957591094,0.0,0.0,1.0,1.0,0,0,0,0.8964759237182535,0.8964759237182535
flat_mlp_pruned,15,15,0.0,0.0,252.52417793098172,35.0,287.52417793098175,0.7512077064719391,0.7167249478512495,0.3378506234422253,0.5232775089156463,1.0,2.0,1,1,0,0.31041318289814984,0.29567434482710664
flat_mlp_pruned,16,16,1.0,1.0,180.43953711313532,35.0,215.43953711313532,0.8222270570313938,0.7877442984107041,0.0,0.19397079243256457,1.0,1.0,1,0,1,0.7716279475115513,0.7716279475115513
flat_mlp_pruned,17,17,1.0,1.0,162.20989595298533,0.0,162.20989595298533,0.8401872946276007,0.8401872946276007,0.0,0.0,1.0,1.0,0,0,0,0.44017992641791487,0.44017992641791487
flat_mlp_pruned,18,18,1.0,1.0,182.51091065899473,70.0,252.51091065899473,0.8201862949172466,0.7512207776758673,0.0,0.38353871419111335,1.0,1.0,2,1,1,0.8092892847089953,0.8092892847089953
flat_mlp_pruned,19,19,0.0,0.0,269.3332555728403,105.0,374.3332555728403,0.7346470388444923,0.6311987629824234,0.038296609925586915,0.4430782021961419,1.0,2.0,3,2,1,0.46184263468791364,0.44848414157127564
flat_mlp_pruned,20,20,0.0,0.0,182.29147176039874,35.0,217.29147176039874,0.8204024908764544,0.7859197322557648,0.04565331203619102,0.24641896260579302,1.0,1.0,1,0,1,0.8052994865527046,0.8052994865527046
flat_mlp_pruned,21,21,0.0,0.0,260.1552989034616,105.0,365.1552989034616,0.7436893606862447,0.6402410848241757,0.34954251458920554,0.8942247279791752,1.0,2.0,3,2,1,0.3814999803172379,0.3650481718496509
flat_mlp_pruned,22,22,1.0,1.0,175.30865020927155,105.0,280.30865020927155,0.8272821180204222,0.7238338421583532,0.0,0.5989436338404188,1.0,1.0,3,1,2,0.678339094714028,0.678339094714028
flat_mlp_pruned,23,23,1.0,1.0,181.22653568326112,70.0,251.22653568326112,0.8214516889820088,0.7524861717406295,0.0,0.38625690071316365,1.0,1.0,2,1,1,0.7859370124229295,0.7859370124229295
flat_mlp_stable,0,0,1.0,1.0,183.21176899957962,0.0,183.21176899957962,0.8194957940890841,0.8194957940890841,0.0,0.0,1.0,1.0,0,0,0,0.8220321636287202,0.8220321636287202
flat_mlp_stable,1,1,1.0,1.0,186.85212649663006,70.0,256.85212649663004,0.8159092349786896,0.7469437177373103,0.0,0.3746277942481026,1.0,1.0,2,1,1,0.8882204817569104,0.8882204817569104
flat_mlp_stable,2,2,1.0,1.0,177.26738210080038,70.0,247.26738210080038,0.8253523329056154,0.756386815664236,0.0,0.394883701504632,1.0,1.0,2,1,1,0.7139524018327342,0.7139524018327342
flat_mlp_stable,3,3,1.0,1.0,185.54410178918283,0.0,185.54410178918283,0.8171979292717411,0.8171979292717411,0.0,0.0,1.0,1.0,0,0,0,0.8644382143487787,0.8644382143487787
flat_mlp_stable,4,4,1.0,1.0,171.60271035316666,0.0,171.60271035316666,0.8309332902924467,0.8309332902924467,0.0,0.0,1.0,1.0,0,0,0,0.6109583700575756,0.6109583700575756
flat_mlp_stable,5,5,0.30952380952380953,0.30952380952380953,266.88574782124283,35.0,301.88574782124283,0.7370583765307952,0.7025756179101056,0.04639072920143016,0.18361677375807017,1.0,2.0,1,1,0,0.4445872042825879,0.42623407110220757
flat_mlp_stable,6,6,0.0,0.0,280.1223038828035,70.0,350.1223038828035,0.7240174345982231,0.6550519173568439,0.09150041306369758,0.36425637663889676,1.0,2.0,2,1,1,0.555980084822206,0.5465663989345773
flat_mlp_stable,7,7,0.4523809523809524,0.4523809523809524,249.79658116800897,70.0,319.79658116800897,0.7538949939231439,0.6849294766817645,0.33189435404769263,0.7051284645683319,1.0,2.0,2,1,1,0.29075191597307115,0.27087801061826317
flat_mlp_stable,8,8,0.0,0.0,257.8415847256792,70.0,327.8415847256792,0.7459688820436657,0.6770033648022865,0.3384050872379386,0.7017613558023437,1.0,2.0,2,1,1,0.3569051301697312,0.3440144065970837
flat_mlp_stable,9,9,1.0,1.0,190.15052871785934,35.0,225.15052871785934,0.8126595776178727,0.7781768189971829,0.0,0.18406469987749619,1.0,1.0,1,0,1,0.9481914312338063,0.9481914312338063
flat_mlp_stable,10,10,0.0,0.0,249.43448805285823,105.0,354.4344880528582,0.754251735908514,0.6508034600464451,0.33003513938423357,0.8899163760388464,1.0,2.0,3,2,1,0.2844797377514374,0.2675862550259839
flat_mlp_stable,11,11,0.5476190476190477,0.5476190476190477,260.7072843837247,0.0,260.7072843837247,0.7431455326268722,0.7431455326268722,0.37267102213591474,0.37267102213591474,1.0,2.0,0,0,0,0.3736413644281676,0.3700662216702246
flat_mlp_stable,12,12,0.35714285714285715,0.35714285714285715,270.1648694396773,70.0,340.1648694396773,0.7338277148377563,0.664862197596377,0.014462721709500637,0.27731107304009717,1.0,2.0,2,1,1,0.4775246369210736,0.4560442676334301
flat_mlp_stable,13,13,0.0,0.0,177.99393010893445,35.0,212.99393010893445,0.824636522060163,0.7901537634394734,0.15540855526326822,0.3826033781960786,1.0,1.0,1,0,1,0.7271623656169901,0.7271623656169901
flat_mlp_stable,14,14,0.0,0.0,249.00535908097442,35.0,284.0053590809744,0.7546745230729317,0.720191764452242,0.32940282407381716,0.5162626531727271,1.0,2.0,1,1,0,0.28903161085657164,0.2636850825543129
flat_mlp_stable,15,15,0.0,0.0,264.74249454800633,0.0,264.74249454800633,0.7391699561103385,0.7391699561103385,0.4025821776143115,0.4025821776143115,1.0,2.0,0,0,0,0.41738261085080164,0.4067499504364212
flat_mlp_stable,16,16,1.0,1.0,180.43953711313532,105.0,285.4395371131353,0.8222270570313938,0.7187787811693248,0.0,0.5819123772976936,1.0,1.0,3,1,2,0.7716279475115513,0.7716279475115513
flat_mlp_stable,17,17,1.0,1.0,162.20989595298533,0.0,162.20989595298533,0.8401872946276007,0.8401872946276007,0.0,0.0,1.0,1.0,0,0,0,0.44017992641791487,0.44017992641791487
flat_mlp_stable,18,18,1.0,1.0,182.51091065899473,70.0,252.51091065899473,0.8201862949172466,0.7512207776758673,0.0,0.38353871419111335,1.0,1.0,2,1,1,0.8092892847089953,0.8092892847089953
flat_mlp_stable,19,19,0.0,0.0,276.83576570697426,35.0,311.83576570697426,0.7272554032443603,0.6927726446236707,0.0672192575267366,0.20214645495025493,1.0,2.0,1,1,0,0.5407326565384571,0.5166887791543113
flat_mlp_stable,20,20,0.0,0.0,182.29147176039874,105.0,287.29147176039874,0.8204024908764544,0.7169542150143855,0.04565331203619102,0.6479502637449971,1.0,1.0,3,1,2,0.8052994865527046,0.8052994865527046
flat_mlp_stable,21,21,0.0,0.0,260.19802872486764,35.0,295.19802872486764,0.7436472623400319,0.7091645037193423,0.34976417338635996,0.5313249111830165,1.0,2.0,1,1,0,0.3806465821507743,0.36543662477152367
flat_mlp_stable,22,22,1.0,1.0,175.30865020927155,35.0,210.30865020927155,0.8272821180204222,0.7927993593997326,0.0,0.19964787794680627,1.0,1.0,1,0,1,0.678339094714028,0.678339094714028
flat_mlp_stable,23,23,1.0,1.0,181.22653568326112,70.0,251.22653568326112,0.8214516889820088,0.7524861717406295,0.0,0.38625690071316365,1.0,1.0,2,1,1,0.7859370124229295,0.7859370124229295
flat_mlp_search,0,0,1.0,1.0,183.21176899957962,0.0,183.21176899957962,0.8194957940890841,0.8194957940890841,0.0,0.0,1.0,1.0,0,0,0,0.8220321636287202,0.8220321636287202
flat_mlp_search,1,1,1.0,1.0,186.85212649663006,70.0,256.85212649663004,0.8159092349786896,0.7469437177373103,0.0,0.3746277942481026,1.0,1.0,2,1,1,0.8882204817569104,0.8882204817569104
flat_mlp_search,2,2,1.0,1.0,177.26738210080038,70.0,247.26738210080038,0.8253523329056154,0.756386815664236,0.0,0.394883701504632,1.0,1.0,2,1,1,0.7139524018327342,0.7139524018327342
flat_mlp_search,3,3,1.0,1.0,185.54410178918283,0.0,185.54410178918283,0.8171979292717411,0.8171979292717411,0.0,0.0,1.0,1.0,0,0,0,0.8644382143487787,0.8644382143487787
flat_mlp_search,4,4,1.0,1.0,171.60271035316666,0.0,171.60271035316666,0.8309332902924467,0.8309332902924467,0.0,0.0,1.0,1.0,0,0,0,0.6109583700575756,0.6109583700575756
flat_mlp_search,5,5,0.0,0.0,254.3525442175758,35.0,289.35254421757577,0.7494063603767727,0.7149236017560829,-0.0027487552601199315,0.13447728929651995,1.0,2.0,1,1,0,0.3211250546081359,0.3122958565234164
flat_mlp_search,6,6,0.35714285714285715,0.35714285714285715,252.972507128353,140.0,392.97250712835296,0.7507660028292089,0.6128349683464502,-0.01428914371674486,0.5312227834336534,1.0,2.0,4,2,2,0.3206030455540712,0.2997500648032089
flat_mlp_search,7,7,1.0,1.0,187.54984613371536,35.0,222.54984613371536,0.8152218264692459,0.7807390678485563,0.0,0.1866170552603196,1.0,1.0,1,0,1,0.9009062933402792,0.9009062933402792
flat_mlp_search,8,8,1.0,1.0,192.6483896275274,70.0,262.6483896275274,0.8101986309088399,0.7412331136674607,0.0,0.3633562685644053,1.0,1.0,2,1,1,0.9936070841368617,0.9936070841368617
flat_mlp_search,9,9,1.0,1.0,190.15052871785934,70.0,260.15052871785934,0.8126595776178727,0.7436940603764933,0.0,0.36812939975499237,1.0,1.0,2,1,1,0.9481914312338063,0.9481914312338063
flat_mlp_search,10,10,1.0,1.0,187.53977294790792,70.0,257.5397729479079,0.8152317507902385,0.7462662335488591,0.0,0.3732541577697419,1.0,1.0,2,1,1,0.9007231445074164,0.9007231445074164
flat_mlp_search,11,11,1.0,1.0,189.92699647586122,70.0,259.9269964758612,0.812879806427723,0.7439142891863436,0.0,0.3685626651232629,1.0,1.0,2,1,1,0.944127208652022,0.944127208652022
flat_mlp_search,12,12,0.9523809523809523,0.9523809523809523,265.3027569912326,35.0,300.3027569912326,0.7386179734076526,0.704135214786963,-0.0037943960198944635,0.1276297796454038,1.0,2.0,1,1,0,0.44065164302261145,0.4118432453748421
flat_mlp_search,13,13,1.0,1.0,154.05280608154857,105.0,259.05280608154857,0.8482238363728585,0.7447755605107895,0.0,0.6815844687984312,1.0,1.0,3,1,2,0.2918692014827012,0.2918692014827012
flat_mlp_search,14,14,1.0,1.0,187.30617580450394,0.0,187.30617580450394,0.8154618957591094,0.8154618957591094,0.0,0.0,1.0,1.0,0,0,0,0.8964759237182535,0.8964759237182535
flat_mlp_search,15,15,1.0,1.0,188.75364222744776,70.0,258.75364222744776,0.8140358204655688,0.7450703032241894,0.0,0.37085377094684163,1.0,1.0,2,1,1,0.9227934950445047,0.9227934950445047
flat_mlp_search,16,16,1.0,1.0,180.43953711313532,70.0,250.43953711313532,0.8222270570313938,0.7532615397900144,0.0,0.38794158486512914,1.0,1.0,2,1,1,0.7716279475115513,0.7716279475115513
flat_mlp_search,17,17,1.0,1.0,162.20989595298533,0.0,162.20989595298533,0.8401872946276007,0.8401872946276007,0.0,0.0,1.0,1.0,0,0,0,0.44017992641791487,0.44017992641791487
flat_mlp_search,18,18,1.0,1.0,182.51091065899473,70.0,252.51091065899473,0.8201862949172466,0.7512207776758673,0.0,0.38353871419111335,1.0,1.0,2,1,1,0.8092892847089953,0.8092892847089953
flat_mlp_search,19,19,1.0,1.0,259.3991476020932,105.0,364.3991476020932,0.7444343373378393,0.6409860614757702,0.0,0.404781592270555,1.0,2.0,3,2,1,0.3616375346046523,0.3581740691099382
flat_mlp_search,20,20,1.0,1.0,174.33261068663785,35.0,209.33261068663785,0.8282437333136573,0.7937609746929677,0.0,0.20076565056960202,1.0,1.0,1,0,1,0.6605929215752337,0.6605929215752337
flat_mlp_search,21,21,1.0,1.0,192.77295534676182,70.0,262.7729553467618,0.8100759060623036,0.7411103888209243,0.0,0.36312147559331304,1.0,1.0,2,1,1,0.9958719153956692,0.9958719153956692
flat_mlp_search,22,22,1.0,1.0,175.30865020927155,70.0,245.30865020927155,0.8272821180204222,0.7583166007790428,0.0,0.39929575589361255,1.0,1.0,2,1,1,0.678339094714028,0.678339094714028
flat_mlp_search,23,23,1.0,1.0,181.22653568326112,70.0,251.22653568326112,0.8214516889820088,0.7524861717406295,0.0,0.38625690071316365,1.0,1.0,2,1,1,0.7859370124229295,0.7859370124229295
flat_mlp_stable_search,0,0,1.0,1.0,183.21176899957962,0.0,183.21176899957962,0.8194957940890841,0.8194957940890841,0.0,0.0,1.0,1.0,0,0,0,0.8220321636287202,0.8220321636287202
flat_mlp_stable_search,1,1,1.0,1.0,186.85212649663006,70.0,256.85212649663004,0.8159092349786896,0.7469437177373103,0.0,0.3746277942481026,1.0,1.0,2,1,1,0.8882204817569104,0.8882204817569104
flat_mlp_stable_search,2,2,1.0,1.0,177.26738210080038,70.0,247.26738210080038,0.8253523329056154,0.756386815664236,0.0,0.394883701504632,1.0,1.0,2,1,1,0.7139524018327342,0.7139524018327342
flat_mlp_stable_search,3,3,1.0,1.0,185.54410178918283,0.0,185.54410178918283,0.8171979292717411,0.8171979292717411,0.0,0.0,1.0,1.0,0,0,0,0.8644382143487787,0.8644382143487787
flat_mlp_stable_search,4,4,1.0,1.0,171.60271035316666,0.0,171.60271035316666,0.8309332902924467,0.8309332902924467,0.0,0.0,1.0,1.0,0,0,0,0.6109583700575756,0.6109583700575756
flat_mlp_stable_search,5,5,0.0,0.0,254.3525442175758,35.0,289.35254421757577,0.7494063603767727,0.7149236017560829,-0.0027487552601199315,0.13447728929651995,1.0,2.0,1,1,0,0.3211250546081359,0.3122958565234164
flat_mlp_stable_search,6,6,0.0,0.0,305.1938580040479,0.0,305.1938580040479,0.6993163960551252,0.6993163960551252,0.1891920688160943,0.1891920688160943,1.0,2.0,0,0,0,0.7830244104319738,0.7744896182186176
flat_mlp_stable_search,7,7,0.0,0.0,257.3035484063144,0.0,257.3035484063144,0.7464989670873751,0.7464989670873751,0.3719208717604999,0.3719208717604999,1.0,2.0,0,0,0,0.3617643971289918,0.339123167330131
flat_mlp_stable_search,8,8,1.0,1.0,192.6483896275274,35.0,227.6483896275274,0.8101986309088399,0.7757158722881503,0.0,0.18167813428220256,1.0,1.0,1,0,1,0.9936070841368617,0.9936070841368617
flat_mlp_stable_search,9,9,1.0,1.0,190.15052871785934,70.0,260.15052871785934,0.8126595776178727,0.7436940603764933,0.0,0.36812939975499237,1.0,1.0,2,1,1,0.9481914312338063,0.9481914312338063
flat_mlp_stable_search,10,10,1.0,1.0,187.53977294790792,70.0,257.5397729479079,0.8152317507902385,0.7462662335488591,0.0,0.3732541577697419,1.0,1.0,2,1,1,0.9007231445074164,0.9007231445074164
flat_mlp_stable_search,11,11,1.0,1.0,189.92699647586122,70.0,259.9269964758612,0.812879806427723,0.7439142891863436,0.0,0.3685626651232629,1.0,1.0,2,1,1,0.944127208652022,0.944127208652022
flat_mlp_stable_search,12,12,0.9523809523809523,0.9523809523809523,265.3027569912326,35.0,300.3027569912326,0.7386179734076526,0.704135214786963,-0.0037943960198944635,0.1276297796454038,1.0,2.0,1,1,0,0.44065164302261145,0.4118432453748421
flat_mlp_stable_search,13,13,0.0,0.0,177.99393010893445,35.0,212.99393010893445,0.824636522060163,0.7901537634394734,0.15540855526326822,0.3826033781960786,1.0,1.0,1,0,1,0.7271623656169901,0.7271623656169901
flat_mlp_stable_search,14,14,1.0,1.0,187.30617580450394,70.0,257.30617580450394,0.8154618957591094,0.7464963785177301,0.0,0.37371965819782005,1.0,1.0,2,1,1,0.8964759237182535,0.8964759237182535
flat_mlp_stable_search,15,15,1.0,1.0,188.75364222744776,70.0,258.75364222744776,0.8140358204655688,0.7450703032241894,0.0,0.37085377094684163,1.0,1.0,2,1,1,0.9227934950445047,0.9227934950445047
flat_mlp_stable_search,16,16,0.0,0.0,185.9929957105109,0.0,185.9929957105109,0.8167556692507281,0.8167556692507281,0.03077739328212522,0.03077739328212522,1.0,1.0,0,0,0,0.8725999220092895,0.8725999220092895
flat_mlp_stable_search,17,17,1.0,1.0,162.20989595298533,70.0,232.20989595298533,0.8401872946276007,0.7712217773862213,0.0,0.43153963935892475,1.0,1.0,2,1,1,0.44017992641791487,0.44017992641791487
flat_mlp_stable_search,18,18,1.0,1.0,182.51091065899473,70.0,252.51091065899473,0.8201862949172466,0.7512207776758673,0.0,0.38353871419111335,1.0,1.0,2,1,1,0.8092892847089953,0.8092892847089953
flat_mlp_stable_search,19,19,0.0,0.0,271.6320858448204,35.0,306.6320858448204,0.7323821814336745,0.6978994228129849,0.04715874495274738,0.1820859423762657,1.0,2.0,1,1,0,0.4849631934037749,0.46938259858927617
flat_mlp_stable_search,20,20,0.0,0.0,181.2648472890586,35.0,216.2648472890586,0.8214139435575777,0.7869311849368881,0.03976442832535452,0.24053007889495653,1.0,1.0,1,0,1,0.7866335870737928,0.7866335870737928
flat_mlp_stable_search,21,21,1.0,1.0,192.77295534676182,70.0,262.7729553467618,0.8100759060623036,0.7411103888209243,0.0,0.36312147559331304,1.0,1.0,2,1,1,0.9958719153956692,0.9958719153956692
flat_mlp_stable_search,22,22,1.0,1.0,175.30865020927155,70.0,245.30865020927155,0.8272821180204222,0.7583166007790428,0.0,0.39929575589361255,1.0,1.0,2,1,1,0.678339094714028,0.678339094714028
flat_mlp_stable_search,23,23,1.0,1.0,181.22653568326112,70.0,251.22653568326112,0.8214516889820088,0.7524861717406295,0.0,0.38625690071316365,1.0,1.0,2,1,1,0.7859370124229295,0.7859370124229295
agg_gcn,0,0,1.0,1.0,183.21176899957962,0.0,183.21176899957962,0.8194957940890841,0.8194957940890841,0.0,0.0,1.0,1.0,0,0,0,0.8220321636287202,0.8220321636287202
agg_gcn,1,1,0.0,0.0,263.0223056934258,105.0,368.0223056934258,0.740864723454753,0.637416447592684,0.4076495174282615,0.9695912088004156,1.0,2.0,3,2,1,0.42271647807630397,0.3911118699402346
agg_gcn,2,2,1.0,1.0,177.26738210080038,35.0,212.26738210080038,0.8253523329056154,0.7908695742849257,0.0,0.197441850752316,1.0,1.0,1,0,1,0.7139524018327342,0.7139524018327342
agg_gcn,3,3,0.0,0.0,256.3555816391325,105.0,361.3555816391325,0.7474329244934655,0.6439846486313966,0.3816423112732864,0.947545506187572,1.0,2.0,3,2,1,0.3409194642833115,0.3305052876284772
agg_gcn,4,4,1.0,1.0,171.60271035316666,105.0,276.6027103531667,0.8309332902924467,0.7274850144303776,0.0,0.6118784475134743,1.0,1.0,3,1,2,0.6109583700575756,0.6109583700575756
agg_gcn,5,5,0.0,0.30952380952380953,266.88574782124283,35.0,301.88574782124283,0.7370583765307952,0.7025756179101056,0.04639072920143016,0.18361677375807017,1.0,2.0,1,1,0,0.4445872042825879,0.42623407110220757
agg_gcn,6,6,0.0,0.0,280.1223038828035,70.0,350.1223038828035,0.7240174345982231,0.6550519173568439,0.09150041306369758,0.36425637663889676,1.0,2.0,2,1,1,0.555980084822206,0.5465663989345773
agg_gcn,7,7,0.0,0.4523809523809524,249.79658116800897,70.0,319.79658116800897,0.7538949939231439,0.6849294766817645,0.33189435404769263,0.7051284645683319,1.0,2.0,2,1,1,0.29075191597307115,0.27087801061826317
agg_gcn,8,8,0.0,0.0,257.8415847256792,70.0,327.8415847256792,0.7459688820436657,0.6770033648022865,0.3384050872379386,0.7017613558023437,1.0,2.0,2,1,1,0.3569051301697312,0.3440144065970837
agg_gcn,9,9,0.0,0.0,279.8431964827239,70.0,349.8431964827239,0.7242924172584001,0.6553269000170208,0.47169297066719346,0.8398223704221858,1.0,2.0,2,1,1,0.5566666738362968,0.5440290589338534
agg_gcn,10,10,0.0,0.0,249.43448805285823,140.0,389.4344880528582,0.754251735908514,0.6163207014257555,0.33003513938423357,1.0765434549237174,1.0,2.0,4,2,2,0.2844797377514374,0.2675862550259839
agg_gcn,11,11,0.0,0.47619047619047616,254.56765298267374,70.0,324.56765298267374,0.7491944305589421,0.6802289133175629,0.3403447519638317,0.7089074170870947,1.0,2.0,2,1,1,0.346874090009551,0.3142513907515795
agg_gcn,12,12,0.0,0.30952380952380953,282.5715765108995,70.0,352.5715765108995,0.7216043581173404,0.6526388408759611,0.061049614553963516,0.32389796588456005,1.0,2.0,2,1,1,0.5752986340906855,0.5688325137354501
agg_gcn,13,13,1.0,1.0,154.05280608154857,35.0,189.05280608154857,0.8482238363728585,0.8137410777521689,0.0,0.22719482293281038,1.0,1.0,1,0,1,0.2918692014827012,0.2918692014827012
agg_gcn,14,14,1.0,1.0,187.30617580450394,0.0,187.30617580450394,0.8154618957591094,0.8154618957591094,0.0,0.0,1.0,1.0,0,0,0,0.8964759237182535,0.8964759237182535
agg_gcn,15,15,0.0,0.0,252.52417793098172,35.0,287.52417793098175,0.7512077064719391,0.7167249478512495,0.3378506234422253,0.5232775089156463,1.0,2.0,1,1,0,0.31041318289814984,0.29567434482710664
agg_gcn,16,16,1.0,1.0,180.43953711313532,35.0,215.43953711313532,0.8222270570313938,0.7877442984107041,0.0,0.19397079243256457,1.0,1.0,1,0,1,0.7716279475115513,0.7716279475115513
agg_gcn,17,17,1.0,1.0,162.20989595298533,0.0,162.20989595298533,0.8401872946276007,0.8401872946276007,0.0,0.0,1.0,1.0,0,0,0,0.44017992641791487,0.44017992641791487
agg_gcn,18,18,0.0,0.0,259.86562973606794,35.0,294.86562973606794,0.7439747490285045,0.7094919904078149,0.42383613559193495,0.6156054926874915,1.0,2.0,1,1,0,0.3820058491584652,0.3624148157824357
agg_gcn,19,19,0.0,0.0,269.3332555728403,0.0,269.3332555728403,0.7346470388444923,0.7346470388444923,0.038296609925586915,0.038296609925586915,1.0,2.0,0,0,0,0.46184263468791364,0.44848414157127564
agg_gcn,20,20,0.0,0.0,182.29147176039874,35.0,217.29147176039874,0.8204024908764544,0.7859197322557648,0.04565331203619102,0.24641896260579302,1.0,1.0,1,0,1,0.8052994865527046,0.8052994865527046
agg_gcn,21,21,0.0,0.0,262.2061282070788,105.0,367.2061282070788,0.7416688392048485,0.6382205633427795,0.36018108834519824,0.9048633017351678,1.0,2.0,3,2,1,0.3940796413604768,0.38369207460980703
agg_gcn,22,22,1.0,1.0,175.30865020927155,105.0,280.30865020927155,0.8272821180204222,0.7238338421583532,0.0,0.5989436338404188,1.0,1.0,3,1,2,0.678339094714028,0.678339094714028
agg_gcn,23,23,0.0,0.0,273.71995026231997,35.0,308.71995026231997,0.7303251721553498,0.69584241353466,0.5103745664526431,0.7035030168092249,1.0,2.0,1,1,0,0.5015858354297005,0.4883631842029087
agg_gcn_pruned,0,0,1.0,1.0,183.21176899957962,0.0,183.21176899957962,0.8194957940890841,0.8194957940890841,0.0,0.0,1.0,1.0,0,0,0,0.8220321636287202,0.8220321636287202
agg_gcn_pruned,1,1,1.0,1.0,186.85212649663006,70.0,256.85212649663004,0.8159092349786896,0.7469437177373103,0.0,0.3746277942481026,1.0,1.0,2,1,1,0.8882204817569104,0.8882204817569104
agg_gcn_pruned,2,2,1.0,1.0,177.26738210080038,70.0,247.26738210080038,0.8253523329056154,0.756386815664236,0.0,0.394883701504632,1.0,1.0,2,1,1,0.7139524018327342,0.7139524018327342
agg_gcn_pruned,3,3,0.0,0.0,256.3555816391325,105.0,361.3555816391325,0.7474329244934655,0.6439846486313966,0.3816423112732864,0.947545506187572,1.0,2.0,3,2,1,0.3409194642833115,0.3305052876284772
agg_gcn_pruned,4,4,1.0,1.0,171.60271035316666,105.0,276.6027103531667,0.8309332902924467,0.7274850144303776,0.0,0.6118784475134743,1.0,1.0,3,1,2,0.6109583700575756,0.6109583700575756
agg_gcn_pruned,5,5,0.30952380952380953,0.30952380952380953,266.88574782124283,35.0,301.88574782124283,0.7370583765307952,0.7025756179101056,0.04639072920143016,0.18361677375807017,1.0,2.0,1,1,0,0.4445872042825879,0.42623407110220757
agg_gcn_pruned,6,6,0.0,0.0,280.1223038828035,70.0,350.1223038828035,0.7240174345982231,0.6550519173568439,0.09150041306369758,0.36425637663889676,1.0,2.0,2,1,1,0.555980084822206,0.5465663989345773
agg_gcn_pruned,7,7,1.0,1.0,187.54984613371536,105.0,292.5498461337154,0.8152218264692459,0.711773550607177,0.0,0.559851165780959,1.0,1.0,3,1,2,0.9009062933402792,0.9009062933402792
agg_gcn_pruned,8,8,0.0,0.0,257.8415847256792,105.0,362.8415847256792,0.7459688820436657,0.6425206061815968,0.3384050872379386,0.8834394900845463,1.0,2.0,3,2,1,0.3569051301697312,0.3440144065970837
agg_gcn_pruned,9,9,0.0,0.0,279.8431964827239,70.0,349.8431964827239,0.7242924172584001,0.6553269000170208,0.47169297066719346,0.8398223704221858,1.0,2.0,2,1,1,0.5566666738362968,0.5440290589338534
agg_gcn_pruned,10,10,0.0,0.0,249.43448805285823,140.0,389.4344880528582,0.754251735908514,0.6163207014257555,0.33003513938423357,1.0765434549237174,1.0,2.0,4,2,2,0.2844797377514374,0.2675862550259839
agg_gcn_pruned,11,11,0.47619047619047616,0.47619047619047616,254.56765298267374,70.0,324.56765298267374,0.7491944305589421,0.6802289133175629,0.3403447519638317,0.7089074170870947,1.0,2.0,2,1,1,0.346874090009551,0.3142513907515795
agg_gcn_pruned,12,12,0.30952380952380953,0.30952380952380953,282.5715765108995,70.0,352.5715765108995,0.7216043581173404,0.6526388408759611,0.061049614553963516,0.32389796588456005,1.0,2.0,2,1,1,0.5752986340906855,0.5688325137354501
agg_gcn_pruned,13,13,1.0,1.0,154.05280608154857,35.0,189.05280608154857,0.8482238363728585,0.8137410777521689,0.0,0.22719482293281038,1.0,1.0,1,0,1,0.2918692014827012,0.2918692014827012
agg_gcn_pruned,14,14,1.0,1.0,187.30617580450394,0.0,187.30617580450394,0.8154618957591094,0.8154618957591094,0.0,0.0,1.0,1.0,0,0,0,0.8964759237182535,0.8964759237182535
agg_gcn_pruned,15,15,0.0,0.0,252.52417793098172,35.0,287.52417793098175,0.7512077064719391,0.7167249478512495,0.3378506234422253,0.5232775089156463,1.0,2.0,1,1,0,0.31041318289814984,0.29567434482710664
agg_gcn_pruned,16,16,1.0,1.0,180.43953711313532,35.0,215.43953711313532,0.8222270570313938,0.7877442984107041,0.0,0.19397079243256457,1.0,1.0,1,0,1,0.7716279475115513,0.7716279475115513
agg_gcn_pruned,17,17,1.0,1.0,162.20989595298533,0.0,162.20989595298533,0.8401872946276007,0.8401872946276007,0.0,0.0,1.0,1.0,0,0,0,0.44017992641791487,0.44017992641791487
agg_gcn_pruned,18,18,1.0,1.0,182.51091065899473,70.0,252.51091065899473,0.8201862949172466,0.7512207776758673,0.0,0.38353871419111335,1.0,1.0,2,1,1,0.8092892847089953,0.8092892847089953
agg_gcn_pruned,19,19,0.0,0.0,267.37174934904556,105.0,372.37174934904556,0.7365795572915808,0.6331312814295118,0.03073488028257511,0.4355164725531301,1.0,2.0,3,2,1,0.4453813417347476,0.43065226680950497
agg_gcn_pruned,20,20,0.0,0.0,182.29147176039874,35.0,217.29147176039874,0.8204024908764544,0.7859197322557648,0.04565331203619102,0.24641896260579302,1.0,1.0,1,0,1,0.8052994865527046,0.8052994865527046
agg_gcn_pruned,21,21,0.0,0.0,259.76536488936677,105.0,364.76536488936677,0.7440735321287026,0.6406252562666337,0.3475197515237465,0.8922019649137161,1.0,2.0,3,2,1,0.37468272333798663,0.36150331717606143
agg_gcn_pruned,22,22,1.0,1.0,175.30865020927155,105.0,280.30865020927155,0.8272821180204222,0.7238338421583532,0.0,0.5989436338404188,1.0,1.0,3,1,2,0.678339094714028,0.678339094714028
agg_gcn_pruned,23,23,0.0,0.0,273.71995026231997,35.0,308.71995026231997,0.7303251721553498,0.69584241353466,0.5103745664526431,0.7035030168092249,1.0,2.0,1,1,0,0.5015858354297005,0.4883631842029087
agg_gcn_stable,0,0,1.0,1.0,183.21176899957962,0.0,183.21176899957962,0.8194957940890841,0.8194957940890841,0.0,0.0,1.0,1.0,0,0,0,0.8220321636287202,0.8220321636287202
agg_gcn_stable,1,1,1.0,1.0,186.85212649663006,70.0,256.85212649663004,0.8159092349786896,0.7469437177373103,0.0,0.3746277942481026,1.0,1.0,2,1,1,0.8882204817569104,0.8882204817569104
agg_gcn_stable,2,2,1.0,1.0,177.26738210080038,70.0,247.26738210080038,0.8253523329056154,0.756386815664236,0.0,0.394883701504632,1.0,1.0,2,1,1,0.7139524018327342,0.7139524018327342
agg_gcn_stable,3,3,1.0,1.0,185.54410178918283,0.0,185.54410178918283,0.8171979292717411,0.8171979292717411,0.0,0.0,1.0,1.0,0,0,0,0.8644382143487787,0.8644382143487787
agg_gcn_stable,4,4,1.0,1.0,171.60271035316666,0.0,171.60271035316666,0.8309332902924467,0.8309332902924467,0.0,0.0,1.0,1.0,0,0,0,0.6109583700575756,0.6109583700575756
agg_gcn_stable,5,5,0.30952380952380953,0.30952380952380953,266.88574782124283,35.0,301.88574782124283,0.7370583765307952,0.7025756179101056,0.04639072920143016,0.18361677375807017,1.0,2.0,1,1,0,0.4445872042825879,0.42623407110220757
agg_gcn_stable,6,6,0.0,0.0,280.1223038828035,70.0,350.1223038828035,0.7240174345982231,0.6550519173568439,0.09150041306369758,0.36425637663889676,1.0,2.0,2,1,1,0.555980084822206,0.5465663989345773
agg_gcn_stable,7,7,0.4523809523809524,0.4523809523809524,249.79658116800897,70.0,319.79658116800897,0.7538949939231439,0.6849294766817645,0.33189435404769263,0.7051284645683319,1.0,2.0,2,1,1,0.29075191597307115,0.27087801061826317
agg_gcn_stable,8,8,0.0,0.0,257.8415847256792,70.0,327.8415847256792,0.7459688820436657,0.6770033648022865,0.3384050872379386,0.7017613558023437,1.0,2.0,2,1,1,0.3569051301697312,0.3440144065970837
agg_gcn_stable,9,9,0.0,0.0,279.8431964827239,70.0,349.8431964827239,0.7242924172584001,0.6553269000170208,0.47169297066719346,0.8398223704221858,1.0,2.0,2,1,1,0.5566666738362968,0.5440290589338534
agg_gcn_stable,10,10,0.0,0.0,259.7710218777212,70.0,329.7710218777212,0.7440679587411614,0.675102441499782,0.3851516283422003,0.7584057861119422,1.0,2.0,2,1,1,0.37453658641498927,0.36155474434291973
agg_gcn_stable,11,11,0.47619047619047616,0.47619047619047616,254.56765298267374,0.0,254.56765298267374,0.7491944305589421,0.7491944305589421,0.3403447519638317,0.3403447519638317,1.0,2.0,0,0,0,0.346874090009551,0.3142513907515795
agg_gcn_stable,12,12,0.30952380952380953,0.30952380952380953,282.5715765108995,70.0,352.5715765108995,0.7216043581173404,0.6526388408759611,0.061049614553963516,0.32389796588456005,1.0,2.0,2,1,1,0.5752986340906855,0.5688325137354501
agg_gcn_stable,13,13,1.0,1.0,154.05280608154857,35.0,189.05280608154857,0.8482238363728585,0.8137410777521689,0.0,0.22719482293281038,1.0,1.0,1,0,1,0.2918692014827012,0.2918692014827012
agg_gcn_stable,14,14,1.0,1.0,187.30617580450394,0.0,187.30617580450394,0.8154618957591094,0.8154618957591094,0.0,0.0,1.0,1.0,0,0,0,0.8964759237182535,0.8964759237182535
agg_gcn_stable,15,15,0.0,0.0,252.52417793098172,35.0,287.52417793098175,0.7512077064719391,0.7167249478512495,0.3378506234422253,0.5232775089156463,1.0,2.0,1,1,0,0.31041318289814984,0.29567434482710664
agg_gcn_stable,16,16,1.0,1.0,180.43953711313532,35.0,215.43953711313532,0.8222270570313938,0.7877442984107041,0.0,0.19397079243256457,1.0,1.0,1,0,1,0.7716279475115513,0.7716279475115513
agg_gcn_stable,17,17,1.0,1.0,162.20989595298533,0.0,162.20989595298533,0.8401872946276007,0.8401872946276007,0.0,0.0,1.0,1.0,0,0,0,0.44017992641791487,0.44017992641791487
agg_gcn_stable,18,18,1.0,1.0,182.51091065899473,70.0,252.51091065899473,0.8201862949172466,0.7512207776758673,0.0,0.38353871419111335,1.0,1.0,2,1,1,0.8092892847089953,0.8092892847089953
agg_gcn_stable,19,19,0.0,0.0,276.83576570697426,35.0,311.83576570697426,0.7272554032443603,0.6927726446236707,0.0672192575267366,0.20214645495025493,1.0,2.0,1,1,0,0.5407326565384571,0.5166887791543113
agg_gcn_stable,20,20,0.0,0.0,182.29147176039874,105.0,287.29147176039874,0.8204024908764544,0.7169542150143855,0.04565331203619102,0.6479502637449971,1.0,1.0,3,1,2,0.8052994865527046,0.8052994865527046
agg_gcn_stable,21,21,0.0,0.0,260.19802872486764,35.0,295.19802872486764,0.7436472623400319,0.7091645037193423,0.34976417338635996,0.5313249111830165,1.0,2.0,1,1,0,0.3806465821507743,0.36543662477152367
agg_gcn_stable,22,22,1.0,1.0,175.30865020927155,35.0,210.30865020927155,0.8272821180204222,0.7927993593997326,0.0,0.19964787794680627,1.0,1.0,1,0,1,0.678339094714028,0.678339094714028
agg_gcn_stable,23,23,0.0,0.0,273.71995026231997,35.0,308.71995026231997,0.7303251721553498,0.69584241353466,0.5103745664526431,0.7035030168092249,1.0,2.0,1,1,0,0.5015858354297005,0.4883631842029087
agg_gcn_search,0,0,1.0,1.0,183.21176899957962,0.0,183.21176899957962,0.8194957940890841,0.8194957940890841,0.0,0.0,1.0,1.0,0,0,0,0.8220321636287202,0.8220321636287202
agg_gcn_search,1,1,1.0,1.0,186.85212649663006,70.0,256.85212649663004,0.8159092349786896,0.7469437177373103,0.0,0.3746277942481026,1.0,1.0,2,1,1,0.8882204817569104,0.8882204817569104
agg_gcn_search,2,2,1.0,1.0,177.26738210080038,70.0,247.26738210080038,0.8253523329056154,0.756386815664236,0.0,0.394883701504632,1.0,1.0,2,1,1,0.7139524018327342,0.7139524018327342
agg_gcn_search,3,3,1.0,1.0,185.54410178918283,0.0,185.54410178918283,0.8171979292717411,0.8171979292717411,0.0,0.0,1.0,1.0,0,0,0,0.8644382143487787,0.8644382143487787
agg_gcn_search,4,4,1.0,1.0,171.60271035316666,0.0,171.60271035316666,0.8309332902924467,0.8309332902924467,0.0,0.0,1.0,1.0,0,0,0,0.6109583700575756,0.6109583700575756
agg_gcn_search,5,5,1.0,1.0,255.0536242087322,105.0,360.05362420873223,0.7487156411736628,0.6452673653115939,0.0,0.4116781336699201,1.0,2.0,3,2,1,0.3225326116894268,0.3186693109884745
agg_gcn_search,6,6,0.35714285714285715,0.35714285714285715,252.972507128353,140.0,392.97250712835296,0.7507660028292089,0.6128349683464502,-0.01428914371674486,0.5312227834336534,1.0,2.0,4,2,2,0.3206030455540712,0.2997500648032089
agg_gcn_search,7,7,1.0,1.0,187.54984613371536,35.0,222.54984613371536,0.8152218264692459,0.7807390678485563,0.0,0.1866170552603196,1.0,1.0,1,0,1,0.9009062933402792,0.9009062933402792
agg_gcn_search,8,8,1.0,1.0,192.6483896275274,70.0,262.6483896275274,0.8101986309088399,0.7412331136674607,0.0,0.3633562685644053,1.0,1.0,2,1,1,0.9936070841368617,0.9936070841368617
agg_gcn_search,9,9,1.0,1.0,190.15052871785934,70.0,260.15052871785934,0.8126595776178727,0.7436940603764933,0.0,0.36812939975499237,1.0,1.0,2,1,1,0.9481914312338063,0.9481914312338063
agg_gcn_search,10,10,1.0,1.0,187.53977294790792,70.0,257.5397729479079,0.8152317507902385,0.7462662335488591,0.0,0.3732541577697419,1.0,1.0,2,1,1,0.9007231445074164,0.9007231445074164
agg_gcn_search,11,11,1.0,1.0,189.92699647586122,70.0,259.9269964758612,0.812879806427723,0.7439142891863436,0.0,0.3685626651232629,1.0,1.0,2,1,1,0.944127208652022,0.944127208652022
agg_gcn_search,12,12,0.9523809523809523,0.9523809523809523,265.3027569912326,35.0,300.3027569912326,0.7386179734076526,0.704135214786963,-0.0037943960198944635,0.1276297796454038,1.0,2.0,1,1,0,0.44065164302261145,0.4118432453748421
agg_gcn_search,13,13,1.0,1.0,154.05280608154857,105.0,259.05280608154857,0.8482238363728585,0.7447755605107895,0.0,0.6815844687984312,1.0,1.0,3,1,2,0.2918692014827012,0.2918692014827012
agg_gcn_search,14,14,1.0,1.0,187.30617580450394,0.0,187.30617580450394,0.8154618957591094,0.8154618957591094,0.0,0.0,1.0,1.0,0,0,0,0.8964759237182535,0.8964759237182535
agg_gcn_search,15,15,1.0,1.0,188.75364222744776,70.0,258.75364222744776,0.8140358204655688,0.7450703032241894,0.0,0.37085377094684163,1.0,1.0,2,1,1,0.9227934950445047,0.9227934950445047
agg_gcn_search,16,16,1.0,1.0,180.43953711313532,70.0,250.43953711313532,0.8222270570313938,0.7532615397900144,0.0,0.38794158486512914,1.0,1.0,2,1,1,0.7716279475115513,0.7716279475115513
agg_gcn_search,17,17,1.0,1.0,162.20989595298533,0.0,162.20989595298533,0.8401872946276007,0.8401872946276007,0.0,0.0,1.0,1.0,0,0,0,0.44017992641791487,0.44017992641791487
agg_gcn_search,18,18,1.0,1.0,182.51091065899473,70.0,252.51091065899473,0.8201862949172466,0.7512207776758673,0.0,0.38353871419111335,1.0,1.0,2,1,1,0.8092892847089953,0.8092892847089953
agg_gcn_search,19,19,0.9761904761904762,0.9761904761904762,259.17438119778933,105.0,364.17438119778933,0.7446557820711435,0.6412075062090745,-0.0008664886002194798,0.4039151036703355,1.0,2.0,3,2,1,0.3801956491857784,0.3561307381617214
agg_gcn_search,20,20,1.0,1.0,174.33261068663785,35.0,209.33261068663785,0.8282437333136573,0.7937609746929677,0.0,0.20076565056960202,1.0,1.0,1,0,1,0.6605929215752337,0.6605929215752337
agg_gcn_search,21,21,1.0,1.0,192.77295534676182,70.0,262.7729553467618,0.8100759060623036,0.7411103888209243,0.0,0.36312147559331304,1.0,1.0,2,1,1,0.9958719153956692,0.9958719153956692
agg_gcn_search,22,22,1.0,1.0,175.30865020927155,70.0,245.30865020927155,0.8272821180204222,0.7583166007790428,0.0,0.39929575589361255,1.0,1.0,2,1,1,0.678339094714028,0.678339094714028
agg_gcn_search,23,23,1.0,1.0,181.22653568326112,70.0,251.22653568326112,0.8214516889820088,0.7524861717406295,0.0,0.38625690071316365,1.0,1.0,2,1,1,0.7859370124229295,0.7859370124229295
agg_gcn_stable_search,0,0,1.0,1.0,183.21176899957962,0.0,183.21176899957962,0.8194957940890841,0.8194957940890841,0.0,0.0,1.0,1.0,0,0,0,0.8220321636287202,0.8220321636287202
agg_gcn_stable_search,1,1,1.0,1.0,186.85212649663006,70.0,256.85212649663004,0.8159092349786896,0.7469437177373103,0.0,0.3746277942481026,1.0,1.0,2,1,1,0.8882204817569104,0.8882204817569104
agg_gcn_stable_search,2,2,1.0,1.0,177.26738210080038,70.0,247.26738210080038,0.8253523329056154,0.756386815664236,0.0,0.394883701504632,1.0,1.0,2,1,1,0.7139524018327342,0.7139524018327342
agg_gcn_stable_search,3,3,1.0,1.0,185.54410178918283,0.0,185.54410178918283,0.8171979292717411,0.8171979292717411,0.0,0.0,1.0,1.0,0,0,0,0.8644382143487787,0.8644382143487787
agg_gcn_stable_search,4,4,1.0,1.0,171.60271035316666,0.0,171.60271035316666,0.8309332902924467,0.8309332902924467,0.0,0.0,1.0,1.0,0,0,0,0.6109583700575756,0.6109583700575756
agg_gcn_stable_search,5,5,0.35714285714285715,0.35714285714285715,261.5686856860126,35.0,296.5686856860126,0.742296861393091,0.7078141027724014,0.02554388904487225,0.16276993360151226,1.0,2.0,1,1,0,0.3844151404020546,0.3778971426001143
agg_gcn_stable_search,6,6,0.0,0.0,281.74146324552316,0.0,281.74146324552316,0.7224222036989919,0.7224222036989919,0.09780948980884617,0.09780948980884617,1.0,2.0,0,0,0,0.5733552662236039,0.5612860295047561
agg_gcn_stable_search,7,7,0.0,0.0,252.26518921949912,0.0,252.26518921949912,0.7514628677640403,0.7514628677640403,0.3450567644808643,0.3450567644808643,1.0,2.0,0,0,0,0.29525372306495,0.29331990199544655
agg_gcn_stable_search,8,8,0.0,0.0,260.9232028048498,0.0,260.9232028048498,0.7429328051183746,0.7429328051183746,0.3544011621863391,0.3544011621863391,1.0,2.0,0,0,0,0.37407893556397975,0.3720291164077253
agg_gcn_stable_search,9,9,0.0,0.0,283.5270183185624,0.0,283.5270183185624,0.7206630361393475,0.7206630361393475,0.49106615811335863,0.49106615811335863,1.0,2.0,0,0,0,0.6120363411691435,0.5775183483505675
agg_gcn_stable_search,10,10,0.0,0.0,259.7710218777212,0.0,259.7710218777212,0.7440679587411614,0.7440679587411614,0.3851516283422003,0.3851516283422003,1.0,2.0,0,0,0,0.37453658641498927,0.36155474434291973
agg_gcn_stable_search,11,11,1.0,1.0,189.92699647586122,35.0,224.92699647586122,0.812879806427723,0.7783970478070333,0.0,0.18428133256163154,1.0,1.0,1,0,1,0.944127208652022,0.944127208652022
agg_gcn_stable_search,12,12,0.9523809523809523,0.9523809523809523,265.3027569912326,35.0,300.3027569912326,0.7386179734076526,0.704135214786963,-0.0037943960198944635,0.1276297796454038,1.0,2.0,1,1,0,0.44065164302261145,0.4118432453748421
agg_gcn_stable_search,13,13,0.0,0.0,177.99393010893445,35.0,212.99393010893445,0.824636522060163,0.7901537634394734,0.15540855526326822,0.3826033781960786,1.0,1.0,1,0,1,0.7271623656169901,0.7271623656169901
agg_gcn_stable_search,14,14,1.0,1.0,187.30617580450394,70.0,257.30617580450394,0.8154618957591094,0.7464963785177301,0.0,0.37371965819782005,1.0,1.0,2,1,1,0.8964759237182535,0.8964759237182535
agg_gcn_stable_search,15,15,1.0,1.0,188.75364222744776,70.0,258.75364222744776,0.8140358204655688,0.7450703032241894,0.0,0.37085377094684163,1.0,1.0,2,1,1,0.9227934950445047,0.9227934950445047
agg_gcn_stable_search,16,16,0.0,0.0,185.9929957105109,0.0,185.9929957105109,0.8167556692507281,0.8167556692507281,0.03077739328212522,0.03077739328212522,1.0,1.0,0,0,0,0.8725999220092895,0.8725999220092895
agg_gcn_stable_search,17,17,1.0,1.0,162.20989595298533,70.0,232.20989595298533,0.8401872946276007,0.7712217773862213,0.0,0.43153963935892475,1.0,1.0,2,1,1,0.44017992641791487,0.44017992641791487
agg_gcn_stable_search,18,18,1.0,1.0,182.51091065899473,70.0,252.51091065899473,0.8201862949172466,0.7512207776758673,0.0,0.38353871419111335,1.0,1.0,2,1,1,0.8092892847089953,0.8092892847089953
agg_gcn_stable_search,19,19,0.0,0.0,274.37289529729907,35.0,309.37289529729907,0.7296818765543852,0.6951991179336956,0.05772473746974272,0.19265193489326105,1.0,2.0,1,1,0,0.5364175381952541,0.4942990481572642
agg_gcn_stable_search,20,20,0.0,0.0,181.2648472890586,35.0,216.2648472890586,0.8214139435575777,0.7869311849368881,0.03976442832535452,0.24053007889495653,1.0,1.0,1,0,1,0.7866335870737928,0.7866335870737928
agg_gcn_stable_search,21,21,1.0,1.0,192.77295534676182,70.0,262.7729553467618,0.8100759060623036,0.7411103888209243,0.0,0.36312147559331304,1.0,1.0,2,1,1,0.9958719153956692,0.9958719153956692
agg_gcn_stable_search,22,22,1.0,1.0,175.30865020927155,70.0,245.30865020927155,0.8272821180204222,0.7583166007790428,0.0,0.39929575589361255,1.0,1.0,2,1,1,0.678339094714028,0.678339094714028
agg_gcn_stable_search,23,23,1.0,1.0,181.22653568326112,70.0,251.22653568326112,0.8214516889820088,0.7524861717406295,0.0,0.38625690071316365,1.0,1.0,2,1,1,0.7859370124229295,0.7859370124229295
ml_gcn,0,0,0.0,0.0,268.23915366995305,0.0,268.23915366995305,0.7357249717537407,0.7357249717537407,0.4640934648175824,0.4640934648175824,1.0,2.0,0,0,0,0.46049712802398624,0.438537760635937
ml_gcn,1,1,0.0,0.0,263.0223056934258,70.0,333.0223056934258,0.740864723454753,0.6718992062133736,0.4076495174282615,0.7822773116763643,1.0,2.0,2,1,1,0.42271647807630397,0.3911118699402346
ml_gcn,2,2,1.0,1.0,177.26738210080038,35.0,212.26738210080038,0.8253523329056154,0.7908695742849257,0.0,0.197441850752316,1.0,1.0,1,0,1,0.7139524018327342,0.7139524018327342
ml_gcn,3,3,0.0,0.0,256.3555816391325,105.0,361.3555816391325,0.7474329244934655,0.6439846486313966,0.3816423112732864,0.947545506187572,1.0,2.0,3,2,1,0.3409194642833115,0.3305052876284772
ml_gcn,4,4,1.0,1.0,171.60271035316666,105.0,276.6027103531667,0.8309332902924467,0.7274850144303776,0.0,0.6118784475134743,1.0,1.0,3,1,2,0.6109583700575756,0.6109583700575756
ml_gcn,5,5,0.0,0.30952380952380953,266.88574782124283,35.0,301.88574782124283,0.7370583765307952,0.7025756179101056,0.04639072920143016,0.18361677375807017,1.0,2.0,1,1,0,0.4445872042825879,0.42623407110220757
ml_gcn,6,6,0.0,0.0,280.1223038828035,70.0,350.1223038828035,0.7240174345982231,0.6550519173568439,0.09150041306369758,0.36425637663889676,1.0,2.0,2,1,1,0.555980084822206,0.5465663989345773
ml_gcn,7,7,0.0,0.4523809523809524,249.79658116800897,70.0,319.79658116800897,0.7538949939231439,0.6849294766817645,0.33189435404769263,0.7051284645683319,1.0,2.0,2,1,1,0.29075191597307115,0.27087801061826317
ml_gcn,8,8,0.0,0.0,257.8415847256792,70.0,327.8415847256792,0.7459688820436657,0.6770033648022865,0.3384050872379386,0.7017613558023437,1.0,2.0,2,1,1,0.3569051301697312,0.3440144065970837
ml_gcn,9,9,0.0,0.0,279.8431964827239,70.0,349.8431964827239,0.7242924172584001,0.6553269000170208,0.47169297066719346,0.8398223704221858,1.0,2.0,2,1,1,0.5566666738362968,0.5440290589338534
ml_gcn,10,10,0.0,0.0,259.7710218777212,70.0,329.7710218777212,0.7440679587411614,0.675102441499782,0.3851516283422003,0.7584057861119422,1.0,2.0,2,1,1,0.37453658641498927,0.36155474434291973
ml_gcn,11,11,0.0,0.47619047619047616,254.56765298267374,0.0,254.56765298267374,0.7491944305589421,0.7491944305589421,0.3403447519638317,0.3403447519638317,1.0,2.0,0,0,0,0.346874090009551,0.3142513907515795
ml_gcn,12,12,0.0,0.30952380952380953,282.5715765108995,70.0,352.5715765108995,0.7216043581173404,0.6526388408759611,0.061049614553963516,0.32389796588456005,1.0,2.0,2,1,1,0.5752986340906855,0.5688325137354501
ml_gcn,13,13,1.0,1.0,154.05280608154857,35.0,189.05280608154857,0.8482238363728585,0.8137410777521689,0.0,0.22719482293281038,1.0,1.0,1,0,1,0.2918692014827012,0.2918692014827012
ml_gcn,14,14,1.0,1.0,187.30617580450394,0.0,187.30617580450394,0.8154618957591094,0.8154618957591094,0.0,0.0,1.0,1.0,0,0,0,0.8964759237182535,0.8964759237182535
ml_gcn,15,15,0.0,0.0,252.52417793098172,35.0,287.52417793098175,0.7512077064719391,0.7167249478512495,0.3378506234422253,0.5232775089156463,1.0,2.0,1,1,0,0.31041318289814984,0.29567434482710664
ml_gcn,16,16,1.0,1.0,180.43953711313532,35.0,215.43953711313532,0.8222270570313938,0.7877442984107041,0.0,0.19397079243256457,1.0,1.0,1,0,1,0.7716279475115513,0.7716279475115513
ml_gcn,17,17,1.0,1.0,162.20989595298533,0.0,162.20989595298533,0.8401872946276007,0.8401872946276007,0.0,0.0,1.0,1.0,0,0,0,0.44017992641791487,0.44017992641791487
ml_gcn,18,18,1.0,1.0,182.51091065899473,70.0,252.51091065899473,0.8201862949172466,0.7512207776758673,0.0,0.38353871419111335,1.0,1.0,2,1,1,0.8092892847089953,0.8092892847089953
ml_gcn,19,19,0.0,0.0,273.68043113070314,105.0,378.68043113070314,0.730364107260391,0.6269158313983221,0.055055244632171284,0.45983683690272625,1.0,2.0,3,2,1,0.49834805558162526,0.4880039193700283
ml_gcn,20,20,0.0,0.0,181.2648472890586,105.0,286.2648472890586,0.8214139435575777,0.7179656676955087,0.03976442832535452,0.6420613800341606,1.0,1.0,3,1,2,0.7866335870737928,0.7866335870737928
ml_gcn,21,21,0.0,0.0,260.1552989034616,35.0,295.1552989034616,0.7436893606862447,0.7092066020655551,0.34954251458920554,0.5311032523858621,1.0,2.0,1,1,0,0.3814999803172379,0.3650481718496509
ml_gcn,22,22,1.0,1.0,175.30865020927155,105.0,280.30865020927155,0.8272821180204222,0.7238338421583532,0.0,0.5989436338404188,1.0,1.0,3,1,2,0.678339094714028,0.678339094714028
ml_gcn,23,23,0.0,0.0,273.71995026231997,35.0,308.71995026231997,0.7303251721553498,0.69584241353466,0.5103745664526431,0.7035030168092249,1.0,2.0,1,1,0,0.5015858354297005,0.4883631842029087
ml_gcn_pruned,0,0,1.0,1.0,183.21176899957962,0.0,183.21176899957962,0.8194957940890841,0.8194957940890841,0.0,0.0,1.0,1.0,0,0,0,0.8220321636287202,0.8220321636287202
ml_gcn_pruned,1,1,1.0,1.0,186.85212649663006,70.0,256.85212649663004,0.8159092349786896,0.7469437177373103,0.0,0.3746277942481026,1.0,1.0,2,1,1,0.8882204817569104,0.8882204817569104
ml_gcn_pruned,2,2,1.0,1.0,177.26738210080038,70.0,247.26738210080038,0.8253523329056154,0.756386815664236,0.0,0.394883701504632,1.0,1.0,2,1,1,0.7139524018327342,0.7139524018327342
ml_gcn_pruned,3,3,0.0,0.0,256.3555816391325,105.0,361.3555816391325,0.7474329244934655,0.6439846486313966,0.3816423112732864,0.947545506187572,1.0,2.0,3,2,1,0.3409194642833115,0.3305052876284772
ml_gcn_pruned,4,4,1.0,1.0,171.60271035316666,105.0,276.6027103531667,0.8309332902924467,0.7274850144303776,0.0,0.6118784475134743,1.0,1.0,3,1,2,0.6109583700575756,0.6109583700575756
ml_gcn_pruned,5,5,0.30952380952380953,0.30952380952380953,266.88574782124283,35.0,301.88574782124283,0.7370583765307952,0.7025756179101056,0.04639072920143016,0.18361677375807017,1.0,2.0,1,1,0,0.4445872042825879,0.42623407110220757
ml_gcn_pruned,6,6,0.0,0.0,280.1223038828035,70.0,350.1223038828035,0.7240174345982231,0.6550519173568439,0.09150041306369758,0.36425637663889676,1.0,2.0,2,1,1,0.555980084822206,0.5465663989345773
ml_gcn_pruned,7,7,0.4523809523809524,0.4523809523809524,249.79658116800897,70.0,319.79658116800897,0.7538949939231439,0.6849294766817645,0.33189435404769263,0.7051284645683319,1.0,2.0,2,1,1,0.29075191597307115,0.27087801061826317
ml_gcn_pruned,8,8,0.0,0.0,257.8415847256792,70.0,327.8415847256792,0.7459688820436657,0.6770033648022865,0.3384050872379386,0.7017613558023437,1.0,2.0,2,1,1,0.3569051301697312,0.3440144065970837
ml_gcn_pruned,9,9,1.0,1.0,190.15052871785934,35.0,225.15052871785934,0.8126595776178727,0.7781768189971829,0.0,0.18406469987749619,1.0,1.0,1,0,1,0.9481914312338063,0.9481914312338063
ml_gcn_pruned,10,10,0.0,0.0,259.7710218777212,105.0,364.7710218777212,0.7440679587411614,0.6406196828790924,0.3851516283422003,0.9450328649968132,1.0,2.0,3,2,1,0.37453658641498927,0.36155474434291973
ml_gcn_pruned,11,11,0.47619047619047616,0.47619047619047616,254.56765298267374,0.0,254.56765298267374,0.7491944305589421,0.7491944305589421,0.3403447519638317,0.3403447519638317,1.0,2.0,0,0,0,0.346874090009551,0.3142513907515795
ml_gcn_pruned,12,12,0.0,0.0,268.9237737921751,70.0,338.9237737921751,0.7350504691702708,0.6660849519288915,0.009802436783935812,0.27265078811453236,1.0,2.0,2,1,1,0.44996934539107475,0.4447615799288646
ml_gcn_pruned,13,13,1.0,1.0,154.05280608154857,35.0,189.05280608154857,0.8482238363728585,0.8137410777521689,0.0,0.22719482293281038,1.0,1.0,1,0,1,0.2918692014827012,0.2918692014827012
ml_gcn_pruned,14,14,1.0,1.0,187.30617580450394,0.0,187.30617580450394,0.8154618957591094,0.8154618957591094,0.0,0.0,1.0,1.0,0,0,0,0.8964759237182535,0.8964759237182535
ml_gcn_pruned,15,15,0.0,0.0,252.52417793098172,35.0,287.52417793098175,0.7512077064719391,0.7167249478512495,0.3378506234422253,0.5232775089156463,1.0,2.0,1,1,0,0.31041318289814984,0.29567434482710664
ml_gcn_pruned,16,16,1.0,1.0,180.43953711313532,35.0,215.43953711313532,0.8222270570313938,0.7877442984107041,0.0,0.19397079243256457,1.0,1.0,1,0,1,0.7716279475115513,0.7716279475115513
ml_gcn_pruned,17,17,1.0,1.0,162.20989595298533,0.0,162.20989595298533,0.8401872946276007,0.8401872946276007,0.0,0.0,1.0,1.0,0,0,0,0.44017992641791487,0.44017992641791487
ml_gcn_pruned,18,18,1.0,1.0,182.51091065899473,70.0,252.51091065899473,0.8201862949172466,0.7512207776758673,0.0,0.38353871419111335,1.0,1.0,2,1,1,0.8092892847089953,0.8092892847089953
ml_gcn_pruned,19,19,0.0,0.0,268.20592169331326,105.0,373.20592169331326,0.7357577126174254,0.6323094367553564,0.03395066704201073,0.4387322593125657,1.0,2.0,3,2,1,0.45374113684503203,0.43823565175739365
ml_gcn_pruned,20,20,0.0,0.0,181.2648472890586,105.0,286.2648472890586,0.8214139435575777,0.7179656676955087,0.03976442832535452,0.6420613800341606,1.0,1.0,3,1,2,0.7866335870737928,0.7866335870737928
ml_gcn_pruned,21,21,0.0,0.0,259.1733853347647,35.0,294.1733853347647,0.7446567632169806,0.710174004596291,0.34444888738962975,0.5260096251862862,1.0,2.0,1,1,0,0.3691447264441569,0.35612168486149753
ml_gcn_pruned,22,22,1.0,1.0,175.30865020927155,105.0,280.30865020927155,0.8272821180204222,0.7238338421583532,0.0,0.5989436338404188,1.0,1.0,3,1,2,0.678339094714028,0.678339094714028
ml_gcn_pruned,23,23,0.0,0.0,273.71995026231997,35.0,308.71995026231997,0.7303251721553498,0.69584241353466,0.5103745664526431,0.7035030168092249,1.0,2.0,1,1,0,0.5015858354297005,0.4883631842029087
ml_gcn_stable,0,0,1.0,1.0,183.21176899957962,0.0,183.21176899957962,0.8194957940890841,0.8194957940890841,0.0,0.0,1.0,1.0,0,0,0,0.8220321636287202,0.8220321636287202
ml_gcn_stable,1,1,1.0,1.0,186.85212649663006,70.0,256.85212649663004,0.8159092349786896,0.7469437177373103,0.0,0.3746277942481026,1.0,1.0,2,1,1,0.8882204817569104,0.8882204817569104
ml_gcn_stable,2,2,1.0,1.0,177.26738210080038,70.0,247.26738210080038,0.8253523329056154,0.756386815664236,0.0,0.394883701504632,1.0,1.0,2,1,1,0.7139524018327342,0.7139524018327342
ml_gcn_stable,3,3,1.0,1.0,185.54410178918283,0.0,185.54410178918283,0.8171979292717411,0.8171979292717411,0.0,0.0,1.0,1.0,0,0,0,0.8644382143487787,0.8644382143487787
ml_gcn_stable,4,4,1.0,1.0,171.60271035316666,0.0,171.60271035316666,0.8309332902924467,0.8309332902924467,0.0,0.0,1.0,1.0,0,0,0,0.6109583700575756,0.6109583700575756
ml_gcn_stable,5,5,0.30952380952380953,0.30952380952380953,266.88574782124283,35.0,301.88574782124283,0.7370583765307952,0.7025756179101056,0.04639072920143016,0.18361677375807017,1.0,2.0,1,1,0,0.4445872042825879,0.42623407110220757
ml_gcn_stable,6,6,0.0,0.0,280.1223038828035,70.0,350.1223038828035,0.7240174345982231,0.6550519173568439,0.09150041306369758,0.36425637663889676,1.0,2.0,2,1,1,0.555980084822206,0.5465663989345773
ml_gcn_stable,7,7,0.4523809523809524,0.4523809523809524,249.79658116800897,70.0,319.79658116800897,0.7538949939231439,0.6849294766817645,0.33189435404769263,0.7051284645683319,1.0,2.0,2,1,1,0.29075191597307115,0.27087801061826317
ml_gcn_stable,8,8,0.0,0.0,257.8415847256792,70.0,327.8415847256792,0.7459688820436657,0.6770033648022865,0.3384050872379386,0.7017613558023437,1.0,2.0,2,1,1,0.3569051301697312,0.3440144065970837
ml_gcn_stable,9,9,1.0,1.0,190.15052871785934,35.0,225.15052871785934,0.8126595776178727,0.7781768189971829,0.0,0.18406469987749619,1.0,1.0,1,0,1,0.9481914312338063,0.9481914312338063
ml_gcn_stable,10,10,0.0,0.0,328.5472066470106,70.0,398.5472066470106,0.6763081707911225,0.6073426535497433,0.7518801557804472,1.1251343135501892,1.0,3.0,2,2,0,0.17925011473719624,0.1608921614970343
ml_gcn_stable,11,11,0.5476190476190477,0.5476190476190477,264.1758629979835,35.0,299.1758629979835,0.7397282137950901,0.7052454551744005,0.3909337161110686,0.5752150486727001,1.0,2.0,1,0,1,0.4125242768899644,0.40159875452712257
ml_gcn_stable,12,12,0.2857142857142857,0.2857142857142857,270.4398264749848,70.0,340.4398264749848,0.7335568212069116,0.6645913039655322,0.01549517890117658,0.2783435302317731,1.0,2.0,2,1,1,0.4646307801109366,0.45854387704531596
ml_gcn_stable,13,13,1.0,1.0,154.05280608154857,105.0,259.05280608154857,0.8482238363728585,0.7447755605107895,0.0,0.6815844687984312,1.0,1.0,3,1,2,0.2918692014827012,0.2918692014827012
ml_gcn_stable,14,14,1.0,1.0,187.30617580450394,0.0,187.30617580450394,0.8154618957591094,0.8154618957591094,0.0,0.0,1.0,1.0,0,0,0,0.8964759237182535,0.8964759237182535
ml_gcn_stable,15,15,0.0,0.0,252.52417793098172,35.0,287.52417793098175,0.7512077064719391,0.7167249478512495,0.3378506234422253,0.5232775089156463,1.0,2.0,1,1,0,0.31041318289814984,0.29567434482710664
ml_gcn_stable,16,16,1.0,1.0,180.43953711313532,35.0,215.43953711313532,0.8222270570313938,0.7877442984107041,0.0,0.19397079243256457,1.0,1.0,1,0,1,0.7716279475115513,0.7716279475115513
ml_gcn_stable,17,17,1.0,1.0,162.20989595298533,0.0,162.20989595298533,0.8401872946276007,0.8401872946276007,0.0,0.0,1.0,1.0,0,0,0,0.44017992641791487,0.44017992641791487
ml_gcn_stable,18,18,1.0,1.0,182.51091065899473,70.0,252.51091065899473,0.8201862949172466,0.7512207776758673,0.0,0.38353871419111335,1.0,1.0,2,1,1,0.8092892847089953,0.8092892847089953
ml_gcn_stable,19,19,0.0,0.0,276.83576570697426,35.0,311.83576570697426,0.7272554032443603,0.6927726446236707,0.0672192575267366,0.20214645495025493,1.0,2.0,1,1,0,0.5407326565384571,0.5166887791543113
ml_gcn_stable,20,20,0.0,0.0,181.2648472890586,105.0,286.2648472890586,0.8214139435575777,0.7179656676955087,0.03976442832535452,0.6420613800341606,1.0,1.0,3,1,2,0.7866335870737928,0.7866335870737928
ml_gcn_stable,21,21,0.0,0.0,262.2061282070788,35.0,297.2061282070788,0.7416688392048485,0.7071860805841588,0.36018108834519824,0.5417418261418547,1.0,2.0,1,1,0,0.3940796413604768,0.38369207460980703
ml_gcn_stable,22,22,1.0,1.0,175.30865020927155,105.0,280.30865020927155,0.8272821180204222,0.7238338421583532,0.0,0.5989436338404188,1.0,1.0,3,1,2,0.678339094714028,0.678339094714028
ml_gcn_stable,23,23,0.0,0.0,273.71995026231997,35.0,308.71995026231997,0.7303251721553498,0.69584241353466,0.5103745664526431,0.7035030168092249,1.0,2.0,1,1,0,0.5015858354297005,0.4883631842029087
ml_gcn_search,0,0,1.0,1.0,183.21176899957962,0.0,183.21176899957962,0.8194957940890841,0.8194957940890841,0.0,0.0,1.0,1.0,0,0,0,0.8220321636287202,0.8220321636287202
ml_gcn_search,1,1,1.0,1.0,186.85212649663006,70.0,256.85212649663004,0.8159092349786896,0.7469437177373103,0.0,0.3746277942481026,1.0,1.0,2,1,1,0.8882204817569104,0.8882204817569104
ml_gcn_search,2,2,1.0,1.0,177.26738210080038,70.0,247.26738210080038,0.8253523329056154,0.756386815664236,0.0,0.394883701504632,1.0,1.0,2,1,1,0.7139524018327342,0.7139524018327342
ml_gcn_search,3,3,1.0,1.0,185.54410178918283,0.0,185.54410178918283,0.8171979292717411,0.8171979292717411,0.0,0.0,1.0,1.0,0,0,0,0.8644382143487787,0.8644382143487787
ml_gcn_search,4,4,1.0,1.0,171.60271035316666,0.0,171.60271035316666,0.8309332902924467,0.8309332902924467,0.0,0.0,1.0,1.0,0,0,0,0.6109583700575756,0.6109583700575756
ml_gcn_search,5,5,1.0,1.0,255.0536242087322,105.0,360.05362420873223,0.7487156411736628,0.6452673653115939,0.0,0.4116781336699201,1.0,2.0,3,2,1,0.3225326116894268,0.3186693109884745
ml_gcn_search,6,6,0.35714285714285715,0.35714285714285715,252.972507128353,140.0,392.97250712835296,0.7507660028292089,0.6128349683464502,-0.01428914371674486,0.5312227834336534,1.0,2.0,4,2,2,0.3206030455540712,0.2997500648032089
ml_gcn_search,7,7,1.0,1.0,187.54984613371536,35.0,222.54984613371536,0.8152218264692459,0.7807390678485563,0.0,0.1866170552603196,1.0,1.0,1,0,1,0.9009062933402792,0.9009062933402792
ml_gcn_search,8,8,1.0,1.0,192.6483896275274,70.0,262.6483896275274,0.8101986309088399,0.7412331136674607,0.0,0.3633562685644053,1.0,1.0,2,1,1,0.9936070841368617,0.9936070841368617
ml_gcn_search,9,9,1.0,1.0,190.15052871785934,70.0,260.15052871785934,0.8126595776178727,0.7436940603764933,0.0,0.36812939975499237,1.0,1.0,2,1,1,0.9481914312338063,0.9481914312338063
ml_gcn_search,10,10,1.0,1.0,187.53977294790792,70.0,257.5397729479079,0.8152317507902385,0.7462662335488591,0.0,0.3732541577697419,1.0,1.0,2,1,1,0.9007231445074164,0.9007231445074164
ml_gcn_search,11,11,1.0,1.0,189.92699647586122,70.0,259.9269964758612,0.812879806427723,0.7439142891863436,0.0,0.3685626651232629,1.0,1.0,2,1,1,0.944127208652022,0.944127208652022
ml_gcn_search,12,12,0.9523809523809523,0.9523809523809523,265.3027569912326,35.0,300.3027569912326,0.7386179734076526,0.704135214786963,-0.0037943960198944635,0.1276297796454038,1.0,2.0,1,1,0,0.44065164302261145,0.4118432453748421
ml_gcn_search,13,13,1.0,1.0,154.05280608154857,105.0,259.05280608154857,0.8482238363728585,0.7447755605107895,0.0,0.6815844687984312,1.0,1.0,3,1,2,0.2918692014827012,0.2918692014827012
ml_gcn_search,14,14,1.0,1.0,187.30617580450394,0.0,187.30617580450394,0.8154618957591094,0.8154618957591094,0.0,0.0,1.0,1.0,0,0,0,0.8964759237182535,0.8964759237182535
ml_gcn_search,15,15,1.0,1.0,188.75364222744776,70.0,258.75364222744776,0.8140358204655688,0.7450703032241894,0.0,0.37085377094684163,1.0,1.0,2,1,1,0.9227934950445047,0.9227934950445047
ml_gcn_search,16,16,1.0,1.0,180.43953711313532,70.0,250.43953711313532,0.8222270570313938,0.7532615397900144,0.0,0.38794158486512914,1.0,1.0,2,1,1,0.7716279475115513,0.7716279475115513
ml_gcn_search,17,17,1.0,1.0,162.20989595298533,0.0,162.20989595298533,0.8401872946276007,0.8401872946276007,0.0,0.0,1.0,1.0,0,0,0,0.44017992641791487,0.44017992641791487
ml_gcn_search,18,18,1.0,1.0,182.51091065899473,70.0,252.51091065899473,0.8201862949172466,0.7512207776758673,0.0,0.38353871419111335,1.0,1.0,2,1,1,0.8092892847089953,0.8092892847089953
ml_gcn_search,19,19,0.38095238095238093,0.38095238095238093,266.28725411827656,105.0,371.28725411827656,0.7376480254992349,0.634199749637166,0.026554083079522763,0.4313356753500778,1.0,2.0,3,2,1,0.449742836999339,0.42079321925705926
ml_gcn_search,20,20,1.0,1.0,174.33261068663785,105.0,279.33261068663785,0.8282437333136573,0.7247954574515884,0.0,0.602296951708806,1.0,1.0,3,1,2,0.6605929215752337,0.6605929215752337
ml_gcn_search,21,21,1.0,1.0,192.77295534676182,70.0,262.7729553467618,0.8100759060623036,0.7411103888209243,0.0,0.36312147559331304,1.0,1.0,2,1,1,0.9958719153956692,0.9958719153956692
ml_gcn_search,22,22,1.0,1.0,175.30865020927155,70.0,245.30865020927155,0.8272821180204222,0.7583166007790428,0.0,0.39929575589361255,1.0,1.0,2,1,1,0.678339094714028,0.678339094714028
ml_gcn_search,23,23,1.0,1.0,181.22653568326112,70.0,251.22653568326112,0.8214516889820088,0.7524861717406295,0.0,0.38625690071316365,1.0,1.0,2,1,1,0.7859370124229295,0.7859370124229295
ml_gcn_stable_search,0,0,1.0,1.0,183.21176899957962,0.0,183.21176899957962,0.8194957940890841,0.8194957940890841,0.0,0.0,1.0,1.0,0,0,0,0.8220321636287202,0.8220321636287202
ml_gcn_stable_search,1,1,1.0,1.0,186.85212649663006,70.0,256.85212649663004,0.8159092349786896,0.7469437177373103,0.0,0.3746277942481026,1.0,1.0,2,1,1,0.8882204817569104,0.8882204817569104
ml_gcn_stable_search,2,2,1.0,1.0,177.26738210080038,70.0,247.26738210080038,0.8253523329056154,0.756386815664236,0.0,0.394883701504632,1.0,1.0,2,1,1,0.7139524018327342,0.7139524018327342
ml_gcn_stable_search,3,3,1.0,1.0,185.54410178918283,0.0,185.54410178918283,0.8171979292717411,0.8171979292717411,0.0,0.0,1.0,1.0,0,0,0,0.8644382143487787,0.8644382143487787
ml_gcn_stable_search,4,4,1.0,1.0,171.60271035316666,0.0,171.60271035316666,0.8309332902924467,0.8309332902924467,0.0,0.0,1.0,1.0,0,0,0,0.6109583700575756,0.6109583700575756
ml_gcn_stable_search,5,5,0.35714285714285715,0.35714285714285715,261.5686856860126,35.0,296.5686856860126,0.742296861393091,0.7078141027724014,0.02554388904487225,0.16276993360151226,1.0,2.0,1,1,0,0.3844151404020546,0.3778971426001143
ml_gcn_stable_search,6,6,0.0,0.0,281.74146324552316,0.0,281.74146324552316,0.7224222036989919,0.7224222036989919,0.09780948980884617,0.09780948980884617,1.0,2.0,0,0,0,0.5733552662236039,0.5612860295047561
ml_gcn_stable_search,7,7,0.0,0.0,252.26518921949912,0.0,252.26518921949912,0.7514628677640403,0.7514628677640403,0.3450567644808643,0.3450567644808643,1.0,2.0,0,0,0,0.29525372306495,0.29331990199544655
ml_gcn_stable_search,8,8,0.0,0.0,260.9232028048498,0.0,260.9232028048498,0.7429328051183746,0.7429328051183746,0.3544011621863391,0.3544011621863391,1.0,2.0,0,0,0,0.37407893556397975,0.3720291164077253
ml_gcn_stable_search,9,9,0.0,0.0,284.9576092746073,0.0,284.9576092746073,0.7192535869215692,0.7192535869215692,0.49858962368398335,0.49858962368398335,1.0,2.0,0,0,0,0.6477674894545103,0.5905237206782481
ml_gcn_stable_search,10,10,0.0,0.0,259.7710218777212,0.0,259.7710218777212,0.7440679587411614,0.7440679587411614,0.3851516283422003,0.3851516283422003,1.0,2.0,0,0,0,0.37453658641498927,0.36155474434291973
ml_gcn_stable_search,11,11,1.0,1.0,189.92699647586122,35.0,224.92699647586122,0.812879806427723,0.7783970478070333,0.0,0.18428133256163154,1.0,1.0,1,0,1,0.944127208652022,0.944127208652022
ml_gcn_stable_search,12,12,0.9523809523809523,0.9523809523809523,265.3027569912326,35.0,300.3027569912326,0.7386179734076526,0.704135214786963,-0.0037943960198944635,0.1276297796454038,1.0,2.0,1,1,0,0.44065164302261145,0.4118432453748421
ml_gcn_stable_search,13,13,0.0,0.0,177.99393010893445,35.0,212.99393010893445,0.824636522060163,0.7901537634394734,0.15540855526326822,0.3826033781960786,1.0,1.0,1,0,1,0.7271623656169901,0.7271623656169901
ml_gcn_stable_search,14,14,1.0,1.0,187.30617580450394,70.0,257.30617580450394,0.8154618957591094,0.7464963785177301,0.0,0.37371965819782005,1.0,1.0,2,1,1,0.8964759237182535,0.8964759237182535
ml_gcn_stable_search,15,15,1.0,1.0,188.75364222744776,70.0,258.75364222744776,0.8140358204655688,0.7450703032241894,0.0,0.37085377094684163,1.0,1.0,2,1,1,0.9227934950445047,0.9227934950445047
ml_gcn_stable_search,16,16,0.0,0.0,185.9929957105109,0.0,185.9929957105109,0.8167556692507281,0.8167556692507281,0.03077739328212522,0.03077739328212522,1.0,1.0,0,0,0,0.8725999220092895,0.8725999220092895
ml_gcn_stable_search,17,17,1.0,1.0,162.20989595298533,70.0,232.20989595298533,0.8401872946276007,0.7712217773862213,0.0,0.43153963935892475,1.0,1.0,2,1,1,0.44017992641791487,0.44017992641791487
ml_gcn_stable_search,18,18,1.0,1.0,182.51091065899473,70.0,252.51091065899473,0.8201862949172466,0.7512207776758673,0.0,0.38353871419111335,1.0,1.0,2,1,1,0.8092892847089953,0.8092892847089953
ml_gcn_stable_search,19,19,0.0,0.0,274.37289529729907,35.0,309.37289529729907,0.7296818765543852,0.6951991179336956,0.05772473746974272,0.19265193489326105,1.0,2.0,1,1,0,0.5364175381952541,0.4942990481572642
ml_gcn_stable_search,20,20,0.0,0.0,181.2648472890586,35.0,216.2648472890586,0.8214139435575777,0.7869311849368881,0.03976442832535452,0.24053007889495653,1.0,1.0,1,0,1,0.7866335870737928,0.7866335870737928
ml_gcn_stable_search,21,21,1.0,1.0,192.77295534676182,70.0,262.7729553467618,0.8100759060623036,0.7411103888209243,0.0,0.36312147559331304,1.0,1.0,2,1,1,0.9958719153956692,0.9958719153956692
ml_gcn_stable_search,22,22,1.0,1.0,175.30865020927155,70.0,245.30865020927155,0.8272821180204222,0.7583166007790428,0.0,0.39929575589361255,1.0,1.0,2,1,1,0.678339094714028,0.678339094714028
ml_gcn_stable_search,23,23,1.0,1.0,181.22653568326112,70.0,251.22653568326112,0.8214516889820088,0.7524861717406295,0.0,0.38625690071316365,1.0,1.0,2,1,1,0.7859370124229295,0.7859370124229295
attn_ml_gcn,0,0,0.0,0.0,268.23915366995305,0.0,268.23915366995305,0.7357249717537407,0.7357249717537407,0.4640934648175824,0.4640934648175824,1.0,2.0,0,0,0,0.46049712802398624,0.438537760635937
attn_ml_gcn,1,1,0.0,0.0,263.0223056934258,70.0,333.0223056934258,0.740864723454753,0.6718992062133736,0.4076495174282615,0.7822773116763643,1.0,2.0,2,1,1,0.42271647807630397,0.3911118699402346
attn_ml_gcn,2,2,1.0,1.0,177.26738210080038,35.0,212.26738210080038,0.8253523329056154,0.7908695742849257,0.0,0.197441850752316,1.0,1.0,1,0,1,0.7139524018327342,0.7139524018327342
attn_ml_gcn,3,3,0.0,0.0,256.3555816391325,105.0,361.3555816391325,0.7474329244934655,0.6439846486313966,0.3816423112732864,0.947545506187572,1.0,2.0,3,2,1,0.3409194642833115,0.3305052876284772
attn_ml_gcn,4,4,1.0,1.0,171.60271035316666,105.0,276.6027103531667,0.8309332902924467,0.7274850144303776,0.0,0.6118784475134743,1.0,1.0,3,1,2,0.6109583700575756,0.6109583700575756
attn_ml_gcn,5,5,0.0,0.30952380952380953,266.88574782124283,35.0,301.88574782124283,0.7370583765307952,0.7025756179101056,0.04639072920143016,0.18361677375807017,1.0,2.0,1,1,0,0.4445872042825879,0.42623407110220757
attn_ml_gcn,6,6,0.0,0.0,280.1223038828035,70.0,350.1223038828035,0.7240174345982231,0.6550519173568439,0.09150041306369758,0.36425637663889676,1.0,2.0,2,1,1,0.555980084822206,0.5465663989345773
attn_ml_gcn,7,7,0.0,0.4523809523809524,249.79658116800897,70.0,319.79658116800897,0.7538949939231439,0.6849294766817645,0.33189435404769263,0.7051284645683319,1.0,2.0,2,1,1,0.29075191597307115,0.27087801061826317
attn_ml_gcn,8,8,0.0,0.0,257.8415847256792,70.0,327.8415847256792,0.7459688820436657,0.6770033648022865,0.3384050872379386,0.7017613558023437,1.0,2.0,2,1,1,0.3569051301697312,0.3440144065970837
attn_ml_gcn,9,9,0.0,0.0,279.8431964827239,70.0,349.8431964827239,0.7242924172584001,0.6553269000170208,0.47169297066719346,0.8398223704221858,1.0,2.0,2,1,1,0.5566666738362968,0.5440290589338534
attn_ml_gcn,10,10,0.0,0.0,259.7710218777212,70.0,329.7710218777212,0.7440679587411614,0.675102441499782,0.3851516283422003,0.7584057861119422,1.0,2.0,2,1,1,0.37453658641498927,0.36155474434291973
attn_ml_gcn,11,11,0.0,0.47619047619047616,254.56765298267374,0.0,254.56765298267374,0.7491944305589421,0.7491944305589421,0.3403447519638317,0.3403447519638317,1.0,2.0,0,0,0,0.346874090009551,0.3142513907515795
attn_ml_gcn,12,12,0.0,0.30952380952380953,282.5715765108995,70.0,352.5715765108995,0.7216043581173404,0.6526388408759611,0.061049614553963516,0.32389796588456005,1.0,2.0,2,1,1,0.5752986340906855,0.5688325137354501
attn_ml_gcn,13,13,1.0,1.0,154.05280608154857,35.0,189.05280608154857,0.8482238363728585,0.8137410777521689,0.0,0.22719482293281038,1.0,1.0,1,0,1,0.2918692014827012,0.2918692014827012
attn_ml_gcn,14,14,1.0,1.0,187.30617580450394,0.0,187.30617580450394,0.8154618957591094,0.8154618957591094,0.0,0.0,1.0,1.0,0,0,0,0.8964759237182535,0.8964759237182535
attn_ml_gcn,15,15,0.0,0.0,252.52417793098172,35.0,287.52417793098175,0.7512077064719391,0.7167249478512495,0.3378506234422253,0.5232775089156463,1.0,2.0,1,1,0,0.31041318289814984,0.29567434482710664
attn_ml_gcn,16,16,1.0,1.0,180.43953711313532,35.0,215.43953711313532,0.8222270570313938,0.7877442984107041,0.0,0.19397079243256457,1.0,1.0,1,0,1,0.7716279475115513,0.7716279475115513
attn_ml_gcn,17,17,1.0,1.0,162.20989595298533,0.0,162.20989595298533,0.8401872946276007,0.8401872946276007,0.0,0.0,1.0,1.0,0,0,0,0.44017992641791487,0.44017992641791487
attn_ml_gcn,18,18,1.0,1.0,182.51091065899473,70.0,252.51091065899473,0.8201862949172466,0.7512207776758673,0.0,0.38353871419111335,1.0,1.0,2,1,1,0.8092892847089953,0.8092892847089953
attn_ml_gcn,19,19,0.0,0.0,273.68043113070314,105.0,378.68043113070314,0.730364107260391,0.6269158313983221,0.055055244632171284,0.45983683690272625,1.0,2.0,3,2,1,0.49834805558162526,0.4880039193700283
attn_ml_gcn,20,20,0.0,0.0,181.2648472890586,105.0,286.2648472890586,0.8214139435575777,0.7179656676955087,0.03976442832535452,0.6420613800341606,1.0,1.0,3,1,2,0.7866335870737928,0.7866335870737928
attn_ml_gcn,21,21,0.0,0.0,260.1552989034616,35.0,295.1552989034616,0.7436893606862447,0.7092066020655551,0.34954251458920554,0.5311032523858621,1.0,2.0,1,1,0,0.3814999803172379,0.3650481718496509
attn_ml_gcn,22,22,1.0,1.0,175.30865020927155,105.0,280.30865020927155,0.8272821180204222,0.7238338421583532,0.0,0.5989436338404188,1.0,1.0,3,1,2,0.678339094714028,0.678339094714028
attn_ml_gcn,23,23,0.0,0.0,273.71995026231997,35.0,308.71995026231997,0.7303251721553498,0.69584241353466,0.5103745664526431,0.7035030168092249,1.0,2.0,1,1,0,0.5015858354297005,0.4883631842029087
attn_ml_gcn_pruned,0,0,1.0,1.0,183.21176899957962,0.0,183.21176899957962,0.8194957940890841,0.8194957940890841,0.0,0.0,1.0,1.0,0,0,0,0.8220321636287202,0.8220321636287202
attn_ml_gcn_pruned,1,1,1.0,1.0,186.85212649663006,70.0,256.85212649663004,0.8159092349786896,0.7469437177373103,0.0,0.3746277942481026,1.0,1.0,2,1,1,0.8882204817569104,0.8882204817569104
attn_ml_gcn_pruned,2,2,1.0,1.0,177.26738210080038,70.0,247.26738210080038,0.8253523329056154,0.756386815664236,0.0,0.394883701504632,1.0,1.0,2,1,1,0.7139524018327342,0.7139524018327342
attn_ml_gcn_pruned,3,3,0.0,0.0,256.3555816391325,105.0,361.3555816391325,0.7474329244934655,0.6439846486313966,0.3816423112732864,0.947545506187572,1.0,2.0,3,2,1,0.3409194642833115,0.3305052876284772
attn_ml_gcn_pruned,4,4,1.0,1.0,171.60271035316666,105.0,276.6027103531667,0.8309332902924467,0.7274850144303776,0.0,0.6118784475134743,1.0,1.0,3,1,2,0.6109583700575756,0.6109583700575756
attn_ml_gcn_pruned,5,5,1.0,1.0,255.0536242087322,105.0,360.05362420873223,0.7487156411736628,0.6452673653115939,0.0,0.4116781336699201,1.0,2.0,3,2,1,0.3225326116894268,0.3186693109884745
attn_ml_gcn_pruned,6,6,0.0,0.0,280.1223038828035,140.0,420.1223038828035,0.7240174345982231,0.5860864001154645,0.09150041306369758,0.6370123402140959,1.0,2.0,4,2,2,0.555980084822206,0.5465663989345773
attn_ml_gcn_pruned,7,7,0.4523809523809524,0.4523809523809524,249.79658116800897,70.0,319.79658116800897,0.7538949939231439,0.6849294766817645,0.33189435404769263,0.7051284645683319,1.0,2.0,2,1,1,0.29075191597307115,0.27087801061826317
attn_ml_gcn_pruned,8,8,0.0,0.0,257.8415847256792,70.0,327.8415847256792,0.7459688820436657,0.6770033648022865,0.3384050872379386,0.7017613558023437,1.0,2.0,2,1,1,0.3569051301697312,0.3440144065970837
attn_ml_gcn_pruned,9,9,1.0,1.0,190.15052871785934,35.0,225.15052871785934,0.8126595776178727,0.7781768189971829,0.0,0.18406469987749619,1.0,1.0,1,0,1,0.9481914312338063,0.9481914312338063
attn_ml_gcn_pruned,10,10,0.0,0.0,259.7710218777212,105.0,364.7710218777212,0.7440679587411614,0.6406196828790924,0.3851516283422003,0.9450328649968132,1.0,2.0,3,2,1,0.37453658641498927,0.36155474434291973
attn_ml_gcn_pruned,11,11,0.47619047619047616,0.47619047619047616,254.56765298267374,0.0,254.56765298267374,0.7491944305589421,0.7491944305589421,0.3403447519638317,0.3403447519638317,1.0,2.0,0,0,0,0.346874090009551,0.3142513907515795
attn_ml_gcn_pruned,12,12,0.0,0.0,268.9237737921751,70.0,338.9237737921751,0.7350504691702708,0.6660849519288915,0.009802436783935812,0.27265078811453236,1.0,2.0,2,1,1,0.44996934539107475,0.4447615799288646
attn_ml_gcn_pruned,13,13,1.0,1.0,154.05280608154857,35.0,189.05280608154857,0.8482238363728585,0.8137410777521689,0.0,0.22719482293281038,1.0,1.0,1,0,1,0.2918692014827012,0.2918692014827012
attn_ml_gcn_pruned,14,14,1.0,1.0,187.30617580450394,0.0,187.30617580450394,0.8154618957591094,0.8154618957591094,0.0,0.0,1.0,1.0,0,0,0,0.8964759237182535,0.8964759237182535
attn_ml_gcn_pruned,15,15,0.0,0.0,252.52417793098172,35.0,287.52417793098175,0.7512077064719391,0.7167249478512495,0.3378506234422253,0.5232775089156463,1.0,2.0,1,1,0,0.31041318289814984,0.29567434482710664
attn_ml_gcn_pruned,16,16,1.0,1.0,180.43953711313532,35.0,215.43953711313532,0.8222270570313938,0.7877442984107041,0.0,0.19397079243256457,1.0,1.0,1,0,1,0.7716279475115513,0.7716279475115513
attn_ml_gcn_pruned,17,17,1.0,1.0,162.20989595298533,0.0,162.20989595298533,0.8401872946276007,0.8401872946276007,0.0,0.0,1.0,1.0,0,0,0,0.44017992641791487,0.44017992641791487
attn_ml_gcn_pruned,18,18,1.0,1.0,182.51091065899473,70.0,252.51091065899473,0.8201862949172466,0.7512207776758673,0.0,0.38353871419111335,1.0,1.0,2,1,1,0.8092892847089953,0.8092892847089953
attn_ml_gcn_pruned,19,19,0.0,0.0,268.20592169331326,105.0,373.20592169331326,0.7357577126174254,0.6323094367553564,0.03395066704201073,0.4387322593125657,1.0,2.0,3,2,1,0.45374113684503203,0.43823565175739365
attn_ml_gcn_pruned,20,20,0.0,0.0,181.2648472890586,105.0,286.2648472890586,0.8214139435575777,0.7179656676955087,0.03976442832535452,0.6420613800341606,1.0,1.0,3,1,2,0.7866335870737928,0.7866335870737928
attn_ml_gcn_pruned,21,21,0.0,0.0,259.1733853347647,35.0,294.1733853347647,0.7446567632169806,0.710174004596291,0.34444888738962975,0.5260096251862862,1.0,2.0,1,1,0,0.3691447264441569,0.35612168486149753
attn_ml_gcn_pruned,22,22,1.0,1.0,175.30865020927155,105.0,280.30865020927155,0.8272821180204222,0.7238338421583532,0.0,0.5989436338404188,1.0,1.0,3,1,2,0.678339094714028,0.678339094714028
attn_ml_gcn_pruned,23,23,0.0,0.0,273.71995026231997,35.0,308.71995026231997,0.7303251721553498,0.69584241353466,0.5103745664526431,0.7035030168092249,1.0,2.0,1,1,0,0.5015858354297005,0.4883631842029087
attn_ml_gcn_stable,0,0,1.0,1.0,183.21176899957962,0.0,183.21176899957962,0.8194957940890841,0.8194957940890841,0.0,0.0,1.0,1.0,0,0,0,0.8220321636287202,0.8220321636287202
attn_ml_gcn_stable,1,1,1.0,1.0,186.85212649663006,70.0,256.85212649663004,0.8159092349786896,0.7469437177373103,0.0,0.3746277942481026,1.0,1.0,2,1,1,0.8882204817569104,0.8882204817569104
attn_ml_gcn_stable,2,2,1.0,1.0,177.26738210080038,70.0,247.26738210080038,0.8253523329056154,0.756386815664236,0.0,0.394883701504632,1.0,1.0,2,1,1,0.7139524018327342,0.7139524018327342
attn_ml_gcn_stable,3,3,1.0,1.0,185.54410178918283,0.0,185.54410178918283,0.8171979292717411,0.8171979292717411,0.0,0.0,1.0,1.0,0,0,0,0.8644382143487787,0.8644382143487787
attn_ml_gcn_stable,4,4,1.0,1.0,171.60271035316666,0.0,171.60271035316666,0.8309332902924467,0.8309332902924467,0.0,0.0,1.0,1.0,0,0,0,0.6109583700575756,0.6109583700575756
attn_ml_gcn_stable,5,5,0.30952380952380953,0.30952380952380953,266.88574782124283,35.0,301.88574782124283,0.7370583765307952,0.7025756179101056,0.04639072920143016,0.18361677375807017,1.0,2.0,1,1,0,0.4445872042825879,0.42623407110220757
attn_ml_gcn_stable,6,6,0.0,0.0,280.1223038828035,70.0,350.1223038828035,0.7240174345982231,0.6550519173568439,0.09150041306369758,0.36425637663889676,1.0,2.0,2,1,1,0.555980084822206,0.5465663989345773
attn_ml_gcn_stable,7,7,0.4523809523809524,0.4523809523809524,249.79658116800897,70.0,319.79658116800897,0.7538949939231439,0.6849294766817645,0.33189435404769263,0.7051284645683319,1.0,2.0,2,1,1,0.29075191597307115,0.27087801061826317
attn_ml_gcn_stable,8,8,0.0,0.0,257.8415847256792,70.0,327.8415847256792,0.7459688820436657,0.6770033648022865,0.3384050872379386,0.7017613558023437,1.0,2.0,2,1,1,0.3569051301697312,0.3440144065970837
attn_ml_gcn_stable,9,9,1.0,1.0,190.15052871785934,35.0,225.15052871785934,0.8126595776178727,0.7781768189971829,0.0,0.18406469987749619,1.0,1.0,1,0,1,0.9481914312338063,0.9481914312338063
attn_ml_gcn_stable,10,10,0.0,0.0,328.5472066470106,70.0,398.5472066470106,0.6763081707911225,0.6073426535497433,0.7518801557804472,1.1251343135501892,1.0,3.0,2,2,0,0.17925011473719624,0.1608921614970343
attn_ml_gcn_stable,11,11,0.5476190476190477,0.5476190476190477,264.1758629979835,35.0,299.1758629979835,0.7397282137950901,0.7052454551744005,0.3909337161110686,0.5752150486727001,1.0,2.0,1,0,1,0.4125242768899644,0.40159875452712257
attn_ml_gcn_stable,12,12,0.2857142857142857,0.2857142857142857,270.4398264749848,70.0,340.4398264749848,0.7335568212069116,0.6645913039655322,0.01549517890117658,0.2783435302317731,1.0,2.0,2,1,1,0.4646307801109366,0.45854387704531596
attn_ml_gcn_stable,13,13,1.0,1.0,154.05280608154857,105.0,259.05280608154857,0.8482238363728585,0.7447755605107895,0.0,0.6815844687984312,1.0,1.0,3,1,2,0.2918692014827012,0.2918692014827012
attn_ml_gcn_stable,14,14,1.0,1.0,187.30617580450394,0.0,187.30617580450394,0.8154618957591094,0.8154618957591094,0.0,0.0,1.0,1.0,0,0,0,0.8964759237182535,0.8964759237182535
attn_ml_gcn_stable,15,15,0.0,0.0,252.52417793098172,35.0,287.52417793098175,0.7512077064719391,0.7167249478512495,0.3378506234422253,0.5232775089156463,1.0,2.0,1,1,0,0.31041318289814984,0.29567434482710664
attn_ml_gcn_stable,16,16,1.0,1.0,180.43953711313532,35.0,215.43953711313532,0.8222270570313938,0.7877442984107041,0.0,0.19397079243256457,1.0,1.0,1,0,1,0.7716279475115513,0.7716279475115513
attn_ml_gcn_stable,17,17,1.0,1.0,162.20989595298533,0.0,162.20989595298533,0.8401872946276007,0.8401872946276007,0.0,0.0,1.0,1.0,0,0,0,0.44017992641791487,0.44017992641791487
attn_ml_gcn_stable,18,18,1.0,1.0,182.51091065899473,70.0,252.51091065899473,0.8201862949172466,0.7512207776758673,0.0,0.38353871419111335,1.0,1.0,2,1,1,0.8092892847089953,0.8092892847089953
attn_ml_gcn_stable,19,19,0.0,0.0,276.83576570697426,35.0,311.83576570697426,0.7272554032443603,0.6927726446236707,0.0672192575267366,0.20214645495025493,1.0,2.0,1,1,0,0.5407326565384571,0.5166887791543113
attn_ml_gcn_stable,20,20,0.0,0.0,181.2648472890586,105.0,286.2648472890586,0.8214139435575777,0.7179656676955087,0.03976442832535452,0.6420613800341606,1.0,1.0,3,1,2,0.7866335870737928,0.7866335870737928
attn_ml_gcn_stable,21,21,0.0,0.0,262.2061282070788,35.0,297.2061282070788,0.7416688392048485,0.7071860805841588,0.36018108834519824,0.5417418261418547,1.0,2.0,1,1,0,0.3940796413604768,0.38369207460980703
attn_ml_gcn_stable,22,22,1.0,1.0,175.30865020927155,105.0,280.30865020927155,0.8272821180204222,0.7238338421583532,0.0,0.5989436338404188,1.0,1.0,3,1,2,0.678339094714028,0.678339094714028
attn_ml_gcn_stable,23,23,0.0,0.0,273.71995026231997,35.0,308.71995026231997,0.7303251721553498,0.69584241353466,0.5103745664526431,0.7035030168092249,1.0,2.0,1,1,0,0.5015858354297005,0.4883631842029087
attn_ml_gcn_search,0,0,1.0,1.0,183.21176899957962,0.0,183.21176899957962,0.8194957940890841,0.8194957940890841,0.0,0.0,1.0,1.0,0,0,0,0.8220321636287202,0.8220321636287202
attn_ml_gcn_search,1,1,1.0,1.0,186.85212649663006,70.0,256.85212649663004,0.8159092349786896,0.7469437177373103,0.0,0.3746277942481026,1.0,1.0,2,1,1,0.8882204817569104,0.8882204817569104
attn_ml_gcn_search,2,2,1.0,1.0,177.26738210080038,70.0,247.26738210080038,0.8253523329056154,0.756386815664236,0.0,0.394883701504632,1.0,1.0,2,1,1,0.7139524018327342,0.7139524018327342
attn_ml_gcn_search,3,3,1.0,1.0,185.54410178918283,0.0,185.54410178918283,0.8171979292717411,0.8171979292717411,0.0,0.0,1.0,1.0,0,0,0,0.8644382143487787,0.8644382143487787
attn_ml_gcn_search,4,4,1.0,1.0,171.60271035316666,0.0,171.60271035316666,0.8309332902924467,0.8309332902924467,0.0,0.0,1.0,1.0,0,0,0,0.6109583700575756,0.6109583700575756
attn_ml_gcn_search,5,5,1.0,1.0,255.0536242087322,105.0,360.05362420873223,0.7487156411736628,0.6452673653115939,0.0,0.4116781336699201,1.0,2.0,3,2,1,0.3225326116894268,0.3186693109884745
attn_ml_gcn_search,6,6,0.35714285714285715,0.35714285714285715,252.972507128353,140.0,392.97250712835296,0.7507660028292089,0.6128349683464502,-0.01428914371674486,0.5312227834336534,1.0,2.0,4,2,2,0.3206030455540712,0.2997500648032089
attn_ml_gcn_search,7,7,1.0,1.0,187.54984613371536,35.0,222.54984613371536,0.8152218264692459,0.7807390678485563,0.0,0.1866170552603196,1.0,1.0,1,0,1,0.9009062933402792,0.9009062933402792
attn_ml_gcn_search,8,8,1.0,1.0,192.6483896275274,70.0,262.6483896275274,0.8101986309088399,0.7412331136674607,0.0,0.3633562685644053,1.0,1.0,2,1,1,0.9936070841368617,0.9936070841368617
attn_ml_gcn_search,9,9,1.0,1.0,190.15052871785934,70.0,260.15052871785934,0.8126595776178727,0.7436940603764933,0.0,0.36812939975499237,1.0,1.0,2,1,1,0.9481914312338063,0.9481914312338063
attn_ml_gcn_search,10,10,1.0,1.0,187.53977294790792,70.0,257.5397729479079,0.8152317507902385,0.7462662335488591,0.0,0.3732541577697419,1.0,1.0,2,1,1,0.9007231445074164,0.9007231445074164
attn_ml_gcn_search,11,11,1.0,1.0,189.92699647586122,70.0,259.9269964758612,0.812879806427723,0.7439142891863436,0.0,0.3685626651232629,1.0,1.0,2,1,1,0.944127208652022,0.944127208652022
attn_ml_gcn_search,12,12,0.9523809523809523,0.9523809523809523,265.3027569912326,35.0,300.3027569912326,0.7386179734076526,0.704135214786963,-0.0037943960198944635,0.1276297796454038,1.0,2.0,1,1,0,0.44065164302261145,0.4118432453748421
attn_ml_gcn_search,13,13,1.0,1.0,154.05280608154857,105.0,259.05280608154857,0.8482238363728585,0.7447755605107895,0.0,0.6815844687984312,1.0,1.0,3,1,2,0.2918692014827012,0.2918692014827012
attn_ml_gcn_search,14,14,1.0,1.0,187.30617580450394,0.0,187.30617580450394,0.8154618957591094,0.8154618957591094,0.0,0.0,1.0,1.0,0,0,0,0.8964759237182535,0.8964759237182535
attn_ml_gcn_search,15,15,1.0,1.0,188.75364222744776,70.0,258.75364222744776,0.8140358204655688,0.7450703032241894,0.0,0.37085377094684163,1.0,1.0,2,1,1,0.9227934950445047,0.9227934950445047
attn_ml_gcn_search,16,16,1.0,1.0,180.43953711313532,70.0,250.43953711313532,0.8222270570313938,0.7532615397900144,0.0,0.38794158486512914,1.0,1.0,2,1,1,0.7716279475115513,0.7716279475115513
attn_ml_gcn_search,17,17,1.0,1.0,162.20989595298533,0.0,162.20989595298533,0.8401872946276007,0.8401872946276007,0.0,0.0,1.0,1.0,0,0,0,0.44017992641791487,0.44017992641791487
attn_ml_gcn_search,18,18,1.0,1.0,182.51091065899473,70.0,252.51091065899473,0.8201862949172466,0.7512207776758673,0.0,0.38353871419111335,1.0,1.0,2,1,1,0.8092892847089953,0.8092892847089953
attn_ml_gcn_search,19,19,0.38095238095238093,0.38095238095238093,266.28725411827656,105.0,371.28725411827656,0.7376480254992349,0.634199749637166,0.026554083079522763,0.4313356753500778,1.0,2.0,3,2,1,0.449742836999339,0.42079321925705926
attn_ml_gcn_search,20,20,1.0,1.0,174.33261068663785,105.0,279.33261068663785,0.8282437333136573,0.7247954574515884,0.0,0.602296951708806,1.0,1.0,3,1,2,0.6605929215752337,0.6605929215752337
attn_ml_gcn_search,21,21,1.0,1.0,192.77295534676182,70.0,262.7729553467618,0.8100759060623036,0.7411103888209243,0.0,0.36312147559331304,1.0,1.0,2,1,1,0.9958719153956692,0.9958719153956692
attn_ml_gcn_search,22,22,1.0,1.0,175.30865020927155,70.0,245.30865020927155,0.8272821180204222,0.7583166007790428,0.0,0.39929575589361255,1.0,1.0,2,1,1,0.678339094714028,0.678339094714028
attn_ml_gcn_search,23,23,1.0,1.0,181.22653568326112,70.0,251.22653568326112,0.8214516889820088,0.7524861717406295,0.0,0.38625690071316365,1.0,1.0,2,1,1,0.7859370124229295,0.7859370124229295
attn_ml_gcn_stable_search,0,0,1.0,1.0,183.21176899957962,0.0,183.21176899957962,0.8194957940890841,0.8194957940890841,0.0,0.0,1.0,1.0,0,0,0,0.8220321636287202,0.8220321636287202
attn_ml_gcn_stable_search,1,1,1.0,1.0,186.85212649663006,70.0,256.85212649663004,0.8159092349786896,0.7469437177373103,0.0,0.3746277942481026,1.0,1.0,2,1,1,0.8882204817569104,0.8882204817569104
attn_ml_gcn_stable_search,2,2,1.0,1.0,177.26738210080038,70.0,247.26738210080038,0.8253523329056154,0.756386815664236,0.0,0.394883701504632,1.0,1.0,2,1,1,0.7139524018327342,0.7139524018327342
attn_ml_gcn_stable_search,3,3,1.0,1.0,185.54410178918283,0.0,185.54410178918283,0.8171979292717411,0.8171979292717411,0.0,0.0,1.0,1.0,0,0,0,0.8644382143487787,0.8644382143487787
attn_ml_gcn_stable_search,4,4,1.0,1.0,171.60271035316666,0.0,171.60271035316666,0.8309332902924467,0.8309332902924467,0.0,0.0,1.0,1.0,0,0,0,0.6109583700575756,0.6109583700575756
attn_ml_gcn_stable_search,5,5,0.35714285714285715,0.35714285714285715,261.5686856860126,35.0,296.5686856860126,0.742296861393091,0.7078141027724014,0.02554388904487225,0.16276993360151226,1.0,2.0,1,1,0,0.3844151404020546,0.3778971426001143
attn_ml_gcn_stable_search,6,6,0.0,0.0,281.74146324552316,0.0,281.74146324552316,0.7224222036989919,0.7224222036989919,0.09780948980884617,0.09780948980884617,1.0,2.0,0,0,0,0.5733552662236039,0.5612860295047561
attn_ml_gcn_stable_search,7,7,0.0,0.0,252.26518921949912,0.0,252.26518921949912,0.7514628677640403,0.7514628677640403,0.3450567644808643,0.3450567644808643,1.0,2.0,0,0,0,0.29525372306495,0.29331990199544655
attn_ml_gcn_stable_search,8,8,0.0,0.0,260.9232028048498,0.0,260.9232028048498,0.7429328051183746,0.7429328051183746,0.3544011621863391,0.3544011621863391,1.0,2.0,0,0,0,0.37407893556397975,0.3720291164077253
attn_ml_gcn_stable_search,9,9,0.0,0.0,284.9576092746073,0.0,284.9576092746073,0.7192535869215692,0.7192535869215692,0.49858962368398335,0.49858962368398335,1.0,2.0,0,0,0,0.6477674894545103,0.5905237206782481
attn_ml_gcn_stable_search,10,10,0.0,0.0,259.7710218777212,0.0,259.7710218777212,0.7440679587411614,0.7440679587411614,0.3851516283422003,0.3851516283422003,1.0,2.0,0,0,0,0.37453658641498927,0.36155474434291973
attn_ml_gcn_stable_search,11,11,1.0,1.0,189.92699647586122,35.0,224.92699647586122,0.812879806427723,0.7783970478070333,0.0,0.18428133256163154,1.0,1.0,1,0,1,0.944127208652022,0.944127208652022
attn_ml_gcn_stable_search,12,12,0.9523809523809523,0.9523809523809523,265.3027569912326,35.0,300.3027569912326,0.7386179734076526,0.704135214786963,-0.0037943960198944635,0.1276297796454038,1.0,2.0,1,1,0,0.44065164302261145,0.4118432453748421
attn_ml_gcn_stable_search,13,13,0.0,0.0,177.99393010893445,35.0,212.99393010893445,0.824636522060163,0.7901537634394734,0.15540855526326822,0.3826033781960786,1.0,1.0,1,0,1,0.7271623656169901,0.7271623656169901
attn_ml_gcn_stable_search,14,14,1.0,1.0,187.30617580450394,70.0,257.30617580450394,0.8154618957591094,0.7464963785177301,0.0,0.37371965819782005,1.0,1.0,2,1,1,0.8964759237182535,0.8964759237182535
attn_ml_gcn_stable_search,15,15,1.0,1.0,188.75364222744776,70.0,258.75364222744776,0.8140358204655688,0.7450703032241894,0.0,0.37085377094684163,1.0,1.0,2,1,1,0.9227934950445047,0.9227934950445047
attn_ml_gcn_stable_search,16,16,0.0,0.0,185.9929957105109,0.0,185.9929957105109,0.8167556692507281,0.8167556692507281,0.03077739328212522,0.03077739328212522,1.0,1.0,0,0,0,0.8725999220092895,0.8725999220092895
attn_ml_gcn_stable_search,17,17,1.0,1.0,162.20989595298533,70.0,232.20989595298533,0.8401872946276007,0.7712217773862213,0.0,0.43153963935892475,1.0,1.0,2,1,1,0.44017992641791487,0.44017992641791487
attn_ml_gcn_stable_search,18,18,1.0,1.0,182.51091065899473,70.0,252.51091065899473,0.8201862949172466,0.7512207776758673,0.0,0.38353871419111335,1.0,1.0,2,1,1,0.8092892847089953,0.8092892847089953
attn_ml_gcn_stable_search,19,19,0.0,0.0,274.37289529729907,35.0,309.37289529729907,0.7296818765543852,0.6951991179336956,0.05772473746974272,0.19265193489326105,1.0,2.0,1,1,0,0.5364175381952541,0.4942990481572642
attn_ml_gcn_stable_search,20,20,0.0,0.0,181.2648472890586,35.0,216.2648472890586,0.8214139435575777,0.7869311849368881,0.03976442832535452,0.24053007889495653,1.0,1.0,1,0,1,0.7866335870737928,0.7866335870737928
attn_ml_gcn_stable_search,21,21,1.0,1.0,192.77295534676182,70.0,262.7729553467618,0.8100759060623036,0.7411103888209243,0.0,0.36312147559331304,1.0,1.0,2,1,1,0.9958719153956692,0.9958719153956692
attn_ml_gcn_stable_search,22,22,1.0,1.0,175.30865020927155,70.0,245.30865020927155,0.8272821180204222,0.7583166007790428,0.0,0.39929575589361255,1.0,1.0,2,1,1,0.678339094714028,0.678339094714028
attn_ml_gcn_stable_search,23,23,1.0,1.0,181.22653568326112,70.0,251.22653568326112,0.8214516889820088,0.7524861717406295,0.0,0.38625690071316365,1.0,1.0,2,1,1,0.7859370124229295,0.7859370124229295
