policy,graph_id,hour,raw_assignment_accuracy,assignment_accuracy,energy_w,switching_penalty_w,energy_w_with_switching,energy_saving_vs_all_on,energy_saving_with_switching_vs_all_on,energy_gap_vs_oracle,energy_gap_with_switching_vs_oracle_static,served_ratio,active_bs,switch_events,activation_events,deactivation_events,max_load,mean_active_load
rsrp,0,0,0.2619047619047619,0.2619047619047619,688.966164549225,0.0,688.966164549225,0.321215601429335,0.321215601429335,1.732682568925782,1.732682568925782,1.0,7.0,0,0,0,0.20657219382942324,0.15315886895902617
rsrp,1,1,0.21428571428571427,0.21428571428571427,696.9970740214377,0.0,696.9970740214377,0.31330337534833724,0.31330337534833724,2.7697534142301135,2.7697534142301135,1.0,7.0,0,0,0,0.25193795638907607,0.1740183740816563
rsrp,2,2,0.23809523809523808,0.2857142857142857,691.2715160586506,0.0,691.2715160586506,0.3189443191540388,0.3189443191540388,1.7714834360578762,1.7714834360578762,1.0,7.0,0,0,0,0.2020671428883154,0.15914679495753425
rsrp,3,3,0.23809523809523808,0.14285714285714285,710.8493338910008,0.0,710.8493338910008,0.29965582867881696,0.29965582867881696,3.081081894942803,3.081081894942803,1.0,7.0,0,0,0,0.25009332636937703,0.2099982698467552
rsrp,4,4,0.14285714285714285,0.14285714285714285,679.4740646414765,0.0,679.4740646414765,0.33056742399854533,0.33056742399854533,2.8573750354033534,2.8573750354033534,1.0,7.0,0,0,0,0.18065485198079465,0.12850406400383507
rsrp,5,5,0.11904761904761904,0.11904761904761904,696.9074223675143,0.0,696.9074223675143,0.3133917021009711,0.3133917021009711,2.853817166926226,2.853817166926226,1.0,7.0,0,0,0,0.233498069635428,0.17378551264289424
rsrp,6,6,0.4523809523809524,0.40476190476190477,674.9826587332172,0.0,674.9826587332172,0.3349924544500323,0.3349924544500323,1.6390176091842676,1.6390176091842676,1.0,7.0,0,0,0,0.19493310233542363,0.11683807463173321
rsrp,7,7,0.21428571428571427,0.21428571428571427,674.862253516949,0.0,674.862253516949,0.33511108027886805,0.33511108027886805,2.7208720527427728,2.7208720527427728,1.0,7.0,0,0,0,0.1508998223755631,0.11652533381025709
rsrp,8,8,0.3333333333333333,0.30952380952380953,679.8548936863228,0.0,679.8548936863228,0.3301922229691401,0.3301922229691401,1.7335956977747216,1.7335956977747216,1.0,7.0,0,0,0,0.18193210556469663,0.12949323035408525
rsrp,9,9,0.16666666666666666,0.16666666666666666,686.5617759473765,0.0,686.5617759473765,0.3235844571947029,0.3235844571947029,2.930116305890616,2.930116305890616,1.0,7.0,0,0,0,0.1905074730160447,0.14691370375941942
rsrp,10,10,0.11904761904761904,0.11904761904761904,677.7019991654463,0.0,677.7019991654463,0.3323133013148312,0.3323133013148312,2.894509563319282,2.894509563319282,1.0,7.0,0,0,0,0.17300982122256925,0.12390129653362665
rsrp,11,11,0.11904761904761904,0.047619047619047616,686.3993478545364,0.0,686.3993478545364,0.32374448487237795,0.32374448487237795,3.0709042073035064,3.0709042073035064,1.0,7.0,0,0,0,0.17800974639483055,0.14649181260918534
rsrp,12,12,0.16666666666666666,0.14285714285714285,686.9784020622056,0.0,686.9784020622056,0.3231739881160535,0.3231739881160535,2.6590751416094762,2.6590751416094762,1.0,7.0,0,0,0,0.1907074389791975,0.14799584951222225
rsrp,13,13,0.16666666666666666,0.14285714285714285,692.3865509820611,0.0,692.3865509820611,0.3178457625792502,0.3178457625792502,3.018524492929981,3.018524492929981,1.0,7.0,0,0,0,0.21945461689054355,0.16204298956379506
rsrp,14,14,0.07142857142857142,0.09523809523809523,703.5845560515554,0.0,703.5845560515554,0.3068132452694035,0.3068132452694035,2.9816395133212703,2.9816395133212703,1.0,7.0,0,0,0,0.21733808865883644,0.19112871701702702
rsrp,15,15,0.3333333333333333,0.35714285714285715,687.0475474804546,0.0,687.0475474804546,0.32310586455127627,0.32310586455127627,1.6355789188474101,1.6355789188474101,1.0,7.0,0,0,0,0.21103762201583298,0.1481754480011806
rsrp,16,16,0.19047619047619047,0.2619047619047619,687.3981532797916,0.0,687.3981532797916,0.3227604401184319,0.3227604401184319,1.7174964497219487,1.7174964497219487,1.0,7.0,0,0,0,0.19417762353393114,0.14908611241504335
rsrp,17,17,0.14285714285714285,0.14285714285714285,709.9476823314407,0.0,709.9476823314407,0.3005441553384821,0.3005441553384821,2.9873742075856238,2.9873742075856238,1.0,7.0,0,0,0,0.305449590418148,0.20765631774400198
rsrp,18,18,0.14285714285714285,0.11904761904761904,694.9317984477793,0.0,694.9317984477793,0.3153381296080992,0.3153381296080992,2.617882454418904,2.617882454418904,1.0,7.0,0,0,0,0.2518519462279326,0.168654021942284
rsrp,19,19,0.21428571428571427,0.21428571428571427,692.9367074408846,0.0,692.9367074408846,0.3173037365114438,0.3173037365114438,1.7497020052176009,1.7497020052176009,1.0,7.0,0,0,0,0.2104297128699939,0.1634719673789209
rsrp,20,20,0.4523809523809524,0.40476190476190477,678.528019233697,0.0,678.528019233697,0.3314994884397074,0.3314994884397074,1.7599163435602228,1.7599163435602228,1.0,7.0,0,0,0,0.20014267944098443,0.12604680320440792
rsrp,21,21,0.2619047619047619,0.2619047619047619,590.9810843848741,35.0,625.9810843848741,0.41775262622179893,0.3832698676011093,2.5640568001932467,2.775132909569238,1.0,6.0,1,0,1,0.17912823643396325,0.13024571025719434
rsrp,22,22,0.35714285714285715,0.35714285714285715,683.427697993339,35.0,718.427697993339,0.32667221872577434,0.2921894601050847,1.6460794590848111,1.7815916447042928,1.0,7.0,1,1,0,0.23234965135973598,0.13877324154114037
rsrp,23,23,0.2857142857142857,0.21428571428571427,700.4872070671904,0.0,700.4872070671904,0.3098648206234577,0.3098648206234577,3.377325938519722,3.377325938519722,1.0,7.0,0,0,0,0.2387193511980756,0.18308365471997493
sinr,0,0,0.2619047619047619,0.2619047619047619,688.966164549225,0.0,688.966164549225,0.321215601429335,0.321215601429335,1.732682568925782,1.732682568925782,1.0,7.0,0,0,0,0.20657219382942324,0.15315886895902617
sinr,1,1,0.21428571428571427,0.21428571428571427,696.9970740214377,0.0,696.9970740214377,0.31330337534833724,0.31330337534833724,2.7697534142301135,2.7697534142301135,1.0,7.0,0,0,0,0.25193795638907607,0.1740183740816563
sinr,2,2,0.23809523809523808,0.2857142857142857,691.2715160586506,0.0,691.2715160586506,0.3189443191540388,0.3189443191540388,1.7714834360578762,1.7714834360578762,1.0,7.0,0,0,0,0.2020671428883154,0.15914679495753425
sinr,3,3,0.23809523809523808,0.14285714285714285,710.8493338910008,0.0,710.8493338910008,0.29965582867881696,0.29965582867881696,3.081081894942803,3.081081894942803,1.0,7.0,0,0,0,0.25009332636937703,0.2099982698467552
sinr,4,4,0.14285714285714285,0.14285714285714285,679.4740646414765,0.0,679.4740646414765,0.33056742399854533,0.33056742399854533,2.8573750354033534,2.8573750354033534,1.0,7.0,0,0,0,0.18065485198079465,0.12850406400383507
sinr,5,5,0.11904761904761904,0.11904761904761904,696.9074223675143,0.0,696.9074223675143,0.3133917021009711,0.3133917021009711,2.853817166926226,2.853817166926226,1.0,7.0,0,0,0,0.233498069635428,0.17378551264289424
sinr,6,6,0.4523809523809524,0.40476190476190477,674.9826587332172,0.0,674.9826587332172,0.3349924544500323,0.3349924544500323,1.6390176091842676,1.6390176091842676,1.0,7.0,0,0,0,0.19493310233542363,0.11683807463173321
sinr,7,7,0.21428571428571427,0.21428571428571427,674.862253516949,0.0,674.862253516949,0.33511108027886805,0.33511108027886805,2.7208720527427728,2.7208720527427728,1.0,7.0,0,0,0,0.1508998223755631,0.11652533381025709
sinr,8,8,0.3333333333333333,0.30952380952380953,679.8548936863228,0.0,679.8548936863228,0.3301922229691401,0.3301922229691401,1.7335956977747216,1.7335956977747216,1.0,7.0,0,0,0,0.18193210556469663,0.12949323035408525
sinr,9,9,0.16666666666666666,0.16666666666666666,686.5617759473765,0.0,686.5617759473765,0.3235844571947029,0.3235844571947029,2.930116305890616,2.930116305890616,1.0,7.0,0,0,0,0.1905074730160447,0.14691370375941942
sinr,10,10,0.11904761904761904,0.11904761904761904,677.7019991654463,0.0,677.7019991654463,0.3323133013148312,0.3323133013148312,2.894509563319282,2.894509563319282,1.0,7.0,0,0,0,0.17300982122256925,0.12390129653362665
sinr,11,11,0.11904761904761904,0.047619047619047616,686.3993478545364,0.0,686.3993478545364,0.32374448487237795,0.32374448487237795,3.0709042073035064,3.0709042073035064,1.0,7.0,0,0,0,0.17800974639483055,0.14649181260918534
sinr,12,12,0.16666666666666666,0.14285714285714285,686.9784020622056,0.0,686.9784020622056,0.3231739881160535,0.3231739881160535,2.6590751416094762,2.6590751416094762,1.0,7.0,0,0,0,0.1907074389791975,0.14799584951222225
sinr,13,13,0.16666666666666666,0.14285714285714285,692.3865509820611,0.0,692.3865509820611,0.3178457625792502,0.3178457625792502,3.018524492929981,3.018524492929981,1.0,7.0,0,0,0,0.21945461689054355,0.16204298956379506
sinr,14,14,0.07142857142857142,0.09523809523809523,703.5845560515554,0.0,703.5845560515554,0.3068132452694035,0.3068132452694035,2.9816395133212703,2.9816395133212703,1.0,7.0,0,0,0,0.21733808865883644,0.19112871701702702
sinr,15,15,0.3333333333333333,0.35714285714285715,687.0475474804546,0.0,687.0475474804546,0.32310586455127627,0.32310586455127627,1.6355789188474101,1.6355789188474101,1.0,7.0,0,0,0,0.21103762201583298,0.1481754480011806
sinr,16,16,0.19047619047619047,0.2619047619047619,687.3981532797916,0.0,687.3981532797916,0.3227604401184319,0.3227604401184319,1.7174964497219487,1.7174964497219487,1.0,7.0,0,0,0,0.19417762353393114,0.14908611241504335
sinr,17,17,0.14285714285714285,0.14285714285714285,709.9476823314407,0.0,709.9476823314407,0.3005441553384821,0.3005441553384821,2.9873742075856238,2.9873742075856238,1.0,7.0,0,0,0,0.305449590418148,0.20765631774400198
sinr,18,18,0.14285714285714285,0.11904761904761904,694.9317984477793,0.0,694.9317984477793,0.3153381296080992,0.3153381296080992,2.617882454418904,2.617882454418904,1.0,7.0,0,0,0,0.2518519462279326,0.168654021942284
sinr,19,19,0.21428571428571427,0.21428571428571427,692.9367074408846,0.0,692.9367074408846,0.3173037365114438,0.3173037365114438,1.7497020052176009,1.7497020052176009,1.0,7.0,0,0,0,0.2104297128699939,0.1634719673789209
sinr,20,20,0.4523809523809524,0.40476190476190477,678.528019233697,0.0,678.528019233697,0.3314994884397074,0.3314994884397074,1.7599163435602228,1.7599163435602228,1.0,7.0,0,0,0,0.20014267944098443,0.12604680320440792
sinr,21,21,0.2619047619047619,0.2619047619047619,590.9810843848741,35.0,625.9810843848741,0.41775262622179893,0.3832698676011093,2.5640568001932467,2.775132909569238,1.0,6.0,1,0,1,0.17912823643396325,0.13024571025719434
sinr,22,22,0.35714285714285715,0.35714285714285715,683.427697993339,35.0,718.427697993339,0.32667221872577434,0.2921894601050847,1.6460794590848111,1.7815916447042928,1.0,7.0,1,1,0,0.23234965135973598,0.13877324154114037
sinr,23,23,0.2857142857142857,0.21428571428571427,700.4872070671904,0.0,700.4872070671904,0.3098648206234577,0.3098648206234577,3.377325938519722,3.377325938519722,1.0,7.0,0,0,0,0.2387193511980756,0.18308365471997493
load_aware,0,0,0.30952380952380953,0.30952380952380953,696.6678107870499,0.0,696.6678107870499,0.31362777262359615,0.31362777262359615,1.7632300116146504,1.7632300116146504,1.0,7.0,0,0,0,0.19858879262938098,0.17316314490142856
load_aware,1,1,0.19047619047619047,0.19047619047619047,703.5963688766305,0.0,703.5963688766305,0.306801607018098,0.306801607018098,2.8054461240550466,2.8054461240550466,1.0,7.0,0,0,0,0.22368875558611567,0.19115939967955997
load_aware,2,2,0.2619047619047619,0.2619047619047619,692.7912808393844,0.0,692.7912808393844,0.31744701395134545,0.31744701395134545,1.7775765598430469,1.7775765598430469,1.0,7.0,0,0,0,0.18576862929001722,0.16309423594645314
load_aware,3,3,0.14285714285714285,0.14285714285714285,716.1810621671909,0.0,716.1810621671909,0.29440289441656065,0.29440289441656065,3.111692066042788,3.111692066042788,1.0,7.0,0,0,0,0.2583234706170511,0.22384691471997636
load_aware,4,4,0.14285714285714285,0.14285714285714285,679.8975356458792,0.0,679.8975356458792,0.3301502111863259,0.3301502111863259,2.8597790807755077,2.8597790807755077,1.0,7.0,0,0,0,0.17265552264254447,0.12960398869059514
load_aware,5,5,0.11904761904761904,0.11904761904761904,698.351468756424,0.0,698.351468756424,0.3119689962990897,0.3119689962990897,2.861802575869802,2.861802575869802,1.0,7.0,0,0,0,0.2200184231564253,0.1775362824842179
load_aware,6,6,0.38095238095238093,0.38095238095238093,680.5902853452741,0.0,680.5902853452741,0.32946769916721763,0.32946769916721763,1.6609420618846107,1.6609420618846107,1.0,7.0,0,0,0,0.1865225550982635,0.13140333855915368
load_aware,7,7,0.23809523809523808,0.23809523809523808,687.3213889783749,0.0,687.3213889783749,0.32283606997204445,0.32283606997204445,2.789565847214406,2.789565847214406,1.0,7.0,0,0,0,0.16905014049202166,0.14888672461915542
load_aware,8,8,0.2857142857142857,0.2857142857142857,684.6916254982796,0.0,684.6916254982796,0.3254269699524339,0.3254269699524339,1.7530434790516412,1.7530434790516412,1.0,7.0,0,0,0,0.1818109167937632,0.1420561701254017
load_aware,9,9,0.16666666666666666,0.16666666666666666,687.1582628350193,0.0,687.1582628350193,0.32299678538421744,0.32299678538421744,2.933530802481458,2.933530802481458,1.0,7.0,0,0,0,0.1661980416044632,0.14846302035069928
load_aware,10,10,0.11904761904761904,0.11904761904761904,681.0036346423909,0.0,681.0036346423909,0.32906045848040305,0.32906045848040305,2.9134828745318644,2.9134828745318644,1.0,7.0,0,0,0,0.17300982122256925,0.13247697309711934
load_aware,11,11,0.023809523809523808,0.023809523809523808,690.2817478535296,0.0,690.2817478535296,0.31991946024282797,0.31991946024282797,3.0939299845565555,3.0939299845565555,1.0,7.0,0,0,0,0.17791113991719207,0.15657596845072635
load_aware,12,12,0.14285714285714285,0.14285714285714285,690.9930423423904,0.0,690.9930423423904,0.3192186774951819,0.3192186774951819,2.6804584491598025,2.6804584491598025,1.0,7.0,0,0,0,0.1905109180088236,0.15842348660361125
load_aware,13,13,0.16666666666666666,0.16666666666666666,697.3195560179909,0.0,697.3195560179909,0.3129856590955755,0.3129856590955755,3.047155033965929,3.047155033965929,1.0,7.0,0,0,0,0.2174778385436984,0.17485598965711927
load_aware,14,14,0.09523809523809523,0.09523809523809523,707.8388663028942,0.0,707.8388663028942,0.3026218065981338,0.3026218065981338,3.0057149846387743,3.0057149846387743,1.0,7.0,0,0,0,0.23743143027850233,0.20217887351401073
load_aware,15,15,0.3333333333333333,0.3333333333333333,692.6901598644997,0.0,692.6901598644997,0.31754664052758647,0.31754664052758647,1.6572245099002474,1.6572245099002474,1.0,7.0,0,0,0,0.1912633793792582,0.1628315840636357
load_aware,16,16,0.2857142857142857,0.2857142857142857,697.0292702555606,0.0,697.0292702555606,0.3132716549206299,0.3132716549206299,1.7555712191457997,1.7555712191457997,1.0,7.0,0,0,0,0.199566053328872,0.17410200066379375
load_aware,17,17,0.14285714285714285,0.14285714285714285,709.9476823314407,0.0,709.9476823314407,0.3005441553384821,0.3005441553384821,2.9873742075856238,2.9873742075856238,1.0,7.0,0,0,0,0.305449590418148,0.20765631774400198
load_aware,18,18,0.14285714285714285,0.14285714285714285,702.9554137905897,0.0,702.9554137905897,0.30743308986148804,0.30743308986148804,2.6596541753771317,2.6596541753771317,1.0,7.0,0,0,0,0.20753320610573708,0.18949458127425878
load_aware,19,19,0.21428571428571427,0.21428571428571427,702.050187121048,0.0,702.050187121048,0.3083249387969971,0.3083249387969971,1.785865991166048,1.785865991166048,1.0,7.0,0,0,0,0.2541578087459351,0.18714334317155285
load_aware,20,20,0.40476190476190477,0.40476190476190477,685.7339554666216,0.0,685.7339554666216,0.3244000438752496,0.3244000438752496,1.7892265276884505,1.7892265276884505,1.0,7.0,0,0,0,0.20640016310665774,0.14476352069252377
load_aware,21,21,0.2619047619047619,0.2619047619047619,683.8490807703549,0.0,683.8490807703549,0.3262570632804385,0.3262570632804385,3.1241200962672733,3.1241200962672733,1.0,7.0,0,0,0,0.16775380390209896,0.13986774226066198
load_aware,22,22,0.35714285714285715,0.35714285714285715,693.2196284403963,0.0,693.2196284403963,0.31702499661044703,0.31702499661044703,1.6839916275509446,1.6839916275509446,1.0,7.0,0,0,0,0.2052301118799363,0.16420682711791232
load_aware,23,23,0.19047619047619047,0.19047619047619047,707.3356764842227,0.0,707.3356764842227,0.30311756011406626,0.30311756011406626,3.420121841879394,3.420121841879394,1.0,7.0,0,0,0,0.22356347087178607,0.2008718869720074
rsrp_sleep,0,0,0.0,0.0,253.23137518646928,0.0,253.23137518646928,0.7505109604074195,0.7505109604074195,0.004404861202334971,0.004404861202334971,1.0,2.0,0,0,0,0.30263473272275787,0.30210341078608416
rsrp_sleep,1,1,0.0,0.0,257.2453631448894,70.0,327.2453631448894,0.7465562924680893,0.6775907752267101,0.3913280588326907,0.7699275520466201,1.0,2.0,2,1,1,0.35248769447915435,0.33859421040808513
rsrp_sleep,2,2,0.2619047619047619,0.2857142857142857,250.2475879209619,140.0,390.2475879209619,0.7534506522946188,0.6155196178118602,0.0033062678334607816,0.5646018977479766,1.0,2.0,4,2,2,0.2855093722542704,0.27497807200874447
rsrp_sleep,3,3,1.0,1.0,174.1815901248812,105.0,279.1815901248812,0.8283925220444519,0.724944246182383,0.0,0.6028191608810047,1.0,1.0,3,1,2,0.6578470931796582,0.6578470931796582
rsrp_sleep,4,4,0.0,0.0,255.8624982893415,105.0,360.8624982893415,0.7479187208972005,0.6444704450351315,0.4525316929028128,1.0486168119589208,1.0,2.0,3,2,1,0.342797775051731,0.3260227117212862
rsrp_sleep,5,5,0.0,0.0,257.41969819531613,70.0,327.41969819531613,0.7463845337977181,0.6774190165563387,0.42350105648167474,0.8105929327145183,1.0,2.0,2,1,1,0.35824674431853176,0.3401790745028739
rsrp_sleep,6,6,0.9523809523809523,0.9761904761904762,255.5281364984025,140.0,395.5281364984025,0.7482481413808842,0.6103171068981256,-0.0009472937765422547,0.546418568894939,1.0,2.0,4,2,2,0.3595969213365913,0.322983059076386
rsrp_sleep,7,7,1.0,1.0,181.37206653464114,105.0,286.37206653464114,0.8213083088328659,0.7178600329707969,0.0,0.5789204589558202,1.0,1.0,3,1,2,0.7885830279025658,0.7885830279025658
rsrp_sleep,8,8,0.0,0.0,259.92775178076556,35.0,294.92775178076556,0.7439135450435808,0.709430786422891,0.04513093985021782,0.18586074897660324,1.0,2.0,1,1,0,0.3804701971147685,0.36297956164332323
rsrp_sleep,9,9,0.0,0.0,248.21144243329735,140.0,388.21144243329735,0.7554567069622685,0.61752567247951,0.4208478703459043,1.222256137017102,1.0,2.0,4,2,2,0.2745881415474671,0.2564676584845213
rsrp_sleep,10,10,0.0,0.0,240.49811650518942,140.0,380.4981165051894,0.7630560428520302,0.6251250083692715,0.3820561483412107,1.1865857786744878,1.0,2.0,4,2,2,0.19807595791826216,0.1863465136835401
rsrp_sleep,11,11,0.0,0.0,243.07105373973906,0.0,243.07105373973906,0.7605211293204542,0.7605211293204542,0.44160826847478596,0.44160826847478596,1.0,2.0,0,0,0,0.2409246116913744,0.20973685217944613
rsrp_sleep,12,12,0.0,0.0,247.71504496950564,140.0,387.71504496950564,0.75594576850295,0.6180147340201915,0.31941260530126053,1.065099104742244,1.0,2.0,4,2,2,0.25590253939180335,0.2519549542682331
rsrp_sleep,13,13,0.0,0.0,247.00638611846242,140.0,387.0063861184624,0.7566439545630912,0.6187129200803326,0.43359401062785563,1.2461364093966227,1.0,2.0,4,2,2,0.2545652492362588,0.24551260107693118
rsrp_sleep,14,14,0.0,0.0,254.60840632164243,140.0,394.6084063216424,0.7491542794860666,0.6112232450033079,0.4408486973095598,1.2331195438915472,1.0,2.0,4,2,2,0.3346972768533275,0.3146218756512949
rsrp_sleep,15,15,0.38095238095238093,0.40476190476190477,271.96290335159097,140.0,411.96290335159097,0.7320562528555754,0.5941252183728167,0.04327523969857424,0.5803283883369287,1.0,2.0,4,2,2,0.48074205751299354,0.47239003046900874
rsrp_sleep,16,16,0.9523809523809523,0.9761904761904762,252.2165967724322,0.0,252.2165967724322,0.7515107420961259,0.7515107420961259,-0.002910172190905683,-0.002910172190905683,1.0,2.0,0,0,0,0.3191709736617242,0.2928781524766563
rsrp_sleep,17,17,0.0,0.0,267.6221977709829,70.0,337.6221977709829,0.7363328100778493,0.66736729283647,0.5030823754013093,0.8962327461643871,1.0,2.0,2,1,1,0.4392326651236701,0.43292907064529884
rsrp_sleep,18,18,0.0,0.0,252.45885274471166,140.0,392.45885274471163,0.7512720662613679,0.6133410317786092,0.31432531343067194,1.0431789142444325,1.0,2.0,4,2,2,0.3036250772989822,0.29508047949737887
rsrp_sleep,19,19,0.0,0.0,261.64729223965026,140.0,401.64729223965026,0.7422194165126599,0.6042883820299012,0.038265221636421175,0.5938113149472672,1.0,2.0,4,2,2,0.3914531799787994,0.37861174763318417
rsrp_sleep,20,20,1.0,1.0,245.8509370463066,70.0,315.8509370463066,0.7577823280331955,0.6888168107918161,0.0,0.2847253740050434,1.0,2.0,2,1,1,0.2381372054397202,0.2350085186027872
rsrp_sleep,21,21,0.0,0.0,244.6247105578565,140.0,384.6247105578565,0.7589904329479247,0.621059398465166,0.4752694903365811,1.3195739278405463,1.0,2.0,4,2,2,0.2537345828038693,0.2238610050714228
rsrp_sleep,22,22,0.9285714285714286,0.9523809523809523,257.6012746155476,140.0,397.6012746155476,0.7462056407728596,0.6082746062901009,-0.002625378813795859,0.5394233636641306,1.0,2.0,4,2,2,0.342628063975119,0.34182976923225095
rsrp_sleep,23,23,0.0,0.0,267.92030828617936,140.0,407.92030828617936,0.7360391051367692,0.5981080706540105,0.6742268853523848,1.5490831642536769,1.0,2.0,4,2,2,0.4391080865350989,0.43563916623799415
sinr_sleep,0,0,0.0,0.0,253.23137518646928,0.0,253.23137518646928,0.7505109604074195,0.7505109604074195,0.004404861202334971,0.004404861202334971,1.0,2.0,0,0,0,0.30263473272275787,0.30210341078608416
sinr_sleep,1,1,0.0,0.0,257.2453631448894,70.0,327.2453631448894,0.7465562924680893,0.6775907752267101,0.3913280588326907,0.7699275520466201,1.0,2.0,2,1,1,0.35248769447915435,0.33859421040808513
sinr_sleep,2,2,0.2619047619047619,0.2857142857142857,250.2475879209619,140.0,390.2475879209619,0.7534506522946188,0.6155196178118602,0.0033062678334607816,0.5646018977479766,1.0,2.0,4,2,2,0.2855093722542704,0.27497807200874447
sinr_sleep,3,3,1.0,1.0,174.1815901248812,105.0,279.1815901248812,0.8283925220444519,0.724944246182383,0.0,0.6028191608810047,1.0,1.0,3,1,2,0.6578470931796582,0.6578470931796582
sinr_sleep,4,4,0.0,0.0,255.8624982893415,105.0,360.8624982893415,0.7479187208972005,0.6444704450351315,0.4525316929028128,1.0486168119589208,1.0,2.0,3,2,1,0.342797775051731,0.3260227117212862
sinr_sleep,5,5,0.0,0.0,257.41969819531613,70.0,327.41969819531613,0.7463845337977181,0.6774190165563387,0.42350105648167474,0.8105929327145183,1.0,2.0,2,1,1,0.35824674431853176,0.3401790745028739
sinr_sleep,6,6,0.9523809523809523,0.9761904761904762,255.5281364984025,140.0,395.5281364984025,0.7482481413808842,0.6103171068981256,-0.0009472937765422547,0.546418568894939,1.0,2.0,4,2,2,0.3595969213365913,0.322983059076386
sinr_sleep,7,7,1.0,1.0,181.37206653464114,105.0,286.37206653464114,0.8213083088328659,0.7178600329707969,0.0,0.5789204589558202,1.0,1.0,3,1,2,0.7885830279025658,0.7885830279025658
sinr_sleep,8,8,0.0,0.0,259.92775178076556,35.0,294.92775178076556,0.7439135450435808,0.709430786422891,0.04513093985021782,0.18586074897660324,1.0,2.0,1,1,0,0.3804701971147685,0.36297956164332323
sinr_sleep,9,9,0.0,0.0,248.21144243329735,140.0,388.21144243329735,0.7554567069622685,0.61752567247951,0.4208478703459043,1.222256137017102,1.0,2.0,4,2,2,0.2745881415474671,0.2564676584845213
sinr_sleep,10,10,0.0,0.0,240.49811650518942,140.0,380.4981165051894,0.7630560428520302,0.6251250083692715,0.3820561483412107,1.1865857786744878,1.0,2.0,4,2,2,0.19807595791826216,0.1863465136835401
sinr_sleep,11,11,0.0,0.0,243.07105373973906,0.0,243.07105373973906,0.7605211293204542,0.7605211293204542,0.44160826847478596,0.44160826847478596,1.0,2.0,0,0,0,0.2409246116913744,0.20973685217944613
sinr_sleep,12,12,0.0,0.0,247.71504496950564,140.0,387.71504496950564,0.75594576850295,0.6180147340201915,0.31941260530126053,1.065099104742244,1.0,2.0,4,2,2,0.25590253939180335,0.2519549542682331
sinr_sleep,13,13,0.0,0.0,247.00638611846242,140.0,387.0063861184624,0.7566439545630912,0.6187129200803326,0.43359401062785563,1.2461364093966227,1.0,2.0,4,2,2,0.2545652492362588,0.24551260107693118
sinr_sleep,14,14,0.0,0.0,254.60840632164243,140.0,394.6084063216424,0.7491542794860666,0.6112232450033079,0.4408486973095598,1.2331195438915472,1.0,2.0,4,2,2,0.3346972768533275,0.3146218756512949
sinr_sleep,15,15,0.38095238095238093,0.40476190476190477,271.96290335159097,140.0,411.96290335159097,0.7320562528555754,0.5941252183728167,0.04327523969857424,0.5803283883369287,1.0,2.0,4,2,2,0.48074205751299354,0.47239003046900874
sinr_sleep,16,16,0.9523809523809523,0.9761904761904762,252.2165967724322,0.0,252.2165967724322,0.7515107420961259,0.7515107420961259,-0.002910172190905683,-0.002910172190905683,1.0,2.0,0,0,0,0.3191709736617242,0.2928781524766563
sinr_sleep,17,17,0.0,0.0,267.6221977709829,70.0,337.6221977709829,0.7363328100778493,0.66736729283647,0.5030823754013093,0.8962327461643871,1.0,2.0,2,1,1,0.4392326651236701,0.43292907064529884
sinr_sleep,18,18,0.0,0.0,252.45885274471166,140.0,392.45885274471163,0.7512720662613679,0.6133410317786092,0.31432531343067194,1.0431789142444325,1.0,2.0,4,2,2,0.3036250772989822,0.29508047949737887
sinr_sleep,19,19,0.0,0.0,261.64729223965026,140.0,401.64729223965026,0.7422194165126599,0.6042883820299012,0.038265221636421175,0.5938113149472672,1.0,2.0,4,2,2,0.3914531799787994,0.37861174763318417
sinr_sleep,20,20,1.0,1.0,245.8509370463066,70.0,315.8509370463066,0.7577823280331955,0.6888168107918161,0.0,0.2847253740050434,1.0,2.0,2,1,1,0.2381372054397202,0.2350085186027872
sinr_sleep,21,21,0.0,0.0,244.6247105578565,140.0,384.6247105578565,0.7589904329479247,0.621059398465166,0.4752694903365811,1.3195739278405463,1.0,2.0,4,2,2,0.2537345828038693,0.2238610050714228
sinr_sleep,22,22,0.9285714285714286,0.9523809523809523,257.6012746155476,140.0,397.6012746155476,0.7462056407728596,0.6082746062901009,-0.002625378813795859,0.5394233636641306,1.0,2.0,4,2,2,0.342628063975119,0.34182976923225095
sinr_sleep,23,23,0.0,0.0,267.92030828617936,140.0,407.92030828617936,0.7360391051367692,0.5981080706540105,0.6742268853523848,1.5490831642536769,1.0,2.0,4,2,2,0.4391080865350989,0.43563916623799415
load_sleep,0,0,0.47619047619047616,0.47619047619047616,254.02040138551862,0.0,254.02040138551862,0.7497335946940703,0.7497335946940703,0.00753441712469095,0.00753441712469095,1.0,2.0,0,0,0,0.3185063806210013,0.30927637623198745
load_sleep,1,1,0.0,0.0,262.2749746727443,140.0,402.2749746727443,0.7416010101746362,0.6036699756918775,0.4185310356256736,1.1757300220535325,1.0,2.0,4,2,2,0.4308831825146109,0.3843179515704025
load_sleep,2,2,1.0,1.0,249.42292891416542,140.0,389.4229289141654,0.7542631242224972,0.6163320897397385,0.0,0.5612956299145159,1.0,2.0,4,2,2,0.2705237184741172,0.26748117194695853
load_sleep,3,3,0.0,0.0,190.76203096088688,105.0,295.7620309608869,0.812057112353806,0.708608836491737,0.09519054696950552,0.6980097078505103,1.0,1.0,3,1,2,0.9593096538343067,0.9593096538343067
load_sleep,4,4,0.0,0.0,257.5590878740574,105.0,362.5590878740574,0.746247204064968,0.6427989282028991,0.4621632338989532,1.0582483529550613,1.0,2.0,3,2,1,0.34692140778634,0.341446253400522
load_sleep,5,5,0.0,0.0,258.52706047405314,140.0,398.52706047405314,0.7452935364787654,0.6073625019960068,0.4296246413694717,1.2038083938351587,1.0,2.0,4,2,2,0.351958223873459,0.3502460043095741
load_sleep,6,6,1.0,1.0,255.77042623139505,140.0,395.77042623139505,0.7480094322843398,0.6100783978015812,0.0,0.5473658626714812,1.0,2.0,4,2,2,0.33827589722891277,0.3251856930126823
load_sleep,7,7,1.0,1.0,181.37206653464114,105.0,286.37206653464114,0.8213083088328659,0.7178600329707969,0.0,0.5789204589558202,1.0,1.0,3,1,2,0.7885830279025658,0.7885830279025658
load_sleep,8,8,1.0,1.0,248.70352782591712,105.0,353.70352782591715,0.7549718937675693,0.6515236179055004,0.0,0.4221894273791564,1.0,2.0,3,2,1,0.2655952223405456,0.26094116205379214
load_sleep,9,9,0.0,0.0,247.3111111198719,70.0,317.3111111198719,0.7563437328868258,0.6873782156454464,0.41569406350788934,0.8163981968434881,1.0,2.0,2,1,1,0.24995903158979954,0.24828282836247165
load_sleep,10,10,0.0,0.0,245.00082548289538,70.0,315.0008254828954,0.7586198763715316,0.6896543591301524,0.40793159683644004,0.8101964120030787,1.0,2.0,2,1,1,0.23862803463911797,0.2272802316626853
load_sleep,11,11,0.0,0.0,190.04921648639458,105.0,295.0492164863946,0.8127593926242418,0.7093111167621728,0.12714581884066326,0.7498808827694441,1.0,1.0,3,1,2,0.9463493906617199,0.9463493906617199
load_sleep,12,12,0.0,0.0,247.71504496950564,105.0,352.71504496950564,0.75594576850295,0.6524974926408811,0.31941260530126053,0.8786774798819982,1.0,2.0,3,2,1,0.25590253939180335,0.2519549542682331
load_sleep,13,13,0.0,0.0,249.81379183665086,140.0,389.81379183665086,0.7538780375993588,0.6159470031166002,0.44988784046052704,1.2624302392292943,1.0,2.0,4,2,2,0.28242284863627115,0.27103447124228036
load_sleep,14,14,0.0,0.0,256.72545952951845,70.0,326.72545952951845,0.7470685127787995,0.6781029955374202,0.45282926543286717,0.848964688723861,1.0,2.0,2,1,1,0.3403529134273429,0.33386781390471326
load_sleep,15,15,0.35714285714285715,0.35714285714285715,263.6996383607047,140.0,403.6996383607047,0.7401974006298475,0.602266366147089,0.011576579117227367,0.5486297277555817,1.0,2.0,4,2,2,0.41293991815044634,0.39726943964277006
load_sleep,16,16,0.38095238095238093,0.38095238095238093,253.4218508964367,70.0,323.4218508964367,0.750323299609422,0.6813577823680427,0.001854568283545062,0.27858611109161724,1.0,2.0,2,1,1,0.30620405344886903,0.3038350081494243
load_sleep,17,17,0.0,0.0,178.5521209438703,105.0,283.5521209438703,0.8240865803508668,0.7206383044887977,0.002826179280235913,0.5925517354248525,1.0,1.0,3,1,2,0.7373112898885508,0.7373112898885508
load_sleep,18,18,0.0,0.0,255.78378889697242,105.0,360.7837888969724,0.747996267096579,0.64454799123451,0.3316352540524656,0.878275454662786,1.0,2.0,3,2,1,0.33823795344550933,0.3253071717906584
load_sleep,19,19,0.42857142857142855,0.42857142857142855,259.6933678460596,140.0,399.6933678460596,0.744144465176296,0.6062134306935374,0.030511685468677833,0.5860577787795239,1.0,2.0,4,2,2,0.3680836332428712,0.36084879860054153
load_sleep,20,20,1.0,1.0,245.8509370463066,140.0,385.8509370463066,0.7577823280331955,0.6198512935504368,0.0,0.5694507480100867,1.0,2.0,4,2,2,0.2381372054397202,0.2350085186027872
load_sleep,21,21,0.0,0.0,248.54080202070594,70.0,318.54080202070594,0.7551322147579251,0.6861666975165458,0.49888644319197517,0.9210386619439579,1.0,2.0,2,1,1,0.2669728529003486,0.25946183655187227
load_sleep,22,22,0.42857142857142855,0.42857142857142855,267.0375089770396,140.0,407.0375089770396,0.7369088581507,0.5989778236679413,0.033909613824587924,0.5759583563025145,1.0,2.0,4,2,2,0.43069302562639755,0.4276137179730873
load_sleep,23,23,0.0,0.0,260.56490443830205,140.0,400.56490443830205,0.7432858084351704,0.6053547739524118,0.628263162208312,1.503119441109604,1.0,2.0,4,2,2,0.3709624530899399,0.3687718585300189
greedy_sleep,0,0,0.47619047619047616,0.47619047619047616,254.02040138551862,0.0,254.02040138551862,0.7497335946940703,0.7497335946940703,0.00753441712469095,0.00753441712469095,1.0,2.0,0,0,0,0.3185063806210013,0.30927637623198745
greedy_sleep,1,1,0.0,0.0,262.2749746727443,140.0,402.2749746727443,0.7416010101746362,0.6036699756918775,0.4185310356256736,1.1757300220535325,1.0,2.0,4,2,2,0.4308831825146109,0.3843179515704025
greedy_sleep,2,2,1.0,1.0,249.42292891416542,140.0,389.4229289141654,0.7542631242224972,0.6163320897397385,0.0,0.5612956299145159,1.0,2.0,4,2,2,0.2705237184741172,0.26748117194695853
greedy_sleep,3,3,0.0,0.0,190.76203096088688,105.0,295.7620309608869,0.812057112353806,0.708608836491737,0.09519054696950552,0.6980097078505103,1.0,1.0,3,1,2,0.9593096538343067,0.9593096538343067
greedy_sleep,4,4,0.0,0.0,257.5590878740574,105.0,362.5590878740574,0.746247204064968,0.6427989282028991,0.4621632338989532,1.0582483529550613,1.0,2.0,3,2,1,0.34692140778634,0.341446253400522
greedy_sleep,5,5,0.0,0.0,258.52706047405314,140.0,398.52706047405314,0.7452935364787654,0.6073625019960068,0.4296246413694717,1.2038083938351587,1.0,2.0,4,2,2,0.351958223873459,0.3502460043095741
greedy_sleep,6,6,1.0,1.0,255.77042623139505,140.0,395.77042623139505,0.7480094322843398,0.6100783978015812,0.0,0.5473658626714812,1.0,2.0,4,2,2,0.33827589722891277,0.3251856930126823
greedy_sleep,7,7,1.0,1.0,181.37206653464114,105.0,286.37206653464114,0.8213083088328659,0.7178600329707969,0.0,0.5789204589558202,1.0,1.0,3,1,2,0.7885830279025658,0.7885830279025658
greedy_sleep,8,8,1.0,1.0,248.70352782591712,105.0,353.70352782591715,0.7549718937675693,0.6515236179055004,0.0,0.4221894273791564,1.0,2.0,3,2,1,0.2655952223405456,0.26094116205379214
greedy_sleep,9,9,0.0,0.0,247.3111111198719,70.0,317.3111111198719,0.7563437328868258,0.6873782156454464,0.41569406350788934,0.8163981968434881,1.0,2.0,2,1,1,0.24995903158979954,0.24828282836247165
greedy_sleep,10,10,0.0,0.0,245.00082548289538,70.0,315.0008254828954,0.7586198763715316,0.6896543591301524,0.40793159683644004,0.8101964120030787,1.0,2.0,2,1,1,0.23862803463911797,0.2272802316626853
greedy_sleep,11,11,0.0,0.0,190.04921648639458,105.0,295.0492164863946,0.8127593926242418,0.7093111167621728,0.12714581884066326,0.7498808827694441,1.0,1.0,3,1,2,0.9463493906617199,0.9463493906617199
greedy_sleep,12,12,0.0,0.0,247.71504496950564,105.0,352.71504496950564,0.75594576850295,0.6524974926408811,0.31941260530126053,0.8786774798819982,1.0,2.0,3,2,1,0.25590253939180335,0.2519549542682331
greedy_sleep,13,13,0.0,0.0,249.81379183665086,140.0,389.81379183665086,0.7538780375993588,0.6159470031166002,0.44988784046052704,1.2624302392292943,1.0,2.0,4,2,2,0.28242284863627115,0.27103447124228036
greedy_sleep,14,14,0.0,0.0,256.72545952951845,70.0,326.72545952951845,0.7470685127787995,0.6781029955374202,0.45282926543286717,0.848964688723861,1.0,2.0,2,1,1,0.3403529134273429,0.33386781390471326
greedy_sleep,15,15,0.35714285714285715,0.35714285714285715,263.6996383607047,140.0,403.6996383607047,0.7401974006298475,0.602266366147089,0.011576579117227367,0.5486297277555817,1.0,2.0,4,2,2,0.41293991815044634,0.39726943964277006
greedy_sleep,16,16,0.38095238095238093,0.38095238095238093,253.4218508964367,70.0,323.4218508964367,0.750323299609422,0.6813577823680427,0.001854568283545062,0.27858611109161724,1.0,2.0,2,1,1,0.30620405344886903,0.3038350081494243
greedy_sleep,17,17,0.0,0.0,178.5521209438703,105.0,283.5521209438703,0.8240865803508668,0.7206383044887977,0.002826179280235913,0.5925517354248525,1.0,1.0,3,1,2,0.7373112898885508,0.7373112898885508
greedy_sleep,18,18,0.0,0.0,255.78378889697242,105.0,360.7837888969724,0.747996267096579,0.64454799123451,0.3316352540524656,0.878275454662786,1.0,2.0,3,2,1,0.33823795344550933,0.3253071717906584
greedy_sleep,19,19,0.42857142857142855,0.42857142857142855,259.6933678460596,140.0,399.6933678460596,0.744144465176296,0.6062134306935374,0.030511685468677833,0.5860577787795239,1.0,2.0,4,2,2,0.3680836332428712,0.36084879860054153
greedy_sleep,20,20,1.0,1.0,245.8509370463066,140.0,385.8509370463066,0.7577823280331955,0.6198512935504368,0.0,0.5694507480100867,1.0,2.0,4,2,2,0.2381372054397202,0.2350085186027872
greedy_sleep,21,21,0.0,0.0,248.54080202070594,70.0,318.54080202070594,0.7551322147579251,0.6861666975165458,0.49888644319197517,0.9210386619439579,1.0,2.0,2,1,1,0.2669728529003486,0.25946183655187227
greedy_sleep,22,22,0.42857142857142855,0.42857142857142855,267.0375089770396,140.0,407.0375089770396,0.7369088581507,0.5989778236679413,0.033909613824587924,0.5759583563025145,1.0,2.0,4,2,2,0.43069302562639755,0.4276137179730873
greedy_sleep,23,23,0.0,0.0,260.56490443830205,140.0,400.56490443830205,0.7432858084351704,0.6053547739524118,0.628263162208312,1.503119441109604,1.0,2.0,4,2,2,0.3709624530899399,0.3687718585300189
oracle,0,0,1.0,1.0,252.12081797706117,0.0,252.12081797706117,0.7516051054413191,0.7516051054413191,0.0,0.0,1.0,2.0,0,0,0,0.2942931352294356,0.2920074361551013
oracle,1,1,1.0,1.0,184.8919537788345,105.0,289.8919537788345,0.8178404396267641,0.714392163764695,0.0,0.567899239820894,1.0,1.0,3,1,2,0.8525809777969908,0.8525809777969908
oracle,2,2,1.0,1.0,249.42292891416542,35.0,284.4229289141654,0.7542631242224972,0.7197803656018075,0.0,0.14032390747862897,1.0,2.0,1,1,0,0.2705237184741172,0.26748117194695853
oracle,3,3,1.0,1.0,174.1815901248812,105.0,279.1815901248812,0.8283925220444519,0.724944246182383,0.0,0.6028191608810047,1.0,1.0,3,1,2,0.6578470931796582,0.6578470931796582
oracle,4,4,1.0,1.0,176.1493394873973,70.0,246.1493394873973,0.826453852721776,0.7574883354803967,0.0,0.39739007937073867,1.0,1.0,2,1,1,0.6936243543163146,0.6936243543163146
oracle,5,5,1.0,1.0,180.83562145823387,70.0,250.83562145823387,0.8218368261495234,0.752871308908144,0.0,0.38709187623284347,1.0,1.0,2,1,1,0.7788294810587978,0.7788294810587978
oracle,6,6,1.0,1.0,255.77042623139505,105.0,360.77042623139505,0.7480094322843398,0.6445611564222709,0.0,0.41052439700361093,1.0,2.0,3,2,1,0.33827589722891277,0.3251856930126823
oracle,7,7,1.0,1.0,181.37206653464114,105.0,286.37206653464114,0.8213083088328659,0.7178600329707969,0.0,0.5789204589558202,1.0,1.0,3,1,2,0.7885830279025658,0.7885830279025658
oracle,8,8,1.0,1.0,248.70352782591712,105.0,353.70352782591715,0.7549718937675693,0.6515236179055004,0.0,0.4221894273791564,1.0,2.0,3,2,1,0.2655952223405456,0.26094116205379214
oracle,9,9,1.0,1.0,174.69248299810624,105.0,279.69248299810624,0.8278891793122106,0.7244409034501417,0.0,0.6010562000033983,1.0,1.0,3,1,2,0.6671360545110228,0.6671360545110228
oracle,10,10,1.0,1.0,174.01472204573105,70.0,244.01472204573105,0.8285569240928757,0.7595914068514964,0.0,0.40226481516663865,1.0,1.0,2,1,1,0.654813128104201,0.654813128104201
oracle,11,11,1.0,1.0,168.61102912298566,0.0,168.61102912298566,0.8338807594847432,0.8338807594847432,0.0,0.0,1.0,1.0,0,0,0,0.5565641658724662,0.5565641658724662
oracle,12,12,1.0,1.0,187.74645927605417,70.0,257.74645927605417,0.8150281189398482,0.7460626016984688,0.0,0.37284324972049177,1.0,1.0,2,1,1,0.9044810777464396,0.9044810777464396
oracle,13,13,1.0,1.0,172.29870122733263,70.0,242.29870122733263,0.8302475849977018,0.7612820677563225,0.0,0.40627119938438366,1.0,1.0,2,1,1,0.6236127495878659,0.6236127495878659
oracle,14,14,1.0,1.0,176.70724677550302,0.0,176.70724677550302,0.8259041903689626,0.8259041903689626,0.0,0.0,1.0,1.0,0,0,0,0.7037681231909639,0.7037681231909639
oracle,15,15,1.0,1.0,260.6818344794296,105.0,365.6818344794296,0.7431706064242073,0.6397223305621382,0.0,0.4027898614787658,1.0,2.0,3,2,1,0.3877211289156756,0.36983485890390533
oracle,16,16,1.0,1.0,252.95273278098503,70.0,322.952732780985,0.7507854849448423,0.6818199677034631,0.0,0.27673154280807205,1.0,2.0,2,1,1,0.3058057140907877,0.2995702980089548
oracle,17,17,1.0,1.0,178.04892276747654,35.0,213.04892276747654,0.8245823421010082,0.7900995834803186,0.0,0.19657518538153887,1.0,1.0,1,0,1,0.7281622321359371,0.7281622321359371
oracle,18,18,1.0,1.0,192.08247011977554,70.0,262.0824701197755,0.8107561870741128,0.7417906698327335,0.0,0.3644268004068802,1.0,1.0,2,1,1,0.9833176385413733,0.9833176385413733
oracle,19,19,1.0,1.0,252.00429214730423,35.0,287.0042921473042,0.7517199092144786,0.7172371505937889,0.0,0.13888652332771154,1.0,2.0,1,1,0,0.30068626695151773,0.29094811043003843
oracle,20,20,1.0,1.0,245.8509370463066,140.0,385.8509370463066,0.7577823280331955,0.6198512935504368,0.0,0.5694507480100867,1.0,2.0,4,2,2,0.2381372054397202,0.2350085186027872
oracle,21,21,1.0,1.0,165.81696575453861,35.0,200.81696575453861,0.8366335312763167,0.802150772655627,0.0,0.21107610937599133,1.0,1.0,1,0,1,0.5057630137188835,0.5057630137188835
oracle,22,22,1.0,1.0,258.2793557642118,35.0,293.2793557642118,0.7455375805278701,0.7110548219071805,0.0,0.1355121856194816,1.0,2.0,1,1,0,0.3604590329730251,0.3479941433110161
oracle,23,23,1.0,1.0,160.02628474681825,105.0,265.02628474681825,0.8423386357174205,0.7388903598553516,0.0,0.656142209175969,1.0,1.0,3,1,2,0.40047790448760456,0.40047790448760456
flat_mlp,0,0,0.0,0.0,273.69941126643255,0.0,273.69941126643255,0.7303454076192782,0.7303454076192782,0.08558830429994353,0.08558830429994353,1.0,2.0,0,0,0,0.5030507467683473,0.4881764660584775
flat_mlp,1,1,0.0,0.0,256.6459534246474,70.0,326.6459534246474,0.7471468439166036,0.6781813266752242,0.3880861128853891,0.7666856060993185,1.0,2.0,2,1,1,0.36032000193371044,0.3331450311331583
flat_mlp,2,2,0.0,0.0,256.72917471427087,70.0,326.72917471427087,0.7470648524982554,0.678099335256876,0.029292598847717653,0.3099404138049756,1.0,2.0,2,1,1,0.3477527311274759,0.33390158831155353
flat_mlp,3,3,1.0,1.0,174.1815901248812,35.0,209.1815901248812,0.8283925220444519,0.7939097634237623,0.0,0.20093972029366827,1.0,1.0,1,0,1,0.6578470931796582,0.6578470931796582
flat_mlp,4,4,0.0,0.0,257.5590878740574,105.0,362.5590878740574,0.746247204064968,0.6427989282028991,0.4621632338989532,1.0582483529550613,1.0,2.0,3,2,1,0.34692140778634,0.341446253400522
flat_mlp,5,5,0.0,0.5238095238095238,265.5768248453921,70.0,335.5768248453921,0.7383479558173477,0.6693824385759684,0.46860902019091516,0.8557008964237587,1.0,2.0,2,1,1,0.4285673505713894,0.414334771321746
flat_mlp,6,6,0.0,0.30952380952380953,267.56741239479726,70.0,337.56741239479726,0.7363867858179338,0.6674212685765545,0.0461233393446727,0.3198062706804133,1.0,2.0,2,1,1,0.4370223552663764,0.432431021770884
flat_mlp,7,7,0.0,0.0,259.608575964387,70.0,329.608575964387,0.7442280039759734,0.6752624867345941,0.4313591994873317,0.8173061721245451,1.0,2.0,2,1,1,0.3766855591658202,0.36007796331260933
flat_mlp,8,8,0.0,0.0,259.92775178076556,140.0,399.92775178076556,0.7439135450435808,0.6059825105608221,0.04513093985021782,0.6080501763557595,1.0,2.0,4,2,2,0.3804701971147685,0.36297956164332323
flat_mlp,9,9,0.0,0.47619047619047616,254.97342859767684,140.0,394.97342859767684,0.7487946516279046,0.6108636171451459,0.45955581042626137,1.260964077097459,1.0,2.0,4,2,2,0.3241714024485804,0.3179402599788805
flat_mlp,10,10,1.0,1.0,174.01472204573105,35.0,209.01472204573105,0.8285569240928757,0.7940741654721861,0.0,0.20113240758331932,1.0,1.0,1,0,1,0.654813128104201,0.654813128104201
flat_mlp,11,11,1.0,1.0,168.61102912298566,0.0,168.61102912298566,0.8338807594847432,0.8338807594847432,0.0,0.0,1.0,1.0,0,0,0,0.5565641658724662,0.5565641658724662
flat_mlp,12,12,0.0,0.40476190476190477,256.0268046544627,35.0,291.0268046544627,0.7477568427049629,0.7132740840842732,0.3636837980417628,0.5501054229020087,1.0,2.0,1,1,0,0.3675995947180061,0.32751640594966075
flat_mlp,13,13,1.0,1.0,172.29870122733263,35.0,207.29870122733263,0.8302475849977018,0.7957648263770122,0.0,0.20313559969219183,1.0,1.0,1,0,1,0.6236127495878659,0.6236127495878659
flat_mlp,14,14,1.0,1.0,176.70724677550302,0.0,176.70724677550302,0.8259041903689626,0.8259041903689626,0.0,0.0,1.0,1.0,0,0,0,0.7037681231909639,0.7037681231909639
flat_mlp,15,15,0.0,0.38095238095238093,279.940297621593,35.0,314.940297621593,0.724196751111731,0.6897139924910414,0.0738772733459611,0.2081405605055497,1.0,2.0,1,1,0,0.5584216635752118,0.5449117965599367
flat_mlp,16,16,0.0,0.0,254.02333891339674,70.0,324.02333891339674,0.7497307005779342,0.6807651833365549,0.004232435525172516,0.2809639783332447,1.0,2.0,2,1,1,0.3399353072218093,0.30930308103087933
flat_mlp,17,17,0.0,0.0,178.5521209438703,35.0,213.5521209438703,0.8240865803508668,0.7896038217301771,0.002826179280235913,0.1994013646617748,1.0,1.0,1,0,1,0.7373112898885508,0.7373112898885508
flat_mlp,18,18,1.0,1.0,192.08247011977554,0.0,192.08247011977554,0.8107561870741128,0.8107561870741128,0.0,0.0,1.0,1.0,0,0,0,0.9833176385413733,0.9833176385413733
flat_mlp,19,19,0.6190476190476191,0.40476190476190477,267.55316634371627,35.0,302.55316634371627,0.7364008213362401,0.7019180627155505,0.061700830822846664,0.2005873541505582,1.0,2.0,1,1,0,0.434568318992081,0.4323015122156023
flat_mlp,20,20,0.0,0.42857142857142855,249.29159229612895,70.0,319.29159229612895,0.7543925199052917,0.6854270026639123,0.0139948836118298,0.2987202576168731,1.0,2.0,2,1,1,0.2707931946248296,0.2662872026920814
flat_mlp,21,21,0.0,0.0,173.8494408566297,35.0,208.8494408566297,0.8287197627028279,0.7942370040821383,0.04844181694882593,0.25951792632481724,1.0,1.0,1,0,1,0.6518080155750859,0.6518080155750859
flat_mlp,22,22,0.0,0.4523809523809524,276.98959349789175,35.0,311.98959349789175,0.72710384877055,0.6926210901498604,0.07244186310717332,0.20795404872665493,1.0,2.0,1,1,0,0.5462539938283091,0.5180872136171981
flat_mlp,23,23,1.0,1.0,160.02628474681825,35.0,195.02628474681825,0.8423386357174205,0.8078558770967309,0.0,0.218714069725323,1.0,1.0,1,0,1,0.40047790448760456,0.40047790448760456
flat_mlp_pruned,0,0,0.0,0.0,258.51813338643694,0.0,258.51813338643694,0.7453023316389784,0.7453023316389784,0.02537400703641152,0.02537400703641152,1.0,2.0,0,0,0,0.3706999449787308,0.35016484896760885
flat_mlp_pruned,1,1,0.0,0.0,256.6459534246474,70.0,326.6459534246474,0.7471468439166036,0.6781813266752242,0.3880861128853891,0.7666856060993185,1.0,2.0,2,1,1,0.36032000193371044,0.3331450311331583
flat_mlp_pruned,2,2,0.0,0.0,256.72917471427087,70.0,326.72917471427087,0.7470648524982554,0.678099335256876,0.029292598847717653,0.3099404138049756,1.0,2.0,2,1,1,0.3477527311274759,0.33390158831155353
flat_mlp_pruned,3,3,1.0,1.0,174.1815901248812,35.0,209.1815901248812,0.8283925220444519,0.7939097634237623,0.0,0.20093972029366827,1.0,1.0,1,0,1,0.6578470931796582,0.6578470931796582
flat_mlp_pruned,4,4,0.0,0.0,257.5590878740574,105.0,362.5590878740574,0.746247204064968,0.6427989282028991,0.4621632338989532,1.0582483529550613,1.0,2.0,3,2,1,0.34692140778634,0.341446253400522
flat_mlp_pruned,5,5,0.5238095238095238,0.5238095238095238,265.5768248453921,70.0,335.5768248453921,0.7383479558173477,0.6693824385759684,0.46860902019091516,0.8557008964237587,1.0,2.0,2,1,1,0.4285673505713894,0.414334771321746
flat_mlp_pruned,6,6,0.9761904761904762,0.9761904761904762,255.5281364984025,140.0,395.5281364984025,0.7482481413808842,0.6103171068981256,-0.0009472937765422547,0.546418568894939,1.0,2.0,4,2,2,0.3595969213365913,0.322983059076386
flat_mlp_pruned,7,7,0.0,0.0,259.608575964387,140.0,399.608575964387,0.7442280039759734,0.6062969694932148,0.4313591994873317,1.2032531447617587,1.0,2.0,4,2,2,0.3766855591658202,0.36007796331260933
flat_mlp_pruned,8,8,0.0,0.0,259.92775178076556,140.0,399.92775178076556,0.7439135450435808,0.6059825105608221,0.04513093985021782,0.6080501763557595,1.0,2.0,4,2,2,0.3804701971147685,0.36297956164332323
flat_mlp_pruned,9,9,0.0,0.0,254.01459487560328,140.0,394.0145948756033,0.7497393153934943,0.6118082809107357,0.4540671156317409,1.2554753823029385,1.0,2.0,4,2,2,0.3153779358861006,0.30922358977821174
flat_mlp_pruned,10,10,1.0,1.0,174.01472204573105,35.0,209.01472204573105,0.8285569240928757,0.7940741654721861,0.0,0.20113240758331932,1.0,1.0,1,0,1,0.654813128104201,0.654813128104201
flat_mlp_pruned,11,11,1.0,1.0,168.61102912298566,0.0,168.61102912298566,0.8338807594847432,0.8338807594847432,0.0,0.0,1.0,1.0,0,0,0,0.5565641658724662,0.5565641658724662
flat_mlp_pruned,12,12,0.40476190476190477,0.40476190476190477,256.0268046544627,35.0,291.0268046544627,0.7477568427049629,0.7132740840842732,0.3636837980417628,0.5501054229020087,1.0,2.0,1,1,0,0.3675995947180061,0.32751640594966075
flat_mlp_pruned,13,13,1.0,1.0,172.29870122733263,35.0,207.29870122733263,0.8302475849977018,0.7957648263770122,0.0,0.20313559969219183,1.0,1.0,1,0,1,0.6236127495878659,0.6236127495878659
flat_mlp_pruned,14,14,1.0,1.0,176.70724677550302,0.0,176.70724677550302,0.8259041903689626,0.8259041903689626,0.0,0.0,1.0,1.0,0,0,0,0.7037681231909639,0.7037681231909639
flat_mlp_pruned,15,15,0.38095238095238093,0.38095238095238093,279.940297621593,35.0,314.940297621593,0.724196751111731,0.6897139924910414,0.0738772733459611,0.2081405605055497,1.0,2.0,1,1,0,0.5584216635752118,0.5449117965599367
flat_mlp_pruned,16,16,0.0,0.0,254.02333891339674,70.0,324.02333891339674,0.7497307005779342,0.6807651833365549,0.004232435525172516,0.2809639783332447,1.0,2.0,2,1,1,0.3399353072218093,0.30930308103087933
flat_mlp_pruned,17,17,0.0,0.0,178.5521209438703,35.0,213.5521209438703,0.8240865803508668,0.7896038217301771,0.002826179280235913,0.1994013646617748,1.0,1.0,1,0,1,0.7373112898885508,0.7373112898885508
flat_mlp_pruned,18,18,1.0,1.0,192.08247011977554,0.0,192.08247011977554,0.8107561870741128,0.8107561870741128,0.0,0.0,1.0,1.0,0,0,0,0.9833176385413733,0.9833176385413733
flat_mlp_pruned,19,19,0.40476190476190477,0.40476190476190477,267.55316634371627,35.0,302.55316634371627,0.7364008213362401,0.7019180627155505,0.061700830822846664,0.2005873541505582,1.0,2.0,1,1,0,0.434568318992081,0.4323015122156023
flat_mlp_pruned,20,20,0.42857142857142855,0.42857142857142855,249.29159229612895,70.0,319.29159229612895,0.7543925199052917,0.6854270026639123,0.0139948836118298,0.2987202576168731,1.0,2.0,2,1,1,0.2707931946248296,0.2662872026920814
flat_mlp_pruned,21,21,0.0,0.0,173.8494408566297,35.0,208.8494408566297,0.8287197627028279,0.7942370040821383,0.04844181694882593,0.25951792632481724,1.0,1.0,1,0,1,0.6518080155750859,0.6518080155750859
flat_mlp_pruned,22,22,0.4523809523809524,0.4523809523809524,276.98959349789175,35.0,311.98959349789175,0.72710384877055,0.6926210901498604,0.07244186310717332,0.20795404872665493,1.0,2.0,1,1,0,0.5462539938283091,0.5180872136171981
flat_mlp_pruned,23,23,1.0,1.0,160.02628474681825,35.0,195.02628474681825,0.8423386357174205,0.8078558770967309,0.0,0.218714069725323,1.0,1.0,1,0,1,0.40047790448760456,0.40047790448760456
flat_mlp_stable,0,0,0.0,0.0,258.51813338643694,0.0,258.51813338643694,0.7453023316389784,0.7453023316389784,0.02537400703641152,0.02537400703641152,1.0,2.0,0,0,0,0.3706999449787308,0.35016484896760885
flat_mlp_stable,1,1,0.0,0.0,265.3337286833711,0.0,265.3337286833711,0.7385874594252502,0.7385874594252502,0.43507450302980755,0.43507450302980755,1.0,2.0,0,0,0,0.4311524018110387,0.41212480621246406
flat_mlp_stable,2,2,0.0,0.0,256.72917471427087,0.0,256.72917471427087,0.7470648524982554,0.7470648524982554,0.029292598847717653,0.029292598847717653,1.0,2.0,0,0,0,0.3477527311274759,0.33390158831155353
flat_mlp_stable,3,3,1.0,1.0,174.1815901248812,35.0,209.1815901248812,0.8283925220444519,0.7939097634237623,0.0,0.20093972029366827,1.0,1.0,1,0,1,0.6578470931796582,0.6578470931796582
flat_mlp_stable,4,4,0.0,0.0,253.69522250775904,35.0,288.695222507759,0.7500539679726512,0.7155712093519616,0.44022806583336527,0.6389231055187344,1.0,2.0,1,1,0,0.3309117250023548,0.3063202046159912
flat_mlp_stable,5,5,0.5238095238095238,0.5238095238095238,265.5768248453921,0.0,265.5768248453921,0.7383479558173477,0.7383479558173477,0.46860902019091516,0.46860902019091516,1.0,2.0,0,0,0,0.4285673505713894,0.414334771321746
flat_mlp_stable,6,6,0.30952380952380953,0.30952380952380953,267.56741239479726,70.0,337.56741239479726,0.7363867858179338,0.6674212685765545,0.0461233393446727,0.3198062706804133,1.0,2.0,2,1,1,0.4370223552663764,0.432431021770884
flat_mlp_stable,7,7,0.0,0.0,259.608575964387,70.0,329.608575964387,0.7442280039759734,0.6752624867345941,0.4313591994873317,0.8173061721245451,1.0,2.0,2,1,1,0.3766855591658202,0.36007796331260933
flat_mlp_stable,8,8,0.0,0.0,266.4700421902852,70.0,336.4700421902852,0.737467938728783,0.6685024214874038,0.07143651929539155,0.3528961375481624,1.0,2.0,2,1,1,0.45742430998826283,0.4224549290025924
flat_mlp_stable,9,9,0.47619047619047616,0.47619047619047616,254.97342859767684,70.0,324.97342859767684,0.7487946516279046,0.6798291343865253,0.45955581042626137,0.8602599437618602,1.0,2.0,2,1,1,0.3241714024485804,0.3179402599788805
flat_mlp_stable,10,10,1.0,1.0,174.01472204573105,35.0,209.01472204573105,0.8285569240928757,0.7940741654721861,0.0,0.20113240758331932,1.0,1.0,1,0,1,0.654813128104201,0.654813128104201
flat_mlp_stable,11,11,1.0,1.0,168.61102912298566,0.0,168.61102912298566,0.8338807594847432,0.8338807594847432,0.0,0.0,1.0,1.0,0,0,0,0.5565641658724662,0.5565641658724662
flat_mlp_stable,12,12,0.40476190476190477,0.40476190476190477,256.0268046544627,35.0,291.0268046544627,0.7477568427049629,0.7132740840842732,0.3636837980417628,0.5501054229020087,1.0,2.0,1,1,0,0.3675995947180061,0.32751640594966075
flat_mlp_stable,13,13,1.0,1.0,172.29870122733263,35.0,207.29870122733263,0.8302475849977018,0.7957648263770122,0.0,0.20313559969219183,1.0,1.0,1,0,1,0.6236127495878659,0.6236127495878659
flat_mlp_stable,14,14,1.0,1.0,176.70724677550302,0.0,176.70724677550302,0.8259041903689626,0.8259041903689626,0.0,0.0,1.0,1.0,0,0,0,0.7037681231909639,0.7037681231909639
flat_mlp_stable,15,15,0.38095238095238093,0.38095238095238093,279.940297621593,35.0,314.940297621593,0.724196751111731,0.6897139924910414,0.0738772733459611,0.2081405605055497,1.0,2.0,1,1,0,0.5584216635752118,0.5449117965599367
flat_mlp_stable,16,16,0.0,0.0,254.02333891339674,70.0,324.02333891339674,0.7497307005779342,0.6807651833365549,0.004232435525172516,0.2809639783332447,1.0,2.0,2,1,1,0.3399353072218093,0.30930308103087933
flat_mlp_stable,17,17,0.0,0.0,178.5521209438703,35.0,213.5521209438703,0.8240865803508668,0.7896038217301771,0.002826179280235913,0.1994013646617748,1.0,1.0,1,0,1,0.7373112898885508,0.7373112898885508
flat_mlp_stable,18,18,1.0,1.0,192.08247011977554,0.0,192.08247011977554,0.8107561870741128,0.8107561870741128,0.0,0.0,1.0,1.0,0,0,0,0.9833176385413733,0.9833176385413733
flat_mlp_stable,19,19,0.40476190476190477,0.40476190476190477,267.55316634371627,35.0,302.55316634371627,0.7364008213362401,0.7019180627155505,0.061700830822846664,0.2005873541505582,1.0,2.0,1,1,0,0.434568318992081,0.4323015122156023
flat_mlp_stable,20,20,0.42857142857142855,0.42857142857142855,249.29159229612895,70.0,319.29159229612895,0.7543925199052917,0.6854270026639123,0.0139948836118298,0.2987202576168731,1.0,2.0,2,1,1,0.2707931946248296,0.2662872026920814
flat_mlp_stable,21,21,0.0,0.0,173.8494408566297,35.0,208.8494408566297,0.8287197627028279,0.7942370040821383,0.04844181694882593,0.25951792632481724,1.0,1.0,1,0,1,0.6518080155750859,0.6518080155750859
flat_mlp_stable,22,22,0.4523809523809524,0.4523809523809524,276.98959349789175,35.0,311.98959349789175,0.72710384877055,0.6926210901498604,0.07244186310717332,0.20795404872665493,1.0,2.0,1,1,0,0.5462539938283091,0.5180872136171981
flat_mlp_stable,23,23,1.0,1.0,160.02628474681825,35.0,195.02628474681825,0.8423386357174205,0.8078558770967309,0.0,0.218714069725323,1.0,1.0,1,0,1,0.40047790448760456,0.40047790448760456
flat_mlp_search,0,0,0.0,0.0,253.23137518646928,0.0,253.23137518646928,0.7505109604074195,0.7505109604074195,0.004404861202334971,0.004404861202334971,1.0,2.0,0,0,0,0.30263473272275787,0.30210341078608416
flat_mlp_search,1,1,1.0,1.0,184.8919537788345,105.0,289.8919537788345,0.8178404396267641,0.714392163764695,0.0,0.567899239820894,1.0,1.0,3,1,2,0.8525809777969908,0.8525809777969908
flat_mlp_search,2,2,0.0,0.0,249.54047081742107,105.0,354.54047081742107,0.7541473193917034,0.6506990435296345,0.00047125540449447596,0.42144297784038137,1.0,2.0,3,2,1,0.30055489295361537,0.2685497347038279
flat_mlp_search,3,3,1.0,1.0,174.1815901248812,105.0,279.1815901248812,0.8283925220444519,0.724944246182383,0.0,0.6028191608810047,1.0,1.0,3,1,2,0.6578470931796582,0.6578470931796582
flat_mlp_search,4,4,1.0,1.0,176.1493394873973,70.0,246.1493394873973,0.826453852721776,0.7574883354803967,0.0,0.39739007937073867,1.0,1.0,2,1,1,0.6936243543163146,0.6936243543163146
flat_mlp_search,5,5,1.0,1.0,180.83562145823387,70.0,250.83562145823387,0.8218368261495234,0.752871308908144,0.0,0.38709187623284347,1.0,1.0,2,1,1,0.7788294810587978,0.7788294810587978
flat_mlp_search,6,6,0.9761904761904762,0.9761904761904762,255.5281364984025,105.0,360.5281364984025,0.7482481413808842,0.6447998655188152,-0.0009472937765422547,0.40957710322706864,1.0,2.0,3,2,1,0.3595969213365913,0.322983059076386
flat_mlp_search,7,7,1.0,1.0,181.37206653464114,105.0,286.37206653464114,0.8213083088328659,0.7178600329707969,0.0,0.5789204589558202,1.0,1.0,3,1,2,0.7885830279025658,0.7885830279025658
flat_mlp_search,8,8,0.9761904761904762,0.9761904761904762,250.22801775239046,105.0,355.22801775239043,0.7534699332488765,0.6500216573868075,0.006129747896219713,0.42831917527537583,1.0,2.0,3,2,1,0.29824196829113336,0.2748001613853677
flat_mlp_search,9,9,1.0,1.0,174.69248299810624,105.0,279.69248299810624,0.8278891793122106,0.7244409034501417,0.0,0.6010562000033983,1.0,1.0,3,1,2,0.6671360545110228,0.6671360545110228
flat_mlp_search,10,10,1.0,1.0,174.01472204573105,70.0,244.01472204573105,0.8285569240928757,0.7595914068514964,0.0,0.40226481516663865,1.0,1.0,2,1,1,0.654813128104201,0.654813128104201
flat_mlp_search,11,11,1.0,1.0,168.61102912298566,0.0,168.61102912298566,0.8338807594847432,0.8338807594847432,0.0,0.0,1.0,1.0,0,0,0,0.5565641658724662,0.5565641658724662
flat_mlp_search,12,12,1.0,1.0,187.74645927605417,70.0,257.74645927605417,0.8150281189398482,0.7460626016984688,0.0,0.37284324972049177,1.0,1.0,2,1,1,0.9044810777464396,0.9044810777464396
flat_mlp_search,13,13,1.0,1.0,172.29870122733263,70.0,242.29870122733263,0.8302475849977018,0.7612820677563225,0.0,0.40627119938438366,1.0,1.0,2,1,1,0.6236127495878659,0.6236127495878659
flat_mlp_search,14,14,1.0,1.0,176.70724677550302,0.0,176.70724677550302,0.8259041903689626,0.8259041903689626,0.0,0.0,1.0,1.0,0,0,0,0.7037681231909639,0.7037681231909639
flat_mlp_search,15,15,0.9047619047619048,0.9047619047619048,258.87304580739993,105.0,363.87304580739993,0.7449526642291627,0.6415043883670937,-0.006938683225249419,0.3958511782535164,1.0,2.0,3,2,1,0.35741587015935183,0.3533913255218176
flat_mlp_search,16,16,0.38095238095238093,0.38095238095238093,253.05825771707106,140.0,393.05825771707106,0.7506815194905705,0.6127504850078118,0.000417172548111565,0.5538802581642559,1.0,2.0,4,2,2,0.30245292165880056,0.30052961560973684
flat_mlp_search,17,17,1.0,1.0,178.04892276747654,35.0,213.04892276747654,0.8245823421010082,0.7900995834803186,0.0,0.19657518538153887,1.0,1.0,1,0,1,0.7281622321359371,0.7281622321359371
flat_mlp_search,18,18,1.0,1.0,192.08247011977554,70.0,262.0824701197755,0.8107561870741128,0.7417906698327335,0.0,0.3644268004068802,1.0,1.0,2,1,1,0.9833176385413733,0.9833176385413733
flat_mlp_search,19,19,0.0,0.0,255.62963084926812,105.0,360.6296308492681,0.7481481469465339,0.6446998710844649,0.014386019662890409,0.4310455896460249,1.0,2.0,3,2,1,0.3505203153038251,0.3239057349933467
flat_mlp_search,20,20,0.9761904761904762,0.9761904761904762,246.36591473052493,140.0,386.36591473052493,0.7572749608566256,0.619343926373867,0.002094674482047387,0.571545422492134,1.0,2.0,4,2,2,0.25846351118598276,0.23969013391386335
flat_mlp_search,21,21,1.0,1.0,165.81696575453861,35.0,200.81696575453861,0.8366335312763167,0.802150772655627,0.0,0.21107610937599133,1.0,1.0,1,0,1,0.5057630137188835,0.5057630137188835
flat_mlp_search,22,22,0.0,0.0,266.66112270928915,105.0,371.66112270928915,0.7372796820598136,0.6338314061977446,0.032452330230873044,0.43898888708931794,1.0,2.0,3,2,1,0.44867194892033285,0.4241920246299013
flat_mlp_search,23,23,1.0,1.0,160.02628474681825,105.0,265.02628474681825,0.8423386357174205,0.7388903598553516,0.0,0.656142209175969,1.0,1.0,3,1,2,0.40047790448760456,0.40047790448760456
flat_mlp_stable_search,0,0,0.0,0.0,253.23137518646928,0.0,253.23137518646928,0.7505109604074195,0.7505109604074195,0.004404861202334971,0.004404861202334971,1.0,2.0,0,0,0,0.30263473272275787,0.30210341078608416
flat_mlp_stable_search,1,1,0.0,0.0,261.70787466670436,0.0,261.70787466670436,0.7421597293924095,0.7421597293924095,0.4154638388415545,0.4154638388415545,1.0,2.0,0,0,0,0.397816181749677,0.3791624969700395
flat_mlp_stable_search,2,2,0.0,0.0,268.83639235389,0.0,268.83639235389,0.7351365592572512,0.7351365592572512,0.07783351564444738,0.07783351564444738,1.0,2.0,0,0,0,0.5319006400163793,0.4439672032171819
flat_mlp_stable_search,3,3,0.0,0.0,190.76203096088688,35.0,225.76203096088688,0.812057112353806,0.7775743537331163,0.09519054696950552,0.29613026726317376,1.0,1.0,1,0,1,0.9593096538343067,0.9593096538343067
flat_mlp_stable_search,4,4,1.0,1.0,176.1493394873973,70.0,246.1493394873973,0.826453852721776,0.7574883354803967,0.0,0.39739007937073867,1.0,1.0,2,1,1,0.6936243543163146,0.6936243543163146
flat_mlp_stable_search,5,5,1.0,1.0,180.83562145823387,70.0,250.83562145823387,0.8218368261495234,0.752871308908144,0.0,0.38709187623284347,1.0,1.0,2,1,1,0.7788294810587978,0.7788294810587978
flat_mlp_stable_search,6,6,0.38095238095238093,0.38095238095238093,262.64741578052565,35.0,297.64741578052565,0.7412340731226348,0.7067513145019452,0.026887352265304507,0.16372881793317481,1.0,2.0,1,1,0,0.3877318300732724,0.38770377982296017
flat_mlp_stable_search,7,7,0.0,0.0,255.90165316758564,0.0,255.90165316758564,0.7478801446624772,0.7478801446624772,0.4109209761841123,0.4109209761841123,1.0,2.0,0,0,0,0.33038062391951184,0.32637866515986935
flat_mlp_stable_search,8,8,0.3333333333333333,0.3333333333333333,273.0675268078032,0.0,273.0675268078032,0.7309679538839376,0.7309679538839376,0.09796402646503638,0.09796402646503638,1.0,2.0,0,0,0,0.5284479504943471,0.48243206188911975
flat_mlp_stable_search,9,9,0.0,0.0,275.5622072489174,0.0,275.5622072489174,0.7285101406414607,0.7285101406414607,0.5774130776531732,0.5774130776531732,1.0,2.0,0,0,0,0.5070130111159862,0.5051109749901581
flat_mlp_stable_search,10,10,0.0,0.0,181.74378172447928,35.0,216.74378172447928,0.8209420869709564,0.7864593283502668,0.044416125186908226,0.24554853277022756,1.0,1.0,1,0,1,0.7953414858996235,0.7953414858996235
flat_mlp_stable_search,11,11,1.0,1.0,168.61102912298566,70.0,238.61102912298566,0.8338807594847432,0.7649152422433639,0.0,0.4151567092858539,1.0,1.0,2,1,1,0.5565641658724662,0.5565641658724662
flat_mlp_stable_search,12,12,1.0,1.0,187.74645927605417,70.0,257.74645927605417,0.8150281189398482,0.7460626016984688,0.0,0.37284324972049177,1.0,1.0,2,1,1,0.9044810777464396,0.9044810777464396
flat_mlp_stable_search,13,13,1.0,1.0,172.29870122733263,70.0,242.29870122733263,0.8302475849977018,0.7612820677563225,0.0,0.40627119938438366,1.0,1.0,2,1,1,0.6236127495878659,0.6236127495878659
flat_mlp_stable_search,14,14,1.0,1.0,176.70724677550302,0.0,176.70724677550302,0.8259041903689626,0.8259041903689626,0.0,0.0,1.0,1.0,0,0,0,0.7037681231909639,0.7037681231909639
flat_mlp_stable_search,15,15,0.3333333333333333,0.3333333333333333,270.5156544416496,35.0,305.5156544416496,0.7334821138505916,0.698999355229902,0.03772345695609249,0.1719867441156811,1.0,2.0,1,1,0,0.4840159340996592,0.45923322219681434
flat_mlp_stable_search,16,16,0.0,0.0,260.8488429629772,0.0,260.8488429629772,0.7430060660463279,0.7430060660463279,0.03121575361207453,0.03121575361207453,1.0,2.0,0,0,0,0.3868808692111808,0.3713531178452469
flat_mlp_stable_search,17,17,0.0,0.0,178.5521209438703,35.0,213.5521209438703,0.8240865803508668,0.7896038217301771,0.002826179280235913,0.1994013646617748,1.0,1.0,1,0,1,0.7373112898885508,0.7373112898885508
flat_mlp_stable_search,18,18,1.0,1.0,192.08247011977554,0.0,192.08247011977554,0.8107561870741128,0.8107561870741128,0.0,0.0,1.0,1.0,0,0,0,0.9833176385413733,0.9833176385413733
flat_mlp_stable_search,19,19,0.8809523809523809,0.8809523809523809,258.9359105471905,35.0,293.9359105471905,0.7448907285249355,0.7104079699042458,0.027505953731274162,0.1663924770589857,1.0,2.0,1,1,0,0.37836612559358673,0.35396282315627725
flat_mlp_stable_search,20,20,0.0,0.0,268.1871492638418,0.0,268.1871492638418,0.7357762076218307,0.7357762076218307,0.09085266253562459,0.09085266253562459,1.0,2.0,0,0,0,0.4844267747317418,0.43806499330765264
flat_mlp_stable_search,21,21,0.0,0.0,173.8494408566297,35.0,208.8494408566297,0.8287197627028279,0.7942370040821383,0.04844181694882593,0.25951792632481724,1.0,1.0,1,0,1,0.6518080155750859,0.6518080155750859
flat_mlp_stable_search,22,22,0.0,0.0,270.8760540053737,35.0,305.8760540053737,0.7331270403887944,0.6986442817681048,0.048771603149969416,0.18428378876945103,1.0,2.0,1,1,0,0.48394847322098655,0.4625095818670336
flat_mlp_stable_search,23,23,1.0,1.0,160.02628474681825,35.0,195.02628474681825,0.8423386357174205,0.8078558770967309,0.0,0.218714069725323,1.0,1.0,1,0,1,0.40047790448760456,0.40047790448760456
agg_gcn,0,0,0.0,0.0,273.69941126643255,0.0,273.69941126643255,0.7303454076192782,0.7303454076192782,0.08558830429994353,0.08558830429994353,1.0,2.0,0,0,0,0.5030507467683473,0.4881764660584775
agg_gcn,1,1,0.0,0.0,256.6459534246474,70.0,326.6459534246474,0.7471468439166036,0.6781813266752242,0.3880861128853891,0.7666856060993185,1.0,2.0,2,1,1,0.36032000193371044,0.3331450311331583
agg_gcn,2,2,0.0,0.0,256.72917471427087,70.0,326.72917471427087,0.7470648524982554,0.678099335256876,0.029292598847717653,0.3099404138049756,1.0,2.0,2,1,1,0.3477527311274759,0.33390158831155353
agg_gcn,3,3,1.0,1.0,174.1815901248812,35.0,209.1815901248812,0.8283925220444519,0.7939097634237623,0.0,0.20093972029366827,1.0,1.0,1,0,1,0.6578470931796582,0.6578470931796582
agg_gcn,4,4,0.0,0.0,253.69522250775904,35.0,288.695222507759,0.7500539679726512,0.7155712093519616,0.44022806583336527,0.6389231055187344,1.0,2.0,1,1,0,0.3309117250023548,0.3063202046159912
agg_gcn,5,5,0.0,0.5238095238095238,265.5768248453921,0.0,265.5768248453921,0.7383479558173477,0.7383479558173477,0.46860902019091516,0.46860902019091516,1.0,2.0,0,0,0,0.4285673505713894,0.414334771321746
agg_gcn,6,6,0.0,0.30952380952380953,267.56741239479726,70.0,337.56741239479726,0.7363867858179338,0.6674212685765545,0.0461233393446727,0.3198062706804133,1.0,2.0,2,1,1,0.4370223552663764,0.432431021770884
agg_gcn,7,7,0.0,0.0,259.608575964387,70.0,329.608575964387,0.7442280039759734,0.6752624867345941,0.4313591994873317,0.8173061721245451,1.0,2.0,2,1,1,0.3766855591658202,0.36007796331260933
agg_gcn,8,8,0.0,0.0,266.4700421902852,70.0,336.4700421902852,0.737467938728783,0.6685024214874038,0.07143651929539155,0.3528961375481624,1.0,2.0,2,1,1,0.45742430998826283,0.4224549290025924
agg_gcn,9,9,0.0,0.47619047619047616,254.97342859767684,70.0,324.97342859767684,0.7487946516279046,0.6798291343865253,0.45955581042626137,0.8602599437618602,1.0,2.0,2,1,1,0.3241714024485804,0.3179402599788805
agg_gcn,10,10,1.0,1.0,174.01472204573105,35.0,209.01472204573105,0.8285569240928757,0.7940741654721861,0.0,0.20113240758331932,1.0,1.0,1,0,1,0.654813128104201,0.654813128104201
agg_gcn,11,11,1.0,1.0,168.61102912298566,0.0,168.61102912298566,0.8338807594847432,0.8338807594847432,0.0,0.0,1.0,1.0,0,0,0,0.5565641658724662,0.5565641658724662
agg_gcn,12,12,0.0,0.40476190476190477,256.0268046544627,35.0,291.0268046544627,0.7477568427049629,0.7132740840842732,0.3636837980417628,0.5501054229020087,1.0,2.0,1,1,0,0.3675995947180061,0.32751640594966075
agg_gcn,13,13,1.0,1.0,172.29870122733263,35.0,207.29870122733263,0.8302475849977018,0.7957648263770122,0.0,0.20313559969219183,1.0,1.0,1,0,1,0.6236127495878659,0.6236127495878659
agg_gcn,14,14,1.0,1.0,176.70724677550302,0.0,176.70724677550302,0.8259041903689626,0.8259041903689626,0.0,0.0,1.0,1.0,0,0,0,0.7037681231909639,0.7037681231909639
agg_gcn,15,15,0.0,0.38095238095238093,279.940297621593,35.0,314.940297621593,0.724196751111731,0.6897139924910414,0.0738772733459611,0.2081405605055497,1.0,2.0,1,1,0,0.5584216635752118,0.5449117965599367
agg_gcn,16,16,0.0,0.0,254.02333891339674,70.0,324.02333891339674,0.7497307005779342,0.6807651833365549,0.004232435525172516,0.2809639783332447,1.0,2.0,2,1,1,0.3399353072218093,0.30930308103087933
agg_gcn,17,17,0.0,0.0,178.5521209438703,35.0,213.5521209438703,0.8240865803508668,0.7896038217301771,0.002826179280235913,0.1994013646617748,1.0,1.0,1,0,1,0.7373112898885508,0.7373112898885508
agg_gcn,18,18,1.0,1.0,192.08247011977554,0.0,192.08247011977554,0.8107561870741128,0.8107561870741128,0.0,0.0,1.0,1.0,0,0,0,0.9833176385413733,0.9833176385413733
agg_gcn,19,19,0.6190476190476191,0.40476190476190477,267.55316634371627,35.0,302.55316634371627,0.7364008213362401,0.7019180627155505,0.061700830822846664,0.2005873541505582,1.0,2.0,1,1,0,0.434568318992081,0.4323015122156023
agg_gcn,20,20,0.0,0.2619047619047619,269.85736682234597,70.0,339.85736682234597,0.7341306730814325,0.6651651558400532,0.09764628137869452,0.3823716553837378,1.0,2.0,2,1,1,0.4655752100757549,0.4532487892940545
agg_gcn,21,21,0.0,0.0,173.8494408566297,105.0,278.8494408566297,0.8287197627028279,0.7252714868407589,0.04844181694882593,0.6816701450767999,1.0,1.0,3,1,2,0.6518080155750859,0.6518080155750859
agg_gcn,22,22,0.0,0.4523809523809524,276.98959349789175,35.0,311.98959349789175,0.72710384877055,0.6926210901498604,0.07244186310717332,0.20795404872665493,1.0,2.0,1,1,0,0.5462539938283091,0.5180872136171981
agg_gcn,23,23,1.0,1.0,160.02628474681825,35.0,195.02628474681825,0.8423386357174205,0.8078558770967309,0.0,0.218714069725323,1.0,1.0,1,0,1,0.40047790448760456,0.40047790448760456
agg_gcn_pruned,0,0,0.0,0.0,258.51813338643694,0.0,258.51813338643694,0.7453023316389784,0.7453023316389784,0.02537400703641152,0.02537400703641152,1.0,2.0,0,0,0,0.3706999449787308,0.35016484896760885
agg_gcn_pruned,1,1,0.0,0.0,256.6459534246474,70.0,326.6459534246474,0.7471468439166036,0.6781813266752242,0.3880861128853891,0.7666856060993185,1.0,2.0,2,1,1,0.36032000193371044,0.3331450311331583
agg_gcn_pruned,2,2,0.0,0.0,256.72917471427087,70.0,326.72917471427087,0.7470648524982554,0.678099335256876,0.029292598847717653,0.3099404138049756,1.0,2.0,2,1,1,0.3477527311274759,0.33390158831155353
agg_gcn_pruned,3,3,1.0,1.0,174.1815901248812,35.0,209.1815901248812,0.8283925220444519,0.7939097634237623,0.0,0.20093972029366827,1.0,1.0,1,0,1,0.6578470931796582,0.6578470931796582
agg_gcn_pruned,4,4,0.0,0.0,253.69522250775904,35.0,288.695222507759,0.7500539679726512,0.7155712093519616,0.44022806583336527,0.6389231055187344,1.0,2.0,1,1,0,0.3309117250023548,0.3063202046159912
agg_gcn_pruned,5,5,0.5238095238095238,0.5238095238095238,265.5768248453921,0.0,265.5768248453921,0.7383479558173477,0.7383479558173477,0.46860902019091516,0.46860902019091516,1.0,2.0,0,0,0,0.4285673505713894,0.414334771321746
agg_gcn_pruned,6,6,0.9761904761904762,0.9761904761904762,255.5281364984025,140.0,395.5281364984025,0.7482481413808842,0.6103171068981256,-0.0009472937765422547,0.546418568894939,1.0,2.0,4,2,2,0.3595969213365913,0.322983059076386
agg_gcn_pruned,7,7,0.0,0.0,259.608575964387,140.0,399.608575964387,0.7442280039759734,0.6062969694932148,0.4313591994873317,1.2032531447617587,1.0,2.0,4,2,2,0.3766855591658202,0.36007796331260933
agg_gcn_pruned,8,8,0.0,0.0,266.4700421902852,70.0,336.4700421902852,0.737467938728783,0.6685024214874038,0.07143651929539155,0.3528961375481624,1.0,2.0,2,1,1,0.45742430998826283,0.4224549290025924
agg_gcn_pruned,9,9,0.47619047619047616,0.47619047619047616,254.97342859767684,70.0,324.97342859767684,0.7487946516279046,0.6798291343865253,0.45955581042626137,0.8602599437618602,1.0,2.0,2,1,1,0.3241714024485804,0.3179402599788805
agg_gcn_pruned,10,10,1.0,1.0,174.01472204573105,35.0,209.01472204573105,0.8285569240928757,0.7940741654721861,0.0,0.20113240758331932,1.0,1.0,1,0,1,0.654813128104201,0.654813128104201
agg_gcn_pruned,11,11,1.0,1.0,168.61102912298566,0.0,168.61102912298566,0.8338807594847432,0.8338807594847432,0.0,0.0,1.0,1.0,0,0,0,0.5565641658724662,0.5565641658724662
agg_gcn_pruned,12,12,0.40476190476190477,0.40476190476190477,256.0268046544627,35.0,291.0268046544627,0.7477568427049629,0.7132740840842732,0.3636837980417628,0.5501054229020087,1.0,2.0,1,1,0,0.3675995947180061,0.32751640594966075
agg_gcn_pruned,13,13,1.0,1.0,172.29870122733263,35.0,207.29870122733263,0.8302475849977018,0.7957648263770122,0.0,0.20313559969219183,1.0,1.0,1,0,1,0.6236127495878659,0.6236127495878659
agg_gcn_pruned,14,14,1.0,1.0,176.70724677550302,0.0,176.70724677550302,0.8259041903689626,0.8259041903689626,0.0,0.0,1.0,1.0,0,0,0,0.7037681231909639,0.7037681231909639
agg_gcn_pruned,15,15,0.38095238095238093,0.38095238095238093,279.940297621593,35.0,314.940297621593,0.724196751111731,0.6897139924910414,0.0738772733459611,0.2081405605055497,1.0,2.0,1,1,0,0.5584216635752118,0.5449117965599367
agg_gcn_pruned,16,16,0.0,0.0,254.02333891339674,70.0,324.02333891339674,0.7497307005779342,0.6807651833365549,0.004232435525172516,0.2809639783332447,1.0,2.0,2,1,1,0.3399353072218093,0.30930308103087933
agg_gcn_pruned,17,17,0.0,0.0,178.5521209438703,35.0,213.5521209438703,0.8240865803508668,0.7896038217301771,0.002826179280235913,0.1994013646617748,1.0,1.0,1,0,1,0.7373112898885508,0.7373112898885508
agg_gcn_pruned,18,18,1.0,1.0,192.08247011977554,0.0,192.08247011977554,0.8107561870741128,0.8107561870741128,0.0,0.0,1.0,1.0,0,0,0,0.9833176385413733,0.9833176385413733
agg_gcn_pruned,19,19,0.40476190476190477,0.40476190476190477,267.55316634371627,35.0,302.55316634371627,0.7364008213362401,0.7019180627155505,0.061700830822846664,0.2005873541505582,1.0,2.0,1,1,0,0.434568318992081,0.4323015122156023
agg_gcn_pruned,20,20,0.42857142857142855,0.42857142857142855,249.29159229612895,70.0,319.29159229612895,0.7543925199052917,0.6854270026639123,0.0139948836118298,0.2987202576168731,1.0,2.0,2,1,1,0.2707931946248296,0.2662872026920814
agg_gcn_pruned,21,21,0.0,0.0,173.8494408566297,35.0,208.8494408566297,0.8287197627028279,0.7942370040821383,0.04844181694882593,0.25951792632481724,1.0,1.0,1,0,1,0.6518080155750859,0.6518080155750859
agg_gcn_pruned,22,22,0.4523809523809524,0.4523809523809524,276.98959349789175,35.0,311.98959349789175,0.72710384877055,0.6926210901498604,0.07244186310717332,0.20795404872665493,1.0,2.0,1,1,0,0.5462539938283091,0.5180872136171981
agg_gcn_pruned,23,23,1.0,1.0,160.02628474681825,35.0,195.02628474681825,0.8423386357174205,0.8078558770967309,0.0,0.218714069725323,1.0,1.0,1,0,1,0.40047790448760456,0.40047790448760456
agg_gcn_stable,0,0,0.0,0.0,258.51813338643694,0.0,258.51813338643694,0.7453023316389784,0.7453023316389784,0.02537400703641152,0.02537400703641152,1.0,2.0,0,0,0,0.3706999449787308,0.35016484896760885
agg_gcn_stable,1,1,0.0,0.0,265.3337286833711,0.0,265.3337286833711,0.7385874594252502,0.7385874594252502,0.43507450302980755,0.43507450302980755,1.0,2.0,0,0,0,0.4311524018110387,0.41212480621246406
agg_gcn_stable,2,2,0.0,0.0,256.72917471427087,0.0,256.72917471427087,0.7470648524982554,0.7470648524982554,0.029292598847717653,0.029292598847717653,1.0,2.0,0,0,0,0.3477527311274759,0.33390158831155353
agg_gcn_stable,3,3,1.0,1.0,174.1815901248812,35.0,209.1815901248812,0.8283925220444519,0.7939097634237623,0.0,0.20093972029366827,1.0,1.0,1,0,1,0.6578470931796582,0.6578470931796582
agg_gcn_stable,4,4,0.0,0.0,253.69522250775904,35.0,288.695222507759,0.7500539679726512,0.7155712093519616,0.44022806583336527,0.6389231055187344,1.0,2.0,1,1,0,0.3309117250023548,0.3063202046159912
agg_gcn_stable,5,5,0.5238095238095238,0.5238095238095238,265.5768248453921,0.0,265.5768248453921,0.7383479558173477,0.7383479558173477,0.46860902019091516,0.46860902019091516,1.0,2.0,0,0,0,0.4285673505713894,0.414334771321746
agg_gcn_stable,6,6,0.30952380952380953,0.30952380952380953,267.56741239479726,70.0,337.56741239479726,0.7363867858179338,0.6674212685765545,0.0461233393446727,0.3198062706804133,1.0,2.0,2,1,1,0.4370223552663764,0.432431021770884
agg_gcn_stable,7,7,0.0,0.0,259.608575964387,70.0,329.608575964387,0.7442280039759734,0.6752624867345941,0.4313591994873317,0.8173061721245451,1.0,2.0,2,1,1,0.3766855591658202,0.36007796331260933
agg_gcn_stable,8,8,0.0,0.0,266.4700421902852,70.0,336.4700421902852,0.737467938728783,0.6685024214874038,0.07143651929539155,0.3528961375481624,1.0,2.0,2,1,1,0.45742430998826283,0.4224549290025924
agg_gcn_stable,9,9,0.47619047619047616,0.47619047619047616,254.97342859767684,70.0,324.97342859767684,0.7487946516279046,0.6798291343865253,0.45955581042626137,0.8602599437618602,1.0,2.0,2,1,1,0.3241714024485804,0.3179402599788805
agg_gcn_stable,10,10,1.0,1.0,174.01472204573105,35.0,209.01472204573105,0.8285569240928757,0.7940741654721861,0.0,0.20113240758331932,1.0,1.0,1,0,1,0.654813128104201,0.654813128104201
agg_gcn_stable,11,11,1.0,1.0,168.61102912298566,0.0,168.61102912298566,0.8338807594847432,0.8338807594847432,0.0,0.0,1.0,1.0,0,0,0,0.5565641658724662,0.5565641658724662
agg_gcn_stable,12,12,0.40476190476190477,0.40476190476190477,256.0268046544627,35.0,291.0268046544627,0.7477568427049629,0.7132740840842732,0.3636837980417628,0.5501054229020087,1.0,2.0,1,1,0,0.3675995947180061,0.32751640594966075
agg_gcn_stable,13,13,1.0,1.0,172.29870122733263,35.0,207.29870122733263,0.8302475849977018,0.7957648263770122,0.0,0.20313559969219183,1.0,1.0,1,0,1,0.6236127495878659,0.6236127495878659
agg_gcn_stable,14,14,1.0,1.0,176.70724677550302,0.0,176.70724677550302,0.8259041903689626,0.8259041903689626,0.0,0.0,1.0,1.0,0,0,0,0.7037681231909639,0.7037681231909639
agg_gcn_stable,15,15,0.38095238095238093,0.38095238095238093,279.940297621593,35.0,314.940297621593,0.724196751111731,0.6897139924910414,0.0738772733459611,0.2081405605055497,1.0,2.0,1,1,0,0.5584216635752118,0.5449117965599367
agg_gcn_stable,16,16,0.0,0.0,254.02333891339674,70.0,324.02333891339674,0.7497307005779342,0.6807651833365549,0.004232435525172516,0.2809639783332447,1.0,2.0,2,1,1,0.3399353072218093,0.30930308103087933
agg_gcn_stable,17,17,0.0,0.0,178.5521209438703,35.0,213.5521209438703,0.8240865803508668,0.7896038217301771,0.002826179280235913,0.1994013646617748,1.0,1.0,1,0,1,0.7373112898885508,0.7373112898885508
agg_gcn_stable,18,18,1.0,1.0,192.08247011977554,0.0,192.08247011977554,0.8107561870741128,0.8107561870741128,0.0,0.0,1.0,1.0,0,0,0,0.9833176385413733,0.9833176385413733
agg_gcn_stable,19,19,0.40476190476190477,0.40476190476190477,267.55316634371627,35.0,302.55316634371627,0.7364008213362401,0.7019180627155505,0.061700830822846664,0.2005873541505582,1.0,2.0,1,1,0,0.434568318992081,0.4323015122156023
agg_gcn_stable,20,20,0.42857142857142855,0.42857142857142855,249.29159229612895,70.0,319.29159229612895,0.7543925199052917,0.6854270026639123,0.0139948836118298,0.2987202576168731,1.0,2.0,2,1,1,0.2707931946248296,0.2662872026920814
agg_gcn_stable,21,21,0.0,0.0,173.8494408566297,35.0,208.8494408566297,0.8287197627028279,0.7942370040821383,0.04844181694882593,0.25951792632481724,1.0,1.0,1,0,1,0.6518080155750859,0.6518080155750859
agg_gcn_stable,22,22,0.4523809523809524,0.4523809523809524,276.98959349789175,35.0,311.98959349789175,0.72710384877055,0.6926210901498604,0.07244186310717332,0.20795404872665493,1.0,2.0,1,1,0,0.5462539938283091,0.5180872136171981
agg_gcn_stable,23,23,1.0,1.0,160.02628474681825,35.0,195.02628474681825,0.8423386357174205,0.8078558770967309,0.0,0.218714069725323,1.0,1.0,1,0,1,0.40047790448760456,0.40047790448760456
agg_gcn_search,0,0,0.9523809523809523,0.9523809523809523,249.610651131899,0.0,249.610651131899,0.7540781762247301,0.7540781762247301,-0.009956206176479026,-0.009956206176479026,1.0,2.0,0,0,0,0.2960650102793579,0.2691877375627182
agg_gcn_search,1,1,1.0,1.0,184.8919537788345,105.0,289.8919537788345,0.8178404396267641,0.714392163764695,0.0,0.567899239820894,1.0,1.0,3,1,2,0.8525809777969908,0.8525809777969908
agg_gcn_search,2,2,0.0,0.0,249.54047081742107,105.0,354.54047081742107,0.7541473193917034,0.6506990435296345,0.00047125540449447596,0.42144297784038137,1.0,2.0,3,2,1,0.30055489295361537,0.2685497347038279
agg_gcn_search,3,3,1.0,1.0,174.1815901248812,105.0,279.1815901248812,0.8283925220444519,0.724944246182383,0.0,0.6028191608810047,1.0,1.0,3,1,2,0.6578470931796582,0.6578470931796582
agg_gcn_search,4,4,1.0,1.0,176.1493394873973,70.0,246.1493394873973,0.826453852721776,0.7574883354803967,0.0,0.39739007937073867,1.0,1.0,2,1,1,0.6936243543163146,0.6936243543163146
agg_gcn_search,5,5,1.0,1.0,180.83562145823387,70.0,250.83562145823387,0.8218368261495234,0.752871308908144,0.0,0.38709187623284347,1.0,1.0,2,1,1,0.7788294810587978,0.7788294810587978
agg_gcn_search,6,6,0.9761904761904762,0.9761904761904762,255.5281364984025,105.0,360.5281364984025,0.7482481413808842,0.6447998655188152,-0.0009472937765422547,0.40957710322706864,1.0,2.0,3,2,1,0.3595969213365913,0.322983059076386
agg_gcn_search,7,7,1.0,1.0,181.37206653464114,105.0,286.37206653464114,0.8213083088328659,0.7178600329707969,0.0,0.5789204589558202,1.0,1.0,3,1,2,0.7885830279025658,0.7885830279025658
agg_gcn_search,8,8,1.0,1.0,248.70352782591712,105.0,353.70352782591715,0.7549718937675693,0.6515236179055004,0.0,0.4221894273791564,1.0,2.0,3,2,1,0.2655952223405456,0.26094116205379214
agg_gcn_search,9,9,1.0,1.0,174.69248299810624,105.0,279.69248299810624,0.8278891793122106,0.7244409034501417,0.0,0.6010562000033983,1.0,1.0,3,1,2,0.6671360545110228,0.6671360545110228
agg_gcn_search,10,10,1.0,1.0,174.01472204573105,70.0,244.01472204573105,0.8285569240928757,0.7595914068514964,0.0,0.40226481516663865,1.0,1.0,2,1,1,0.654813128104201,0.654813128104201
agg_gcn_search,11,11,1.0,1.0,168.61102912298566,0.0,168.61102912298566,0.8338807594847432,0.8338807594847432,0.0,0.0,1.0,1.0,0,0,0,0.5565641658724662,0.5565641658724662
agg_gcn_search,12,12,1.0,1.0,187.74645927605417,70.0,257.74645927605417,0.8150281189398482,0.7460626016984688,0.0,0.37284324972049177,1.0,1.0,2,1,1,0.9044810777464396,0.9044810777464396
agg_gcn_search,13,13,1.0,1.0,172.29870122733263,70.0,242.29870122733263,0.8302475849977018,0.7612820677563225,0.0,0.40627119938438366,1.0,1.0,2,1,1,0.6236127495878659,0.6236127495878659
agg_gcn_search,14,14,1.0,1.0,176.70724677550302,0.0,176.70724677550302,0.8259041903689626,0.8259041903689626,0.0,0.0,1.0,1.0,0,0,0,0.7037681231909639,0.7037681231909639
agg_gcn_search,15,15,0.9761904761904762,0.9761904761904762,259.1724418091443,105.0,364.1724418091443,0.7446576927988726,0.6412094169368037,-0.005790172043631274,0.39699968943513453,1.0,2.0,3,2,1,0.3803074002697393,0.3561131073558571
agg_gcn_search,16,16,0.40476190476190477,0.40476190476190477,252.25333653047872,140.0,392.2533365304787,0.7514745452901688,0.6135435108074102,-0.002764928620525605,0.5506981569956186,1.0,2.0,4,2,2,0.30821021483809596,0.29321215027707914
agg_gcn_search,17,17,1.0,1.0,178.04892276747654,35.0,213.04892276747654,0.8245823421010082,0.7900995834803186,0.0,0.19657518538153887,1.0,1.0,1,0,1,0.7281622321359371,0.7281622321359371
agg_gcn_search,18,18,1.0,1.0,192.08247011977554,70.0,262.0824701197755,0.8107561870741128,0.7417906698327335,0.0,0.3644268004068802,1.0,1.0,2,1,1,0.9833176385413733,0.9833176385413733
agg_gcn_search,19,19,0.9285714285714286,0.9285714285714286,253.52369405124637,35.0,288.52369405124637,0.7502229615258657,0.715740202905176,0.006029269942172263,0.1449157932698838,1.0,2.0,1,1,0,0.3276492621609092,0.30476085501133066
agg_gcn_search,20,20,0.9761904761904762,0.9761904761904762,246.36591473052493,140.0,386.36591473052493,0.7572749608566256,0.619343926373867,0.002094674482047387,0.571545422492134,1.0,2.0,4,2,2,0.25846351118598276,0.23969013391386335
agg_gcn_search,21,21,1.0,1.0,165.81696575453861,35.0,200.81696575453861,0.8366335312763167,0.802150772655627,0.0,0.21107610937599133,1.0,1.0,1,0,1,0.5057630137188835,0.5057630137188835
agg_gcn_search,22,22,0.0,0.0,266.66112270928915,105.0,371.66112270928915,0.7372796820598136,0.6338314061977446,0.032452330230873044,0.43898888708931794,1.0,2.0,3,2,1,0.44867194892033285,0.4241920246299013
agg_gcn_search,23,23,1.0,1.0,160.02628474681825,105.0,265.02628474681825,0.8423386357174205,0.7388903598553516,0.0,0.656142209175969,1.0,1.0,3,1,2,0.40047790448760456,0.40047790448760456
agg_gcn_stable_search,0,0,0.9523809523809523,0.9523809523809523,249.610651131899,0.0,249.610651131899,0.7540781762247301,0.7540781762247301,-0.009956206176479026,-0.009956206176479026,1.0,2.0,0,0,0,0.2960650102793579,0.2691877375627182
agg_gcn_stable_search,1,1,0.0,0.0,265.2248204507532,0.0,265.2248204507532,0.7386947581765978,0.7386947581765978,0.4344854658630083,0.4344854658630083,1.0,2.0,0,0,0,0.5009048001734199,0.4111347313704837
agg_gcn_stable_search,2,2,0.3333333333333333,0.3333333333333333,259.99027475406535,0.0,259.99027475406535,0.7438519460551081,0.7438519460551081,0.04236717885522264,0.04236717885522264,1.0,2.0,0,0,0,0.36460326242495317,0.3635479523096852
agg_gcn_stable_search,3,3,1.0,1.0,174.1815901248812,105.0,279.1815901248812,0.8283925220444519,0.724944246182383,0.0,0.6028191608810047,1.0,1.0,3,1,2,0.6578470931796582,0.6578470931796582
agg_gcn_stable_search,4,4,1.0,1.0,176.1493394873973,70.0,246.1493394873973,0.826453852721776,0.7574883354803967,0.0,0.39739007937073867,1.0,1.0,2,1,1,0.6936243543163146,0.6936243543163146
agg_gcn_stable_search,5,5,1.0,1.0,180.83562145823387,70.0,250.83562145823387,0.8218368261495234,0.752871308908144,0.0,0.38709187623284347,1.0,1.0,2,1,1,0.7788294810587978,0.7788294810587978
agg_gcn_stable_search,6,6,0.3333333333333333,0.3333333333333333,262.5350226879047,35.0,297.5350226879047,0.7413448052335914,0.7068620466129018,0.026447922678870354,0.16328938834674067,1.0,2.0,1,1,0,0.3927738336965612,0.38668202443549726
agg_gcn_stable_search,7,7,0.0,0.0,274.71979950577617,0.0,274.71979950577617,0.7293400990090876,0.7293400990090876,0.5146753563250938,0.5146753563250938,1.0,2.0,0,0,0,0.5211162988601259,0.4974527227797832
agg_gcn_stable_search,8,8,0.38095238095238093,0.38095238095238093,276.2105428302655,0.0,276.2105428302655,0.7278713863741227,0.7278713863741227,0.11060162774853058,0.11060162774853058,1.0,2.0,0,0,0,0.5362972554651546,0.5110049348205956
agg_gcn_stable_search,9,9,1.0,1.0,174.69248299810624,35.0,209.69248299810624,0.8278891793122106,0.7934064206915209,0.0,0.20035206666779942,1.0,1.0,1,0,1,0.6671360545110228,0.6671360545110228
agg_gcn_stable_search,10,10,1.0,1.0,174.01472204573105,70.0,244.01472204573105,0.8285569240928757,0.7595914068514964,0.0,0.40226481516663865,1.0,1.0,2,1,1,0.654813128104201,0.654813128104201
agg_gcn_stable_search,11,11,1.0,1.0,168.61102912298566,0.0,168.61102912298566,0.8338807594847432,0.8338807594847432,0.0,0.0,1.0,1.0,0,0,0,0.5565641658724662,0.5565641658724662
agg_gcn_stable_search,12,12,1.0,1.0,187.74645927605417,70.0,257.74645927605417,0.8150281189398482,0.7460626016984688,0.0,0.37284324972049177,1.0,1.0,2,1,1,0.9044810777464396,0.9044810777464396
agg_gcn_stable_search,13,13,1.0,1.0,172.29870122733263,70.0,242.29870122733263,0.8302475849977018,0.7612820677563225,0.0,0.40627119938438366,1.0,1.0,2,1,1,0.6236127495878659,0.6236127495878659
agg_gcn_stable_search,14,14,1.0,1.0,176.70724677550302,0.0,176.70724677550302,0.8259041903689626,0.8259041903689626,0.0,0.0,1.0,1.0,0,0,0,0.7037681231909639,0.7037681231909639
agg_gcn_stable_search,15,15,0.0,0.0,265.4034552822998,35.0,300.4034552822998,0.7385187632686702,0.7040360046479806,0.018112580848984167,0.15237586800857278,1.0,2.0,1,1,0,0.4296976935906205,0.4127586843845438
agg_gcn_stable_search,16,16,0.42857142857142855,0.42857142857142855,262.51287311376325,0.0,262.51287311376325,0.7413666274741249,0.7413666274741249,0.03779417691073418,0.03779417691073418,1.0,2.0,0,0,0,0.4312058466149319,0.38648066467057507
agg_gcn_stable_search,17,17,1.0,1.0,178.04892276747654,35.0,213.04892276747654,0.8245823421010082,0.7900995834803186,0.0,0.19657518538153887,1.0,1.0,1,0,1,0.7281622321359371,0.7281622321359371
agg_gcn_stable_search,18,18,1.0,1.0,192.08247011977554,70.0,262.0824701197755,0.8107561870741128,0.7417906698327335,0.0,0.3644268004068802,1.0,1.0,2,1,1,0.9833176385413733,0.9833176385413733
agg_gcn_stable_search,19,19,0.9285714285714286,0.9285714285714286,253.52369405124637,35.0,288.52369405124637,0.7502229615258657,0.715740202905176,0.006029269942172263,0.1449157932698838,1.0,2.0,1,1,0,0.3276492621609092,0.30476085501133066
agg_gcn_stable_search,20,20,0.0,0.0,268.1871492638418,0.0,268.1871492638418,0.7357762076218307,0.7357762076218307,0.09085266253562459,0.09085266253562459,1.0,2.0,0,0,0,0.4844267747317418,0.43806499330765264
agg_gcn_stable_search,21,21,0.0,0.0,173.8494408566297,35.0,208.8494408566297,0.8287197627028279,0.7942370040821383,0.04844181694882593,0.25951792632481724,1.0,1.0,1,0,1,0.6518080155750859,0.6518080155750859
agg_gcn_stable_search,22,22,0.0,0.0,270.8760540053737,35.0,305.8760540053737,0.7331270403887944,0.6986442817681048,0.048771603149969416,0.18428378876945103,1.0,2.0,1,1,0,0.48394847322098655,0.4625095818670336
agg_gcn_stable_search,23,23,1.0,1.0,160.02628474681825,35.0,195.02628474681825,0.8423386357174205,0.8078558770967309,0.0,0.218714069725323,1.0,1.0,1,0,1,0.40047790448760456,0.40047790448760456
ml_gcn,0,0,0.0,0.0,273.69941126643255,0.0,273.69941126643255,0.7303454076192782,0.7303454076192782,0.08558830429994353,0.08558830429994353,1.0,2.0,0,0,0,0.5030507467683473,0.4881764660584775
ml_gcn,1,1,0.0,0.0,256.6459534246474,70.0,326.6459534246474,0.7471468439166036,0.6781813266752242,0.3880861128853891,0.7666856060993185,1.0,2.0,2,1,1,0.36032000193371044,0.3331450311331583
ml_gcn,2,2,0.0,0.0,256.72917471427087,70.0,326.72917471427087,0.7470648524982554,0.678099335256876,0.029292598847717653,0.3099404138049756,1.0,2.0,2,1,1,0.3477527311274759,0.33390158831155353
ml_gcn,3,3,1.0,1.0,174.1815901248812,35.0,209.1815901248812,0.8283925220444519,0.7939097634237623,0.0,0.20093972029366827,1.0,1.0,1,0,1,0.6578470931796582,0.6578470931796582
ml_gcn,4,4,0.0,0.0,257.5590878740574,105.0,362.5590878740574,0.746247204064968,0.6427989282028991,0.4621632338989532,1.0582483529550613,1.0,2.0,3,2,1,0.34692140778634,0.341446253400522
ml_gcn,5,5,0.0,0.5238095238095238,261.7580245906386,70.0,331.7580245906386,0.7421103206003561,0.6731448033589768,0.44749149796847265,0.8345833742013161,1.0,2.0,2,1,1,0.3956319339208819,0.379618405369442
ml_gcn,6,6,0.5238095238095238,0.9761904761904762,255.5281364984025,140.0,395.5281364984025,0.7482481413808842,0.6103171068981256,-0.0009472937765422547,0.546418568894939,1.0,2.0,4,2,2,0.3595969213365913,0.322983059076386
ml_gcn,7,7,0.0,0.0,259.608575964387,140.0,399.608575964387,0.7442280039759734,0.6062969694932148,0.4313591994873317,1.2032531447617587,1.0,2.0,4,2,2,0.3766855591658202,0.36007796331260933
ml_gcn,8,8,0.5714285714285714,0.5238095238095238,304.27494691650793,140.0,444.27494691650793,0.7002217271758543,0.5622906926930956,0.22344443432860614,0.7863636708341478,1.0,2.0,4,2,2,0.7715791477007716,0.7661358810591631
ml_gcn,9,9,0.0,0.47619047619047616,254.97342859767684,140.0,394.97342859767684,0.7487946516279046,0.6108636171451459,0.45955581042626137,1.260964077097459,1.0,2.0,4,2,2,0.3241714024485804,0.3179402599788805
ml_gcn,10,10,1.0,1.0,174.01472204573105,35.0,209.01472204573105,0.8285569240928757,0.7940741654721861,0.0,0.20113240758331932,1.0,1.0,1,0,1,0.654813128104201,0.654813128104201
ml_gcn,11,11,1.0,1.0,168.61102912298566,0.0,168.61102912298566,0.8338807594847432,0.8338807594847432,0.0,0.0,1.0,1.0,0,0,0,0.5565641658724662,0.5565641658724662
ml_gcn,12,12,0.0,0.40476190476190477,256.0268046544627,35.0,291.0268046544627,0.7477568427049629,0.7132740840842732,0.3636837980417628,0.5501054229020087,1.0,2.0,1,1,0,0.3675995947180061,0.32751640594966075
ml_gcn,13,13,1.0,1.0,172.29870122733263,35.0,207.29870122733263,0.8302475849977018,0.7957648263770122,0.0,0.20313559969219183,1.0,1.0,1,0,1,0.6236127495878659,0.6236127495878659
ml_gcn,14,14,1.0,1.0,176.70724677550302,0.0,176.70724677550302,0.8259041903689626,0.8259041903689626,0.0,0.0,1.0,1.0,0,0,0,0.7037681231909639,0.7037681231909639
ml_gcn,15,15,0.0,0.38095238095238093,279.940297621593,35.0,314.940297621593,0.724196751111731,0.6897139924910414,0.0738772733459611,0.2081405605055497,1.0,2.0,1,1,0,0.5584216635752118,0.5449117965599367
ml_gcn,16,16,0.0,0.0,254.02333891339674,70.0,324.02333891339674,0.7497307005779342,0.6807651833365549,0.004232435525172516,0.2809639783332447,1.0,2.0,2,1,1,0.3399353072218093,0.30930308103087933
ml_gcn,17,17,0.0,0.0,178.5521209438703,35.0,213.5521209438703,0.8240865803508668,0.7896038217301771,0.002826179280235913,0.1994013646617748,1.0,1.0,1,0,1,0.7373112898885508,0.7373112898885508
ml_gcn,18,18,1.0,1.0,192.08247011977554,0.0,192.08247011977554,0.8107561870741128,0.8107561870741128,0.0,0.0,1.0,1.0,0,0,0,0.9833176385413733,0.9833176385413733
ml_gcn,19,19,0.6190476190476191,0.40476190476190477,267.55316634371627,35.0,302.55316634371627,0.7364008213362401,0.7019180627155505,0.061700830822846664,0.2005873541505582,1.0,2.0,1,1,0,0.434568318992081,0.4323015122156023
ml_gcn,20,20,0.0,0.42857142857142855,249.29159229612895,70.0,319.29159229612895,0.7543925199052917,0.6854270026639123,0.0139948836118298,0.2987202576168731,1.0,2.0,2,1,1,0.2707931946248296,0.2662872026920814
ml_gcn,21,21,0.0,0.0,173.8494408566297,35.0,208.8494408566297,0.8287197627028279,0.7942370040821383,0.04844181694882593,0.25951792632481724,1.0,1.0,1,0,1,0.6518080155750859,0.6518080155750859
ml_gcn,22,22,0.0,0.4523809523809524,276.98959349789175,35.0,311.98959349789175,0.72710384877055,0.6926210901498604,0.07244186310717332,0.20795404872665493,1.0,2.0,1,1,0,0.5462539938283091,0.5180872136171981
ml_gcn,23,23,1.0,1.0,160.02628474681825,35.0,195.02628474681825,0.8423386357174205,0.8078558770967309,0.0,0.218714069725323,1.0,1.0,1,0,1,0.40047790448760456,0.40047790448760456
ml_gcn_pruned,0,0,0.0,0.0,258.51813338643694,0.0,258.51813338643694,0.7453023316389784,0.7453023316389784,0.02537400703641152,0.02537400703641152,1.0,2.0,0,0,0,0.3706999449787308,0.35016484896760885
ml_gcn_pruned,1,1,0.0,0.0,256.6459534246474,70.0,326.6459534246474,0.7471468439166036,0.6781813266752242,0.3880861128853891,0.7666856060993185,1.0,2.0,2,1,1,0.36032000193371044,0.3331450311331583
ml_gcn_pruned,2,2,0.0,0.0,256.72917471427087,70.0,326.72917471427087,0.7470648524982554,0.678099335256876,0.029292598847717653,0.3099404138049756,1.0,2.0,2,1,1,0.3477527311274759,0.33390158831155353
ml_gcn_pruned,3,3,1.0,1.0,174.1815901248812,35.0,209.1815901248812,0.8283925220444519,0.7939097634237623,0.0,0.20093972029366827,1.0,1.0,1,0,1,0.6578470931796582,0.6578470931796582
ml_gcn_pruned,4,4,0.0,0.0,257.5590878740574,105.0,362.5590878740574,0.746247204064968,0.6427989282028991,0.4621632338989532,1.0582483529550613,1.0,2.0,3,2,1,0.34692140778634,0.341446253400522
ml_gcn_pruned,5,5,0.5238095238095238,0.5238095238095238,261.7580245906386,70.0,331.7580245906386,0.7421103206003561,0.6731448033589768,0.44749149796847265,0.8345833742013161,1.0,2.0,2,1,1,0.3956319339208819,0.379618405369442
ml_gcn_pruned,6,6,0.9761904761904762,0.9761904761904762,255.5281364984025,140.0,395.5281364984025,0.7482481413808842,0.6103171068981256,-0.0009472937765422547,0.546418568894939,1.0,2.0,4,2,2,0.3595969213365913,0.322983059076386
ml_gcn_pruned,7,7,0.0,0.0,259.608575964387,140.0,399.608575964387,0.7442280039759734,0.6062969694932148,0.4313591994873317,1.2032531447617587,1.0,2.0,4,2,2,0.3766855591658202,0.36007796331260933
ml_gcn_pruned,8,8,0.0,0.0,266.4700421902852,70.0,336.4700421902852,0.737467938728783,0.6685024214874038,0.07143651929539155,0.3528961375481624,1.0,2.0,2,1,1,0.45742430998826283,0.4224549290025924
ml_gcn_pruned,9,9,0.0,0.0,254.01459487560328,70.0,324.0145948756033,0.7497393153934943,0.680773798152115,0.4540671156317409,0.8547712489673397,1.0,2.0,2,1,1,0.3153779358861006,0.30922358977821174
ml_gcn_pruned,10,10,1.0,1.0,174.01472204573105,35.0,209.01472204573105,0.8285569240928757,0.7940741654721861,0.0,0.20113240758331932,1.0,1.0,1,0,1,0.654813128104201,0.654813128104201
ml_gcn_pruned,11,11,1.0,1.0,168.61102912298566,0.0,168.61102912298566,0.8338807594847432,0.8338807594847432,0.0,0.0,1.0,1.0,0,0,0,0.5565641658724662,0.5565641658724662
ml_gcn_pruned,12,12,0.0,0.0,249.2823112022045,35.0,284.2823112022045,0.7544016638401926,0.719918905219503,0.3277603858066411,0.5141820106668868,1.0,2.0,1,1,0,0.31398744904667375,0.26620282911095006
ml_gcn_pruned,13,13,1.0,1.0,172.29870122733263,35.0,207.29870122733263,0.8302475849977018,0.7957648263770122,0.0,0.20313559969219183,1.0,1.0,1,0,1,0.6236127495878659,0.6236127495878659
ml_gcn_pruned,14,14,1.0,1.0,176.70724677550302,0.0,176.70724677550302,0.8259041903689626,0.8259041903689626,0.0,0.0,1.0,1.0,0,0,0,0.7037681231909639,0.7037681231909639
ml_gcn_pruned,15,15,0.38095238095238093,0.38095238095238093,279.940297621593,35.0,314.940297621593,0.724196751111731,0.6897139924910414,0.0738772733459611,0.2081405605055497,1.0,2.0,1,1,0,0.5584216635752118,0.5449117965599367
ml_gcn_pruned,16,16,0.0,0.0,254.02333891339674,70.0,324.02333891339674,0.7497307005779342,0.6807651833365549,0.004232435525172516,0.2809639783332447,1.0,2.0,2,1,1,0.3399353072218093,0.30930308103087933
ml_gcn_pruned,17,17,0.0,0.0,178.5521209438703,35.0,213.5521209438703,0.8240865803508668,0.7896038217301771,0.002826179280235913,0.1994013646617748,1.0,1.0,1,0,1,0.7373112898885508,0.7373112898885508
ml_gcn_pruned,18,18,1.0,1.0,192.08247011977554,0.0,192.08247011977554,0.8107561870741128,0.8107561870741128,0.0,0.0,1.0,1.0,0,0,0,0.9833176385413733,0.9833176385413733
ml_gcn_pruned,19,19,0.40476190476190477,0.40476190476190477,267.55316634371627,35.0,302.55316634371627,0.7364008213362401,0.7019180627155505,0.061700830822846664,0.2005873541505582,1.0,2.0,1,1,0,0.434568318992081,0.4323015122156023
ml_gcn_pruned,20,20,0.42857142857142855,0.42857142857142855,249.29159229612895,70.0,319.29159229612895,0.7543925199052917,0.6854270026639123,0.0139948836118298,0.2987202576168731,1.0,2.0,2,1,1,0.2707931946248296,0.2662872026920814
ml_gcn_pruned,21,21,0.0,0.0,173.8494408566297,35.0,208.8494408566297,0.8287197627028279,0.7942370040821383,0.04844181694882593,0.25951792632481724,1.0,1.0,1,0,1,0.6518080155750859,0.6518080155750859
ml_gcn_pruned,22,22,0.4523809523809524,0.4523809523809524,276.98959349789175,35.0,311.98959349789175,0.72710384877055,0.6926210901498604,0.07244186310717332,0.20795404872665493,1.0,2.0,1,1,0,0.5462539938283091,0.5180872136171981
ml_gcn_pruned,23,23,1.0,1.0,160.02628474681825,35.0,195.02628474681825,0.8423386357174205,0.8078558770967309,0.0,0.218714069725323,1.0,1.0,1,0,1,0.40047790448760456,0.40047790448760456
ml_gcn_stable,0,0,0.0,0.0,258.51813338643694,0.0,258.51813338643694,0.7453023316389784,0.7453023316389784,0.02537400703641152,0.02537400703641152,1.0,2.0,0,0,0,0.3706999449787308,0.35016484896760885
ml_gcn_stable,1,1,0.0,0.0,265.3337286833711,0.0,265.3337286833711,0.7385874594252502,0.7385874594252502,0.43507450302980755,0.43507450302980755,1.0,2.0,0,0,0,0.4311524018110387,0.41212480621246406
ml_gcn_stable,2,2,0.0,0.0,256.72917471427087,0.0,256.72917471427087,0.7470648524982554,0.7470648524982554,0.029292598847717653,0.029292598847717653,1.0,2.0,0,0,0,0.3477527311274759,0.33390158831155353
ml_gcn_stable,3,3,1.0,1.0,174.1815901248812,35.0,209.1815901248812,0.8283925220444519,0.7939097634237623,0.0,0.20093972029366827,1.0,1.0,1,0,1,0.6578470931796582,0.6578470931796582
ml_gcn_stable,4,4,0.0,0.0,253.69522250775904,35.0,288.695222507759,0.7500539679726512,0.7155712093519616,0.44022806583336527,0.6389231055187344,1.0,2.0,1,1,0,0.3309117250023548,0.3063202046159912
ml_gcn_stable,5,5,0.5238095238095238,0.5238095238095238,265.5768248453921,0.0,265.5768248453921,0.7383479558173477,0.7383479558173477,0.46860902019091516,0.46860902019091516,1.0,2.0,0,0,0,0.4285673505713894,0.414334771321746
ml_gcn_stable,6,6,0.30952380952380953,0.30952380952380953,267.56741239479726,70.0,337.56741239479726,0.7363867858179338,0.6674212685765545,0.0461233393446727,0.3198062706804133,1.0,2.0,2,1,1,0.4370223552663764,0.432431021770884
ml_gcn_stable,7,7,0.0,0.0,259.608575964387,70.0,329.608575964387,0.7442280039759734,0.6752624867345941,0.4313591994873317,0.8173061721245451,1.0,2.0,2,1,1,0.3766855591658202,0.36007796331260933
ml_gcn_stable,8,8,0.0,0.0,266.4700421902852,70.0,336.4700421902852,0.737467938728783,0.6685024214874038,0.07143651929539155,0.3528961375481624,1.0,2.0,2,1,1,0.45742430998826283,0.4224549290025924
ml_gcn_stable,9,9,0.47619047619047616,0.47619047619047616,254.97342859767684,70.0,324.97342859767684,0.7487946516279046,0.6798291343865253,0.45955581042626137,0.8602599437618602,1.0,2.0,2,1,1,0.3241714024485804,0.3179402599788805
ml_gcn_stable,10,10,1.0,1.0,174.01472204573105,35.0,209.01472204573105,0.8285569240928757,0.7940741654721861,0.0,0.20113240758331932,1.0,1.0,1,0,1,0.654813128104201,0.654813128104201
ml_gcn_stable,11,11,1.0,1.0,168.61102912298566,0.0,168.61102912298566,0.8338807594847432,0.8338807594847432,0.0,0.0,1.0,1.0,0,0,0,0.5565641658724662,0.5565641658724662
ml_gcn_stable,12,12,0.40476190476190477,0.40476190476190477,256.0268046544627,35.0,291.0268046544627,0.7477568427049629,0.7132740840842732,0.3636837980417628,0.5501054229020087,1.0,2.0,1,1,0,0.3675995947180061,0.32751640594966075
ml_gcn_stable,13,13,1.0,1.0,172.29870122733263,35.0,207.29870122733263,0.8302475849977018,0.7957648263770122,0.0,0.20313559969219183,1.0,1.0,1,0,1,0.6236127495878659,0.6236127495878659
ml_gcn_stable,14,14,1.0,1.0,176.70724677550302,0.0,176.70724677550302,0.8259041903689626,0.8259041903689626,0.0,0.0,1.0,1.0,0,0,0,0.7037681231909639,0.7037681231909639
ml_gcn_stable,15,15,0.38095238095238093,0.38095238095238093,279.940297621593,35.0,314.940297621593,0.724196751111731,0.6897139924910414,0.0738772733459611,0.2081405605055497,1.0,2.0,1,1,0,0.5584216635752118,0.5449117965599367
ml_gcn_stable,16,16,0.0,0.0,254.02333891339674,70.0,324.02333891339674,0.7497307005779342,0.6807651833365549,0.004232435525172516,0.2809639783332447,1.0,2.0,2,1,1,0.3399353072218093,0.30930308103087933
ml_gcn_stable,17,17,0.0,0.0,178.5521209438703,35.0,213.5521209438703,0.8240865803508668,0.7896038217301771,0.002826179280235913,0.1994013646617748,1.0,1.0,1,0,1,0.7373112898885508,0.7373112898885508
ml_gcn_stable,18,18,1.0,1.0,192.08247011977554,0.0,192.08247011977554,0.8107561870741128,0.8107561870741128,0.0,0.0,1.0,1.0,0,0,0,0.9833176385413733,0.9833176385413733
ml_gcn_stable,19,19,0.40476190476190477,0.40476190476190477,267.55316634371627,35.0,302.55316634371627,0.7364008213362401,0.7019180627155505,0.061700830822846664,0.2005873541505582,1.0,2.0,1,1,0,0.434568318992081,0.4323015122156023
ml_gcn_stable,20,20,0.42857142857142855,0.42857142857142855,249.29159229612895,70.0,319.29159229612895,0.7543925199052917,0.6854270026639123,0.0139948836118298,0.2987202576168731,1.0,2.0,2,1,1,0.2707931946248296,0.2662872026920814
ml_gcn_stable,21,21,0.0,0.0,173.8494408566297,35.0,208.8494408566297,0.8287197627028279,0.7942370040821383,0.04844181694882593,0.25951792632481724,1.0,1.0,1,0,1,0.6518080155750859,0.6518080155750859
ml_gcn_stable,22,22,0.4523809523809524,0.4523809523809524,276.98959349789175,35.0,311.98959349789175,0.72710384877055,0.6926210901498604,0.07244186310717332,0.20795404872665493,1.0,2.0,1,1,0,0.5462539938283091,0.5180872136171981
ml_gcn_stable,23,23,1.0,1.0,160.02628474681825,35.0,195.02628474681825,0.8423386357174205,0.8078558770967309,0.0,0.218714069725323,1.0,1.0,1,0,1,0.40047790448760456,0.40047790448760456
ml_gcn_search,0,0,0.0,0.0,253.57234159159194,0.0,253.57234159159194,0.7501750329146878,0.7501750329146878,0.005757254106096212,0.005757254106096212,1.0,2.0,0,0,0,0.32123593637123443,0.3052031053781086
ml_gcn_search,1,1,1.0,1.0,184.8919537788345,105.0,289.8919537788345,0.8178404396267641,0.714392163764695,0.0,0.567899239820894,1.0,1.0,3,1,2,0.8525809777969908,0.8525809777969908
ml_gcn_search,2,2,0.0,0.0,249.54047081742107,105.0,354.54047081742107,0.7541473193917034,0.6506990435296345,0.00047125540449447596,0.42144297784038137,1.0,2.0,3,2,1,0.30055489295361537,0.2685497347038279
ml_gcn_search,3,3,1.0,1.0,174.1815901248812,105.0,279.1815901248812,0.8283925220444519,0.724944246182383,0.0,0.6028191608810047,1.0,1.0,3,1,2,0.6578470931796582,0.6578470931796582
ml_gcn_search,4,4,1.0,1.0,176.1493394873973,70.0,246.1493394873973,0.826453852721776,0.7574883354803967,0.0,0.39739007937073867,1.0,1.0,2,1,1,0.6936243543163146,0.6936243543163146
ml_gcn_search,5,5,1.0,1.0,180.83562145823387,70.0,250.83562145823387,0.8218368261495234,0.752871308908144,0.0,0.38709187623284347,1.0,1.0,2,1,1,0.7788294810587978,0.7788294810587978
ml_gcn_search,6,6,0.9761904761904762,0.9761904761904762,255.5281364984025,105.0,360.5281364984025,0.7482481413808842,0.6447998655188152,-0.0009472937765422547,0.40957710322706864,1.0,2.0,3,2,1,0.3595969213365913,0.322983059076386
ml_gcn_search,7,7,1.0,1.0,181.37206653464114,105.0,286.37206653464114,0.8213083088328659,0.7178600329707969,0.0,0.5789204589558202,1.0,1.0,3,1,2,0.7885830279025658,0.7885830279025658
ml_gcn_search,8,8,0.9761904761904762,0.9761904761904762,250.22801775239046,105.0,355.22801775239043,0.7534699332488765,0.6500216573868075,0.006129747896219713,0.42831917527537583,1.0,2.0,3,2,1,0.29824196829113336,0.2748001613853677
ml_gcn_search,9,9,1.0,1.0,174.69248299810624,105.0,279.69248299810624,0.8278891793122106,0.7244409034501417,0.0,0.6010562000033983,1.0,1.0,3,1,2,0.6671360545110228,0.6671360545110228
ml_gcn_search,10,10,1.0,1.0,174.01472204573105,70.0,244.01472204573105,0.8285569240928757,0.7595914068514964,0.0,0.40226481516663865,1.0,1.0,2,1,1,0.654813128104201,0.654813128104201
ml_gcn_search,11,11,1.0,1.0,168.61102912298566,0.0,168.61102912298566,0.8338807594847432,0.8338807594847432,0.0,0.0,1.0,1.0,0,0,0,0.5565641658724662,0.5565641658724662
ml_gcn_search,12,12,1.0,1.0,187.74645927605417,70.0,257.74645927605417,0.8150281189398482,0.7460626016984688,0.0,0.37284324972049177,1.0,1.0,2,1,1,0.9044810777464396,0.9044810777464396
ml_gcn_search,13,13,1.0,1.0,172.29870122733263,70.0,242.29870122733263,0.8302475849977018,0.7612820677563225,0.0,0.40627119938438366,1.0,1.0,2,1,1,0.6236127495878659,0.6236127495878659
ml_gcn_search,14,14,1.0,1.0,176.70724677550302,0.0,176.70724677550302,0.8259041903689626,0.8259041903689626,0.0,0.0,1.0,1.0,0,0,0,0.7037681231909639,0.7037681231909639
ml_gcn_search,15,15,0.9761904761904762,0.9761904761904762,259.1724418091443,105.0,364.1724418091443,0.7446576927988726,0.6412094169368037,-0.005790172043631274,0.39699968943513453,1.0,2.0,3,2,1,0.3803074002697393,0.3561131073558571
ml_gcn_search,16,16,0.38095238095238093,0.38095238095238093,253.05825771707106,140.0,393.05825771707106,0.7506815194905705,0.6127504850078118,0.000417172548111565,0.5538802581642559,1.0,2.0,4,2,2,0.30245292165880056,0.30052961560973684
ml_gcn_search,17,17,1.0,1.0,178.04892276747654,35.0,213.04892276747654,0.8245823421010082,0.7900995834803186,0.0,0.19657518538153887,1.0,1.0,1,0,1,0.7281622321359371,0.7281622321359371
ml_gcn_search,18,18,1.0,1.0,192.08247011977554,70.0,262.0824701197755,0.8107561870741128,0.7417906698327335,0.0,0.3644268004068802,1.0,1.0,2,1,1,0.9833176385413733,0.9833176385413733
ml_gcn_search,19,19,0.9285714285714286,0.9285714285714286,253.52369405124637,35.0,288.52369405124637,0.7502229615258657,0.715740202905176,0.006029269942172263,0.1449157932698838,1.0,2.0,1,1,0,0.3276492621609092,0.30476085501133066
ml_gcn_search,20,20,1.0,1.0,245.8509370463066,140.0,385.8509370463066,0.7577823280331955,0.6198512935504368,0.0,0.5694507480100867,1.0,2.0,4,2,2,0.2381372054397202,0.2350085186027872
ml_gcn_search,21,21,1.0,1.0,165.81696575453861,35.0,200.81696575453861,0.8366335312763167,0.802150772655627,0.0,0.21107610937599133,1.0,1.0,1,0,1,0.5057630137188835,0.5057630137188835
ml_gcn_search,22,22,0.0,0.0,266.66112270928915,105.0,371.66112270928915,0.7372796820598136,0.6338314061977446,0.032452330230873044,0.43898888708931794,1.0,2.0,3,2,1,0.44867194892033285,0.4241920246299013
ml_gcn_search,23,23,1.0,1.0,160.02628474681825,105.0,265.02628474681825,0.8423386357174205,0.7388903598553516,0.0,0.656142209175969,1.0,1.0,3,1,2,0.40047790448760456,0.40047790448760456
ml_gcn_stable_search,0,0,0.0,0.0,253.57234159159194,0.0,253.57234159159194,0.7501750329146878,0.7501750329146878,0.005757254106096212,0.005757254106096212,1.0,2.0,0,0,0,0.32123593637123443,0.3052031053781086
ml_gcn_stable_search,1,1,0.0,0.0,261.70787466670436,0.0,261.70787466670436,0.7421597293924095,0.7421597293924095,0.4154638388415545,0.4154638388415545,1.0,2.0,0,0,0,0.397816181749677,0.3791624969700395
ml_gcn_stable_search,2,2,0.0,0.0,268.74455139879603,0.0,268.74455139879603,0.7352270429568512,0.7352270429568512,0.07746530188200865,0.07746530188200865,1.0,2.0,0,0,0,0.5109232397504603,0.44313228544360045
ml_gcn_stable_search,3,3,0.0,0.0,190.76203096088688,35.0,225.76203096088688,0.812057112353806,0.7775743537331163,0.09519054696950552,0.29613026726317376,1.0,1.0,1,0,1,0.9593096538343067,0.9593096538343067
ml_gcn_stable_search,4,4,1.0,1.0,176.1493394873973,70.0,246.1493394873973,0.826453852721776,0.7574883354803967,0.0,0.39739007937073867,1.0,1.0,2,1,1,0.6936243543163146,0.6936243543163146
ml_gcn_stable_search,5,5,1.0,1.0,180.83562145823387,70.0,250.83562145823387,0.8218368261495234,0.752871308908144,0.0,0.38709187623284347,1.0,1.0,2,1,1,0.7788294810587978,0.7788294810587978
ml_gcn_stable_search,6,6,0.0,0.0,264.9269535212143,35.0,299.9269535212143,0.7389882231318086,0.704505464511119,0.035799788993334705,0.172641254661205,1.0,2.0,1,1,0,0.4193047008412062,0.40842685019285707
ml_gcn_stable_search,7,7,0.0,0.0,263.4826027260354,0.0,263.4826027260354,0.7404112288413445,0.7404112288413445,0.4527187552098138,0.4527187552098138,1.0,2.0,0,0,0,0.40211298411695584,0.39529638841850345
ml_gcn_stable_search,8,8,0.9761904761904762,0.9761904761904762,250.22801775239046,0.0,250.22801775239046,0.7534699332488765,0.7534699332488765,0.006129747896219713,0.006129747896219713,1.0,2.0,0,0,0,0.29824196829113336,0.2748001613853677
ml_gcn_stable_search,9,9,0.0,0.0,248.53629354303376,0.0,248.53629354303376,0.7551366566078486,0.7551366566078486,0.4227074300943334,0.4227074300943334,1.0,2.0,0,0,0,0.26587085672263006,0.2594208503912161
ml_gcn_stable_search,10,10,0.0,0.0,181.74378172447928,35.0,216.74378172447928,0.8209420869709564,0.7864593283502668,0.044416125186908226,0.24554853277022756,1.0,1.0,1,0,1,0.7953414858996235,0.7953414858996235
ml_gcn_stable_search,11,11,1.0,1.0,168.61102912298566,70.0,238.61102912298566,0.8338807594847432,0.7649152422433639,0.0,0.4151567092858539,1.0,1.0,2,1,1,0.5565641658724662,0.5565641658724662
ml_gcn_stable_search,12,12,1.0,1.0,187.74645927605417,70.0,257.74645927605417,0.8150281189398482,0.7460626016984688,0.0,0.37284324972049177,1.0,1.0,2,1,1,0.9044810777464396,0.9044810777464396
ml_gcn_stable_search,13,13,1.0,1.0,172.29870122733263,70.0,242.29870122733263,0.8302475849977018,0.7612820677563225,0.0,0.40627119938438366,1.0,1.0,2,1,1,0.6236127495878659,0.6236127495878659
ml_gcn_stable_search,14,14,1.0,1.0,176.70724677550302,0.0,176.70724677550302,0.8259041903689626,0.8259041903689626,0.0,0.0,1.0,1.0,0,0,0,0.7037681231909639,0.7037681231909639
ml_gcn_stable_search,15,15,0.3333333333333333,0.3333333333333333,270.5156544416496,35.0,305.5156544416496,0.7334821138505916,0.698999355229902,0.03772345695609249,0.1719867441156811,1.0,2.0,1,1,0,0.4840159340996592,0.45923322219681434
ml_gcn_stable_search,16,16,0.0,0.0,260.8488429629772,0.0,260.8488429629772,0.7430060660463279,0.7430060660463279,0.03121575361207453,0.03121575361207453,1.0,2.0,0,0,0,0.3868808692111808,0.3713531178452469
ml_gcn_stable_search,17,17,0.0,0.0,178.5521209438703,35.0,213.5521209438703,0.8240865803508668,0.7896038217301771,0.002826179280235913,0.1994013646617748,1.0,1.0,1,0,1,0.7373112898885508,0.7373112898885508
ml_gcn_stable_search,18,18,1.0,1.0,192.08247011977554,0.0,192.08247011977554,0.8107561870741128,0.8107561870741128,0.0,0.0,1.0,1.0,0,0,0,0.9833176385413733,0.9833176385413733
ml_gcn_stable_search,19,19,0.9285714285714286,0.9285714285714286,253.52369405124637,35.0,288.52369405124637,0.7502229615258657,0.715740202905176,0.006029269942172263,0.1449157932698838,1.0,2.0,1,1,0,0.3276492621609092,0.30476085501133066
ml_gcn_stable_search,20,20,0.0,0.0,268.1871492638418,0.0,268.1871492638418,0.7357762076218307,0.7357762076218307,0.09085266253562459,0.09085266253562459,1.0,2.0,0,0,0,0.4844267747317418,0.43806499330765264
ml_gcn_stable_search,21,21,0.0,0.0,173.8494408566297,35.0,208.8494408566297,0.8287197627028279,0.7942370040821383,0.04844181694882593,0.25951792632481724,1.0,1.0,1,0,1,0.6518080155750859,0.6518080155750859
ml_gcn_stable_search,22,22,0.0,0.0,270.8760540053737,35.0,305.8760540053737,0.7331270403887944,0.6986442817681048,0.048771603149969416,0.18428378876945103,1.0,2.0,1,1,0,0.48394847322098655,0.4625095818670336
ml_gcn_stable_search,23,23,1.0,1.0,160.02628474681825,35.0,195.02628474681825,0.8423386357174205,0.8078558770967309,0.0,0.218714069725323,1.0,1.0,1,0,1,0.40047790448760456,0.40047790448760456
attn_ml_gcn,0,0,0.0,0.0,281.2936032692997,0.0,281.2936032692997,0.7228634450548772,0.7228634450548772,0.11570954563098701,0.11570954563098701,1.0,2.0,0,0,0,0.5663102355456521,0.5572145751754517
attn_ml_gcn,1,1,0.0,0.0,256.6459534246474,140.0,396.6459534246474,0.7471468439166036,0.609215809433845,0.3880861128853891,1.145285099313248,1.0,2.0,4,2,2,0.36032000193371044,0.3331450311331583
attn_ml_gcn,2,2,0.0,0.0,256.72917471427087,70.0,326.72917471427087,0.7470648524982554,0.678099335256876,0.029292598847717653,0.3099404138049756,1.0,2.0,2,1,1,0.3477527311274759,0.33390158831155353
attn_ml_gcn,3,3,1.0,1.0,174.1815901248812,35.0,209.1815901248812,0.8283925220444519,0.7939097634237623,0.0,0.20093972029366827,1.0,1.0,1,0,1,0.6578470931796582,0.6578470931796582
attn_ml_gcn,4,4,0.0,0.0,257.5590878740574,105.0,362.5590878740574,0.746247204064968,0.6427989282028991,0.4621632338989532,1.0582483529550613,1.0,2.0,3,2,1,0.34692140778634,0.341446253400522
attn_ml_gcn,5,5,0.0,0.5238095238095238,261.7580245906386,70.0,331.7580245906386,0.7421103206003561,0.6731448033589768,0.44749149796847265,0.8345833742013161,1.0,2.0,2,1,1,0.3956319339208819,0.379618405369442
attn_ml_gcn,6,6,0.5238095238095238,0.9761904761904762,255.5281364984025,140.0,395.5281364984025,0.7482481413808842,0.6103171068981256,-0.0009472937765422547,0.546418568894939,1.0,2.0,4,2,2,0.3595969213365913,0.322983059076386
attn_ml_gcn,7,7,0.0,0.0,259.608575964387,140.0,399.608575964387,0.7442280039759734,0.6062969694932148,0.4313591994873317,1.2032531447617587,1.0,2.0,4,2,2,0.3766855591658202,0.36007796331260933
attn_ml_gcn,8,8,0.5714285714285714,0.5238095238095238,304.27494691650793,140.0,444.27494691650793,0.7002217271758543,0.5622906926930956,0.22344443432860614,0.7863636708341478,1.0,2.0,4,2,2,0.7715791477007716,0.7661358810591631
attn_ml_gcn,9,9,0.0,0.47619047619047616,254.97342859767684,140.0,394.97342859767684,0.7487946516279046,0.6108636171451459,0.45955581042626137,1.260964077097459,1.0,2.0,4,2,2,0.3241714024485804,0.3179402599788805
attn_ml_gcn,10,10,1.0,1.0,174.01472204573105,35.0,209.01472204573105,0.8285569240928757,0.7940741654721861,0.0,0.20113240758331932,1.0,1.0,1,0,1,0.654813128104201,0.654813128104201
attn_ml_gcn,11,11,1.0,1.0,168.61102912298566,0.0,168.61102912298566,0.8338807594847432,0.8338807594847432,0.0,0.0,1.0,1.0,0,0,0,0.5565641658724662,0.5565641658724662
attn_ml_gcn,12,12,0.0,0.40476190476190477,256.0268046544627,35.0,291.0268046544627,0.7477568427049629,0.7132740840842732,0.3636837980417628,0.5501054229020087,1.0,2.0,1,1,0,0.3675995947180061,0.32751640594966075
attn_ml_gcn,13,13,1.0,1.0,172.29870122733263,35.0,207.29870122733263,0.8302475849977018,0.7957648263770122,0.0,0.20313559969219183,1.0,1.0,1,0,1,0.6236127495878659,0.6236127495878659
attn_ml_gcn,14,14,1.0,1.0,176.70724677550302,0.0,176.70724677550302,0.8259041903689626,0.8259041903689626,0.0,0.0,1.0,1.0,0,0,0,0.7037681231909639,0.7037681231909639
attn_ml_gcn,15,15,0.0,0.38095238095238093,279.940297621593,35.0,314.940297621593,0.724196751111731,0.6897139924910414,0.0738772733459611,0.2081405605055497,1.0,2.0,1,1,0,0.5584216635752118,0.5449117965599367
attn_ml_gcn,16,16,0.0,0.0,254.02333891339674,70.0,324.02333891339674,0.7497307005779342,0.6807651833365549,0.004232435525172516,0.2809639783332447,1.0,2.0,2,1,1,0.3399353072218093,0.30930308103087933
attn_ml_gcn,17,17,0.0,0.0,178.5521209438703,35.0,213.5521209438703,0.8240865803508668,0.7896038217301771,0.002826179280235913,0.1994013646617748,1.0,1.0,1,0,1,0.7373112898885508,0.7373112898885508
attn_ml_gcn,18,18,1.0,1.0,192.08247011977554,0.0,192.08247011977554,0.8107561870741128,0.8107561870741128,0.0,0.0,1.0,1.0,0,0,0,0.9833176385413733,0.9833176385413733
attn_ml_gcn,19,19,0.6190476190476191,0.40476190476190477,267.55316634371627,35.0,302.55316634371627,0.7364008213362401,0.7019180627155505,0.061700830822846664,0.2005873541505582,1.0,2.0,1,1,0,0.434568318992081,0.4323015122156023
attn_ml_gcn,20,20,0.0,0.42857142857142855,249.29159229612895,70.0,319.29159229612895,0.7543925199052917,0.6854270026639123,0.0139948836118298,0.2987202576168731,1.0,2.0,2,1,1,0.2707931946248296,0.2662872026920814
attn_ml_gcn,21,21,0.0,0.0,173.8494408566297,35.0,208.8494408566297,0.8287197627028279,0.7942370040821383,0.04844181694882593,0.25951792632481724,1.0,1.0,1,0,1,0.6518080155750859,0.6518080155750859
attn_ml_gcn,22,22,0.0,0.4523809523809524,276.98959349789175,35.0,311.98959349789175,0.72710384877055,0.6926210901498604,0.07244186310717332,0.20795404872665493,1.0,2.0,1,1,0,0.5462539938283091,0.5180872136171981
attn_ml_gcn,23,23,1.0,1.0,160.02628474681825,35.0,195.02628474681825,0.8423386357174205,0.8078558770967309,0.0,0.218714069725323,1.0,1.0,1,0,1,0.40047790448760456,0.40047790448760456
attn_ml_gcn_pruned,0,0,0.0,0.0,258.51813338643694,0.0,258.51813338643694,0.7453023316389784,0.7453023316389784,0.02537400703641152,0.02537400703641152,1.0,2.0,0,0,0,0.3706999449787308,0.35016484896760885
attn_ml_gcn_pruned,1,1,0.0,0.0,256.6459534246474,70.0,326.6459534246474,0.7471468439166036,0.6781813266752242,0.3880861128853891,0.7666856060993185,1.0,2.0,2,1,1,0.36032000193371044,0.3331450311331583
attn_ml_gcn_pruned,2,2,0.0,0.0,256.72917471427087,70.0,326.72917471427087,0.7470648524982554,0.678099335256876,0.029292598847717653,0.3099404138049756,1.0,2.0,2,1,1,0.3477527311274759,0.33390158831155353
attn_ml_gcn_pruned,3,3,1.0,1.0,174.1815901248812,35.0,209.1815901248812,0.8283925220444519,0.7939097634237623,0.0,0.20093972029366827,1.0,1.0,1,0,1,0.6578470931796582,0.6578470931796582
attn_ml_gcn_pruned,4,4,0.0,0.0,257.5590878740574,105.0,362.5590878740574,0.746247204064968,0.6427989282028991,0.4621632338989532,1.0582483529550613,1.0,2.0,3,2,1,0.34692140778634,0.341446253400522
attn_ml_gcn_pruned,5,5,0.5238095238095238,0.5238095238095238,261.7580245906386,70.0,331.7580245906386,0.7421103206003561,0.6731448033589768,0.44749149796847265,0.8345833742013161,1.0,2.0,2,1,1,0.3956319339208819,0.379618405369442
attn_ml_gcn_pruned,6,6,0.9761904761904762,0.9761904761904762,255.5281364984025,140.0,395.5281364984025,0.7482481413808842,0.6103171068981256,-0.0009472937765422547,0.546418568894939,1.0,2.0,4,2,2,0.3595969213365913,0.322983059076386
attn_ml_gcn_pruned,7,7,0.0,0.0,259.608575964387,140.0,399.608575964387,0.7442280039759734,0.6062969694932148,0.4313591994873317,1.2032531447617587,1.0,2.0,4,2,2,0.3766855591658202,0.36007796331260933
attn_ml_gcn_pruned,8,8,0.0,0.0,266.4700421902852,70.0,336.4700421902852,0.737467938728783,0.6685024214874038,0.07143651929539155,0.3528961375481624,1.0,2.0,2,1,1,0.45742430998826283,0.4224549290025924
attn_ml_gcn_pruned,9,9,0.0,0.0,254.01459487560328,70.0,324.0145948756033,0.7497393153934943,0.680773798152115,0.4540671156317409,0.8547712489673397,1.0,2.0,2,1,1,0.3153779358861006,0.30922358977821174
attn_ml_gcn_pruned,10,10,1.0,1.0,174.01472204573105,35.0,209.01472204573105,0.8285569240928757,0.7940741654721861,0.0,0.20113240758331932,1.0,1.0,1,0,1,0.654813128104201,0.654813128104201
attn_ml_gcn_pruned,11,11,1.0,1.0,168.61102912298566,0.0,168.61102912298566,0.8338807594847432,0.8338807594847432,0.0,0.0,1.0,1.0,0,0,0,0.5565641658724662,0.5565641658724662
attn_ml_gcn_pruned,12,12,0.0,0.0,249.2823112022045,35.0,284.2823112022045,0.7544016638401926,0.719918905219503,0.3277603858066411,0.5141820106668868,1.0,2.0,1,1,0,0.31398744904667375,0.26620282911095006
attn_ml_gcn_pruned,13,13,1.0,1.0,172.29870122733263,35.0,207.29870122733263,0.8302475849977018,0.7957648263770122,0.0,0.20313559969219183,1.0,1.0,1,0,1,0.6236127495878659,0.6236127495878659
attn_ml_gcn_pruned,14,14,1.0,1.0,176.70724677550302,0.0,176.70724677550302,0.8259041903689626,0.8259041903689626,0.0,0.0,1.0,1.0,0,0,0,0.7037681231909639,0.7037681231909639
attn_ml_gcn_pruned,15,15,0.38095238095238093,0.38095238095238093,279.940297621593,35.0,314.940297621593,0.724196751111731,0.6897139924910414,0.0738772733459611,0.2081405605055497,1.0,2.0,1,1,0,0.5584216635752118,0.5449117965599367
attn_ml_gcn_pruned,16,16,0.0,0.0,254.02333891339674,70.0,324.02333891339674,0.7497307005779342,0.6807651833365549,0.004232435525172516,0.2809639783332447,1.0,2.0,2,1,1,0.3399353072218093,0.30930308103087933
attn_ml_gcn_pruned,17,17,0.0,0.0,178.5521209438703,35.0,213.5521209438703,0.8240865803508668,0.7896038217301771,0.002826179280235913,0.1994013646617748,1.0,1.0,1,0,1,0.7373112898885508,0.7373112898885508
attn_ml_gcn_pruned,18,18,1.0,1.0,192.08247011977554,0.0,192.08247011977554,0.8107561870741128,0.8107561870741128,0.0,0.0,1.0,1.0,0,0,0,0.9833176385413733,0.9833176385413733
attn_ml_gcn_pruned,19,19,0.40476190476190477,0.40476190476190477,267.55316634371627,35.0,302.55316634371627,0.7364008213362401,0.7019180627155505,0.061700830822846664,0.2005873541505582,1.0,2.0,1,1,0,0.434568318992081,0.4323015122156023
attn_ml_gcn_pruned,20,20,0.42857142857142855,0.42857142857142855,249.29159229612895,70.0,319.29159229612895,0.7543925199052917,0.6854270026639123,0.0139948836118298,0.2987202576168731,1.0,2.0,2,1,1,0.2707931946248296,0.2662872026920814
attn_ml_gcn_pruned,21,21,0.0,0.0,173.8494408566297,35.0,208.8494408566297,0.8287197627028279,0.7942370040821383,0.04844181694882593,0.25951792632481724,1.0,1.0,1,0,1,0.6518080155750859,0.6518080155750859
attn_ml_gcn_pruned,22,22,0.4523809523809524,0.4523809523809524,276.98959349789175,35.0,311.98959349789175,0.72710384877055,0.6926210901498604,0.07244186310717332,0.20795404872665493,1.0,2.0,1,1,0,0.5462539938283091,0.5180872136171981
attn_ml_gcn_pruned,23,23,1.0,1.0,160.02628474681825,35.0,195.02628474681825,0.8423386357174205,0.8078558770967309,0.0,0.218714069725323,1.0,1.0,1,0,1,0.40047790448760456,0.40047790448760456
attn_ml_gcn_stable,0,0,0.0,0.0,258.51813338643694,0.0,258.51813338643694,0.7453023316389784,0.7453023316389784,0.02537400703641152,0.02537400703641152,1.0,2.0,0,0,0,0.3706999449787308,0.35016484896760885
attn_ml_gcn_stable,1,1,0.0,0.0,265.3337286833711,0.0,265.3337286833711,0.7385874594252502,0.7385874594252502,0.43507450302980755,0.43507450302980755,1.0,2.0,0,0,0,0.4311524018110387,0.41212480621246406
attn_ml_gcn_stable,2,2,0.0,0.0,256.72917471427087,0.0,256.72917471427087,0.7470648524982554,0.7470648524982554,0.029292598847717653,0.029292598847717653,1.0,2.0,0,0,0,0.3477527311274759,0.33390158831155353
attn_ml_gcn_stable,3,3,1.0,1.0,174.1815901248812,35.0,209.1815901248812,0.8283925220444519,0.7939097634237623,0.0,0.20093972029366827,1.0,1.0,1,0,1,0.6578470931796582,0.6578470931796582
attn_ml_gcn_stable,4,4,0.0,0.0,253.69522250775904,35.0,288.695222507759,0.7500539679726512,0.7155712093519616,0.44022806583336527,0.6389231055187344,1.0,2.0,1,1,0,0.3309117250023548,0.3063202046159912
attn_ml_gcn_stable,5,5,0.5238095238095238,0.5238095238095238,265.5768248453921,0.0,265.5768248453921,0.7383479558173477,0.7383479558173477,0.46860902019091516,0.46860902019091516,1.0,2.0,0,0,0,0.4285673505713894,0.414334771321746
attn_ml_gcn_stable,6,6,0.30952380952380953,0.30952380952380953,267.56741239479726,70.0,337.56741239479726,0.7363867858179338,0.6674212685765545,0.0461233393446727,0.3198062706804133,1.0,2.0,2,1,1,0.4370223552663764,0.432431021770884
attn_ml_gcn_stable,7,7,0.0,0.0,259.608575964387,70.0,329.608575964387,0.7442280039759734,0.6752624867345941,0.4313591994873317,0.8173061721245451,1.0,2.0,2,1,1,0.3766855591658202,0.36007796331260933
attn_ml_gcn_stable,8,8,0.0,0.0,266.4700421902852,70.0,336.4700421902852,0.737467938728783,0.6685024214874038,0.07143651929539155,0.3528961375481624,1.0,2.0,2,1,1,0.45742430998826283,0.4224549290025924
attn_ml_gcn_stable,9,9,0.47619047619047616,0.47619047619047616,254.97342859767684,70.0,324.97342859767684,0.7487946516279046,0.6798291343865253,0.45955581042626137,0.8602599437618602,1.0,2.0,2,1,1,0.3241714024485804,0.3179402599788805
attn_ml_gcn_stable,10,10,1.0,1.0,174.01472204573105,35.0,209.01472204573105,0.8285569240928757,0.7940741654721861,0.0,0.20113240758331932,1.0,1.0,1,0,1,0.654813128104201,0.654813128104201
attn_ml_gcn_stable,11,11,1.0,1.0,168.61102912298566,0.0,168.61102912298566,0.8338807594847432,0.8338807594847432,0.0,0.0,1.0,1.0,0,0,0,0.5565641658724662,0.5565641658724662
attn_ml_gcn_stable,12,12,0.40476190476190477,0.40476190476190477,256.0268046544627,35.0,291.0268046544627,0.7477568427049629,0.7132740840842732,0.3636837980417628,0.5501054229020087,1.0,2.0,1,1,0,0.3675995947180061,0.32751640594966075
attn_ml_gcn_stable,13,13,1.0,1.0,172.29870122733263,35.0,207.29870122733263,0.8302475849977018,0.7957648263770122,0.0,0.20313559969219183,1.0,1.0,1,0,1,0.6236127495878659,0.6236127495878659
attn_ml_gcn_stable,14,14,1.0,1.0,176.70724677550302,0.0,176.70724677550302,0.8259041903689626,0.8259041903689626,0.0,0.0,1.0,1.0,0,0,0,0.7037681231909639,0.7037681231909639
attn_ml_gcn_stable,15,15,0.38095238095238093,0.38095238095238093,279.940297621593,35.0,314.940297621593,0.724196751111731,0.6897139924910414,0.0738772733459611,0.2081405605055497,1.0,2.0,1,1,0,0.5584216635752118,0.5449117965599367
attn_ml_gcn_stable,16,16,0.0,0.0,254.02333891339674,70.0,324.02333891339674,0.7497307005779342,0.6807651833365549,0.004232435525172516,0.2809639783332447,1.0,2.0,2,1,1,0.3399353072218093,0.30930308103087933
attn_ml_gcn_stable,17,17,0.0,0.0,178.5521209438703,35.0,213.5521209438703,0.8240865803508668,0.7896038217301771,0.002826179280235913,0.1994013646617748,1.0,1.0,1,0,1,0.7373112898885508,0.7373112898885508
attn_ml_gcn_stable,18,18,1.0,1.0,192.08247011977554,0.0,192.08247011977554,0.8107561870741128,0.8107561870741128,0.0,0.0,1.0,1.0,0,0,0,0.9833176385413733,0.9833176385413733
attn_ml_gcn_stable,19,19,0.40476190476190477,0.40476190476190477,267.55316634371627,35.0,302.55316634371627,0.7364008213362401,0.7019180627155505,0.061700830822846664,0.2005873541505582,1.0,2.0,1,1,0,0.434568318992081,0.4323015122156023
attn_ml_gcn_stable,20,20,0.42857142857142855,0.42857142857142855,249.29159229612895,70.0,319.29159229612895,0.7543925199052917,0.6854270026639123,0.0139948836118298,0.2987202576168731,1.0,2.0,2,1,1,0.2707931946248296,0.2662872026920814
attn_ml_gcn_stable,21,21,0.0,0.0,173.8494408566297,35.0,208.8494408566297,0.8287197627028279,0.7942370040821383,0.04844181694882593,0.25951792632481724,1.0,1.0,1,0,1,0.6518080155750859,0.6518080155750859
attn_ml_gcn_stable,22,22,0.4523809523809524,0.4523809523809524,276.98959349789175,35.0,311.98959349789175,0.72710384877055,0.6926210901498604,0.07244186310717332,0.20795404872665493,1.0,2.0,1,1,0,0.5462539938283091,0.5180872136171981
attn_ml_gcn_stable,23,23,1.0,1.0,160.02628474681825,35.0,195.02628474681825,0.8423386357174205,0.8078558770967309,0.0,0.218714069725323,1.0,1.0,1,0,1,0.40047790448760456,0.40047790448760456
attn_ml_gcn_search,0,0,0.0,0.0,253.57234159159194,0.0,253.57234159159194,0.7501750329146878,0.7501750329146878,0.005757254106096212,0.005757254106096212,1.0,2.0,0,0,0,0.32123593637123443,0.3052031053781086
attn_ml_gcn_search,1,1,1.0,1.0,184.8919537788345,105.0,289.8919537788345,0.8178404396267641,0.714392163764695,0.0,0.567899239820894,1.0,1.0,3,1,2,0.8525809777969908,0.8525809777969908
attn_ml_gcn_search,2,2,0.0,0.0,249.54047081742107,105.0,354.54047081742107,0.7541473193917034,0.6506990435296345,0.00047125540449447596,0.42144297784038137,1.0,2.0,3,2,1,0.30055489295361537,0.2685497347038279
attn_ml_gcn_search,3,3,1.0,1.0,174.1815901248812,105.0,279.1815901248812,0.8283925220444519,0.724944246182383,0.0,0.6028191608810047,1.0,1.0,3,1,2,0.6578470931796582,0.6578470931796582
attn_ml_gcn_search,4,4,1.0,1.0,176.1493394873973,70.0,246.1493394873973,0.826453852721776,0.7574883354803967,0.0,0.39739007937073867,1.0,1.0,2,1,1,0.6936243543163146,0.6936243543163146
attn_ml_gcn_search,5,5,1.0,1.0,180.83562145823387,70.0,250.83562145823387,0.8218368261495234,0.752871308908144,0.0,0.38709187623284347,1.0,1.0,2,1,1,0.7788294810587978,0.7788294810587978
attn_ml_gcn_search,6,6,0.9761904761904762,0.9761904761904762,255.5281364984025,105.0,360.5281364984025,0.7482481413808842,0.6447998655188152,-0.0009472937765422547,0.40957710322706864,1.0,2.0,3,2,1,0.3595969213365913,0.322983059076386
attn_ml_gcn_search,7,7,1.0,1.0,181.37206653464114,105.0,286.37206653464114,0.8213083088328659,0.7178600329707969,0.0,0.5789204589558202,1.0,1.0,3,1,2,0.7885830279025658,0.7885830279025658
attn_ml_gcn_search,8,8,0.9761904761904762,0.9761904761904762,250.22801775239046,105.0,355.22801775239043,0.7534699332488765,0.6500216573868075,0.006129747896219713,0.42831917527537583,1.0,2.0,3,2,1,0.29824196829113336,0.2748001613853677
attn_ml_gcn_search,9,9,1.0,1.0,174.69248299810624,105.0,279.69248299810624,0.8278891793122106,0.7244409034501417,0.0,0.6010562000033983,1.0,1.0,3,1,2,0.6671360545110228,0.6671360545110228
attn_ml_gcn_search,10,10,1.0,1.0,174.01472204573105,70.0,244.01472204573105,0.8285569240928757,0.7595914068514964,0.0,0.40226481516663865,1.0,1.0,2,1,1,0.654813128104201,0.654813128104201
attn_ml_gcn_search,11,11,1.0,1.0,168.61102912298566,0.0,168.61102912298566,0.8338807594847432,0.8338807594847432,0.0,0.0,1.0,1.0,0,0,0,0.5565641658724662,0.5565641658724662
attn_ml_gcn_search,12,12,1.0,1.0,187.74645927605417,70.0,257.74645927605417,0.8150281189398482,0.7460626016984688,0.0,0.37284324972049177,1.0,1.0,2,1,1,0.9044810777464396,0.9044810777464396
attn_ml_gcn_search,13,13,1.0,1.0,172.29870122733263,70.0,242.29870122733263,0.8302475849977018,0.7612820677563225,0.0,0.40627119938438366,1.0,1.0,2,1,1,0.6236127495878659,0.6236127495878659
attn_ml_gcn_search,14,14,1.0,1.0,176.70724677550302,0.0,176.70724677550302,0.8259041903689626,0.8259041903689626,0.0,0.0,1.0,1.0,0,0,0,0.7037681231909639,0.7037681231909639
attn_ml_gcn_search,15,15,0.9761904761904762,0.9761904761904762,259.1724418091443,105.0,364.1724418091443,0.7446576927988726,0.6412094169368037,-0.005790172043631274,0.39699968943513453,1.0,2.0,3,2,1,0.3803074002697393,0.3561131073558571
attn_ml_gcn_search,16,16,0.38095238095238093,0.38095238095238093,253.05825771707106,140.0,393.05825771707106,0.7506815194905705,0.6127504850078118,0.000417172548111565,0.5538802581642559,1.0,2.0,4,2,2,0.30245292165880056,0.30052961560973684
attn_ml_gcn_search,17,17,1.0,1.0,178.04892276747654,35.0,213.04892276747654,0.8245823421010082,0.7900995834803186,0.0,0.19657518538153887,1.0,1.0,1,0,1,0.7281622321359371,0.7281622321359371
attn_ml_gcn_search,18,18,1.0,1.0,192.08247011977554,70.0,262.0824701197755,0.8107561870741128,0.7417906698327335,0.0,0.3644268004068802,1.0,1.0,2,1,1,0.9833176385413733,0.9833176385413733
attn_ml_gcn_search,19,19,0.9285714285714286,0.9285714285714286,253.52369405124637,35.0,288.52369405124637,0.7502229615258657,0.715740202905176,0.006029269942172263,0.1449157932698838,1.0,2.0,1,1,0,0.3276492621609092,0.30476085501133066
attn_ml_gcn_search,20,20,1.0,1.0,245.8509370463066,140.0,385.8509370463066,0.7577823280331955,0.6198512935504368,0.0,0.5694507480100867,1.0,2.0,4,2,2,0.2381372054397202,0.2350085186027872
attn_ml_gcn_search,21,21,1.0,1.0,165.81696575453861,35.0,200.81696575453861,0.8366335312763167,0.802150772655627,0.0,0.21107610937599133,1.0,1.0,1,0,1,0.5057630137188835,0.5057630137188835
attn_ml_gcn_search,22,22,0.0,0.0,266.66112270928915,105.0,371.66112270928915,0.7372796820598136,0.6338314061977446,0.032452330230873044,0.43898888708931794,1.0,2.0,3,2,1,0.44867194892033285,0.4241920246299013
attn_ml_gcn_search,23,23,1.0,1.0,160.02628474681825,105.0,265.02628474681825,0.8423386357174205,0.7388903598553516,0.0,0.656142209175969,1.0,1.0,3,1,2,0.40047790448760456,0.40047790448760456
attn_ml_gcn_stable_search,0,0,0.0,0.0,253.57234159159194,0.0,253.57234159159194,0.7501750329146878,0.7501750329146878,0.005757254106096212,0.005757254106096212,1.0,2.0,0,0,0,0.32123593637123443,0.3052031053781086
attn_ml_gcn_stable_search,1,1,0.0,0.0,261.70787466670436,0.0,261.70787466670436,0.7421597293924095,0.7421597293924095,0.4154638388415545,0.4154638388415545,1.0,2.0,0,0,0,0.397816181749677,0.3791624969700395
attn_ml_gcn_stable_search,2,2,0.0,0.0,268.74455139879603,0.0,268.74455139879603,0.7352270429568512,0.7352270429568512,0.07746530188200865,0.07746530188200865,1.0,2.0,0,0,0,0.5109232397504603,0.44313228544360045
attn_ml_gcn_stable_search,3,3,0.0,0.0,190.76203096088688,35.0,225.76203096088688,0.812057112353806,0.7775743537331163,0.09519054696950552,0.29613026726317376,1.0,1.0,1,0,1,0.9593096538343067,0.9593096538343067
attn_ml_gcn_stable_search,4,4,1.0,1.0,176.1493394873973,70.0,246.1493394873973,0.826453852721776,0.7574883354803967,0.0,0.39739007937073867,1.0,1.0,2,1,1,0.6936243543163146,0.6936243543163146
attn_ml_gcn_stable_search,5,5,1.0,1.0,180.83562145823387,70.0,250.83562145823387,0.8218368261495234,0.752871308908144,0.0,0.38709187623284347,1.0,1.0,2,1,1,0.7788294810587978,0.7788294810587978
attn_ml_gcn_stable_search,6,6,0.0,0.0,264.9269535212143,35.0,299.9269535212143,0.7389882231318086,0.704505464511119,0.035799788993334705,0.172641254661205,1.0,2.0,1,1,0,0.4193047008412062,0.40842685019285707
attn_ml_gcn_stable_search,7,7,0.0,0.0,263.4826027260354,0.0,263.4826027260354,0.7404112288413445,0.7404112288413445,0.4527187552098138,0.4527187552098138,1.0,2.0,0,0,0,0.40211298411695584,0.39529638841850345
attn_ml_gcn_stable_search,8,8,0.9761904761904762,0.9761904761904762,250.22801775239046,0.0,250.22801775239046,0.7534699332488765,0.7534699332488765,0.006129747896219713,0.006129747896219713,1.0,2.0,0,0,0,0.29824196829113336,0.2748001613853677
attn_ml_gcn_stable_search,9,9,0.0,0.0,248.53629354303376,0.0,248.53629354303376,0.7551366566078486,0.7551366566078486,0.4227074300943334,0.4227074300943334,1.0,2.0,0,0,0,0.26587085672263006,0.2594208503912161
attn_ml_gcn_stable_search,10,10,0.0,0.0,181.74378172447928,35.0,216.74378172447928,0.8209420869709564,0.7864593283502668,0.044416125186908226,0.24554853277022756,1.0,1.0,1,0,1,0.7953414858996235,0.7953414858996235
attn_ml_gcn_stable_search,11,11,1.0,1.0,168.61102912298566,70.0,238.61102912298566,0.8338807594847432,0.7649152422433639,0.0,0.4151567092858539,1.0,1.0,2,1,1,0.5565641658724662,0.5565641658724662
attn_ml_gcn_stable_search,12,12,1.0,1.0,187.74645927605417,70.0,257.74645927605417,0.8150281189398482,0.7460626016984688,0.0,0.37284324972049177,1.0,1.0,2,1,1,0.9044810777464396,0.9044810777464396
attn_ml_gcn_stable_search,13,13,1.0,1.0,172.29870122733263,70.0,242.29870122733263,0.8302475849977018,0.7612820677563225,0.0,0.40627119938438366,1.0,1.0,2,1,1,0.6236127495878659,0.6236127495878659
attn_ml_gcn_stable_search,14,14,1.0,1.0,176.70724677550302,0.0,176.70724677550302,0.8259041903689626,0.8259041903689626,0.0,0.0,1.0,1.0,0,0,0,0.7037681231909639,0.7037681231909639
attn_ml_gcn_stable_search,15,15,0.3333333333333333,0.3333333333333333,270.5156544416496,35.0,305.5156544416496,0.7334821138505916,0.698999355229902,0.03772345695609249,0.1719867441156811,1.0,2.0,1,1,0,0.4840159340996592,0.45923322219681434
attn_ml_gcn_stable_search,16,16,0.0,0.0,260.8488429629772,0.0,260.8488429629772,0.7430060660463279,0.7430060660463279,0.03121575361207453,0.03121575361207453,1.0,2.0,0,0,0,0.3868808692111808,0.3713531178452469
attn_ml_gcn_stable_search,17,17,0.0,0.0,178.5521209438703,35.0,213.5521209438703,0.8240865803508668,0.7896038217301771,0.002826179280235913,0.1994013646617748,1.0,1.0,1,0,1,0.7373112898885508,0.7373112898885508
attn_ml_gcn_stable_search,18,18,1.0,1.0,192.08247011977554,0.0,192.08247011977554,0.8107561870741128,0.8107561870741128,0.0,0.0,1.0,1.0,0,0,0,0.9833176385413733,0.9833176385413733
attn_ml_gcn_stable_search,19,19,0.9285714285714286,0.9285714285714286,253.52369405124637,35.0,288.52369405124637,0.7502229615258657,0.715740202905176,0.006029269942172263,0.1449157932698838,1.0,2.0,1,1,0,0.3276492621609092,0.30476085501133066
attn_ml_gcn_stable_search,20,20,0.0,0.0,268.1871492638418,0.0,268.1871492638418,0.7357762076218307,0.7357762076218307,0.09085266253562459,0.09085266253562459,1.0,2.0,0,0,0,0.4844267747317418,0.43806499330765264
attn_ml_gcn_stable_search,21,21,0.0,0.0,173.8494408566297,35.0,208.8494408566297,0.8287197627028279,0.7942370040821383,0.04844181694882593,0.25951792632481724,1.0,1.0,1,0,1,0.6518080155750859,0.6518080155750859
attn_ml_gcn_stable_search,22,22,0.0,0.0,270.8760540053737,35.0,305.8760540053737,0.7331270403887944,0.6986442817681048,0.048771603149969416,0.18428378876945103,1.0,2.0,1,1,0,0.48394847322098655,0.4625095818670336
attn_ml_gcn_stable_search,23,23,1.0,1.0,160.02628474681825,35.0,195.02628474681825,0.8423386357174205,0.8078558770967309,0.0,0.218714069725323,1.0,1.0,1,0,1,0.40047790448760456,0.40047790448760456
