policy,graph_id,hour,raw_assignment_accuracy,assignment_accuracy,energy_w,switching_penalty_w,energy_w_with_switching,energy_saving_vs_all_on,energy_saving_with_switching_vs_all_on,energy_gap_vs_oracle,energy_gap_with_switching_vs_oracle_static,served_ratio,active_bs,switch_events,activation_events,deactivation_events,max_load,mean_active_load
rsrp,0,0,0.14285714285714285,0.11904761904761904,680.6657963396373,0.0,680.6657963396373,0.3293933040988795,0.3293933040988795,2.7946364831506796,2.7946364831506796,1.0,7.0,0,0,0,0.17990522766375933,0.13159947101204483
rsrp,1,1,0.14285714285714285,0.14285714285714285,675.4279351032005,0.0,675.4279351032005,0.33455375851901425,0.33455375851901425,2.8880060132686456,2.8880060132686456,1.0,7.0,0,0,0,0.2247668847604557,0.11799463663168962
rsrp,2,2,0.19047619047619047,0.19047619047619047,678.6276719971568,0.0,678.6276719971568,0.33140130837718546,0.33140130837718546,2.6467950894691192,2.6467950894691192,1.0,7.0,0,0,0,0.16597285560215064,0.12630564155105675
rsrp,3,3,0.2857142857142857,0.30952380952380953,677.7633330597855,0.0,677.7633330597855,0.3322528738327236,0.3322528738327236,1.6623517857457948,1.6623517857457948,1.0,7.0,0,0,0,0.18066456372540557,0.12406060535009224
rsrp,4,4,0.11904761904761904,0.09523809523809523,687.9685692083447,0.0,687.9685692083447,0.3221984539819264,0.3221984539819264,2.756697624995547,2.756697624995547,1.0,7.0,0,0,0,0.18489842473191026,0.15056771222946683
rsrp,5,5,0.09523809523809523,0.09523809523809523,669.7971363437163,0.0,669.7971363437163,0.34010134350372784,0.34010134350372784,2.8799042716556236,2.8799042716556236,1.0,7.0,0,0,0,0.15032255477548775,0.10336918530835384
rsrp,6,6,0.23809523809523808,0.11904761904761904,682.0753338351135,0.0,682.0753338351135,0.3280045972067847,0.3280045972067847,2.9070037385051184,2.9070037385051184,1.0,7.0,0,0,0,0.17919870380117128,0.13526060736393125
rsrp,7,7,0.023809523809523808,0.07142857142857142,684.0851394079668,0.0,684.0851394079668,0.32602449319412136,0.32602449319412136,3.236442852988005,3.236442852988005,1.0,7.0,0,0,0,0.20405698508673076,0.14048088157913455
rsrp,8,8,0.2857142857142857,0.3333333333333333,711.560081876868,0.0,711.560081876868,0.2989555843577655,0.2989555843577655,1.7506801472779485,1.7506801472779485,1.0,7.0,0,0,0,0.29024944723469887,0.21184436851134567
rsrp,9,9,0.14285714285714285,0.14285714285714285,685.7833965317643,0.0,685.7833965317643,0.32435133346624206,0.32435133346624206,2.9751705222613287,2.9751705222613287,1.0,7.0,0,0,0,0.21634513136774297,0.14489193904354364
rsrp,10,10,0.14285714285714285,0.11904761904761904,677.3726599327422,0.0,677.3726599327422,0.3326377734652786,0.3326377734652786,3.006131833763299,3.006131833763299,1.0,7.0,0,0,0,0.13991865137902598,0.12304586995517439
rsrp,11,11,0.14285714285714285,0.14285714285714285,684.5263694726063,0.0,684.5263694726063,0.3255897837708312,0.3255897837708312,3.0240980755693054,3.0240980755693054,1.0,7.0,0,0,0,0.19845186203793586,0.14162693369508153
rsrp,12,12,0.38095238095238093,0.3333333333333333,692.6265112403595,0.0,692.6265112403595,0.3176093485316655,0.3176093485316655,1.7213039178994756,1.7213039178994756,1.0,7.0,0,0,0,0.2172845712852732,0.16266626296197262
rsrp,13,13,0.2857142857142857,0.30952380952380953,667.3166560250502,0.0,667.3166560250502,0.34254516647778305,0.34254516647778305,1.7402460493183196,1.7402460493183196,1.0,7.0,0,0,0,0.15064096018210435,0.09692637928584465
rsrp,14,14,0.14285714285714285,0.16666666666666666,673.777599288534,0.0,673.777599288534,0.3361797051344492,0.3361797051344492,2.6379171158443135,2.6379171158443135,1.0,7.0,0,0,0,0.1434122233006709,0.1137080501000884
rsrp,15,15,0.21428571428571427,0.16666666666666666,674.8759613974103,0.0,674.8759613974103,0.3350975749779209,0.3350975749779209,3.166824657086363,3.166824657086363,1.0,7.0,0,0,0,0.14064857679387271,0.11656093869457207
rsrp,16,16,0.2619047619047619,0.30952380952380953,693.4291621137851,0.0,693.4291621137851,0.3168185594938078,0.3168185594938078,1.7986880952925026,1.7986880952925026,1.0,7.0,0,0,0,0.22599779991557473,0.16475107042541576
rsrp,17,17,0.11904761904761904,0.11904761904761904,672.3304254548116,0.0,672.3304254548116,0.3376054921627472,0.3376054921627472,2.829961320160383,2.829961320160383,1.0,7.0,0,0,0,0.16567898138463866,0.10994915702548469
rsrp,18,18,0.09523809523809523,0.11904761904761904,678.0465431566938,0.0,678.0465431566938,0.3319738491067056,0.3319738491067056,2.523150383712283,2.523150383712283,1.0,7.0,0,0,0,0.17094241114603553,0.12479621599141273
rsrp,19,19,0.14285714285714285,0.11904761904761904,696.5122949029108,0.0,696.5122949029108,0.3137809902434377,0.3137809902434377,2.718220854161414,2.718220854161414,1.0,7.0,0,0,0,0.264977697792544,0.17275920754002796
rsrp,20,20,0.19047619047619047,0.16666666666666666,678.5388979081494,0.0,678.5388979081494,0.331488770533843,0.331488770533843,2.837301644598924,2.837301644598924,1.0,7.0,0,0,0,0.15591703207747204,0.12607505950168682
rsrp,21,21,0.19047619047619047,0.16666666666666666,705.8774647903005,0.0,705.8774647903005,0.3045542218814774,0.3045542218814774,2.866530620699192,2.866530620699192,1.0,7.0,0,0,0,0.28324420371509695,0.19708432413065088
rsrp,22,22,0.16666666666666666,0.19047619047619047,694.684990642234,0.0,694.684990642234,0.3155812900076513,0.3155812900076513,3.000266745756235,3.000266745756235,1.0,7.0,0,0,0,0.23957669625570596,0.16801296270710125
rsrp,23,23,0.023809523809523808,0.047619047619047616,674.9300882863673,0.0,674.9300882863673,0.3350442479937268,0.3350442479937268,2.7267233476625634,2.7267233476625634,1.0,7.0,0,0,0,0.1587580281020629,0.1167015280165385
sinr,0,0,0.14285714285714285,0.11904761904761904,680.6657963396373,0.0,680.6657963396373,0.3293933040988795,0.3293933040988795,2.7946364831506796,2.7946364831506796,1.0,7.0,0,0,0,0.17990522766375933,0.13159947101204483
sinr,1,1,0.14285714285714285,0.14285714285714285,675.4279351032005,0.0,675.4279351032005,0.33455375851901425,0.33455375851901425,2.8880060132686456,2.8880060132686456,1.0,7.0,0,0,0,0.2247668847604557,0.11799463663168962
sinr,2,2,0.19047619047619047,0.19047619047619047,678.6276719971568,0.0,678.6276719971568,0.33140130837718546,0.33140130837718546,2.6467950894691192,2.6467950894691192,1.0,7.0,0,0,0,0.16597285560215064,0.12630564155105675
sinr,3,3,0.2857142857142857,0.30952380952380953,677.7633330597855,0.0,677.7633330597855,0.3322528738327236,0.3322528738327236,1.6623517857457948,1.6623517857457948,1.0,7.0,0,0,0,0.18066456372540557,0.12406060535009224
sinr,4,4,0.11904761904761904,0.09523809523809523,687.9685692083447,0.0,687.9685692083447,0.3221984539819264,0.3221984539819264,2.756697624995547,2.756697624995547,1.0,7.0,0,0,0,0.18489842473191026,0.15056771222946683
sinr,5,5,0.09523809523809523,0.09523809523809523,669.7971363437163,0.0,669.7971363437163,0.34010134350372784,0.34010134350372784,2.8799042716556236,2.8799042716556236,1.0,7.0,0,0,0,0.15032255477548775,0.10336918530835384
sinr,6,6,0.23809523809523808,0.11904761904761904,682.0753338351135,0.0,682.0753338351135,0.3280045972067847,0.3280045972067847,2.9070037385051184,2.9070037385051184,1.0,7.0,0,0,0,0.17919870380117128,0.13526060736393125
sinr,7,7,0.023809523809523808,0.07142857142857142,684.0851394079668,0.0,684.0851394079668,0.32602449319412136,0.32602449319412136,3.236442852988005,3.236442852988005,1.0,7.0,0,0,0,0.20405698508673076,0.14048088157913455
sinr,8,8,0.2857142857142857,0.3333333333333333,711.560081876868,0.0,711.560081876868,0.2989555843577655,0.2989555843577655,1.7506801472779485,1.7506801472779485,1.0,7.0,0,0,0,0.29024944723469887,0.21184436851134567
sinr,9,9,0.14285714285714285,0.14285714285714285,685.7833965317643,0.0,685.7833965317643,0.32435133346624206,0.32435133346624206,2.9751705222613287,2.9751705222613287,1.0,7.0,0,0,0,0.21634513136774297,0.14489193904354364
sinr,10,10,0.14285714285714285,0.11904761904761904,677.3726599327422,0.0,677.3726599327422,0.3326377734652786,0.3326377734652786,3.006131833763299,3.006131833763299,1.0,7.0,0,0,0,0.13991865137902598,0.12304586995517439
sinr,11,11,0.14285714285714285,0.14285714285714285,684.5263694726063,0.0,684.5263694726063,0.3255897837708312,0.3255897837708312,3.0240980755693054,3.0240980755693054,1.0,7.0,0,0,0,0.19845186203793586,0.14162693369508153
sinr,12,12,0.38095238095238093,0.3333333333333333,692.6265112403595,0.0,692.6265112403595,0.3176093485316655,0.3176093485316655,1.7213039178994756,1.7213039178994756,1.0,7.0,0,0,0,0.2172845712852732,0.16266626296197262
sinr,13,13,0.2857142857142857,0.30952380952380953,667.3166560250502,0.0,667.3166560250502,0.34254516647778305,0.34254516647778305,1.7402460493183196,1.7402460493183196,1.0,7.0,0,0,0,0.15064096018210435,0.09692637928584465
sinr,14,14,0.14285714285714285,0.16666666666666666,673.777599288534,0.0,673.777599288534,0.3361797051344492,0.3361797051344492,2.6379171158443135,2.6379171158443135,1.0,7.0,0,0,0,0.1434122233006709,0.1137080501000884
sinr,15,15,0.21428571428571427,0.16666666666666666,674.8759613974103,0.0,674.8759613974103,0.3350975749779209,0.3350975749779209,3.166824657086363,3.166824657086363,1.0,7.0,0,0,0,0.14064857679387271,0.11656093869457207
sinr,16,16,0.2619047619047619,0.30952380952380953,693.4291621137851,0.0,693.4291621137851,0.3168185594938078,0.3168185594938078,1.7986880952925026,1.7986880952925026,1.0,7.0,0,0,0,0.22599779991557473,0.16475107042541576
sinr,17,17,0.11904761904761904,0.11904761904761904,672.3304254548116,0.0,672.3304254548116,0.3376054921627472,0.3376054921627472,2.829961320160383,2.829961320160383,1.0,7.0,0,0,0,0.16567898138463866,0.10994915702548469
sinr,18,18,0.09523809523809523,0.11904761904761904,678.0465431566938,0.0,678.0465431566938,0.3319738491067056,0.3319738491067056,2.523150383712283,2.523150383712283,1.0,7.0,0,0,0,0.17094241114603553,0.12479621599141273
sinr,19,19,0.14285714285714285,0.11904761904761904,696.5122949029108,0.0,696.5122949029108,0.3137809902434377,0.3137809902434377,2.718220854161414,2.718220854161414,1.0,7.0,0,0,0,0.264977697792544,0.17275920754002796
sinr,20,20,0.19047619047619047,0.16666666666666666,678.5388979081494,0.0,678.5388979081494,0.331488770533843,0.331488770533843,2.837301644598924,2.837301644598924,1.0,7.0,0,0,0,0.15591703207747204,0.12607505950168682
sinr,21,21,0.19047619047619047,0.16666666666666666,705.8774647903005,0.0,705.8774647903005,0.3045542218814774,0.3045542218814774,2.866530620699192,2.866530620699192,1.0,7.0,0,0,0,0.28324420371509695,0.19708432413065088
sinr,22,22,0.16666666666666666,0.19047619047619047,694.684990642234,0.0,694.684990642234,0.3155812900076513,0.3155812900076513,3.000266745756235,3.000266745756235,1.0,7.0,0,0,0,0.23957669625570596,0.16801296270710125
sinr,23,23,0.023809523809523808,0.047619047619047616,674.9300882863673,0.0,674.9300882863673,0.3350442479937268,0.3350442479937268,2.7267233476625634,2.7267233476625634,1.0,7.0,0,0,0,0.1587580281020629,0.1167015280165385
load_aware,0,0,0.14285714285714285,0.14285714285714285,682.1665640612257,0.0,682.1665640612257,0.32791471521061505,0.32791471521061505,2.8030030971038107,2.8030030971038107,1.0,7.0,0,0,0,0.148359407111925,0.1354975689901967
load_aware,1,1,0.11904761904761904,0.11904761904761904,700.0158529915813,0.0,700.0158529915813,0.3103292088752894,0.3103292088752894,3.0295429080806335,3.0295429080806335,1.0,7.0,0,0,0,0.21506860072215372,0.1818593584196917
load_aware,2,2,0.16666666666666666,0.16666666666666666,679.5335423875714,0.0,679.5335423875714,0.3305088252339198,0.3305088252339198,2.6516630366922813,2.6516630366922813,1.0,7.0,0,0,0,0.16597285560215064,0.12865855165602955
load_aware,3,3,0.30952380952380953,0.30952380952380953,686.7161679015611,0.0,686.7161679015611,0.3234323468950137,0.3234323468950137,1.6975198077762605,1.6975198077762605,1.0,7.0,0,0,0,0.19316022698211902,0.14731472182223684
load_aware,4,4,0.09523809523809523,0.09523809523809523,689.3315974449406,0.0,689.3315974449406,0.320855569019763,0.320855569019763,2.764140530338031,2.764140530338031,1.0,7.0,0,0,0,0.18489842473191026,0.15410804531153374
load_aware,5,5,0.11904761904761904,0.11904761904761904,681.6448177286914,0.0,681.6448177286914,0.32842875100621544,0.32842875100621544,2.9485338120351314,2.9485338120351314,1.0,7.0,0,0,0,0.1635602790122625,0.13414238371088666
load_aware,6,6,0.11904761904761904,0.11904761904761904,682.3746056819123,0.0,682.3746056819123,0.32770974809663816,0.32770974809663816,2.9087180010891323,2.9087180010891323,1.0,7.0,0,0,0,0.16437824053181088,0.13603793683613585
load_aware,7,7,0.09523809523809523,0.09523809523809523,691.6378332333109,0.0,691.6378332333109,0.3185834155336839,0.3185834155336839,3.2832156213672103,3.2832156213672103,1.0,7.0,0,0,0,0.1926180508478446,0.16009826813846967
load_aware,8,8,0.35714285714285715,0.35714285714285715,714.5209111827393,0.0,714.5209111827393,0.29603851115001056,0.29603851115001056,1.762125834857354,1.762125834857354,1.0,7.0,0,0,0,0.29024944723469887,0.2195348342408813
load_aware,9,9,0.14285714285714285,0.14285714285714285,685.7919964064434,0.0,685.7919964064434,0.324342860683307,0.324342860683307,2.975220371774298,2.975220371774298,1.0,7.0,0,0,0,0.21634513136774297,0.14491427638037258
load_aware,10,10,0.11904761904761904,0.11904761904761904,677.3726599327422,0.0,677.3726599327422,0.3326377734652786,0.3326377734652786,3.006131833763299,3.006131833763299,1.0,7.0,0,0,0,0.13991865137902598,0.12304586995517439
load_aware,11,11,0.14285714285714285,0.14285714285714285,693.2950027621604,0.0,693.2950027621604,0.31695073619491587,0.31695073619491587,3.075645893037686,3.075645893037686,1.0,7.0,0,0,0,0.18627778930150998,0.16440260457704012
load_aware,12,12,0.35714285714285715,0.35714285714285715,696.7443904119876,0.0,696.7443904119876,0.3135523247172536,0.3135523247172536,1.737482912698737,1.737482912698737,1.0,7.0,0,0,0,0.20325532898737622,0.17336205301814964
load_aware,13,13,0.30952380952380953,0.30952380952380953,674.2259488154534,0.0,674.2259488154534,0.33573798146260747,0.33573798146260747,1.7686181304008803,1.7686181304008803,1.0,7.0,0,0,0,0.1423582266727839,0.11487259432585296
load_aware,14,14,0.14285714285714285,0.14285714285714285,673.2801824238896,0.0,673.2801824238896,0.33666977101094614,0.33666977101094614,2.6352314205533003,2.6352314205533003,1.0,7.0,0,0,0,0.1391059745720692,0.11241605824386913
load_aware,15,15,0.16666666666666666,0.16666666666666666,678.6513396490078,0.0,678.6513396490078,0.33137799049358835,0.33137799049358835,3.1901346282342615,3.1901346282342615,1.0,7.0,0,0,0,0.13613076372371255,0.12636711597144862
load_aware,16,16,0.30952380952380953,0.30952380952380953,702.324354878834,0.0,702.324354878834,0.3080548227794739,0.3080548227794739,1.8345891958764284,1.8345891958764284,1.0,7.0,0,0,0,0.21121925287519158,0.18785546721775087
load_aware,17,17,0.14285714285714285,0.14285714285714285,675.7156864147368,0.0,675.7156864147368,0.33427025968991453,0.33427025968991453,2.849245615566755,2.849245615566755,1.0,7.0,0,0,0,0.14927213829091962,0.11874204263567975
load_aware,18,18,0.09523809523809523,0.09523809523809523,679.1381925223845,0.0,679.1381925223845,0.3308983324902615,0.3308983324902615,2.52882262689445,2.52882262689445,1.0,7.0,0,0,0,0.17094241114603553,0.1276316688893104
load_aware,19,19,0.09523809523809523,0.09523809523809523,709.4885541065842,0.0,709.4885541065842,0.3009964984171585,0.3009964984171585,2.787492563983605,2.787492563983605,1.0,7.0,0,0,0,0.246665182803256,0.20646377690021864
load_aware,20,20,0.16666666666666666,0.16666666666666666,679.2772965423095,0.0,679.2772965423095,0.33076128419476897,0.33076128419476897,2.8414774675354835,2.8414774675354835,1.0,7.0,0,0,0,0.1500674198524328,0.12799297803197265
load_aware,21,21,0.14285714285714285,0.14285714285714285,716.9255885137993,0.0,716.9255885137993,0.2936693709223652,0.2936693709223652,2.9270480770694305,2.9270480770694305,1.0,7.0,0,0,0,0.2518367307771137,0.22578074938649165
load_aware,22,22,0.16666666666666666,0.16666666666666666,703.4669413123476,0.0,703.4669413123476,0.3069291218597561,0.3069291218597561,3.0508366381560252,3.0508366381560252,1.0,7.0,0,0,0,0.24194327679479333,0.19082322418791567
load_aware,23,23,0.047619047619047616,0.047619047619047616,679.2294252757201,0.0,679.2294252757201,0.3308084480042166,0.3308084480042166,2.750462753885171,2.750462753885171,1.0,7.0,0,0,0,0.1645193970387295,0.12786863707979243
rsrp_sleep,0,0,0.0,0.0,245.96078342784622,0.0,245.96078342784622,0.7576741049971959,0.7576741049971959,0.37120414635013665,0.37120414635013665,1.0,2.0,0,0,0,0.26178510815900924,0.23600712207132937
rsrp_sleep,1,1,0.0,0.0,176.13603652716145,35.0,211.13603652716145,0.8264669590865404,0.7919842004658508,0.013902347800101423,0.2153749304281956,1.0,1.0,1,0,1,0.6933824823120264,0.6933824823120264
rsrp_sleep,2,2,0.0,0.0,187.61299738979656,70.0,257.61299738979653,0.8151596084829591,0.7461940912415798,0.008190773577177828,0.38435529912854344,1.0,1.0,2,1,1,0.902054497996301,0.902054497996301
rsrp_sleep,3,3,0.2857142857142857,0.2619047619047619,257.658500446896,35.0,292.658500446896,0.7461492606434522,0.7116665020227625,0.012119622465423656,0.14960465294122133,1.0,2.0,1,1,0,0.35313159655406556,0.342350004062691
rsrp_sleep,4,4,0.0,0.0,249.1802085763676,140.0,389.1802085763676,0.7545022575602289,0.6165712230774704,0.3606649193754779,1.1251441282215748,1.0,2.0,4,2,2,0.2796250599966151,0.26527462342152375
rsrp_sleep,5,5,0.0,0.0,178.59165061253537,105.0,283.5916506125354,0.8240476348644971,0.7205993590024281,0.034519962083002016,0.64274882186538,1.0,1.0,3,1,2,0.7380300111370071,0.7380300111370071
rsrp_sleep,6,6,1.0,1.0,174.5775994819207,70.0,244.5775994819207,0.8280023650424426,0.7590368478010633,0.0,0.4009678229494112,1.0,1.0,2,1,1,0.6650472633076493,0.6650472633076493
rsrp_sleep,7,7,0.0,0.0,190.17562907772782,70.0,260.1756290777278,0.812634848199283,0.7436693309579037,0.17773086741234218,0.6112310015707991,1.0,1.0,2,1,1,0.948647801413233,0.948647801413233
rsrp_sleep,8,8,0.9523809523809523,1.0,258.68514104812306,35.0,293.68514104812306,0.7451377920708147,0.710655033450125,0.0,0.1352996150385343,1.0,2.0,1,1,0,0.37607869336249555,0.35168310043748213
rsrp_sleep,9,9,0.0,0.0,188.55135571761252,105.0,293.5513557176125,0.8142351175195935,0.7107868416575246,0.09294537454778798,0.7015820183457202,1.0,1.0,3,1,2,0.919115558502046,0.919115558502046
rsrp_sleep,10,10,0.0,0.0,261.1979676326316,105.0,366.1979676326316,0.7426621008545501,0.6392138249924811,0.5447825915372199,1.165775831191907,1.0,2.0,3,2,1,0.3880175850647276,0.3745269784784695
rsrp_sleep,11,11,0.0,0.0,186.1467244266054,105.0,291.1467244266054,0.816604212387581,0.7131559365255119,0.09429338144527001,0.7115527256839962,1.0,1.0,3,1,2,0.8753949895746436,0.8753949895746436
rsrp_sleep,12,12,0.9523809523809523,0.9761904761904762,252.3066589362239,105.0,357.3066589362239,0.7514220109002719,0.647973735038203,-0.008696478791000804,0.4038446335434747,1.0,2.0,3,2,1,0.32428915817955095,0.29369689942021726
rsrp_sleep,13,13,0.0,0.0,246.44463969011417,140.0,386.4446396901142,0.7571973993200846,0.6192663648373259,0.01199174962772326,0.5868829102795917,1.0,2.0,4,2,2,0.25107078111856246,0.24040581536467415
rsrp_sleep,14,14,0.0,0.0,252.34832184041034,140.0,392.34832184041034,0.7513809637040292,0.6134499292212706,0.36250044546923327,1.118400310285162,1.0,2.0,4,2,2,0.30074236952460126,0.29407565309463923
rsrp_sleep,15,15,0.0,0.0,248.69855423503088,140.0,388.6985542350309,0.7549767938571125,0.6170457593743538,0.5355166389724566,1.399905779140058,1.0,2.0,4,2,2,0.2781823243192641,0.2608959475911897
rsrp_sleep,16,16,0.0,0.0,249.9151751333593,140.0,389.9151751333593,0.7537781525779711,0.6158471180952125,0.008660528995610685,0.5737021435515572,1.0,2.0,4,2,2,0.28550996144048657,0.27195613757599363
rsrp_sleep,17,17,0.0,0.0,253.88812689633912,0.0,253.88812689633912,0.7498639143878432,0.7498639143878432,0.44628544067920545,0.44628544067920545,1.0,2.0,0,0,0,0.3185930610002628,0.3080738808758101
rsrp_sleep,18,18,0.0,0.0,240.7021669975311,140.0,380.7021669975311,0.7628550078842058,0.6249239734014472,0.25069575322907206,0.9781399953653137,1.0,2.0,4,2,2,0.20782522505535894,0.18820151815937364
rsrp_sleep,19,19,0.0,0.0,250.52472619074626,70.0,320.52472619074626,0.7531776096642894,0.68421209242291,0.33738667389260785,0.7110706155774846,1.0,2.0,2,1,1,0.3082324727548543,0.27749751082496593
rsrp_sleep,20,20,0.0,0.0,249.93579481384495,70.0,319.93579481384495,0.7537578376218277,0.6847923203804483,0.41344739327402946,0.8093143302322778,1.0,2.0,2,1,1,0.2907106763952706,0.27214358921677223
rsrp_sleep,21,21,0.0,0.0,261.65055162145785,140.0,401.65055162145785,0.7422162052990563,0.6042851708162976,0.43322307373525176,1.2000902906376905,1.0,2.0,4,2,2,0.39458800769165436,0.37864137837688955
rsrp_sleep,22,22,0.0,0.0,174.64806224119843,105.0,279.64806224119843,0.8279329436047306,0.7244846677426616,0.005691565249368564,0.6103224612128616,1.0,1.0,3,1,2,0.6663284043854263,0.6663284043854263
rsrp_sleep,23,23,0.0,0.0,255.91094718717213,105.0,360.91094718717216,0.7478709879929338,0.6444227121308649,0.41304902293854245,0.9928215924176813,1.0,2.0,3,2,1,0.33778579658337704,0.3264631562470195
sinr_sleep,0,0,0.0,0.0,245.96078342784622,0.0,245.96078342784622,0.7576741049971959,0.7576741049971959,0.37120414635013665,0.37120414635013665,1.0,2.0,0,0,0,0.26178510815900924,0.23600712207132937
sinr_sleep,1,1,0.0,0.0,176.13603652716145,35.0,211.13603652716145,0.8264669590865404,0.7919842004658508,0.013902347800101423,0.2153749304281956,1.0,1.0,1,0,1,0.6933824823120264,0.6933824823120264
sinr_sleep,2,2,0.0,0.0,187.61299738979656,70.0,257.61299738979653,0.8151596084829591,0.7461940912415798,0.008190773577177828,0.38435529912854344,1.0,1.0,2,1,1,0.902054497996301,0.902054497996301
sinr_sleep,3,3,0.2857142857142857,0.2619047619047619,257.658500446896,35.0,292.658500446896,0.7461492606434522,0.7116665020227625,0.012119622465423656,0.14960465294122133,1.0,2.0,1,1,0,0.35313159655406556,0.342350004062691
sinr_sleep,4,4,0.0,0.0,249.1802085763676,140.0,389.1802085763676,0.7545022575602289,0.6165712230774704,0.3606649193754779,1.1251441282215748,1.0,2.0,4,2,2,0.2796250599966151,0.26527462342152375
sinr_sleep,5,5,0.0,0.0,178.59165061253537,105.0,283.5916506125354,0.8240476348644971,0.7205993590024281,0.034519962083002016,0.64274882186538,1.0,1.0,3,1,2,0.7380300111370071,0.7380300111370071
sinr_sleep,6,6,1.0,1.0,174.5775994819207,70.0,244.5775994819207,0.8280023650424426,0.7590368478010633,0.0,0.4009678229494112,1.0,1.0,2,1,1,0.6650472633076493,0.6650472633076493
sinr_sleep,7,7,0.0,0.0,190.17562907772782,70.0,260.1756290777278,0.812634848199283,0.7436693309579037,0.17773086741234218,0.6112310015707991,1.0,1.0,2,1,1,0.948647801413233,0.948647801413233
sinr_sleep,8,8,0.9523809523809523,1.0,258.68514104812306,35.0,293.68514104812306,0.7451377920708147,0.710655033450125,0.0,0.1352996150385343,1.0,2.0,1,1,0,0.37607869336249555,0.35168310043748213
sinr_sleep,9,9,0.0,0.0,188.55135571761252,105.0,293.5513557176125,0.8142351175195935,0.7107868416575246,0.09294537454778798,0.7015820183457202,1.0,1.0,3,1,2,0.919115558502046,0.919115558502046
sinr_sleep,10,10,0.0,0.0,261.1979676326316,105.0,366.1979676326316,0.7426621008545501,0.6392138249924811,0.5447825915372199,1.165775831191907,1.0,2.0,3,2,1,0.3880175850647276,0.3745269784784695
sinr_sleep,11,11,0.0,0.0,186.1467244266054,105.0,291.1467244266054,0.816604212387581,0.7131559365255119,0.09429338144527001,0.7115527256839962,1.0,1.0,3,1,2,0.8753949895746436,0.8753949895746436
sinr_sleep,12,12,0.9523809523809523,0.9761904761904762,252.3066589362239,105.0,357.3066589362239,0.7514220109002719,0.647973735038203,-0.008696478791000804,0.4038446335434747,1.0,2.0,3,2,1,0.32428915817955095,0.29369689942021726
sinr_sleep,13,13,0.0,0.0,246.44463969011417,140.0,386.4446396901142,0.7571973993200846,0.6192663648373259,0.01199174962772326,0.5868829102795917,1.0,2.0,4,2,2,0.25107078111856246,0.24040581536467415
sinr_sleep,14,14,0.0,0.0,252.34832184041034,140.0,392.34832184041034,0.7513809637040292,0.6134499292212706,0.36250044546923327,1.118400310285162,1.0,2.0,4,2,2,0.30074236952460126,0.29407565309463923
sinr_sleep,15,15,0.0,0.0,248.69855423503088,140.0,388.6985542350309,0.7549767938571125,0.6170457593743538,0.5355166389724566,1.399905779140058,1.0,2.0,4,2,2,0.2781823243192641,0.2608959475911897
sinr_sleep,16,16,0.0,0.0,249.9151751333593,140.0,389.9151751333593,0.7537781525779711,0.6158471180952125,0.008660528995610685,0.5737021435515572,1.0,2.0,4,2,2,0.28550996144048657,0.27195613757599363
sinr_sleep,17,17,0.0,0.0,253.88812689633912,0.0,253.88812689633912,0.7498639143878432,0.7498639143878432,0.44628544067920545,0.44628544067920545,1.0,2.0,0,0,0,0.3185930610002628,0.3080738808758101
sinr_sleep,18,18,0.0,0.0,240.7021669975311,140.0,380.7021669975311,0.7628550078842058,0.6249239734014472,0.25069575322907206,0.9781399953653137,1.0,2.0,4,2,2,0.20782522505535894,0.18820151815937364
sinr_sleep,19,19,0.0,0.0,250.52472619074626,70.0,320.52472619074626,0.7531776096642894,0.68421209242291,0.33738667389260785,0.7110706155774846,1.0,2.0,2,1,1,0.3082324727548543,0.27749751082496593
sinr_sleep,20,20,0.0,0.0,249.93579481384495,70.0,319.93579481384495,0.7537578376218277,0.6847923203804483,0.41344739327402946,0.8093143302322778,1.0,2.0,2,1,1,0.2907106763952706,0.27214358921677223
sinr_sleep,21,21,0.0,0.0,261.65055162145785,140.0,401.65055162145785,0.7422162052990563,0.6042851708162976,0.43322307373525176,1.2000902906376905,1.0,2.0,4,2,2,0.39458800769165436,0.37864137837688955
sinr_sleep,22,22,0.0,0.0,174.64806224119843,105.0,279.64806224119843,0.8279329436047306,0.7244846677426616,0.005691565249368564,0.6103224612128616,1.0,1.0,3,1,2,0.6663284043854263,0.6663284043854263
sinr_sleep,23,23,0.0,0.0,255.91094718717213,105.0,360.91094718717216,0.7478709879929338,0.6444227121308649,0.41304902293854245,0.9928215924176813,1.0,2.0,3,2,1,0.33778579658337704,0.3264631562470195
load_sleep,0,0,0.0,0.0,247.08505780041708,0.0,247.08505780041708,0.7565664455168305,0.7565664455168305,0.37747185155020807,0.37747185155020807,1.0,2.0,0,0,0,0.25177725696592557,0.24622779818560975
load_sleep,1,1,0.0,0.0,176.13603652716145,35.0,211.13603652716145,0.8264669590865404,0.7919842004658508,0.013902347800101423,0.2153749304281956,1.0,1.0,1,0,1,0.6933824823120264,0.6933824823120264
load_sleep,2,2,1.0,1.0,186.08878627615672,70.0,256.0887862761567,0.8166612943092052,0.7476957770678259,0.0,0.37616452555136576,1.0,1.0,2,1,1,0.8743415686573949,0.8743415686573949
load_sleep,3,3,1.0,1.0,254.57316973982316,35.0,289.57316973982313,0.7491889953302235,0.7147062367095338,0.0,0.13748503047579755,1.0,2.0,1,1,0,0.3252555077552458,0.3143015430893016
load_sleep,4,4,0.0,0.0,250.56627346436198,140.0,390.566273464362,0.7531366763897911,0.6152056419070325,0.36823361786821585,1.1327128267143127,1.0,2.0,4,2,2,0.2832205341917682,0.2778752133123814
load_sleep,5,5,0.0,0.0,250.09032848327172,70.0,320.0903284832717,0.7536055877012101,0.6846400704598308,0.44868719367600685,0.8541731001975922,1.0,2.0,2,1,1,0.2763345826150687,0.2735484407570156
load_sleep,6,6,0.0,0.0,186.47704455422485,105.0,291.47704455422485,0.816278773838202,0.7128304979761331,0.06816135121354124,0.669613085637658,1.0,1.0,3,1,2,0.8814008100768151,0.8814008100768151
load_sleep,7,7,0.0,0.0,190.17562907772782,70.0,260.1756290777278,0.812634848199283,0.7436693309579037,0.17773086741234218,0.6112310015707991,1.0,1.0,2,1,1,0.948647801413233,0.948647801413233
load_sleep,8,8,1.0,1.0,258.68514104812306,35.0,293.68514104812306,0.7451377920708147,0.710655033450125,0.0,0.1352996150385343,1.0,2.0,1,1,0,0.37607869336249555,0.35168310043748213
load_sleep,9,9,0.0,0.0,255.04770215394848,70.0,325.0477021539485,0.7487214757103956,0.6797559584690164,0.47839407092717945,0.8841518334591343,1.0,2.0,2,1,1,0.32083358387182076,0.31861547412680424
load_sleep,10,10,0.0,0.0,261.1979676326316,140.0,401.1979676326316,0.7426621008545501,0.6047310663717915,0.5447825915372199,1.3727735777434698,1.0,2.0,4,2,2,0.3880175850647276,0.3745269784784695
load_sleep,11,11,1.0,1.0,170.10678085318872,105.0,275.10678085318875,0.8324071124599126,0.7289588365978436,0.0,0.6172593442387265,1.0,1.0,3,1,2,0.5837596518761587,0.5837596518761587
load_sleep,12,12,1.0,1.0,254.52008747886754,105.0,359.52008747886754,0.7492412931242685,0.6457930172621995,0.0,0.4125411123344754,1.0,2.0,3,2,1,0.31589881427032623,0.3138189770806138
load_sleep,13,13,0.0,0.0,247.95329326217637,140.0,387.9532932621764,0.7557110411210084,0.6177800066382498,0.018186832506754874,0.5930779931586233,1.0,2.0,4,2,2,0.2574458656181356,0.25412084783796685
load_sleep,14,14,0.0,0.0,253.045713321755,70.0,323.045713321755,0.750693878500734,0.6817283612593547,0.36626586065832045,0.7442157930662848,1.0,2.0,2,1,1,0.30331028368522917,0.30041557565231813
load_sleep,15,15,0.0,0.0,186.15619016635796,105.0,291.156190166358,0.8165948865356079,0.7131466106735389,0.14936706539124747,0.7976589205169486,1.0,1.0,3,1,2,0.8755670939337811,0.8755670939337811
load_sleep,16,16,0.0,0.0,250.78093509778353,35.0,285.7809350977835,0.7529251870957798,0.7184424284750901,0.012154746196440433,0.1534151498354271,1.0,2.0,1,1,0,0.28094084576480594,0.279826682707123
load_sleep,17,17,1.0,1.0,175.5449648840467,105.0,280.5449648840467,0.8270492956807421,0.7236010198186732,0.0,0.5981373494213064,1.0,1.0,3,1,2,0.6826357251644851,0.6826357251644851
load_sleep,18,18,0.0,0.0,245.08699474190684,105.0,350.08699474190684,0.7585349805498455,0.6550867046877764,0.27347945105339616,0.8190626326555774,1.0,2.0,3,2,1,0.23072546056623044,0.22806358856278933
load_sleep,19,19,0.0,0.0,250.52472619074626,70.0,320.52472619074626,0.7531776096642894,0.68421209242291,0.33738667389260785,0.7110706155774846,1.0,2.0,2,1,1,0.3082324727548543,0.27749751082496593
load_sleep,20,20,0.0,0.0,182.3828578919103,105.0,287.3828578919103,0.8203124552789061,0.7168641794168371,0.03141919010517187,0.6252195955425445,1.0,1.0,3,1,2,0.8069610525801874,0.8069610525801874
load_sleep,21,21,0.0,0.0,250.10716313599278,105.0,355.1071631359928,0.7535890018364603,0.6501407259743913,0.3699927437247357,0.9451431564015647,1.0,2.0,3,2,1,0.27931939132701666,0.27370148305447994
load_sleep,22,22,1.0,1.0,173.65966691576375,105.0,278.65966691576375,0.8289067321026958,0.7254584562406269,0.0,0.604630895963493,1.0,1.0,3,1,2,0.6483575802866137,0.6483575802866137
load_sleep,23,23,0.0,0.0,255.91094718717213,105.0,360.91094718717216,0.7478709879929338,0.6444227121308649,0.41304902293854245,0.9928215924176813,1.0,2.0,3,2,1,0.33778579658337704,0.3264631562470195
greedy_sleep,0,0,0.0,0.0,247.08505780041708,0.0,247.08505780041708,0.7565664455168305,0.7565664455168305,0.37747185155020807,0.37747185155020807,1.0,2.0,0,0,0,0.25177725696592557,0.24622779818560975
greedy_sleep,1,1,0.0,0.0,176.13603652716145,35.0,211.13603652716145,0.8264669590865404,0.7919842004658508,0.013902347800101423,0.2153749304281956,1.0,1.0,1,0,1,0.6933824823120264,0.6933824823120264
greedy_sleep,2,2,1.0,1.0,186.08878627615672,70.0,256.0887862761567,0.8166612943092052,0.7476957770678259,0.0,0.37616452555136576,1.0,1.0,2,1,1,0.8743415686573949,0.8743415686573949
greedy_sleep,3,3,1.0,1.0,254.57316973982316,35.0,289.57316973982313,0.7491889953302235,0.7147062367095338,0.0,0.13748503047579755,1.0,2.0,1,1,0,0.3252555077552458,0.3143015430893016
greedy_sleep,4,4,0.0,0.0,250.56627346436198,140.0,390.566273464362,0.7531366763897911,0.6152056419070325,0.36823361786821585,1.1327128267143127,1.0,2.0,4,2,2,0.2832205341917682,0.2778752133123814
greedy_sleep,5,5,0.0,0.0,250.09032848327172,70.0,320.0903284832717,0.7536055877012101,0.6846400704598308,0.44868719367600685,0.8541731001975922,1.0,2.0,2,1,1,0.2763345826150687,0.2735484407570156
greedy_sleep,6,6,0.0,0.0,186.47704455422485,105.0,291.47704455422485,0.816278773838202,0.7128304979761331,0.06816135121354124,0.669613085637658,1.0,1.0,3,1,2,0.8814008100768151,0.8814008100768151
greedy_sleep,7,7,0.0,0.0,190.17562907772782,70.0,260.1756290777278,0.812634848199283,0.7436693309579037,0.17773086741234218,0.6112310015707991,1.0,1.0,2,1,1,0.948647801413233,0.948647801413233
greedy_sleep,8,8,1.0,1.0,258.68514104812306,35.0,293.68514104812306,0.7451377920708147,0.710655033450125,0.0,0.1352996150385343,1.0,2.0,1,1,0,0.37607869336249555,0.35168310043748213
greedy_sleep,9,9,0.0,0.0,255.04770215394848,70.0,325.0477021539485,0.7487214757103956,0.6797559584690164,0.47839407092717945,0.8841518334591343,1.0,2.0,2,1,1,0.32083358387182076,0.31861547412680424
greedy_sleep,10,10,0.0,0.0,261.1979676326316,140.0,401.1979676326316,0.7426621008545501,0.6047310663717915,0.5447825915372199,1.3727735777434698,1.0,2.0,4,2,2,0.3880175850647276,0.3745269784784695
greedy_sleep,11,11,1.0,1.0,170.10678085318872,105.0,275.10678085318875,0.8324071124599126,0.7289588365978436,0.0,0.6172593442387265,1.0,1.0,3,1,2,0.5837596518761587,0.5837596518761587
greedy_sleep,12,12,1.0,1.0,254.52008747886754,105.0,359.52008747886754,0.7492412931242685,0.6457930172621995,0.0,0.4125411123344754,1.0,2.0,3,2,1,0.31589881427032623,0.3138189770806138
greedy_sleep,13,13,0.0,0.0,247.95329326217637,140.0,387.9532932621764,0.7557110411210084,0.6177800066382498,0.018186832506754874,0.5930779931586233,1.0,2.0,4,2,2,0.2574458656181356,0.25412084783796685
greedy_sleep,14,14,0.0,0.0,253.045713321755,70.0,323.045713321755,0.750693878500734,0.6817283612593547,0.36626586065832045,0.7442157930662848,1.0,2.0,2,1,1,0.30331028368522917,0.30041557565231813
greedy_sleep,15,15,0.0,0.0,186.15619016635796,105.0,291.156190166358,0.8165948865356079,0.7131466106735389,0.14936706539124747,0.7976589205169486,1.0,1.0,3,1,2,0.8755670939337811,0.8755670939337811
greedy_sleep,16,16,0.0,0.0,250.78093509778353,35.0,285.7809350977835,0.7529251870957798,0.7184424284750901,0.012154746196440433,0.1534151498354271,1.0,2.0,1,1,0,0.28094084576480594,0.279826682707123
greedy_sleep,17,17,1.0,1.0,175.5449648840467,105.0,280.5449648840467,0.8270492956807421,0.7236010198186732,0.0,0.5981373494213064,1.0,1.0,3,1,2,0.6826357251644851,0.6826357251644851
greedy_sleep,18,18,0.0,0.0,245.08699474190684,105.0,350.08699474190684,0.7585349805498455,0.6550867046877764,0.27347945105339616,0.8190626326555774,1.0,2.0,3,2,1,0.23072546056623044,0.22806358856278933
greedy_sleep,19,19,0.0,0.0,250.52472619074626,70.0,320.52472619074626,0.7531776096642894,0.68421209242291,0.33738667389260785,0.7110706155774846,1.0,2.0,2,1,1,0.3082324727548543,0.27749751082496593
greedy_sleep,20,20,0.0,0.0,182.3828578919103,105.0,287.3828578919103,0.8203124552789061,0.7168641794168371,0.03141919010517187,0.6252195955425445,1.0,1.0,3,1,2,0.8069610525801874,0.8069610525801874
greedy_sleep,21,21,0.0,0.0,250.10716313599278,105.0,355.1071631359928,0.7535890018364603,0.6501407259743913,0.3699927437247357,0.9451431564015647,1.0,2.0,3,2,1,0.27931939132701666,0.27370148305447994
greedy_sleep,22,22,1.0,1.0,173.65966691576375,105.0,278.65966691576375,0.8289067321026958,0.7254584562406269,0.0,0.604630895963493,1.0,1.0,3,1,2,0.6483575802866137,0.6483575802866137
greedy_sleep,23,23,0.0,0.0,255.91094718717213,105.0,360.91094718717216,0.7478709879929338,0.6444227121308649,0.41304902293854245,0.9928215924176813,1.0,2.0,3,2,1,0.33778579658337704,0.3264631562470195
oracle,0,0,1.0,1.0,179.37575822137296,0.0,179.37575822137296,0.8232751150528346,0.8232751150528346,0.0,0.0,1.0,1.0,0,0,0,0.7522865131158721,0.7522865131158721
oracle,1,1,1.0,1.0,173.72090804339277,70.0,243.72090804339277,0.8288463960163618,0.7598808787749824,0.0,0.40294516525618834,1.0,1.0,2,1,1,0.649471055334414,0.649471055334414
oracle,2,2,1.0,1.0,186.08878627615672,70.0,256.0887862761567,0.8166612943092052,0.7476957770678259,0.0,0.37616452555136576,1.0,1.0,2,1,1,0.8743415686573949,0.8743415686573949
oracle,3,3,1.0,1.0,254.57316973982316,35.0,289.57316973982313,0.7491889953302235,0.7147062367095338,0.0,0.13748503047579755,1.0,2.0,1,1,0,0.3252555077552458,0.3143015430893016
oracle,4,4,1.0,1.0,183.13120668293342,105.0,288.13120668293345,0.8195751658296222,0.7161268899675532,0.0,0.5733594066345729,1.0,1.0,3,1,2,0.8205673942351533,0.8205673942351533
oracle,5,5,1.0,1.0,172.6323871536918,70.0,242.6323871536918,0.8299188303904514,0.7609533131490722,0.0,0.4054859065215853,1.0,1.0,2,1,1,0.6296797664307598,0.6296797664307598
oracle,6,6,1.0,1.0,174.5775994819207,70.0,244.5775994819207,0.8280023650424426,0.7590368478010633,0.0,0.4009678229494112,1.0,1.0,2,1,1,0.6650472633076493,0.6650472633076493
oracle,7,7,1.0,1.0,161.47630527471293,70.0,231.47630527471293,0.8409100440643222,0.771944526822943,0.0,0.43350013415845695,1.0,1.0,2,1,1,0.42684191408568967,0.42684191408568967
oracle,8,8,1.0,1.0,258.68514104812306,105.0,363.68514104812306,0.7451377920708147,0.6416895162087457,0.0,0.4058988451156029,1.0,2.0,3,2,1,0.37607869336249555,0.35168310043748213
oracle,9,9,1.0,1.0,172.51672417354496,105.0,277.51672417354496,0.830032784065473,0.726584508203404,0.0,0.6086366437979321,1.0,1.0,3,1,2,0.6275768031553628,0.6275768031553628
oracle,10,10,1.0,1.0,169.08396628985338,70.0,239.08396628985338,0.8334148115370903,0.764449294295711,0.0,0.4139954931031249,1.0,1.0,2,1,1,0.56516302345188,0.56516302345188
oracle,11,11,1.0,1.0,170.10678085318872,0.0,170.10678085318872,0.8324071124599126,0.8324071124599126,0.0,0.0,1.0,1.0,0,0,0,0.5837596518761587,0.5837596518761587
oracle,12,12,1.0,1.0,254.52008747886754,105.0,359.52008747886754,0.7492412931242685,0.6457930172621995,0.0,0.4125411123344754,1.0,2.0,3,2,1,0.31589881427032623,0.3138189770806138
oracle,13,13,1.0,1.0,243.52435657778102,0.0,243.52435657778102,0.760074525539132,0.760074525539132,0.0,0.0,1.0,2.0,0,0,0,0.2254308392092603,0.21385778707073644
oracle,14,14,1.0,1.0,185.20971694325118,105.0,290.2097169432512,0.8175273724697033,0.7140790966076344,0.0,0.5669248986119466,1.0,1.0,3,1,2,0.858358489877294,0.858358489877294
oracle,15,15,1.0,1.0,161.96408942950694,70.0,231.96408942950694,0.8404294685423578,0.7714639513009784,0.0,0.4321945700838007,1.0,1.0,2,1,1,0.43571071690012597,0.43571071690012597
oracle,16,16,1.0,1.0,247.7693613947759,105.0,352.7693613947759,0.7558922547834721,0.6524439789214032,0.0,0.42378121091695997,1.0,2.0,3,2,1,0.2533265094447054,0.25244873995250805
oracle,17,17,1.0,1.0,175.5449648840467,105.0,280.5449648840467,0.8270492956807421,0.7236010198186732,0.0,0.5981373494213064,1.0,1.0,3,1,2,0.6826357251644851,0.6826357251644851
oracle,18,18,1.0,1.0,192.4546128633453,70.0,262.4546128633453,0.8103895439769997,0.7414240267356204,0.0,0.36372212106812085,1.0,1.0,2,1,1,0.9900838702426419,0.9900838702426419
oracle,19,19,1.0,1.0,187.32407842943962,70.0,257.3240784294396,0.8154442577049856,0.7464787404636063,0.0,0.3736839416848768,1.0,1.0,2,1,1,0.8968014259898115,0.8968014259898115
oracle,20,20,1.0,1.0,176.82709381557373,70.0,246.82709381557373,0.825786114467415,0.7568205972260357,0.0,0.39586693695824837,1.0,1.0,2,1,1,0.705947160283159,0.705947160283159
oracle,21,21,1.0,1.0,182.56094003534758,70.0,252.56094003534758,0.8201370048912832,0.7511714876499038,0.0,0.3834336084512193,1.0,1.0,2,1,1,0.8101989097335925,0.8101989097335925
oracle,22,22,1.0,1.0,173.65966691576375,0.0,173.65966691576375,0.8289067321026958,0.8289067321026958,0.0,0.0,1.0,1.0,0,0,0,0.6483575802866137,0.6483575802866137
oracle,23,23,1.0,1.0,181.10549813408875,0.0,181.10549813408875,0.8215709377989273,0.8215709377989273,0.0,0.0,1.0,1.0,0,0,0,0.7837363297107043,0.7837363297107043
flat_mlp,0,0,0.0,0.0,295.2316742049726,0.0,295.2316742049726,0.7091313554630811,0.7091313554630811,0.6458839094668433,0.6458839094668433,1.0,2.0,0,0,0,0.6992773502909904,0.6839243109542961
flat_mlp,1,1,1.0,1.0,173.72090804339277,35.0,208.72090804339277,0.8288463960163618,0.7943636373956722,0.0,0.20147258262809417,1.0,1.0,1,0,1,0.649471055334414,0.649471055334414
flat_mlp,2,2,0.0,0.0,250.58436841794455,35.0,285.5843684179446,0.7531188488493157,0.7186360902286261,0.3465850008074965,0.5346672635831795,1.0,2.0,1,1,0,0.2992759272592449,0.27803971289040497
flat_mlp,3,3,0.0,0.0,278.85848697611686,70.0,348.85848697611686,0.7252625744077666,0.6562970571663873,0.09539621658132157,0.3703662775329169,1.0,2.0,2,1,1,0.5670212496604268,0.5350771543283349
flat_mlp,4,4,1.0,1.0,183.13120668293342,35.0,218.13120668293342,0.8195751658296222,0.7850924072089326,0.0,0.19111980221152422,1.0,1.0,1,0,1,0.8205673942351533,0.8205673942351533
flat_mlp,5,5,0.0,0.0,178.59165061253537,0.0,178.59165061253537,0.8240476348644971,0.8240476348644971,0.034519962083002016,0.034519962083002016,1.0,1.0,0,0,0,0.7380300111370071,0.7380300111370071
flat_mlp,6,6,0.0,0.0,260.65844836649114,105.0,365.65844836649114,0.7431936469295654,0.6397453710674964,0.49308072249833507,1.0945324569224517,1.0,2.0,3,2,1,0.40072943601602207,0.36962225787719205
flat_mlp,7,7,1.0,1.0,161.47630527471293,105.0,266.4763052747129,0.8409100440643222,0.7374617682022533,0.0,0.6502502012376852,1.0,1.0,3,1,2,0.42684191408568967,0.42684191408568967
flat_mlp,8,8,0.0,0.0,280.51231886025687,35.0,315.51231886025687,0.7236331833889095,0.6891504247682199,0.08437739301026692,0.21967700804880125,1.0,2.0,1,1,0,0.5516013794682315,0.5501119896386988
flat_mlp,9,9,0.0,0.0,261.4161738990037,0.0,261.4161738990037,0.7424471193113263,0.7424471193113263,0.5153091687274877,0.5153091687274877,1.0,2.0,0,0,0,0.3943137583587525,0.37651067180912434
flat_mlp,10,10,1.0,1.0,169.08396628985338,35.0,204.08396628985338,0.8334148115370903,0.7989320529164006,0.0,0.20699774655156244,1.0,1.0,1,0,1,0.56516302345188,0.56516302345188
flat_mlp,11,11,1.0,1.0,170.10678085318872,0.0,170.10678085318872,0.8324071124599126,0.8324071124599126,0.0,0.0,1.0,1.0,0,0,0,0.5837596518761587,0.5837596518761587
flat_mlp,12,12,0.0,0.38095238095238093,286.1657821863181,35.0,321.1657821863181,0.7180632687819526,0.683580510161263,0.1243347628115131,0.2618484669230049,1.0,2.0,1,1,0,0.6037208326031854,0.6015071107847103
flat_mlp,13,13,0.0,0.0,254.40555100843676,70.0,324.40555100843676,0.7493541369375007,0.6803886196961214,0.04468216068227375,0.33212774100820797,1.0,2.0,2,1,1,0.3136520874146204,0.31277773644033424
flat_mlp,14,14,0.0,0.0,277.36803287274176,70.0,347.36803287274176,0.726731002095821,0.6577654848544416,0.49758898966261134,0.8755389220705757,1.0,2.0,2,1,1,0.5895627327242187,0.5215275715703798
flat_mlp,15,15,1.0,1.0,161.96408942950694,35.0,196.96408942950694,0.8404294685423578,0.8059467099216681,0.0,0.21609728504190034,1.0,1.0,1,0,1,0.43571071690012597,0.43571071690012597
flat_mlp,16,16,0.0,0.0,256.83673539771905,35.0,291.83673539771905,0.7469588813815576,0.7124761227608679,0.036596026045754404,0.17785642968474105,1.0,2.0,1,1,0,0.3368571147519254,0.3348794127065371
flat_mlp,17,17,1.0,1.0,175.5449648840467,35.0,210.5449648840467,0.8270492956807421,0.7925665370600524,0.0,0.1993791164737688,1.0,1.0,1,0,1,0.6826357251644851,0.6826357251644851
flat_mlp,18,18,0.0,0.0,248.78047534920546,35.0,283.78047534920546,0.7548960833997975,0.7204133247791079,0.29267088820497655,0.474531948739037,1.0,2.0,1,1,0,0.2675688726013228,0.26164068499277704
flat_mlp,19,19,1.0,1.0,187.32407842943962,35.0,222.32407842943962,0.8154442577049856,0.7809614990842959,0.0,0.1868419708424384,1.0,1.0,1,0,1,0.8968014259898115,0.8968014259898115
flat_mlp,20,20,0.0,0.0,246.23207139992797,35.0,281.232071399928,0.7574068262069675,0.7229240675862779,0.3925019412282029,0.5904354097073271,1.0,2.0,1,1,0,0.24887313381006212,0.23847337636298155
flat_mlp,21,21,1.0,1.0,182.56094003534758,35.0,217.56094003534758,0.8201370048912832,0.7856542462705935,0.0,0.19171680422560966,1.0,1.0,1,0,1,0.8101989097335925,0.8101989097335925
flat_mlp,22,22,1.0,1.0,173.65966691576375,0.0,173.65966691576375,0.8289067321026958,0.8289067321026958,0.0,0.0,1.0,1.0,0,0,0,0.6483575802866137,0.6483575802866137
flat_mlp,23,23,1.0,1.0,181.10549813408875,0.0,181.10549813408875,0.8215709377989273,0.8215709377989273,0.0,0.0,1.0,1.0,0,0,0,0.7837363297107043,0.7837363297107043
flat_mlp_pruned,0,0,1.0,1.0,179.37575822137296,0.0,179.37575822137296,0.8232751150528346,0.8232751150528346,0.0,0.0,1.0,1.0,0,0,0,0.7522865131158721,0.7522865131158721
flat_mlp_pruned,1,1,1.0,1.0,173.72090804339277,70.0,243.72090804339277,0.8288463960163618,0.7598808787749824,0.0,0.40294516525618834,1.0,1.0,2,1,1,0.649471055334414,0.649471055334414
flat_mlp_pruned,2,2,0.0,0.0,250.58436841794455,35.0,285.5843684179446,0.7531188488493157,0.7186360902286261,0.3465850008074965,0.5346672635831795,1.0,2.0,1,1,0,0.2992759272592449,0.27803971289040497
flat_mlp_pruned,3,3,0.42857142857142855,0.42857142857142855,254.74814284114444,70.0,324.74814284114444,0.7490166080382813,0.680051090796902,0.0006873194905029064,0.27565738044209825,1.0,2.0,2,1,1,0.3276920835841635,0.31589220764676784
flat_mlp_pruned,4,4,1.0,1.0,183.13120668293342,105.0,288.13120668293345,0.8195751658296222,0.7161268899675532,0.0,0.5733594066345729,1.0,1.0,3,1,2,0.8205673942351533,0.8205673942351533
flat_mlp_pruned,5,5,0.0,0.0,178.59165061253537,0.0,178.59165061253537,0.8240476348644971,0.8240476348644971,0.034519962083002016,0.034519962083002016,1.0,1.0,0,0,0,0.7380300111370071,0.7380300111370071
flat_mlp_pruned,6,6,0.0,0.0,256.4570050807404,35.0,291.4570050807404,0.7473329999204529,0.7128502412997632,0.4690143858192935,0.6694982972939991,1.0,2.0,1,1,0,0.3508538660259049,0.3314273189158213
flat_mlp_pruned,7,7,1.0,1.0,161.47630527471293,35.0,196.47630527471293,0.8409100440643222,0.8064272854436326,0.0,0.21675006707922848,1.0,1.0,1,0,1,0.42684191408568967,0.42684191408568967
flat_mlp_pruned,8,8,0.0,0.0,280.51231886025687,35.0,315.51231886025687,0.7236331833889095,0.6891504247682199,0.08437739301026692,0.21967700804880125,1.0,2.0,1,1,0,0.5516013794682315,0.5501119896386988
flat_mlp_pruned,9,9,1.0,1.0,172.51672417354496,105.0,277.51672417354496,0.830032784065473,0.726584508203404,0.0,0.6086366437979321,1.0,1.0,3,1,2,0.6275768031553628,0.6275768031553628
flat_mlp_pruned,10,10,1.0,1.0,169.08396628985338,70.0,239.08396628985338,0.8334148115370903,0.764449294295711,0.0,0.4139954931031249,1.0,1.0,2,1,1,0.56516302345188,0.56516302345188
flat_mlp_pruned,11,11,1.0,1.0,170.10678085318872,0.0,170.10678085318872,0.8324071124599126,0.8324071124599126,0.0,0.0,1.0,1.0,0,0,0,0.5837596518761587,0.5837596518761587
flat_mlp_pruned,12,12,0.38095238095238093,0.38095238095238093,286.1657821863181,35.0,321.1657821863181,0.7180632687819526,0.683580510161263,0.1243347628115131,0.2618484669230049,1.0,2.0,1,1,0,0.6037208326031854,0.6015071107847103
flat_mlp_pruned,13,13,0.0,0.0,254.40555100843676,70.0,324.40555100843676,0.7493541369375007,0.6803886196961214,0.04468216068227375,0.33212774100820797,1.0,2.0,2,1,1,0.3136520874146204,0.31277773644033424
flat_mlp_pruned,14,14,0.0,0.0,256.80970088096154,70.0,326.80970088096154,0.7469855163734368,0.6780199991320576,0.38658870128098527,0.7645386336889496,1.0,2.0,2,1,1,0.3428594047571589,0.33463364437237775
flat_mlp_pruned,15,15,1.0,1.0,161.96408942950694,35.0,196.96408942950694,0.8404294685423578,0.8059467099216681,0.0,0.21609728504190034,1.0,1.0,1,0,1,0.43571071690012597,0.43571071690012597
flat_mlp_pruned,16,16,0.0,0.0,256.83673539771905,35.0,291.83673539771905,0.7469588813815576,0.7124761227608679,0.036596026045754404,0.17785642968474105,1.0,2.0,1,1,0,0.3368571147519254,0.3348794127065371
flat_mlp_pruned,17,17,1.0,1.0,175.5449648840467,35.0,210.5449648840467,0.8270492956807421,0.7925665370600524,0.0,0.1993791164737688,1.0,1.0,1,0,1,0.6826357251644851,0.6826357251644851
flat_mlp_pruned,18,18,0.0,0.0,248.78047534920546,35.0,283.78047534920546,0.7548960833997975,0.7204133247791079,0.29267088820497655,0.474531948739037,1.0,2.0,1,1,0,0.2675688726013228,0.26164068499277704
flat_mlp_pruned,19,19,1.0,1.0,187.32407842943962,35.0,222.32407842943962,0.8154442577049856,0.7809614990842959,0.0,0.1868419708424384,1.0,1.0,1,0,1,0.8968014259898115,0.8968014259898115
flat_mlp_pruned,20,20,0.0,0.0,246.23207139992797,35.0,281.232071399928,0.7574068262069675,0.7229240675862779,0.3925019412282029,0.5904354097073271,1.0,2.0,1,1,0,0.24887313381006212,0.23847337636298155
flat_mlp_pruned,21,21,1.0,1.0,182.56094003534758,35.0,217.56094003534758,0.8201370048912832,0.7856542462705935,0.0,0.19171680422560966,1.0,1.0,1,0,1,0.8101989097335925,0.8101989097335925
flat_mlp_pruned,22,22,1.0,1.0,173.65966691576375,0.0,173.65966691576375,0.8289067321026958,0.8289067321026958,0.0,0.0,1.0,1.0,0,0,0,0.6483575802866137,0.6483575802866137
flat_mlp_pruned,23,23,1.0,1.0,181.10549813408875,0.0,181.10549813408875,0.8215709377989273,0.8215709377989273,0.0,0.0,1.0,1.0,0,0,0,0.7837363297107043,0.7837363297107043
flat_mlp_stable,0,0,1.0,1.0,179.37575822137296,0.0,179.37575822137296,0.8232751150528346,0.8232751150528346,0.0,0.0,1.0,1.0,0,0,0,0.7522865131158721,0.7522865131158721
flat_mlp_stable,1,1,1.0,1.0,173.72090804339277,70.0,243.72090804339277,0.8288463960163618,0.7598808787749824,0.0,0.40294516525618834,1.0,1.0,2,1,1,0.649471055334414,0.649471055334414
flat_mlp_stable,2,2,0.0,0.0,250.58436841794455,35.0,285.5843684179446,0.7531188488493157,0.7186360902286261,0.3465850008074965,0.5346672635831795,1.0,2.0,1,1,0,0.2992759272592449,0.27803971289040497
flat_mlp_stable,3,3,0.0,0.0,278.85848697611686,70.0,348.85848697611686,0.7252625744077666,0.6562970571663873,0.09539621658132157,0.3703662775329169,1.0,2.0,2,1,1,0.5670212496604268,0.5350771543283349
flat_mlp_stable,4,4,1.0,1.0,183.13120668293342,35.0,218.13120668293342,0.8195751658296222,0.7850924072089326,0.0,0.19111980221152422,1.0,1.0,1,0,1,0.8205673942351533,0.8205673942351533
flat_mlp_stable,5,5,0.0,0.0,178.59165061253537,0.0,178.59165061253537,0.8240476348644971,0.8240476348644971,0.034519962083002016,0.034519962083002016,1.0,1.0,0,0,0,0.7380300111370071,0.7380300111370071
flat_mlp_stable,6,6,0.0,0.0,256.4570050807404,35.0,291.4570050807404,0.7473329999204529,0.7128502412997632,0.4690143858192935,0.6694982972939991,1.0,2.0,1,1,0,0.3508538660259049,0.3314273189158213
flat_mlp_stable,7,7,1.0,1.0,161.47630527471293,35.0,196.47630527471293,0.8409100440643222,0.8064272854436326,0.0,0.21675006707922848,1.0,1.0,1,0,1,0.42684191408568967,0.42684191408568967
flat_mlp_stable,8,8,0.0,0.0,280.51231886025687,35.0,315.51231886025687,0.7236331833889095,0.6891504247682199,0.08437739301026692,0.21967700804880125,1.0,2.0,1,1,0,0.5516013794682315,0.5501119896386988
flat_mlp_stable,9,9,1.0,1.0,172.51672417354496,105.0,277.51672417354496,0.830032784065473,0.726584508203404,0.0,0.6086366437979321,1.0,1.0,3,1,2,0.6275768031553628,0.6275768031553628
flat_mlp_stable,10,10,1.0,1.0,169.08396628985338,70.0,239.08396628985338,0.8334148115370903,0.764449294295711,0.0,0.4139954931031249,1.0,1.0,2,1,1,0.56516302345188,0.56516302345188
flat_mlp_stable,11,11,1.0,1.0,170.10678085318872,0.0,170.10678085318872,0.8324071124599126,0.8324071124599126,0.0,0.0,1.0,1.0,0,0,0,0.5837596518761587,0.5837596518761587
flat_mlp_stable,12,12,0.38095238095238093,0.38095238095238093,286.1657821863181,35.0,321.1657821863181,0.7180632687819526,0.683580510161263,0.1243347628115131,0.2618484669230049,1.0,2.0,1,1,0,0.6037208326031854,0.6015071107847103
flat_mlp_stable,13,13,0.0,0.0,254.40555100843676,70.0,324.40555100843676,0.7493541369375007,0.6803886196961214,0.04468216068227375,0.33212774100820797,1.0,2.0,2,1,1,0.3136520874146204,0.31277773644033424
flat_mlp_stable,14,14,0.0,0.0,277.36803287274176,70.0,347.36803287274176,0.726731002095821,0.6577654848544416,0.49758898966261134,0.8755389220705757,1.0,2.0,2,1,1,0.5895627327242187,0.5215275715703798
flat_mlp_stable,15,15,1.0,1.0,161.96408942950694,35.0,196.96408942950694,0.8404294685423578,0.8059467099216681,0.0,0.21609728504190034,1.0,1.0,1,0,1,0.43571071690012597,0.43571071690012597
flat_mlp_stable,16,16,0.0,0.0,256.83673539771905,35.0,291.83673539771905,0.7469588813815576,0.7124761227608679,0.036596026045754404,0.17785642968474105,1.0,2.0,1,1,0,0.3368571147519254,0.3348794127065371
flat_mlp_stable,17,17,1.0,1.0,175.5449648840467,35.0,210.5449648840467,0.8270492956807421,0.7925665370600524,0.0,0.1993791164737688,1.0,1.0,1,0,1,0.6826357251644851,0.6826357251644851
flat_mlp_stable,18,18,0.0,0.0,248.78047534920546,35.0,283.78047534920546,0.7548960833997975,0.7204133247791079,0.29267088820497655,0.474531948739037,1.0,2.0,1,1,0,0.2675688726013228,0.26164068499277704
flat_mlp_stable,19,19,1.0,1.0,187.32407842943962,35.0,222.32407842943962,0.8154442577049856,0.7809614990842959,0.0,0.1868419708424384,1.0,1.0,1,0,1,0.8968014259898115,0.8968014259898115
flat_mlp_stable,20,20,0.0,0.0,246.23207139992797,35.0,281.232071399928,0.7574068262069675,0.7229240675862779,0.3925019412282029,0.5904354097073271,1.0,2.0,1,1,0,0.24887313381006212,0.23847337636298155
flat_mlp_stable,21,21,1.0,1.0,182.56094003534758,35.0,217.56094003534758,0.8201370048912832,0.7856542462705935,0.0,0.19171680422560966,1.0,1.0,1,0,1,0.8101989097335925,0.8101989097335925
flat_mlp_stable,22,22,1.0,1.0,173.65966691576375,0.0,173.65966691576375,0.8289067321026958,0.8289067321026958,0.0,0.0,1.0,1.0,0,0,0,0.6483575802866137,0.6483575802866137
flat_mlp_stable,23,23,1.0,1.0,181.10549813408875,0.0,181.10549813408875,0.8215709377989273,0.8215709377989273,0.0,0.0,1.0,1.0,0,0,0,0.7837363297107043,0.7837363297107043
flat_mlp_search,0,0,1.0,1.0,179.37575822137296,0.0,179.37575822137296,0.8232751150528346,0.8232751150528346,0.0,0.0,1.0,1.0,0,0,0,0.7522865131158721,0.7522865131158721
flat_mlp_search,1,1,1.0,1.0,173.72090804339277,70.0,243.72090804339277,0.8288463960163618,0.7598808787749824,0.0,0.40294516525618834,1.0,1.0,2,1,1,0.649471055334414,0.649471055334414
flat_mlp_search,2,2,1.0,1.0,186.08878627615672,70.0,256.0887862761567,0.8166612943092052,0.7476957770678259,0.0,0.37616452555136576,1.0,1.0,2,1,1,0.8743415686573949,0.8743415686573949
flat_mlp_search,3,3,0.9285714285714286,0.9285714285714286,254.38480354141532,35.0,289.3848035414153,0.749374577791709,0.7148918191710194,-0.0007399295008203219,0.13674510097497725,1.0,2.0,1,1,0,0.31913757004394994,0.3125891231037757
flat_mlp_search,4,4,1.0,1.0,183.13120668293342,105.0,288.13120668293345,0.8195751658296222,0.7161268899675532,0.0,0.5733594066345729,1.0,1.0,3,1,2,0.8205673942351533,0.8205673942351533
flat_mlp_search,5,5,1.0,1.0,172.6323871536918,70.0,242.6323871536918,0.8299188303904514,0.7609533131490722,0.0,0.4054859065215853,1.0,1.0,2,1,1,0.6296797664307598,0.6296797664307598
flat_mlp_search,6,6,1.0,1.0,174.5775994819207,70.0,244.5775994819207,0.8280023650424426,0.7590368478010633,0.0,0.4009678229494112,1.0,1.0,2,1,1,0.6650472633076493,0.6650472633076493
flat_mlp_search,7,7,1.0,1.0,161.47630527471293,70.0,231.47630527471293,0.8409100440643222,0.771944526822943,0.0,0.43350013415845695,1.0,1.0,2,1,1,0.42684191408568967,0.42684191408568967
flat_mlp_search,8,8,1.0,1.0,258.68514104812306,105.0,363.68514104812306,0.7451377920708147,0.6416895162087457,0.0,0.4058988451156029,1.0,2.0,3,2,1,0.37607869336249555,0.35168310043748213
flat_mlp_search,9,9,1.0,1.0,172.51672417354496,105.0,277.51672417354496,0.830032784065473,0.726584508203404,0.0,0.6086366437979321,1.0,1.0,3,1,2,0.6275768031553628,0.6275768031553628
flat_mlp_search,10,10,1.0,1.0,169.08396628985338,70.0,239.08396628985338,0.8334148115370903,0.764449294295711,0.0,0.4139954931031249,1.0,1.0,2,1,1,0.56516302345188,0.56516302345188
flat_mlp_search,11,11,1.0,1.0,170.10678085318872,0.0,170.10678085318872,0.8324071124599126,0.8324071124599126,0.0,0.0,1.0,1.0,0,0,0,0.5837596518761587,0.5837596518761587
flat_mlp_search,12,12,0.9761904761904762,0.9761904761904762,252.3066589362239,105.0,357.3066589362239,0.7514220109002719,0.647973735038203,-0.008696478791000804,0.4038446335434747,1.0,2.0,3,2,1,0.32428915817955095,0.29369689942021726
flat_mlp_search,13,13,1.0,1.0,243.52435657778102,0.0,243.52435657778102,0.760074525539132,0.760074525539132,0.0,0.0,1.0,2.0,0,0,0,0.2254308392092603,0.21385778707073644
flat_mlp_search,14,14,1.0,1.0,185.20971694325118,105.0,290.2097169432512,0.8175273724697033,0.7140790966076344,0.0,0.5669248986119466,1.0,1.0,3,1,2,0.858358489877294,0.858358489877294
flat_mlp_search,15,15,1.0,1.0,161.96408942950694,70.0,231.96408942950694,0.8404294685423578,0.7714639513009784,0.0,0.4321945700838007,1.0,1.0,2,1,1,0.43571071690012597,0.43571071690012597
flat_mlp_search,16,16,0.9761904761904762,0.9761904761904762,248.38637661404664,105.0,353.38637661404664,0.7552843580157176,0.6518360821536486,0.0024902805407309332,0.4262714914576909,1.0,2.0,3,2,1,0.2751722995067224,0.2580579692186058
flat_mlp_search,17,17,1.0,1.0,175.5449648840467,105.0,280.5449648840467,0.8270492956807421,0.7236010198186732,0.0,0.5981373494213064,1.0,1.0,3,1,2,0.6826357251644851,0.6826357251644851
flat_mlp_search,18,18,1.0,1.0,192.4546128633453,70.0,262.4546128633453,0.8103895439769997,0.7414240267356204,0.0,0.36372212106812085,1.0,1.0,2,1,1,0.9900838702426419,0.9900838702426419
flat_mlp_search,19,19,1.0,1.0,187.32407842943962,70.0,257.3240784294396,0.8154442577049856,0.7464787404636063,0.0,0.3736839416848768,1.0,1.0,2,1,1,0.8968014259898115,0.8968014259898115
flat_mlp_search,20,20,1.0,1.0,176.82709381557373,70.0,246.82709381557373,0.825786114467415,0.7568205972260357,0.0,0.39586693695824837,1.0,1.0,2,1,1,0.705947160283159,0.705947160283159
flat_mlp_search,21,21,1.0,1.0,182.56094003534758,70.0,252.56094003534758,0.8201370048912832,0.7511714876499038,0.0,0.3834336084512193,1.0,1.0,2,1,1,0.8101989097335925,0.8101989097335925
flat_mlp_search,22,22,1.0,1.0,173.65966691576375,0.0,173.65966691576375,0.8289067321026958,0.8289067321026958,0.0,0.0,1.0,1.0,0,0,0,0.6483575802866137,0.6483575802866137
flat_mlp_search,23,23,1.0,1.0,181.10549813408875,0.0,181.10549813408875,0.8215709377989273,0.8215709377989273,0.0,0.0,1.0,1.0,0,0,0,0.7837363297107043,0.7837363297107043
flat_mlp_stable_search,0,0,1.0,1.0,179.37575822137296,0.0,179.37575822137296,0.8232751150528346,0.8232751150528346,0.0,0.0,1.0,1.0,0,0,0,0.7522865131158721,0.7522865131158721
flat_mlp_stable_search,1,1,1.0,1.0,173.72090804339277,70.0,243.72090804339277,0.8288463960163618,0.7598808787749824,0.0,0.40294516525618834,1.0,1.0,2,1,1,0.649471055334414,0.649471055334414
flat_mlp_stable_search,2,2,1.0,1.0,186.08878627615672,70.0,256.0887862761567,0.8166612943092052,0.7476957770678259,0.0,0.37616452555136576,1.0,1.0,2,1,1,0.8743415686573949,0.8743415686573949
flat_mlp_stable_search,3,3,0.9285714285714286,0.9285714285714286,254.38480354141532,35.0,289.3848035414153,0.749374577791709,0.7148918191710194,-0.0007399295008203219,0.13674510097497725,1.0,2.0,1,1,0,0.31913757004394994,0.3125891231037757
flat_mlp_stable_search,4,4,0.0,0.0,279.47929585992165,0.0,279.47929585992165,0.724650940039486,0.724650940039486,0.526115078484694,0.526115078484694,1.0,2.0,0,0,0,0.5490524964254545,0.5407208714538331
flat_mlp_stable_search,5,5,1.0,1.0,172.6323871536918,35.0,207.6323871536918,0.8299188303904514,0.7954360717697618,0.0,0.20274295326079264,1.0,1.0,1,0,1,0.6296797664307598,0.6296797664307598
flat_mlp_stable_search,6,6,0.0,0.0,186.47704455422485,0.0,186.47704455422485,0.816278773838202,0.816278773838202,0.06816135121354124,0.06816135121354124,1.0,1.0,0,0,0,0.8814008100768151,0.8814008100768151
flat_mlp_stable_search,7,7,1.0,1.0,161.47630527471293,70.0,231.47630527471293,0.8409100440643222,0.771944526822943,0.0,0.43350013415845695,1.0,1.0,2,1,1,0.42684191408568967,0.42684191408568967
flat_mlp_stable_search,8,8,0.0,0.0,270.73070198680796,35.0,305.73070198680796,0.7332702443479725,0.6987874857272828,0.0465645645122078,0.1818641795507421,1.0,2.0,1,1,0,0.4860812433038987,0.46118819988007254
flat_mlp_stable_search,9,9,0.0,0.0,258.311764179221,0.0,258.311764179221,0.7455056510549547,0.7455056510549547,0.49731433527203783,0.49731433527203783,1.0,2.0,0,0,0,0.3770509180305322,0.3482887652656453
flat_mlp_stable_search,10,10,1.0,1.0,169.08396628985338,35.0,204.08396628985338,0.8334148115370903,0.7989320529164006,0.0,0.20699774655156244,1.0,1.0,1,0,1,0.56516302345188,0.56516302345188
flat_mlp_stable_search,11,11,1.0,1.0,170.10678085318872,0.0,170.10678085318872,0.8324071124599126,0.8324071124599126,0.0,0.0,1.0,1.0,0,0,0,0.5837596518761587,0.5837596518761587
flat_mlp_stable_search,12,12,0.0,0.0,269.87616800658185,35.0,304.87616800658185,0.7341121497472101,0.6996293911265205,0.060333471828581335,0.19784717594007314,1.0,2.0,1,1,0,0.4620386270974348,0.4534197091507443
flat_mlp_stable_search,13,13,0.0,0.0,248.71791270125337,0.0,248.71791270125337,0.7549577214765977,0.7549577214765977,0.021326639340954547,0.021326639340954547,1.0,2.0,0,0,0,0.27457705284888634,0.26107193364775794
flat_mlp_stable_search,14,14,0.0,0.0,256.80970088096154,0.0,256.80970088096154,0.7469855163734368,0.7469855163734368,0.38658870128098527,0.38658870128098527,1.0,2.0,0,0,0,0.3428594047571589,0.33463364437237775
flat_mlp_stable_search,15,15,1.0,1.0,161.96408942950694,35.0,196.96408942950694,0.8404294685423578,0.8059467099216681,0.0,0.21609728504190034,1.0,1.0,1,0,1,0.43571071690012597,0.43571071690012597
flat_mlp_stable_search,16,16,0.0,0.0,251.6243506546108,35.0,286.6243506546108,0.7520942358082652,0.7176114771875756,0.015558781110521018,0.15681918474950768,1.0,2.0,1,1,0,0.28754933165244967,0.2874940968600981
flat_mlp_stable_search,17,17,1.0,1.0,175.5449648840467,35.0,210.5449648840467,0.8270492956807421,0.7925665370600524,0.0,0.1993791164737688,1.0,1.0,1,0,1,0.6826357251644851,0.6826357251644851
flat_mlp_stable_search,18,18,1.0,1.0,192.4546128633453,70.0,262.4546128633453,0.8103895439769997,0.7414240267356204,0.0,0.36372212106812085,1.0,1.0,2,1,1,0.9900838702426419,0.9900838702426419
flat_mlp_stable_search,19,19,1.0,1.0,187.32407842943962,70.0,257.3240784294396,0.8154442577049856,0.7464787404636063,0.0,0.3736839416848768,1.0,1.0,2,1,1,0.8968014259898115,0.8968014259898115
flat_mlp_stable_search,20,20,1.0,1.0,176.82709381557373,70.0,246.82709381557373,0.825786114467415,0.7568205972260357,0.0,0.39586693695824837,1.0,1.0,2,1,1,0.705947160283159,0.705947160283159
flat_mlp_stable_search,21,21,1.0,1.0,182.56094003534758,70.0,252.56094003534758,0.8201370048912832,0.7511714876499038,0.0,0.3834336084512193,1.0,1.0,2,1,1,0.8101989097335925,0.8101989097335925
flat_mlp_stable_search,22,22,1.0,1.0,173.65966691576375,0.0,173.65966691576375,0.8289067321026958,0.8289067321026958,0.0,0.0,1.0,1.0,0,0,0,0.6483575802866137,0.6483575802866137
flat_mlp_stable_search,23,23,1.0,1.0,181.10549813408875,0.0,181.10549813408875,0.8215709377989273,0.8215709377989273,0.0,0.0,1.0,1.0,0,0,0,0.7837363297107043,0.7837363297107043
agg_gcn,0,0,0.0,0.0,295.2316742049726,0.0,295.2316742049726,0.7091313554630811,0.7091313554630811,0.6458839094668433,0.6458839094668433,1.0,2.0,0,0,0,0.6992773502909904,0.6839243109542961
agg_gcn,1,1,1.0,1.0,173.72090804339277,35.0,208.72090804339277,0.8288463960163618,0.7943636373956722,0.0,0.20147258262809417,1.0,1.0,1,0,1,0.649471055334414,0.649471055334414
agg_gcn,2,2,0.0,0.0,250.58436841794455,35.0,285.5843684179446,0.7531188488493157,0.7186360902286261,0.3465850008074965,0.5346672635831795,1.0,2.0,1,1,0,0.2992759272592449,0.27803971289040497
agg_gcn,3,3,0.5714285714285714,0.42857142857142855,254.74814284114444,70.0,324.74814284114444,0.7490166080382813,0.680051090796902,0.0006873194905029064,0.27565738044209825,1.0,2.0,2,1,1,0.3276920835841635,0.31589220764676784
agg_gcn,4,4,1.0,1.0,183.13120668293342,105.0,288.13120668293345,0.8195751658296222,0.7161268899675532,0.0,0.5733594066345729,1.0,1.0,3,1,2,0.8205673942351533,0.8205673942351533
agg_gcn,5,5,0.0,0.0,178.59165061253537,0.0,178.59165061253537,0.8240476348644971,0.8240476348644971,0.034519962083002016,0.034519962083002016,1.0,1.0,0,0,0,0.7380300111370071,0.7380300111370071
agg_gcn,6,6,0.0,0.0,260.65844836649114,105.0,365.65844836649114,0.7431936469295654,0.6397453710674964,0.49308072249833507,1.0945324569224517,1.0,2.0,3,2,1,0.40072943601602207,0.36962225787719205
agg_gcn,7,7,1.0,1.0,161.47630527471293,105.0,266.4763052747129,0.8409100440643222,0.7374617682022533,0.0,0.6502502012376852,1.0,1.0,3,1,2,0.42684191408568967,0.42684191408568967
agg_gcn,8,8,0.0,0.0,280.51231886025687,35.0,315.51231886025687,0.7236331833889095,0.6891504247682199,0.08437739301026692,0.21967700804880125,1.0,2.0,1,1,0,0.5516013794682315,0.5501119896386988
agg_gcn,9,9,0.0,0.0,261.4161738990037,0.0,261.4161738990037,0.7424471193113263,0.7424471193113263,0.5153091687274877,0.5153091687274877,1.0,2.0,0,0,0,0.3943137583587525,0.37651067180912434
agg_gcn,10,10,1.0,1.0,169.08396628985338,35.0,204.08396628985338,0.8334148115370903,0.7989320529164006,0.0,0.20699774655156244,1.0,1.0,1,0,1,0.56516302345188,0.56516302345188
agg_gcn,11,11,1.0,1.0,170.10678085318872,0.0,170.10678085318872,0.8324071124599126,0.8324071124599126,0.0,0.0,1.0,1.0,0,0,0,0.5837596518761587,0.5837596518761587
agg_gcn,12,12,0.0,0.38095238095238093,286.1657821863181,35.0,321.1657821863181,0.7180632687819526,0.683580510161263,0.1243347628115131,0.2618484669230049,1.0,2.0,1,1,0,0.6037208326031854,0.6015071107847103
agg_gcn,13,13,0.0,0.0,255.44910745468766,70.0,325.4491074546877,0.7483260025076969,0.6793604852663175,0.04896738480078033,0.33641296512671465,1.0,2.0,2,1,1,0.3336820030828557,0.32226461322443317
agg_gcn,14,14,0.0,0.0,277.36803287274176,70.0,347.36803287274176,0.726731002095821,0.6577654848544416,0.49758898966261134,0.8755389220705757,1.0,2.0,2,1,1,0.5895627327242187,0.5215275715703798
agg_gcn,15,15,1.0,1.0,161.96408942950694,35.0,196.96408942950694,0.8404294685423578,0.8059467099216681,0.0,0.21609728504190034,1.0,1.0,1,0,1,0.43571071690012597,0.43571071690012597
agg_gcn,16,16,0.0,0.0,256.83673539771905,35.0,291.83673539771905,0.7469588813815576,0.7124761227608679,0.036596026045754404,0.17785642968474105,1.0,2.0,1,1,0,0.3368571147519254,0.3348794127065371
agg_gcn,17,17,1.0,1.0,175.5449648840467,35.0,210.5449648840467,0.8270492956807421,0.7925665370600524,0.0,0.1993791164737688,1.0,1.0,1,0,1,0.6826357251644851,0.6826357251644851
agg_gcn,18,18,0.0,0.0,248.78047534920546,35.0,283.78047534920546,0.7548960833997975,0.7204133247791079,0.29267088820497655,0.474531948739037,1.0,2.0,1,1,0,0.2675688726013228,0.26164068499277704
agg_gcn,19,19,1.0,1.0,187.32407842943962,35.0,222.32407842943962,0.8154442577049856,0.7809614990842959,0.0,0.1868419708424384,1.0,1.0,1,0,1,0.8968014259898115,0.8968014259898115
agg_gcn,20,20,0.0,0.0,246.23207139992797,35.0,281.232071399928,0.7574068262069675,0.7229240675862779,0.3925019412282029,0.5904354097073271,1.0,2.0,1,1,0,0.24887313381006212,0.23847337636298155
agg_gcn,21,21,1.0,1.0,182.56094003534758,35.0,217.56094003534758,0.8201370048912832,0.7856542462705935,0.0,0.19171680422560966,1.0,1.0,1,0,1,0.8101989097335925,0.8101989097335925
agg_gcn,22,22,1.0,1.0,173.65966691576375,0.0,173.65966691576375,0.8289067321026958,0.8289067321026958,0.0,0.0,1.0,1.0,0,0,0,0.6483575802866137,0.6483575802866137
agg_gcn,23,23,0.0,0.0,265.6573016499025,105.0,370.6573016499025,0.7382686683252192,0.6348203924631503,0.46686491789008194,1.0466374873692206,1.0,2.0,3,2,1,0.42936470968346224,0.41506637863547713
agg_gcn_pruned,0,0,1.0,1.0,179.37575822137296,0.0,179.37575822137296,0.8232751150528346,0.8232751150528346,0.0,0.0,1.0,1.0,0,0,0,0.7522865131158721,0.7522865131158721
agg_gcn_pruned,1,1,1.0,1.0,173.72090804339277,70.0,243.72090804339277,0.8288463960163618,0.7598808787749824,0.0,0.40294516525618834,1.0,1.0,2,1,1,0.649471055334414,0.649471055334414
agg_gcn_pruned,2,2,0.0,0.0,250.58436841794455,35.0,285.5843684179446,0.7531188488493157,0.7186360902286261,0.3465850008074965,0.5346672635831795,1.0,2.0,1,1,0,0.2992759272592449,0.27803971289040497
agg_gcn_pruned,3,3,0.42857142857142855,0.42857142857142855,254.74814284114444,70.0,324.74814284114444,0.7490166080382813,0.680051090796902,0.0006873194905029064,0.27565738044209825,1.0,2.0,2,1,1,0.3276920835841635,0.31589220764676784
agg_gcn_pruned,4,4,1.0,1.0,183.13120668293342,105.0,288.13120668293345,0.8195751658296222,0.7161268899675532,0.0,0.5733594066345729,1.0,1.0,3,1,2,0.8205673942351533,0.8205673942351533
agg_gcn_pruned,5,5,0.0,0.0,178.59165061253537,0.0,178.59165061253537,0.8240476348644971,0.8240476348644971,0.034519962083002016,0.034519962083002016,1.0,1.0,0,0,0,0.7380300111370071,0.7380300111370071
agg_gcn_pruned,6,6,0.0,0.0,186.47704455422485,70.0,256.47704455422485,0.816278773838202,0.7473132565968228,0.06816135121354124,0.4691291741629524,1.0,1.0,2,1,1,0.8814008100768151,0.8814008100768151
agg_gcn_pruned,7,7,1.0,1.0,161.47630527471293,70.0,231.47630527471293,0.8409100440643222,0.771944526822943,0.0,0.43350013415845695,1.0,1.0,2,1,1,0.42684191408568967,0.42684191408568967
agg_gcn_pruned,8,8,0.0,0.0,280.51231886025687,35.0,315.51231886025687,0.7236331833889095,0.6891504247682199,0.08437739301026692,0.21967700804880125,1.0,2.0,1,1,0,0.5516013794682315,0.5501119896386988
agg_gcn_pruned,9,9,1.0,1.0,172.51672417354496,105.0,277.51672417354496,0.830032784065473,0.726584508203404,0.0,0.6086366437979321,1.0,1.0,3,1,2,0.6275768031553628,0.6275768031553628
agg_gcn_pruned,10,10,1.0,1.0,169.08396628985338,70.0,239.08396628985338,0.8334148115370903,0.764449294295711,0.0,0.4139954931031249,1.0,1.0,2,1,1,0.56516302345188,0.56516302345188
agg_gcn_pruned,11,11,1.0,1.0,170.10678085318872,0.0,170.10678085318872,0.8324071124599126,0.8324071124599126,0.0,0.0,1.0,1.0,0,0,0,0.5837596518761587,0.5837596518761587
agg_gcn_pruned,12,12,0.38095238095238093,0.38095238095238093,286.1657821863181,35.0,321.1657821863181,0.7180632687819526,0.683580510161263,0.1243347628115131,0.2618484669230049,1.0,2.0,1,1,0,0.6037208326031854,0.6015071107847103
agg_gcn_pruned,13,13,0.0,0.0,254.40555100843676,70.0,324.40555100843676,0.7493541369375007,0.6803886196961214,0.04468216068227375,0.33212774100820797,1.0,2.0,2,1,1,0.3136520874146204,0.31277773644033424
agg_gcn_pruned,14,14,1.0,1.0,185.20971694325118,35.0,220.20971694325118,0.8175273724697033,0.7830446138490137,0.0,0.1889749662039822,1.0,1.0,1,0,1,0.858358489877294,0.858358489877294
agg_gcn_pruned,15,15,1.0,1.0,161.96408942950694,70.0,231.96408942950694,0.8404294685423578,0.7714639513009784,0.0,0.4321945700838007,1.0,1.0,2,1,1,0.43571071690012597,0.43571071690012597
agg_gcn_pruned,16,16,0.0,0.0,251.6243506546108,35.0,286.6243506546108,0.7520942358082652,0.7176114771875756,0.015558781110521018,0.15681918474950768,1.0,2.0,1,1,0,0.28754933165244967,0.2874940968600981
agg_gcn_pruned,17,17,1.0,1.0,175.5449648840467,35.0,210.5449648840467,0.8270492956807421,0.7925665370600524,0.0,0.1993791164737688,1.0,1.0,1,0,1,0.6826357251644851,0.6826357251644851
agg_gcn_pruned,18,18,0.0,0.0,248.78047534920546,35.0,283.78047534920546,0.7548960833997975,0.7204133247791079,0.29267088820497655,0.474531948739037,1.0,2.0,1,1,0,0.2675688726013228,0.26164068499277704
agg_gcn_pruned,19,19,1.0,1.0,187.32407842943962,35.0,222.32407842943962,0.8154442577049856,0.7809614990842959,0.0,0.1868419708424384,1.0,1.0,1,0,1,0.8968014259898115,0.8968014259898115
agg_gcn_pruned,20,20,0.0,0.0,246.23207139992797,35.0,281.232071399928,0.7574068262069675,0.7229240675862779,0.3925019412282029,0.5904354097073271,1.0,2.0,1,1,0,0.24887313381006212,0.23847337636298155
agg_gcn_pruned,21,21,1.0,1.0,182.56094003534758,35.0,217.56094003534758,0.8201370048912832,0.7856542462705935,0.0,0.19171680422560966,1.0,1.0,1,0,1,0.8101989097335925,0.8101989097335925
agg_gcn_pruned,22,22,1.0,1.0,173.65966691576375,0.0,173.65966691576375,0.8289067321026958,0.8289067321026958,0.0,0.0,1.0,1.0,0,0,0,0.6483575802866137,0.6483575802866137
agg_gcn_pruned,23,23,0.0,0.0,260.8728097926555,105.0,365.8728097926555,0.7429824534062507,0.6395341775441817,0.44044665943552874,1.0202192289146674,1.0,2.0,3,2,1,0.37469750278974967,0.3715709981150501
agg_gcn_stable,0,0,1.0,1.0,179.37575822137296,0.0,179.37575822137296,0.8232751150528346,0.8232751150528346,0.0,0.0,1.0,1.0,0,0,0,0.7522865131158721,0.7522865131158721
agg_gcn_stable,1,1,1.0,1.0,173.72090804339277,70.0,243.72090804339277,0.8288463960163618,0.7598808787749824,0.0,0.40294516525618834,1.0,1.0,2,1,1,0.649471055334414,0.649471055334414
agg_gcn_stable,2,2,0.0,0.0,250.58436841794455,35.0,285.5843684179446,0.7531188488493157,0.7186360902286261,0.3465850008074965,0.5346672635831795,1.0,2.0,1,1,0,0.2992759272592449,0.27803971289040497
agg_gcn_stable,3,3,0.0,0.0,278.85848697611686,70.0,348.85848697611686,0.7252625744077666,0.6562970571663873,0.09539621658132157,0.3703662775329169,1.0,2.0,2,1,1,0.5670212496604268,0.5350771543283349
agg_gcn_stable,4,4,1.0,1.0,183.13120668293342,35.0,218.13120668293342,0.8195751658296222,0.7850924072089326,0.0,0.19111980221152422,1.0,1.0,1,0,1,0.8205673942351533,0.8205673942351533
agg_gcn_stable,5,5,0.0,0.0,178.59165061253537,0.0,178.59165061253537,0.8240476348644971,0.8240476348644971,0.034519962083002016,0.034519962083002016,1.0,1.0,0,0,0,0.7380300111370071,0.7380300111370071
agg_gcn_stable,6,6,0.0,0.0,256.4570050807404,35.0,291.4570050807404,0.7473329999204529,0.7128502412997632,0.4690143858192935,0.6694982972939991,1.0,2.0,1,1,0,0.3508538660259049,0.3314273189158213
agg_gcn_stable,7,7,1.0,1.0,161.47630527471293,35.0,196.47630527471293,0.8409100440643222,0.8064272854436326,0.0,0.21675006707922848,1.0,1.0,1,0,1,0.42684191408568967,0.42684191408568967
agg_gcn_stable,8,8,0.0,0.0,280.51231886025687,35.0,315.51231886025687,0.7236331833889095,0.6891504247682199,0.08437739301026692,0.21967700804880125,1.0,2.0,1,1,0,0.5516013794682315,0.5501119896386988
agg_gcn_stable,9,9,1.0,1.0,172.51672417354496,105.0,277.51672417354496,0.830032784065473,0.726584508203404,0.0,0.6086366437979321,1.0,1.0,3,1,2,0.6275768031553628,0.6275768031553628
agg_gcn_stable,10,10,1.0,1.0,169.08396628985338,70.0,239.08396628985338,0.8334148115370903,0.764449294295711,0.0,0.4139954931031249,1.0,1.0,2,1,1,0.56516302345188,0.56516302345188
agg_gcn_stable,11,11,1.0,1.0,170.10678085318872,0.0,170.10678085318872,0.8324071124599126,0.8324071124599126,0.0,0.0,1.0,1.0,0,0,0,0.5837596518761587,0.5837596518761587
agg_gcn_stable,12,12,0.38095238095238093,0.38095238095238093,286.1657821863181,35.0,321.1657821863181,0.7180632687819526,0.683580510161263,0.1243347628115131,0.2618484669230049,1.0,2.0,1,1,0,0.6037208326031854,0.6015071107847103
agg_gcn_stable,13,13,0.0,0.0,254.40555100843676,70.0,324.40555100843676,0.7493541369375007,0.6803886196961214,0.04468216068227375,0.33212774100820797,1.0,2.0,2,1,1,0.3136520874146204,0.31277773644033424
agg_gcn_stable,14,14,1.0,1.0,185.20971694325118,35.0,220.20971694325118,0.8175273724697033,0.7830446138490137,0.0,0.1889749662039822,1.0,1.0,1,0,1,0.858358489877294,0.858358489877294
agg_gcn_stable,15,15,0.0,0.0,186.15619016635796,0.0,186.15619016635796,0.8165948865356079,0.8165948865356079,0.14936706539124747,0.14936706539124747,1.0,1.0,0,0,0,0.8755670939337811,0.8755670939337811
agg_gcn_stable,16,16,0.0,0.0,278.59016356149095,35.0,313.59016356149095,0.725526932451733,0.6910441738310434,0.12439311298707209,0.26565351662605874,1.0,2.0,1,1,0,0.5529415314858875,0.532637850559009
agg_gcn_stable,17,17,1.0,1.0,175.5449648840467,105.0,280.5449648840467,0.8270492956807421,0.7236010198186732,0.0,0.5981373494213064,1.0,1.0,3,1,2,0.6826357251644851,0.6826357251644851
agg_gcn_stable,18,18,0.0,0.0,248.78047534920546,35.0,283.78047534920546,0.7548960833997975,0.7204133247791079,0.29267088820497655,0.474531948739037,1.0,2.0,1,1,0,0.2675688726013228,0.26164068499277704
agg_gcn_stable,19,19,1.0,1.0,187.32407842943962,35.0,222.32407842943962,0.8154442577049856,0.7809614990842959,0.0,0.1868419708424384,1.0,1.0,1,0,1,0.8968014259898115,0.8968014259898115
agg_gcn_stable,20,20,0.0,0.0,246.23207139992797,35.0,281.232071399928,0.7574068262069675,0.7229240675862779,0.3925019412282029,0.5904354097073271,1.0,2.0,1,1,0,0.24887313381006212,0.23847337636298155
agg_gcn_stable,21,21,1.0,1.0,182.56094003534758,35.0,217.56094003534758,0.8201370048912832,0.7856542462705935,0.0,0.19171680422560966,1.0,1.0,1,0,1,0.8101989097335925,0.8101989097335925
agg_gcn_stable,22,22,1.0,1.0,173.65966691576375,0.0,173.65966691576375,0.8289067321026958,0.8289067321026958,0.0,0.0,1.0,1.0,0,0,0,0.6483575802866137,0.6483575802866137
agg_gcn_stable,23,23,1.0,1.0,181.10549813408875,0.0,181.10549813408875,0.8215709377989273,0.8215709377989273,0.0,0.0,1.0,1.0,0,0,0,0.7837363297107043,0.7837363297107043
agg_gcn_search,0,0,1.0,1.0,179.37575822137296,0.0,179.37575822137296,0.8232751150528346,0.8232751150528346,0.0,0.0,1.0,1.0,0,0,0,0.7522865131158721,0.7522865131158721
agg_gcn_search,1,1,1.0,1.0,173.72090804339277,70.0,243.72090804339277,0.8288463960163618,0.7598808787749824,0.0,0.40294516525618834,1.0,1.0,2,1,1,0.649471055334414,0.649471055334414
agg_gcn_search,2,2,1.0,1.0,186.08878627615672,70.0,256.0887862761567,0.8166612943092052,0.7476957770678259,0.0,0.37616452555136576,1.0,1.0,2,1,1,0.8743415686573949,0.8743415686573949
agg_gcn_search,3,3,0.9047619047619048,0.9047619047619048,253.2105389892601,35.0,288.2105389892601,0.7505314886805319,0.7160487300598423,-0.005352609436240596,0.13213242103955708,1.0,2.0,1,1,0,0.31387457356211207,0.3019139908114555
agg_gcn_search,4,4,1.0,1.0,183.13120668293342,105.0,288.13120668293345,0.8195751658296222,0.7161268899675532,0.0,0.5733594066345729,1.0,1.0,3,1,2,0.8205673942351533,0.8205673942351533
agg_gcn_search,5,5,1.0,1.0,172.6323871536918,70.0,242.6323871536918,0.8299188303904514,0.7609533131490722,0.0,0.4054859065215853,1.0,1.0,2,1,1,0.6296797664307598,0.6296797664307598
agg_gcn_search,6,6,1.0,1.0,174.5775994819207,70.0,244.5775994819207,0.8280023650424426,0.7590368478010633,0.0,0.4009678229494112,1.0,1.0,2,1,1,0.6650472633076493,0.6650472633076493
agg_gcn_search,7,7,1.0,1.0,161.47630527471293,70.0,231.47630527471293,0.8409100440643222,0.771944526822943,0.0,0.43350013415845695,1.0,1.0,2,1,1,0.42684191408568967,0.42684191408568967
agg_gcn_search,8,8,0.0,0.0,262.92813820675036,105.0,367.92813820675036,0.7409574993036941,0.6375092234416252,0.016402168062053406,0.42230101317765634,1.0,2.0,3,2,1,0.4046432214434722,0.3902558018795488
agg_gcn_search,9,9,1.0,1.0,172.51672417354496,35.0,207.51672417354496,0.830032784065473,0.7955500254447833,0.0,0.2028788812659774,1.0,1.0,1,0,1,0.6275768031553628,0.6275768031553628
agg_gcn_search,10,10,1.0,1.0,169.08396628985338,70.0,239.08396628985338,0.8334148115370903,0.764449294295711,0.0,0.4139954931031249,1.0,1.0,2,1,1,0.56516302345188,0.56516302345188
agg_gcn_search,11,11,1.0,1.0,170.10678085318872,0.0,170.10678085318872,0.8324071124599126,0.8324071124599126,0.0,0.0,1.0,1.0,0,0,0,0.5837596518761587,0.5837596518761587
agg_gcn_search,12,12,0.9523809523809523,0.9523809523809523,253.6129929038682,105.0,358.6129929038682,0.750134982360721,0.646686706498652,-0.003563940999645709,0.4089771713348297,1.0,2.0,3,2,1,0.32244856304269626,0.3055726627624382
agg_gcn_search,13,13,0.0,0.0,246.44463969011417,140.0,386.4446396901142,0.7571973993200846,0.6192663648373259,0.01199174962772326,0.5868829102795917,1.0,2.0,4,2,2,0.25107078111856246,0.24040581536467415
agg_gcn_search,14,14,1.0,1.0,185.20971694325118,35.0,220.20971694325118,0.8175273724697033,0.7830446138490137,0.0,0.1889749662039822,1.0,1.0,1,0,1,0.858358489877294,0.858358489877294
agg_gcn_search,15,15,1.0,1.0,161.96408942950694,70.0,231.96408942950694,0.8404294685423578,0.7714639513009784,0.0,0.4321945700838007,1.0,1.0,2,1,1,0.43571071690012597,0.43571071690012597
agg_gcn_search,16,16,0.9523809523809523,0.9523809523809523,248.4553465341226,105.0,353.4553465341226,0.7552164073555443,0.6517681314934753,0.0027686439335560887,0.42654985485051605,1.0,2.0,3,2,1,0.26898398281859487,0.2586849684920239
agg_gcn_search,17,17,1.0,1.0,175.5449648840467,105.0,280.5449648840467,0.8270492956807421,0.7236010198186732,0.0,0.5981373494213064,1.0,1.0,3,1,2,0.6826357251644851,0.6826357251644851
agg_gcn_search,18,18,1.0,1.0,192.4546128633453,70.0,262.4546128633453,0.8103895439769997,0.7414240267356204,0.0,0.36372212106812085,1.0,1.0,2,1,1,0.9900838702426419,0.9900838702426419
agg_gcn_search,19,19,1.0,1.0,187.32407842943962,70.0,257.3240784294396,0.8154442577049856,0.7464787404636063,0.0,0.3736839416848768,1.0,1.0,2,1,1,0.8968014259898115,0.8968014259898115
agg_gcn_search,20,20,1.0,1.0,176.82709381557373,70.0,246.82709381557373,0.825786114467415,0.7568205972260357,0.0,0.39586693695824837,1.0,1.0,2,1,1,0.705947160283159,0.705947160283159
agg_gcn_search,21,21,1.0,1.0,182.56094003534758,70.0,252.56094003534758,0.8201370048912832,0.7511714876499038,0.0,0.3834336084512193,1.0,1.0,2,1,1,0.8101989097335925,0.8101989097335925
agg_gcn_search,22,22,1.0,1.0,173.65966691576375,0.0,173.65966691576375,0.8289067321026958,0.8289067321026958,0.0,0.0,1.0,1.0,0,0,0,0.6483575802866137,0.6483575802866137
agg_gcn_search,23,23,1.0,1.0,181.10549813408875,0.0,181.10549813408875,0.8215709377989273,0.8215709377989273,0.0,0.0,1.0,1.0,0,0,0,0.7837363297107043,0.7837363297107043
agg_gcn_stable_search,0,0,1.0,1.0,179.37575822137296,0.0,179.37575822137296,0.8232751150528346,0.8232751150528346,0.0,0.0,1.0,1.0,0,0,0,0.7522865131158721,0.7522865131158721
agg_gcn_stable_search,1,1,1.0,1.0,173.72090804339277,70.0,243.72090804339277,0.8288463960163618,0.7598808787749824,0.0,0.40294516525618834,1.0,1.0,2,1,1,0.649471055334414,0.649471055334414
agg_gcn_stable_search,2,2,1.0,1.0,186.08878627615672,70.0,256.0887862761567,0.8166612943092052,0.7476957770678259,0.0,0.37616452555136576,1.0,1.0,2,1,1,0.8743415686573949,0.8743415686573949
agg_gcn_stable_search,3,3,0.9047619047619048,0.9047619047619048,253.2105389892601,35.0,288.2105389892601,0.7505314886805319,0.7160487300598423,-0.005352609436240596,0.13213242103955708,1.0,2.0,1,1,0,0.31387457356211207,0.3019139908114555
agg_gcn_stable_search,4,4,0.0,0.0,279.47929585992165,0.0,279.47929585992165,0.724650940039486,0.724650940039486,0.526115078484694,0.526115078484694,1.0,2.0,0,0,0,0.5490524964254545,0.5407208714538331
agg_gcn_stable_search,5,5,1.0,1.0,172.6323871536918,35.0,207.6323871536918,0.8299188303904514,0.7954360717697618,0.0,0.20274295326079264,1.0,1.0,1,0,1,0.6296797664307598,0.6296797664307598
agg_gcn_stable_search,6,6,0.0,0.0,186.47704455422485,0.0,186.47704455422485,0.816278773838202,0.816278773838202,0.06816135121354124,0.06816135121354124,1.0,1.0,0,0,0,0.8814008100768151,0.8814008100768151
agg_gcn_stable_search,7,7,1.0,1.0,161.47630527471293,70.0,231.47630527471293,0.8409100440643222,0.771944526822943,0.0,0.43350013415845695,1.0,1.0,2,1,1,0.42684191408568967,0.42684191408568967
agg_gcn_stable_search,8,8,0.0,0.0,270.73070198680796,35.0,305.73070198680796,0.7332702443479725,0.6987874857272828,0.0465645645122078,0.1818641795507421,1.0,2.0,1,1,0,0.4860812433038987,0.46118819988007254
agg_gcn_stable_search,9,9,0.0,0.0,262.33777847922926,0.0,262.33777847922926,0.7415391345032225,0.7415391345032225,0.5206512860476523,0.5206512860476523,1.0,2.0,0,0,0,0.39972521754102436,0.38488889526572023
agg_gcn_stable_search,10,10,1.0,1.0,169.08396628985338,35.0,204.08396628985338,0.8334148115370903,0.7989320529164006,0.0,0.20699774655156244,1.0,1.0,1,0,1,0.56516302345188,0.56516302345188
agg_gcn_stable_search,11,11,1.0,1.0,170.10678085318872,0.0,170.10678085318872,0.8324071124599126,0.8324071124599126,0.0,0.0,1.0,1.0,0,0,0,0.5837596518761587,0.5837596518761587
agg_gcn_stable_search,12,12,0.0,0.0,272.08719604595694,35.0,307.08719604595694,0.7319337969990573,0.6974510383783675,0.06902051913111958,0.2065342232426114,1.0,2.0,1,1,0,0.49307888510854914,0.473519964054154
agg_gcn_stable_search,13,13,0.0,0.0,252.65526510304784,0.0,252.65526510304784,0.7510785565487212,0.7510785565487212,0.037494847142119155,0.037494847142119155,1.0,2.0,0,0,0,0.30010585554946795,0.29686604639134384
agg_gcn_stable_search,14,14,0.0,0.0,256.80970088096154,0.0,256.80970088096154,0.7469855163734368,0.7469855163734368,0.38658870128098527,0.38658870128098527,1.0,2.0,0,0,0,0.3428594047571589,0.33463364437237775
agg_gcn_stable_search,15,15,1.0,1.0,161.96408942950694,35.0,196.96408942950694,0.8404294685423578,0.8059467099216681,0.0,0.21609728504190034,1.0,1.0,1,0,1,0.43571071690012597,0.43571071690012597
agg_gcn_stable_search,16,16,0.0,0.0,251.6243506546108,35.0,286.6243506546108,0.7520942358082652,0.7176114771875756,0.015558781110521018,0.15681918474950768,1.0,2.0,1,1,0,0.28754933165244967,0.2874940968600981
agg_gcn_stable_search,17,17,1.0,1.0,175.5449648840467,35.0,210.5449648840467,0.8270492956807421,0.7925665370600524,0.0,0.1993791164737688,1.0,1.0,1,0,1,0.6826357251644851,0.6826357251644851
agg_gcn_stable_search,18,18,1.0,1.0,192.4546128633453,70.0,262.4546128633453,0.8103895439769997,0.7414240267356204,0.0,0.36372212106812085,1.0,1.0,2,1,1,0.9900838702426419,0.9900838702426419
agg_gcn_stable_search,19,19,1.0,1.0,187.32407842943962,70.0,257.3240784294396,0.8154442577049856,0.7464787404636063,0.0,0.3736839416848768,1.0,1.0,2,1,1,0.8968014259898115,0.8968014259898115
agg_gcn_stable_search,20,20,1.0,1.0,176.82709381557373,70.0,246.82709381557373,0.825786114467415,0.7568205972260357,0.0,0.39586693695824837,1.0,1.0,2,1,1,0.705947160283159,0.705947160283159
agg_gcn_stable_search,21,21,1.0,1.0,182.56094003534758,70.0,252.56094003534758,0.8201370048912832,0.7511714876499038,0.0,0.3834336084512193,1.0,1.0,2,1,1,0.8101989097335925,0.8101989097335925
agg_gcn_stable_search,22,22,1.0,1.0,173.65966691576375,0.0,173.65966691576375,0.8289067321026958,0.8289067321026958,0.0,0.0,1.0,1.0,0,0,0,0.6483575802866137,0.6483575802866137
agg_gcn_stable_search,23,23,1.0,1.0,181.10549813408875,0.0,181.10549813408875,0.8215709377989273,0.8215709377989273,0.0,0.0,1.0,1.0,0,0,0,0.7837363297107043,0.7837363297107043
ml_gcn,0,0,0.0,0.0,295.2316742049726,0.0,295.2316742049726,0.7091313554630811,0.7091313554630811,0.6458839094668433,0.6458839094668433,1.0,2.0,0,0,0,0.6992773502909904,0.6839243109542961
ml_gcn,1,1,1.0,1.0,173.72090804339277,35.0,208.72090804339277,0.8288463960163618,0.7943636373956722,0.0,0.20147258262809417,1.0,1.0,1,0,1,0.649471055334414,0.649471055334414
ml_gcn,2,2,0.0,0.0,250.58436841794455,35.0,285.5843684179446,0.7531188488493157,0.7186360902286261,0.3465850008074965,0.5346672635831795,1.0,2.0,1,1,0,0.2992759272592449,0.27803971289040497
ml_gcn,3,3,0.0,0.0,278.85848697611686,70.0,348.85848697611686,0.7252625744077666,0.6562970571663873,0.09539621658132157,0.3703662775329169,1.0,2.0,2,1,1,0.5670212496604268,0.5350771543283349
ml_gcn,4,4,1.0,1.0,183.13120668293342,35.0,218.13120668293342,0.8195751658296222,0.7850924072089326,0.0,0.19111980221152422,1.0,1.0,1,0,1,0.8205673942351533,0.8205673942351533
ml_gcn,5,5,0.0,0.0,178.59165061253537,0.0,178.59165061253537,0.8240476348644971,0.8240476348644971,0.034519962083002016,0.034519962083002016,1.0,1.0,0,0,0,0.7380300111370071,0.7380300111370071
ml_gcn,6,6,0.0,0.0,260.65844836649114,105.0,365.65844836649114,0.7431936469295654,0.6397453710674964,0.49308072249833507,1.0945324569224517,1.0,2.0,3,2,1,0.40072943601602207,0.36962225787719205
ml_gcn,7,7,1.0,1.0,161.47630527471293,105.0,266.4763052747129,0.8409100440643222,0.7374617682022533,0.0,0.6502502012376852,1.0,1.0,3,1,2,0.42684191408568967,0.42684191408568967
ml_gcn,8,8,0.0,0.0,280.51231886025687,35.0,315.51231886025687,0.7236331833889095,0.6891504247682199,0.08437739301026692,0.21967700804880125,1.0,2.0,1,1,0,0.5516013794682315,0.5501119896386988
ml_gcn,9,9,1.0,1.0,172.51672417354496,105.0,277.51672417354496,0.830032784065473,0.726584508203404,0.0,0.6086366437979321,1.0,1.0,3,1,2,0.6275768031553628,0.6275768031553628
ml_gcn,10,10,1.0,1.0,169.08396628985338,70.0,239.08396628985338,0.8334148115370903,0.764449294295711,0.0,0.4139954931031249,1.0,1.0,2,1,1,0.56516302345188,0.56516302345188
ml_gcn,11,11,1.0,1.0,170.10678085318872,0.0,170.10678085318872,0.8324071124599126,0.8324071124599126,0.0,0.0,1.0,1.0,0,0,0,0.5837596518761587,0.5837596518761587
ml_gcn,12,12,0.0,0.38095238095238093,286.1657821863181,35.0,321.1657821863181,0.7180632687819526,0.683580510161263,0.1243347628115131,0.2618484669230049,1.0,2.0,1,1,0,0.6037208326031854,0.6015071107847103
ml_gcn,13,13,0.0,0.0,255.44910745468766,70.0,325.4491074546877,0.7483260025076969,0.6793604852663175,0.04896738480078033,0.33641296512671465,1.0,2.0,2,1,1,0.3336820030828557,0.32226461322443317
ml_gcn,14,14,0.0,0.0,277.36803287274176,70.0,347.36803287274176,0.726731002095821,0.6577654848544416,0.49758898966261134,0.8755389220705757,1.0,2.0,2,1,1,0.5895627327242187,0.5215275715703798
ml_gcn,15,15,1.0,1.0,161.96408942950694,35.0,196.96408942950694,0.8404294685423578,0.8059467099216681,0.0,0.21609728504190034,1.0,1.0,1,0,1,0.43571071690012597,0.43571071690012597
ml_gcn,16,16,0.0,0.0,256.83673539771905,35.0,291.83673539771905,0.7469588813815576,0.7124761227608679,0.036596026045754404,0.17785642968474105,1.0,2.0,1,1,0,0.3368571147519254,0.3348794127065371
ml_gcn,17,17,1.0,1.0,175.5449648840467,35.0,210.5449648840467,0.8270492956807421,0.7925665370600524,0.0,0.1993791164737688,1.0,1.0,1,0,1,0.6826357251644851,0.6826357251644851
ml_gcn,18,18,0.0,0.0,248.78047534920546,35.0,283.78047534920546,0.7548960833997975,0.7204133247791079,0.29267088820497655,0.474531948739037,1.0,2.0,1,1,0,0.2675688726013228,0.26164068499277704
ml_gcn,19,19,1.0,1.0,187.32407842943962,35.0,222.32407842943962,0.8154442577049856,0.7809614990842959,0.0,0.1868419708424384,1.0,1.0,1,0,1,0.8968014259898115,0.8968014259898115
ml_gcn,20,20,0.0,0.0,246.23207139992797,35.0,281.232071399928,0.7574068262069675,0.7229240675862779,0.3925019412282029,0.5904354097073271,1.0,2.0,1,1,0,0.24887313381006212,0.23847337636298155
ml_gcn,21,21,1.0,1.0,182.56094003534758,35.0,217.56094003534758,0.8201370048912832,0.7856542462705935,0.0,0.19171680422560966,1.0,1.0,1,0,1,0.8101989097335925,0.8101989097335925
ml_gcn,22,22,1.0,1.0,173.65966691576375,0.0,173.65966691576375,0.8289067321026958,0.8289067321026958,0.0,0.0,1.0,1.0,0,0,0,0.6483575802866137,0.6483575802866137
ml_gcn,23,23,0.0,0.0,265.6573016499025,105.0,370.6573016499025,0.7382686683252192,0.6348203924631503,0.46686491789008194,1.0466374873692206,1.0,2.0,3,2,1,0.42936470968346224,0.41506637863547713
ml_gcn_pruned,0,0,1.0,1.0,179.37575822137296,0.0,179.37575822137296,0.8232751150528346,0.8232751150528346,0.0,0.0,1.0,1.0,0,0,0,0.7522865131158721,0.7522865131158721
ml_gcn_pruned,1,1,1.0,1.0,173.72090804339277,70.0,243.72090804339277,0.8288463960163618,0.7598808787749824,0.0,0.40294516525618834,1.0,1.0,2,1,1,0.649471055334414,0.649471055334414
ml_gcn_pruned,2,2,0.0,0.0,250.58436841794455,35.0,285.5843684179446,0.7531188488493157,0.7186360902286261,0.3465850008074965,0.5346672635831795,1.0,2.0,1,1,0,0.2992759272592449,0.27803971289040497
ml_gcn_pruned,3,3,0.42857142857142855,0.42857142857142855,254.74814284114444,70.0,324.74814284114444,0.7490166080382813,0.680051090796902,0.0006873194905029064,0.27565738044209825,1.0,2.0,2,1,1,0.3276920835841635,0.31589220764676784
ml_gcn_pruned,4,4,1.0,1.0,183.13120668293342,105.0,288.13120668293345,0.8195751658296222,0.7161268899675532,0.0,0.5733594066345729,1.0,1.0,3,1,2,0.8205673942351533,0.8205673942351533
ml_gcn_pruned,5,5,0.0,0.0,178.59165061253537,0.0,178.59165061253537,0.8240476348644971,0.8240476348644971,0.034519962083002016,0.034519962083002016,1.0,1.0,0,0,0,0.7380300111370071,0.7380300111370071
ml_gcn_pruned,6,6,1.0,1.0,174.5775994819207,70.0,244.5775994819207,0.8280023650424426,0.7590368478010633,0.0,0.4009678229494112,1.0,1.0,2,1,1,0.6650472633076493,0.6650472633076493
ml_gcn_pruned,7,7,1.0,1.0,161.47630527471293,70.0,231.47630527471293,0.8409100440643222,0.771944526822943,0.0,0.43350013415845695,1.0,1.0,2,1,1,0.42684191408568967,0.42684191408568967
ml_gcn_pruned,8,8,0.0,0.0,280.51231886025687,35.0,315.51231886025687,0.7236331833889095,0.6891504247682199,0.08437739301026692,0.21967700804880125,1.0,2.0,1,1,0,0.5516013794682315,0.5501119896386988
ml_gcn_pruned,9,9,1.0,1.0,172.51672417354496,105.0,277.51672417354496,0.830032784065473,0.726584508203404,0.0,0.6086366437979321,1.0,1.0,3,1,2,0.6275768031553628,0.6275768031553628
ml_gcn_pruned,10,10,1.0,1.0,169.08396628985338,70.0,239.08396628985338,0.8334148115370903,0.764449294295711,0.0,0.4139954931031249,1.0,1.0,2,1,1,0.56516302345188,0.56516302345188
ml_gcn_pruned,11,11,1.0,1.0,170.10678085318872,0.0,170.10678085318872,0.8324071124599126,0.8324071124599126,0.0,0.0,1.0,1.0,0,0,0,0.5837596518761587,0.5837596518761587
ml_gcn_pruned,12,12,0.35714285714285715,0.35714285714285715,279.3264692080459,35.0,314.3264692080459,0.7248015081694129,0.6903187495487233,0.09746335534808435,0.23497705945957617,1.0,2.0,1,1,0,0.5441471796832285,0.539331538254963
ml_gcn_pruned,13,13,0.0,0.0,254.40555100843676,70.0,324.40555100843676,0.7493541369375007,0.6803886196961214,0.04468216068227375,0.33212774100820797,1.0,2.0,2,1,1,0.3136520874146204,0.31277773644033424
ml_gcn_pruned,14,14,1.0,1.0,185.20971694325118,35.0,220.20971694325118,0.8175273724697033,0.7830446138490137,0.0,0.1889749662039822,1.0,1.0,1,0,1,0.858358489877294,0.858358489877294
ml_gcn_pruned,15,15,1.0,1.0,161.96408942950694,70.0,231.96408942950694,0.8404294685423578,0.7714639513009784,0.0,0.4321945700838007,1.0,1.0,2,1,1,0.43571071690012597,0.43571071690012597
ml_gcn_pruned,16,16,0.0,0.0,251.6243506546108,35.0,286.6243506546108,0.7520942358082652,0.7176114771875756,0.015558781110521018,0.15681918474950768,1.0,2.0,1,1,0,0.28754933165244967,0.2874940968600981
ml_gcn_pruned,17,17,1.0,1.0,175.5449648840467,35.0,210.5449648840467,0.8270492956807421,0.7925665370600524,0.0,0.1993791164737688,1.0,1.0,1,0,1,0.6826357251644851,0.6826357251644851
ml_gcn_pruned,18,18,0.0,0.0,248.78047534920546,35.0,283.78047534920546,0.7548960833997975,0.7204133247791079,0.29267088820497655,0.474531948739037,1.0,2.0,1,1,0,0.2675688726013228,0.26164068499277704
ml_gcn_pruned,19,19,1.0,1.0,187.32407842943962,35.0,222.32407842943962,0.8154442577049856,0.7809614990842959,0.0,0.1868419708424384,1.0,1.0,1,0,1,0.8968014259898115,0.8968014259898115
ml_gcn_pruned,20,20,0.0,0.0,246.23207139992797,35.0,281.232071399928,0.7574068262069675,0.7229240675862779,0.3925019412282029,0.5904354097073271,1.0,2.0,1,1,0,0.24887313381006212,0.23847337636298155
ml_gcn_pruned,21,21,1.0,1.0,182.56094003534758,35.0,217.56094003534758,0.8201370048912832,0.7856542462705935,0.0,0.19171680422560966,1.0,1.0,1,0,1,0.8101989097335925,0.8101989097335925
ml_gcn_pruned,22,22,1.0,1.0,173.65966691576375,0.0,173.65966691576375,0.8289067321026958,0.8289067321026958,0.0,0.0,1.0,1.0,0,0,0,0.6483575802866137,0.6483575802866137
ml_gcn_pruned,23,23,0.0,0.0,255.91094718717213,105.0,360.91094718717216,0.7478709879929338,0.6444227121308649,0.41304902293854245,0.9928215924176813,1.0,2.0,3,2,1,0.33778579658337704,0.3264631562470195
ml_gcn_stable,0,0,1.0,1.0,179.37575822137296,0.0,179.37575822137296,0.8232751150528346,0.8232751150528346,0.0,0.0,1.0,1.0,0,0,0,0.7522865131158721,0.7522865131158721
ml_gcn_stable,1,1,1.0,1.0,173.72090804339277,70.0,243.72090804339277,0.8288463960163618,0.7598808787749824,0.0,0.40294516525618834,1.0,1.0,2,1,1,0.649471055334414,0.649471055334414
ml_gcn_stable,2,2,0.0,0.0,250.58436841794455,35.0,285.5843684179446,0.7531188488493157,0.7186360902286261,0.3465850008074965,0.5346672635831795,1.0,2.0,1,1,0,0.2992759272592449,0.27803971289040497
ml_gcn_stable,3,3,0.0,0.0,278.85848697611686,70.0,348.85848697611686,0.7252625744077666,0.6562970571663873,0.09539621658132157,0.3703662775329169,1.0,2.0,2,1,1,0.5670212496604268,0.5350771543283349
ml_gcn_stable,4,4,1.0,1.0,183.13120668293342,35.0,218.13120668293342,0.8195751658296222,0.7850924072089326,0.0,0.19111980221152422,1.0,1.0,1,0,1,0.8205673942351533,0.8205673942351533
ml_gcn_stable,5,5,0.0,0.0,178.59165061253537,0.0,178.59165061253537,0.8240476348644971,0.8240476348644971,0.034519962083002016,0.034519962083002016,1.0,1.0,0,0,0,0.7380300111370071,0.7380300111370071
ml_gcn_stable,6,6,1.0,1.0,174.5775994819207,70.0,244.5775994819207,0.8280023650424426,0.7590368478010633,0.0,0.4009678229494112,1.0,1.0,2,1,1,0.6650472633076493,0.6650472633076493
ml_gcn_stable,7,7,1.0,1.0,161.47630527471293,70.0,231.47630527471293,0.8409100440643222,0.771944526822943,0.0,0.43350013415845695,1.0,1.0,2,1,1,0.42684191408568967,0.42684191408568967
ml_gcn_stable,8,8,0.0,0.0,280.51231886025687,35.0,315.51231886025687,0.7236331833889095,0.6891504247682199,0.08437739301026692,0.21967700804880125,1.0,2.0,1,1,0,0.5516013794682315,0.5501119896386988
ml_gcn_stable,9,9,1.0,1.0,172.51672417354496,105.0,277.51672417354496,0.830032784065473,0.726584508203404,0.0,0.6086366437979321,1.0,1.0,3,1,2,0.6275768031553628,0.6275768031553628
ml_gcn_stable,10,10,1.0,1.0,169.08396628985338,70.0,239.08396628985338,0.8334148115370903,0.764449294295711,0.0,0.4139954931031249,1.0,1.0,2,1,1,0.56516302345188,0.56516302345188
ml_gcn_stable,11,11,1.0,1.0,170.10678085318872,0.0,170.10678085318872,0.8324071124599126,0.8324071124599126,0.0,0.0,1.0,1.0,0,0,0,0.5837596518761587,0.5837596518761587
ml_gcn_stable,12,12,0.38095238095238093,0.38095238095238093,286.1657821863181,35.0,321.1657821863181,0.7180632687819526,0.683580510161263,0.1243347628115131,0.2618484669230049,1.0,2.0,1,1,0,0.6037208326031854,0.6015071107847103
ml_gcn_stable,13,13,0.0,0.0,254.40555100843676,70.0,324.40555100843676,0.7493541369375007,0.6803886196961214,0.04468216068227375,0.33212774100820797,1.0,2.0,2,1,1,0.3136520874146204,0.31277773644033424
ml_gcn_stable,14,14,1.0,1.0,185.20971694325118,35.0,220.20971694325118,0.8175273724697033,0.7830446138490137,0.0,0.1889749662039822,1.0,1.0,1,0,1,0.858358489877294,0.858358489877294
ml_gcn_stable,15,15,0.0,0.0,186.15619016635796,0.0,186.15619016635796,0.8165948865356079,0.8165948865356079,0.14936706539124747,0.14936706539124747,1.0,1.0,0,0,0,0.8755670939337811,0.8755670939337811
ml_gcn_stable,16,16,0.0,0.0,278.59016356149095,35.0,313.59016356149095,0.725526932451733,0.6910441738310434,0.12439311298707209,0.26565351662605874,1.0,2.0,1,1,0,0.5529415314858875,0.532637850559009
ml_gcn_stable,17,17,1.0,1.0,175.5449648840467,105.0,280.5449648840467,0.8270492956807421,0.7236010198186732,0.0,0.5981373494213064,1.0,1.0,3,1,2,0.6826357251644851,0.6826357251644851
ml_gcn_stable,18,18,0.0,0.0,248.78047534920546,35.0,283.78047534920546,0.7548960833997975,0.7204133247791079,0.29267088820497655,0.474531948739037,1.0,2.0,1,1,0,0.2675688726013228,0.26164068499277704
ml_gcn_stable,19,19,1.0,1.0,187.32407842943962,35.0,222.32407842943962,0.8154442577049856,0.7809614990842959,0.0,0.1868419708424384,1.0,1.0,1,0,1,0.8968014259898115,0.8968014259898115
ml_gcn_stable,20,20,0.0,0.0,246.23207139992797,35.0,281.232071399928,0.7574068262069675,0.7229240675862779,0.3925019412282029,0.5904354097073271,1.0,2.0,1,1,0,0.24887313381006212,0.23847337636298155
ml_gcn_stable,21,21,1.0,1.0,182.56094003534758,35.0,217.56094003534758,0.8201370048912832,0.7856542462705935,0.0,0.19171680422560966,1.0,1.0,1,0,1,0.8101989097335925,0.8101989097335925
ml_gcn_stable,22,22,1.0,1.0,173.65966691576375,0.0,173.65966691576375,0.8289067321026958,0.8289067321026958,0.0,0.0,1.0,1.0,0,0,0,0.6483575802866137,0.6483575802866137
ml_gcn_stable,23,23,1.0,1.0,181.10549813408875,0.0,181.10549813408875,0.8215709377989273,0.8215709377989273,0.0,0.0,1.0,1.0,0,0,0,0.7837363297107043,0.7837363297107043
ml_gcn_search,0,0,1.0,1.0,179.37575822137296,0.0,179.37575822137296,0.8232751150528346,0.8232751150528346,0.0,0.0,1.0,1.0,0,0,0,0.7522865131158721,0.7522865131158721
ml_gcn_search,1,1,1.0,1.0,173.72090804339277,70.0,243.72090804339277,0.8288463960163618,0.7598808787749824,0.0,0.40294516525618834,1.0,1.0,2,1,1,0.649471055334414,0.649471055334414
ml_gcn_search,2,2,1.0,1.0,186.08878627615672,70.0,256.0887862761567,0.8166612943092052,0.7476957770678259,0.0,0.37616452555136576,1.0,1.0,2,1,1,0.8743415686573949,0.8743415686573949
ml_gcn_search,3,3,0.42857142857142855,0.42857142857142855,254.74814284114444,105.0,359.74814284114444,0.7490166080382813,0.6455683321762123,0.0006873194905029064,0.41314241091789594,1.0,2.0,3,2,1,0.3276920835841635,0.31589220764676784
ml_gcn_search,4,4,1.0,1.0,183.13120668293342,105.0,288.13120668293345,0.8195751658296222,0.7161268899675532,0.0,0.5733594066345729,1.0,1.0,3,1,2,0.8205673942351533,0.8205673942351533
ml_gcn_search,5,5,1.0,1.0,172.6323871536918,70.0,242.6323871536918,0.8299188303904514,0.7609533131490722,0.0,0.4054859065215853,1.0,1.0,2,1,1,0.6296797664307598,0.6296797664307598
ml_gcn_search,6,6,1.0,1.0,174.5775994819207,70.0,244.5775994819207,0.8280023650424426,0.7590368478010633,0.0,0.4009678229494112,1.0,1.0,2,1,1,0.6650472633076493,0.6650472633076493
ml_gcn_search,7,7,1.0,1.0,161.47630527471293,70.0,231.47630527471293,0.8409100440643222,0.771944526822943,0.0,0.43350013415845695,1.0,1.0,2,1,1,0.42684191408568967,0.42684191408568967
ml_gcn_search,8,8,0.0,0.0,262.92813820675036,105.0,367.92813820675036,0.7409574993036941,0.6375092234416252,0.016402168062053406,0.42230101317765634,1.0,2.0,3,2,1,0.4046432214434722,0.3902558018795488
ml_gcn_search,9,9,1.0,1.0,172.51672417354496,35.0,207.51672417354496,0.830032784065473,0.7955500254447833,0.0,0.2028788812659774,1.0,1.0,1,0,1,0.6275768031553628,0.6275768031553628
ml_gcn_search,10,10,1.0,1.0,169.08396628985338,70.0,239.08396628985338,0.8334148115370903,0.764449294295711,0.0,0.4139954931031249,1.0,1.0,2,1,1,0.56516302345188,0.56516302345188
ml_gcn_search,11,11,1.0,1.0,170.10678085318872,0.0,170.10678085318872,0.8324071124599126,0.8324071124599126,0.0,0.0,1.0,1.0,0,0,0,0.5837596518761587,0.5837596518761587
ml_gcn_search,12,12,0.9761904761904762,0.9761904761904762,252.3066589362239,105.0,357.3066589362239,0.7514220109002719,0.647973735038203,-0.008696478791000804,0.4038446335434747,1.0,2.0,3,2,1,0.32428915817955095,0.29369689942021726
ml_gcn_search,13,13,0.9761904761904762,0.9761904761904762,245.85612518577108,0.0,245.85612518577108,0.7577772165657427,0.7577772165657427,0.009575094010135681,0.009575094010135681,1.0,2.0,0,0,0,0.2598999972038851,0.2350556835070098
ml_gcn_search,14,14,1.0,1.0,185.20971694325118,105.0,290.2097169432512,0.8175273724697033,0.7140790966076344,0.0,0.5669248986119466,1.0,1.0,3,1,2,0.858358489877294,0.858358489877294
ml_gcn_search,15,15,1.0,1.0,161.96408942950694,70.0,231.96408942950694,0.8404294685423578,0.7714639513009784,0.0,0.4321945700838007,1.0,1.0,2,1,1,0.43571071690012597,0.43571071690012597
ml_gcn_search,16,16,1.0,1.0,247.7693613947759,105.0,352.7693613947759,0.7558922547834721,0.6524439789214032,0.0,0.42378121091695997,1.0,2.0,3,2,1,0.2533265094447054,0.25244873995250805
ml_gcn_search,17,17,1.0,1.0,175.5449648840467,105.0,280.5449648840467,0.8270492956807421,0.7236010198186732,0.0,0.5981373494213064,1.0,1.0,3,1,2,0.6826357251644851,0.6826357251644851
ml_gcn_search,18,18,1.0,1.0,192.4546128633453,70.0,262.4546128633453,0.8103895439769997,0.7414240267356204,0.0,0.36372212106812085,1.0,1.0,2,1,1,0.9900838702426419,0.9900838702426419
ml_gcn_search,19,19,1.0,1.0,187.32407842943962,70.0,257.3240784294396,0.8154442577049856,0.7464787404636063,0.0,0.3736839416848768,1.0,1.0,2,1,1,0.8968014259898115,0.8968014259898115
ml_gcn_search,20,20,1.0,1.0,176.82709381557373,70.0,246.82709381557373,0.825786114467415,0.7568205972260357,0.0,0.39586693695824837,1.0,1.0,2,1,1,0.705947160283159,0.705947160283159
ml_gcn_search,21,21,1.0,1.0,182.56094003534758,70.0,252.56094003534758,0.8201370048912832,0.7511714876499038,0.0,0.3834336084512193,1.0,1.0,2,1,1,0.8101989097335925,0.8101989097335925
ml_gcn_search,22,22,1.0,1.0,173.65966691576375,0.0,173.65966691576375,0.8289067321026958,0.8289067321026958,0.0,0.0,1.0,1.0,0,0,0,0.6483575802866137,0.6483575802866137
ml_gcn_search,23,23,1.0,1.0,181.10549813408875,0.0,181.10549813408875,0.8215709377989273,0.8215709377989273,0.0,0.0,1.0,1.0,0,0,0,0.7837363297107043,0.7837363297107043
ml_gcn_stable_search,0,0,1.0,1.0,179.37575822137296,0.0,179.37575822137296,0.8232751150528346,0.8232751150528346,0.0,0.0,1.0,1.0,0,0,0,0.7522865131158721,0.7522865131158721
ml_gcn_stable_search,1,1,1.0,1.0,173.72090804339277,70.0,243.72090804339277,0.8288463960163618,0.7598808787749824,0.0,0.40294516525618834,1.0,1.0,2,1,1,0.649471055334414,0.649471055334414
ml_gcn_stable_search,2,2,1.0,1.0,186.08878627615672,70.0,256.0887862761567,0.8166612943092052,0.7476957770678259,0.0,0.37616452555136576,1.0,1.0,2,1,1,0.8743415686573949,0.8743415686573949
ml_gcn_stable_search,3,3,0.2619047619047619,0.2619047619047619,257.658500446896,35.0,292.658500446896,0.7461492606434522,0.7116665020227625,0.012119622465423656,0.14960465294122133,1.0,2.0,1,1,0,0.35313159655406556,0.342350004062691
ml_gcn_stable_search,4,4,0.0,0.0,274.5950587952982,0.0,274.5950587952982,0.7294629962607899,0.7294629962607899,0.49944438072055025,0.49944438072055025,1.0,2.0,0,0,0,0.49763361865983263,0.49631871632089253
ml_gcn_stable_search,5,5,1.0,1.0,172.6323871536918,35.0,207.6323871536918,0.8299188303904514,0.7954360717697618,0.0,0.20274295326079264,1.0,1.0,1,0,1,0.6296797664307598,0.6296797664307598
ml_gcn_stable_search,6,6,0.0,0.0,186.47704455422485,0.0,186.47704455422485,0.816278773838202,0.816278773838202,0.06816135121354124,0.06816135121354124,1.0,1.0,0,0,0,0.8814008100768151,0.8814008100768151
ml_gcn_stable_search,7,7,1.0,1.0,161.47630527471293,70.0,231.47630527471293,0.8409100440643222,0.771944526822943,0.0,0.43350013415845695,1.0,1.0,2,1,1,0.42684191408568967,0.42684191408568967
ml_gcn_stable_search,8,8,0.0,0.0,270.73070198680796,35.0,305.73070198680796,0.7332702443479725,0.6987874857272828,0.0465645645122078,0.1818641795507421,1.0,2.0,1,1,0,0.4860812433038987,0.46118819988007254
ml_gcn_stable_search,9,9,0.0,0.0,260.852334543972,0.0,260.852334543972,0.7430026260650522,0.7430026260650522,0.5120408516542717,0.5120408516542717,1.0,2.0,0,0,0,0.3802259158442045,0.3713848594906546
ml_gcn_stable_search,10,10,1.0,1.0,169.08396628985338,35.0,204.08396628985338,0.8334148115370903,0.7989320529164006,0.0,0.20699774655156244,1.0,1.0,1,0,1,0.56516302345188,0.56516302345188
ml_gcn_stable_search,11,11,1.0,1.0,170.10678085318872,0.0,170.10678085318872,0.8324071124599126,0.8324071124599126,0.0,0.0,1.0,1.0,0,0,0,0.5837596518761587,0.5837596518761587
ml_gcn_stable_search,12,12,0.0,0.0,272.08719604595694,35.0,307.08719604595694,0.7319337969990573,0.6974510383783675,0.06902051913111958,0.2065342232426114,1.0,2.0,1,1,0,0.49307888510854914,0.473519964054154
ml_gcn_stable_search,13,13,0.0,0.0,248.71791270125337,0.0,248.71791270125337,0.7549577214765977,0.7549577214765977,0.021326639340954547,0.021326639340954547,1.0,2.0,0,0,0,0.27457705284888634,0.26107193364775794
ml_gcn_stable_search,14,14,0.0,0.0,256.80970088096154,0.0,256.80970088096154,0.7469855163734368,0.7469855163734368,0.38658870128098527,0.38658870128098527,1.0,2.0,0,0,0,0.3428594047571589,0.33463364437237775
ml_gcn_stable_search,15,15,1.0,1.0,161.96408942950694,35.0,196.96408942950694,0.8404294685423578,0.8059467099216681,0.0,0.21609728504190034,1.0,1.0,1,0,1,0.43571071690012597,0.43571071690012597
ml_gcn_stable_search,16,16,0.0,0.0,251.6243506546108,35.0,286.6243506546108,0.7520942358082652,0.7176114771875756,0.015558781110521018,0.15681918474950768,1.0,2.0,1,1,0,0.28754933165244967,0.2874940968600981
ml_gcn_stable_search,17,17,1.0,1.0,175.5449648840467,35.0,210.5449648840467,0.8270492956807421,0.7925665370600524,0.0,0.1993791164737688,1.0,1.0,1,0,1,0.6826357251644851,0.6826357251644851
ml_gcn_stable_search,18,18,1.0,1.0,192.4546128633453,70.0,262.4546128633453,0.8103895439769997,0.7414240267356204,0.0,0.36372212106812085,1.0,1.0,2,1,1,0.9900838702426419,0.9900838702426419
ml_gcn_stable_search,19,19,1.0,1.0,187.32407842943962,70.0,257.3240784294396,0.8154442577049856,0.7464787404636063,0.0,0.3736839416848768,1.0,1.0,2,1,1,0.8968014259898115,0.8968014259898115
ml_gcn_stable_search,20,20,1.0,1.0,176.82709381557373,70.0,246.82709381557373,0.825786114467415,0.7568205972260357,0.0,0.39586693695824837,1.0,1.0,2,1,1,0.705947160283159,0.705947160283159
ml_gcn_stable_search,21,21,1.0,1.0,182.56094003534758,70.0,252.56094003534758,0.8201370048912832,0.7511714876499038,0.0,0.3834336084512193,1.0,1.0,2,1,1,0.8101989097335925,0.8101989097335925
ml_gcn_stable_search,22,22,1.0,1.0,173.65966691576375,0.0,173.65966691576375,0.8289067321026958,0.8289067321026958,0.0,0.0,1.0,1.0,0,0,0,0.6483575802866137,0.6483575802866137
ml_gcn_stable_search,23,23,1.0,1.0,181.10549813408875,0.0,181.10549813408875,0.8215709377989273,0.8215709377989273,0.0,0.0,1.0,1.0,0,0,0,0.7837363297107043,0.7837363297107043
attn_ml_gcn,0,0,0.0,0.0,295.2316742049726,0.0,295.2316742049726,0.7091313554630811,0.7091313554630811,0.6458839094668433,0.6458839094668433,1.0,2.0,0,0,0,0.6992773502909904,0.6839243109542961
attn_ml_gcn,1,1,1.0,1.0,173.72090804339277,35.0,208.72090804339277,0.8288463960163618,0.7943636373956722,0.0,0.20147258262809417,1.0,1.0,1,0,1,0.649471055334414,0.649471055334414
attn_ml_gcn,2,2,0.0,0.0,250.58436841794455,35.0,285.5843684179446,0.7531188488493157,0.7186360902286261,0.3465850008074965,0.5346672635831795,1.0,2.0,1,1,0,0.2992759272592449,0.27803971289040497
attn_ml_gcn,3,3,0.0,0.0,278.85848697611686,70.0,348.85848697611686,0.7252625744077666,0.6562970571663873,0.09539621658132157,0.3703662775329169,1.0,2.0,2,1,1,0.5670212496604268,0.5350771543283349
attn_ml_gcn,4,4,1.0,1.0,183.13120668293342,35.0,218.13120668293342,0.8195751658296222,0.7850924072089326,0.0,0.19111980221152422,1.0,1.0,1,0,1,0.8205673942351533,0.8205673942351533
attn_ml_gcn,5,5,0.0,0.0,178.59165061253537,0.0,178.59165061253537,0.8240476348644971,0.8240476348644971,0.034519962083002016,0.034519962083002016,1.0,1.0,0,0,0,0.7380300111370071,0.7380300111370071
attn_ml_gcn,6,6,0.0,0.0,260.65844836649114,105.0,365.65844836649114,0.7431936469295654,0.6397453710674964,0.49308072249833507,1.0945324569224517,1.0,2.0,3,2,1,0.40072943601602207,0.36962225787719205
attn_ml_gcn,7,7,1.0,1.0,161.47630527471293,105.0,266.4763052747129,0.8409100440643222,0.7374617682022533,0.0,0.6502502012376852,1.0,1.0,3,1,2,0.42684191408568967,0.42684191408568967
attn_ml_gcn,8,8,0.0,0.0,280.51231886025687,35.0,315.51231886025687,0.7236331833889095,0.6891504247682199,0.08437739301026692,0.21967700804880125,1.0,2.0,1,1,0,0.5516013794682315,0.5501119896386988
attn_ml_gcn,9,9,1.0,1.0,172.51672417354496,105.0,277.51672417354496,0.830032784065473,0.726584508203404,0.0,0.6086366437979321,1.0,1.0,3,1,2,0.6275768031553628,0.6275768031553628
attn_ml_gcn,10,10,1.0,1.0,169.08396628985338,70.0,239.08396628985338,0.8334148115370903,0.764449294295711,0.0,0.4139954931031249,1.0,1.0,2,1,1,0.56516302345188,0.56516302345188
attn_ml_gcn,11,11,1.0,1.0,170.10678085318872,0.0,170.10678085318872,0.8324071124599126,0.8324071124599126,0.0,0.0,1.0,1.0,0,0,0,0.5837596518761587,0.5837596518761587
attn_ml_gcn,12,12,0.0,0.38095238095238093,286.1657821863181,35.0,321.1657821863181,0.7180632687819526,0.683580510161263,0.1243347628115131,0.2618484669230049,1.0,2.0,1,1,0,0.6037208326031854,0.6015071107847103
attn_ml_gcn,13,13,0.0,0.0,255.44910745468766,70.0,325.4491074546877,0.7483260025076969,0.6793604852663175,0.04896738480078033,0.33641296512671465,1.0,2.0,2,1,1,0.3336820030828557,0.32226461322443317
attn_ml_gcn,14,14,0.0,0.0,277.36803287274176,70.0,347.36803287274176,0.726731002095821,0.6577654848544416,0.49758898966261134,0.8755389220705757,1.0,2.0,2,1,1,0.5895627327242187,0.5215275715703798
attn_ml_gcn,15,15,1.0,1.0,161.96408942950694,35.0,196.96408942950694,0.8404294685423578,0.8059467099216681,0.0,0.21609728504190034,1.0,1.0,1,0,1,0.43571071690012597,0.43571071690012597
attn_ml_gcn,16,16,0.0,0.0,256.83673539771905,35.0,291.83673539771905,0.7469588813815576,0.7124761227608679,0.036596026045754404,0.17785642968474105,1.0,2.0,1,1,0,0.3368571147519254,0.3348794127065371
attn_ml_gcn,17,17,1.0,1.0,175.5449648840467,35.0,210.5449648840467,0.8270492956807421,0.7925665370600524,0.0,0.1993791164737688,1.0,1.0,1,0,1,0.6826357251644851,0.6826357251644851
attn_ml_gcn,18,18,0.0,0.0,248.78047534920546,35.0,283.78047534920546,0.7548960833997975,0.7204133247791079,0.29267088820497655,0.474531948739037,1.0,2.0,1,1,0,0.2675688726013228,0.26164068499277704
attn_ml_gcn,19,19,1.0,1.0,187.32407842943962,35.0,222.32407842943962,0.8154442577049856,0.7809614990842959,0.0,0.1868419708424384,1.0,1.0,1,0,1,0.8968014259898115,0.8968014259898115
attn_ml_gcn,20,20,0.0,0.0,246.23207139992797,35.0,281.232071399928,0.7574068262069675,0.7229240675862779,0.3925019412282029,0.5904354097073271,1.0,2.0,1,1,0,0.24887313381006212,0.23847337636298155
attn_ml_gcn,21,21,1.0,1.0,182.56094003534758,35.0,217.56094003534758,0.8201370048912832,0.7856542462705935,0.0,0.19171680422560966,1.0,1.0,1,0,1,0.8101989097335925,0.8101989097335925
attn_ml_gcn,22,22,1.0,1.0,173.65966691576375,0.0,173.65966691576375,0.8289067321026958,0.8289067321026958,0.0,0.0,1.0,1.0,0,0,0,0.6483575802866137,0.6483575802866137
attn_ml_gcn,23,23,0.0,0.0,265.6573016499025,105.0,370.6573016499025,0.7382686683252192,0.6348203924631503,0.46686491789008194,1.0466374873692206,1.0,2.0,3,2,1,0.42936470968346224,0.41506637863547713
attn_ml_gcn_pruned,0,0,1.0,1.0,179.37575822137296,0.0,179.37575822137296,0.8232751150528346,0.8232751150528346,0.0,0.0,1.0,1.0,0,0,0,0.7522865131158721,0.7522865131158721
attn_ml_gcn_pruned,1,1,1.0,1.0,173.72090804339277,70.0,243.72090804339277,0.8288463960163618,0.7598808787749824,0.0,0.40294516525618834,1.0,1.0,2,1,1,0.649471055334414,0.649471055334414
attn_ml_gcn_pruned,2,2,0.0,0.0,250.58436841794455,35.0,285.5843684179446,0.7531188488493157,0.7186360902286261,0.3465850008074965,0.5346672635831795,1.0,2.0,1,1,0,0.2992759272592449,0.27803971289040497
attn_ml_gcn_pruned,3,3,0.42857142857142855,0.42857142857142855,254.74814284114444,70.0,324.74814284114444,0.7490166080382813,0.680051090796902,0.0006873194905029064,0.27565738044209825,1.0,2.0,2,1,1,0.3276920835841635,0.31589220764676784
attn_ml_gcn_pruned,4,4,1.0,1.0,183.13120668293342,105.0,288.13120668293345,0.8195751658296222,0.7161268899675532,0.0,0.5733594066345729,1.0,1.0,3,1,2,0.8205673942351533,0.8205673942351533
attn_ml_gcn_pruned,5,5,0.0,0.0,178.59165061253537,0.0,178.59165061253537,0.8240476348644971,0.8240476348644971,0.034519962083002016,0.034519962083002016,1.0,1.0,0,0,0,0.7380300111370071,0.7380300111370071
attn_ml_gcn_pruned,6,6,1.0,1.0,174.5775994819207,70.0,244.5775994819207,0.8280023650424426,0.7590368478010633,0.0,0.4009678229494112,1.0,1.0,2,1,1,0.6650472633076493,0.6650472633076493
attn_ml_gcn_pruned,7,7,1.0,1.0,161.47630527471293,70.0,231.47630527471293,0.8409100440643222,0.771944526822943,0.0,0.43350013415845695,1.0,1.0,2,1,1,0.42684191408568967,0.42684191408568967
attn_ml_gcn_pruned,8,8,0.0,0.0,280.51231886025687,35.0,315.51231886025687,0.7236331833889095,0.6891504247682199,0.08437739301026692,0.21967700804880125,1.0,2.0,1,1,0,0.5516013794682315,0.5501119896386988
attn_ml_gcn_pruned,9,9,1.0,1.0,172.51672417354496,105.0,277.51672417354496,0.830032784065473,0.726584508203404,0.0,0.6086366437979321,1.0,1.0,3,1,2,0.6275768031553628,0.6275768031553628
attn_ml_gcn_pruned,10,10,1.0,1.0,169.08396628985338,70.0,239.08396628985338,0.8334148115370903,0.764449294295711,0.0,0.4139954931031249,1.0,1.0,2,1,1,0.56516302345188,0.56516302345188
attn_ml_gcn_pruned,11,11,1.0,1.0,170.10678085318872,0.0,170.10678085318872,0.8324071124599126,0.8324071124599126,0.0,0.0,1.0,1.0,0,0,0,0.5837596518761587,0.5837596518761587
attn_ml_gcn_pruned,12,12,0.38095238095238093,0.38095238095238093,281.362437937368,35.0,316.362437937368,0.7227956276479133,0.6883128690272237,0.10546260110306277,0.24297630521455457,1.0,2.0,1,1,0,0.5711346275766691,0.5578403448851632
attn_ml_gcn_pruned,13,13,0.0,0.0,254.40555100843676,70.0,324.40555100843676,0.7493541369375007,0.6803886196961214,0.04468216068227375,0.33212774100820797,1.0,2.0,2,1,1,0.3136520874146204,0.31277773644033424
attn_ml_gcn_pruned,14,14,1.0,1.0,185.20971694325118,35.0,220.20971694325118,0.8175273724697033,0.7830446138490137,0.0,0.1889749662039822,1.0,1.0,1,0,1,0.858358489877294,0.858358489877294
attn_ml_gcn_pruned,15,15,1.0,1.0,161.96408942950694,70.0,231.96408942950694,0.8404294685423578,0.7714639513009784,0.0,0.4321945700838007,1.0,1.0,2,1,1,0.43571071690012597,0.43571071690012597
attn_ml_gcn_pruned,16,16,0.0,0.0,251.6243506546108,35.0,286.6243506546108,0.7520942358082652,0.7176114771875756,0.015558781110521018,0.15681918474950768,1.0,2.0,1,1,0,0.28754933165244967,0.2874940968600981
attn_ml_gcn_pruned,17,17,1.0,1.0,175.5449648840467,35.0,210.5449648840467,0.8270492956807421,0.7925665370600524,0.0,0.1993791164737688,1.0,1.0,1,0,1,0.6826357251644851,0.6826357251644851
attn_ml_gcn_pruned,18,18,0.0,0.0,248.78047534920546,35.0,283.78047534920546,0.7548960833997975,0.7204133247791079,0.29267088820497655,0.474531948739037,1.0,2.0,1,1,0,0.2675688726013228,0.26164068499277704
attn_ml_gcn_pruned,19,19,1.0,1.0,187.32407842943962,35.0,222.32407842943962,0.8154442577049856,0.7809614990842959,0.0,0.1868419708424384,1.0,1.0,1,0,1,0.8968014259898115,0.8968014259898115
attn_ml_gcn_pruned,20,20,0.0,0.0,246.23207139992797,35.0,281.232071399928,0.7574068262069675,0.7229240675862779,0.3925019412282029,0.5904354097073271,1.0,2.0,1,1,0,0.24887313381006212,0.23847337636298155
attn_ml_gcn_pruned,21,21,1.0,1.0,182.56094003534758,35.0,217.56094003534758,0.8201370048912832,0.7856542462705935,0.0,0.19171680422560966,1.0,1.0,1,0,1,0.8101989097335925,0.8101989097335925
attn_ml_gcn_pruned,22,22,1.0,1.0,173.65966691576375,0.0,173.65966691576375,0.8289067321026958,0.8289067321026958,0.0,0.0,1.0,1.0,0,0,0,0.6483575802866137,0.6483575802866137
attn_ml_gcn_pruned,23,23,0.0,0.0,255.91094718717213,105.0,360.91094718717216,0.7478709879929338,0.6444227121308649,0.41304902293854245,0.9928215924176813,1.0,2.0,3,2,1,0.33778579658337704,0.3264631562470195
attn_ml_gcn_stable,0,0,1.0,1.0,179.37575822137296,0.0,179.37575822137296,0.8232751150528346,0.8232751150528346,0.0,0.0,1.0,1.0,0,0,0,0.7522865131158721,0.7522865131158721
attn_ml_gcn_stable,1,1,1.0,1.0,173.72090804339277,70.0,243.72090804339277,0.8288463960163618,0.7598808787749824,0.0,0.40294516525618834,1.0,1.0,2,1,1,0.649471055334414,0.649471055334414
attn_ml_gcn_stable,2,2,0.0,0.0,250.58436841794455,35.0,285.5843684179446,0.7531188488493157,0.7186360902286261,0.3465850008074965,0.5346672635831795,1.0,2.0,1,1,0,0.2992759272592449,0.27803971289040497
attn_ml_gcn_stable,3,3,0.0,0.0,278.85848697611686,70.0,348.85848697611686,0.7252625744077666,0.6562970571663873,0.09539621658132157,0.3703662775329169,1.0,2.0,2,1,1,0.5670212496604268,0.5350771543283349
attn_ml_gcn_stable,4,4,1.0,1.0,183.13120668293342,35.0,218.13120668293342,0.8195751658296222,0.7850924072089326,0.0,0.19111980221152422,1.0,1.0,1,0,1,0.8205673942351533,0.8205673942351533
attn_ml_gcn_stable,5,5,0.0,0.0,178.59165061253537,0.0,178.59165061253537,0.8240476348644971,0.8240476348644971,0.034519962083002016,0.034519962083002016,1.0,1.0,0,0,0,0.7380300111370071,0.7380300111370071
attn_ml_gcn_stable,6,6,1.0,1.0,174.5775994819207,70.0,244.5775994819207,0.8280023650424426,0.7590368478010633,0.0,0.4009678229494112,1.0,1.0,2,1,1,0.6650472633076493,0.6650472633076493
attn_ml_gcn_stable,7,7,1.0,1.0,161.47630527471293,70.0,231.47630527471293,0.8409100440643222,0.771944526822943,0.0,0.43350013415845695,1.0,1.0,2,1,1,0.42684191408568967,0.42684191408568967
attn_ml_gcn_stable,8,8,0.0,0.0,280.51231886025687,35.0,315.51231886025687,0.7236331833889095,0.6891504247682199,0.08437739301026692,0.21967700804880125,1.0,2.0,1,1,0,0.5516013794682315,0.5501119896386988
attn_ml_gcn_stable,9,9,1.0,1.0,172.51672417354496,105.0,277.51672417354496,0.830032784065473,0.726584508203404,0.0,0.6086366437979321,1.0,1.0,3,1,2,0.6275768031553628,0.6275768031553628
attn_ml_gcn_stable,10,10,1.0,1.0,169.08396628985338,70.0,239.08396628985338,0.8334148115370903,0.764449294295711,0.0,0.4139954931031249,1.0,1.0,2,1,1,0.56516302345188,0.56516302345188
attn_ml_gcn_stable,11,11,1.0,1.0,170.10678085318872,0.0,170.10678085318872,0.8324071124599126,0.8324071124599126,0.0,0.0,1.0,1.0,0,0,0,0.5837596518761587,0.5837596518761587
attn_ml_gcn_stable,12,12,0.38095238095238093,0.38095238095238093,286.1657821863181,35.0,321.1657821863181,0.7180632687819526,0.683580510161263,0.1243347628115131,0.2618484669230049,1.0,2.0,1,1,0,0.6037208326031854,0.6015071107847103
attn_ml_gcn_stable,13,13,0.0,0.0,254.40555100843676,70.0,324.40555100843676,0.7493541369375007,0.6803886196961214,0.04468216068227375,0.33212774100820797,1.0,2.0,2,1,1,0.3136520874146204,0.31277773644033424
attn_ml_gcn_stable,14,14,1.0,1.0,185.20971694325118,35.0,220.20971694325118,0.8175273724697033,0.7830446138490137,0.0,0.1889749662039822,1.0,1.0,1,0,1,0.858358489877294,0.858358489877294
attn_ml_gcn_stable,15,15,0.0,0.0,186.15619016635796,0.0,186.15619016635796,0.8165948865356079,0.8165948865356079,0.14936706539124747,0.14936706539124747,1.0,1.0,0,0,0,0.8755670939337811,0.8755670939337811
attn_ml_gcn_stable,16,16,0.0,0.0,278.59016356149095,35.0,313.59016356149095,0.725526932451733,0.6910441738310434,0.12439311298707209,0.26565351662605874,1.0,2.0,1,1,0,0.5529415314858875,0.532637850559009
attn_ml_gcn_stable,17,17,1.0,1.0,175.5449648840467,105.0,280.5449648840467,0.8270492956807421,0.7236010198186732,0.0,0.5981373494213064,1.0,1.0,3,1,2,0.6826357251644851,0.6826357251644851
attn_ml_gcn_stable,18,18,0.0,0.0,248.78047534920546,35.0,283.78047534920546,0.7548960833997975,0.7204133247791079,0.29267088820497655,0.474531948739037,1.0,2.0,1,1,0,0.2675688726013228,0.26164068499277704
attn_ml_gcn_stable,19,19,1.0,1.0,187.32407842943962,35.0,222.32407842943962,0.8154442577049856,0.7809614990842959,0.0,0.1868419708424384,1.0,1.0,1,0,1,0.8968014259898115,0.8968014259898115
attn_ml_gcn_stable,20,20,0.0,0.0,246.23207139992797,35.0,281.232071399928,0.7574068262069675,0.7229240675862779,0.3925019412282029,0.5904354097073271,1.0,2.0,1,1,0,0.24887313381006212,0.23847337636298155
attn_ml_gcn_stable,21,21,1.0,1.0,182.56094003534758,35.0,217.56094003534758,0.8201370048912832,0.7856542462705935,0.0,0.19171680422560966,1.0,1.0,1,0,1,0.8101989097335925,0.8101989097335925
attn_ml_gcn_stable,22,22,1.0,1.0,173.65966691576375,0.0,173.65966691576375,0.8289067321026958,0.8289067321026958,0.0,0.0,1.0,1.0,0,0,0,0.6483575802866137,0.6483575802866137
attn_ml_gcn_stable,23,23,1.0,1.0,181.10549813408875,0.0,181.10549813408875,0.8215709377989273,0.8215709377989273,0.0,0.0,1.0,1.0,0,0,0,0.7837363297107043,0.7837363297107043
attn_ml_gcn_search,0,0,1.0,1.0,179.37575822137296,0.0,179.37575822137296,0.8232751150528346,0.8232751150528346,0.0,0.0,1.0,1.0,0,0,0,0.7522865131158721,0.7522865131158721
attn_ml_gcn_search,1,1,1.0,1.0,173.72090804339277,70.0,243.72090804339277,0.8288463960163618,0.7598808787749824,0.0,0.40294516525618834,1.0,1.0,2,1,1,0.649471055334414,0.649471055334414
attn_ml_gcn_search,2,2,1.0,1.0,186.08878627615672,70.0,256.0887862761567,0.8166612943092052,0.7476957770678259,0.0,0.37616452555136576,1.0,1.0,2,1,1,0.8743415686573949,0.8743415686573949
attn_ml_gcn_search,3,3,0.42857142857142855,0.42857142857142855,254.74814284114444,105.0,359.74814284114444,0.7490166080382813,0.6455683321762123,0.0006873194905029064,0.41314241091789594,1.0,2.0,3,2,1,0.3276920835841635,0.31589220764676784
attn_ml_gcn_search,4,4,1.0,1.0,183.13120668293342,105.0,288.13120668293345,0.8195751658296222,0.7161268899675532,0.0,0.5733594066345729,1.0,1.0,3,1,2,0.8205673942351533,0.8205673942351533
attn_ml_gcn_search,5,5,1.0,1.0,172.6323871536918,70.0,242.6323871536918,0.8299188303904514,0.7609533131490722,0.0,0.4054859065215853,1.0,1.0,2,1,1,0.6296797664307598,0.6296797664307598
attn_ml_gcn_search,6,6,1.0,1.0,174.5775994819207,70.0,244.5775994819207,0.8280023650424426,0.7590368478010633,0.0,0.4009678229494112,1.0,1.0,2,1,1,0.6650472633076493,0.6650472633076493
attn_ml_gcn_search,7,7,1.0,1.0,161.47630527471293,70.0,231.47630527471293,0.8409100440643222,0.771944526822943,0.0,0.43350013415845695,1.0,1.0,2,1,1,0.42684191408568967,0.42684191408568967
attn_ml_gcn_search,8,8,0.0,0.0,262.92813820675036,105.0,367.92813820675036,0.7409574993036941,0.6375092234416252,0.016402168062053406,0.42230101317765634,1.0,2.0,3,2,1,0.4046432214434722,0.3902558018795488
attn_ml_gcn_search,9,9,1.0,1.0,172.51672417354496,35.0,207.51672417354496,0.830032784065473,0.7955500254447833,0.0,0.2028788812659774,1.0,1.0,1,0,1,0.6275768031553628,0.6275768031553628
attn_ml_gcn_search,10,10,1.0,1.0,169.08396628985338,70.0,239.08396628985338,0.8334148115370903,0.764449294295711,0.0,0.4139954931031249,1.0,1.0,2,1,1,0.56516302345188,0.56516302345188
attn_ml_gcn_search,11,11,1.0,1.0,170.10678085318872,0.0,170.10678085318872,0.8324071124599126,0.8324071124599126,0.0,0.0,1.0,1.0,0,0,0,0.5837596518761587,0.5837596518761587
attn_ml_gcn_search,12,12,0.9761904761904762,0.9761904761904762,252.3066589362239,105.0,357.3066589362239,0.7514220109002719,0.647973735038203,-0.008696478791000804,0.4038446335434747,1.0,2.0,3,2,1,0.32428915817955095,0.29369689942021726
attn_ml_gcn_search,13,13,0.9761904761904762,0.9761904761904762,245.85612518577108,0.0,245.85612518577108,0.7577772165657427,0.7577772165657427,0.009575094010135681,0.009575094010135681,1.0,2.0,0,0,0,0.2598999972038851,0.2350556835070098
attn_ml_gcn_search,14,14,1.0,1.0,185.20971694325118,105.0,290.2097169432512,0.8175273724697033,0.7140790966076344,0.0,0.5669248986119466,1.0,1.0,3,1,2,0.858358489877294,0.858358489877294
attn_ml_gcn_search,15,15,1.0,1.0,161.96408942950694,70.0,231.96408942950694,0.8404294685423578,0.7714639513009784,0.0,0.4321945700838007,1.0,1.0,2,1,1,0.43571071690012597,0.43571071690012597
attn_ml_gcn_search,16,16,1.0,1.0,247.7693613947759,105.0,352.7693613947759,0.7558922547834721,0.6524439789214032,0.0,0.42378121091695997,1.0,2.0,3,2,1,0.2533265094447054,0.25244873995250805
attn_ml_gcn_search,17,17,1.0,1.0,175.5449648840467,105.0,280.5449648840467,0.8270492956807421,0.7236010198186732,0.0,0.5981373494213064,1.0,1.0,3,1,2,0.6826357251644851,0.6826357251644851
attn_ml_gcn_search,18,18,1.0,1.0,192.4546128633453,70.0,262.4546128633453,0.8103895439769997,0.7414240267356204,0.0,0.36372212106812085,1.0,1.0,2,1,1,0.9900838702426419,0.9900838702426419
attn_ml_gcn_search,19,19,1.0,1.0,187.32407842943962,70.0,257.3240784294396,0.8154442577049856,0.7464787404636063,0.0,0.3736839416848768,1.0,1.0,2,1,1,0.8968014259898115,0.8968014259898115
attn_ml_gcn_search,20,20,1.0,1.0,176.82709381557373,70.0,246.82709381557373,0.825786114467415,0.7568205972260357,0.0,0.39586693695824837,1.0,1.0,2,1,1,0.705947160283159,0.705947160283159
attn_ml_gcn_search,21,21,1.0,1.0,182.56094003534758,70.0,252.56094003534758,0.8201370048912832,0.7511714876499038,0.0,0.3834336084512193,1.0,1.0,2,1,1,0.8101989097335925,0.8101989097335925
attn_ml_gcn_search,22,22,1.0,1.0,173.65966691576375,0.0,173.65966691576375,0.8289067321026958,0.8289067321026958,0.0,0.0,1.0,1.0,0,0,0,0.6483575802866137,0.6483575802866137
attn_ml_gcn_search,23,23,1.0,1.0,181.10549813408875,0.0,181.10549813408875,0.8215709377989273,0.8215709377989273,0.0,0.0,1.0,1.0,0,0,0,0.7837363297107043,0.7837363297107043
attn_ml_gcn_stable_search,0,0,1.0,1.0,179.37575822137296,0.0,179.37575822137296,0.8232751150528346,0.8232751150528346,0.0,0.0,1.0,1.0,0,0,0,0.7522865131158721,0.7522865131158721
attn_ml_gcn_stable_search,1,1,1.0,1.0,173.72090804339277,70.0,243.72090804339277,0.8288463960163618,0.7598808787749824,0.0,0.40294516525618834,1.0,1.0,2,1,1,0.649471055334414,0.649471055334414
attn_ml_gcn_stable_search,2,2,1.0,1.0,186.08878627615672,70.0,256.0887862761567,0.8166612943092052,0.7476957770678259,0.0,0.37616452555136576,1.0,1.0,2,1,1,0.8743415686573949,0.8743415686573949
attn_ml_gcn_stable_search,3,3,0.2619047619047619,0.2619047619047619,257.658500446896,35.0,292.658500446896,0.7461492606434522,0.7116665020227625,0.012119622465423656,0.14960465294122133,1.0,2.0,1,1,0,0.35313159655406556,0.342350004062691
attn_ml_gcn_stable_search,4,4,0.0,0.0,274.5950587952982,0.0,274.5950587952982,0.7294629962607899,0.7294629962607899,0.49944438072055025,0.49944438072055025,1.0,2.0,0,0,0,0.49763361865983263,0.49631871632089253
attn_ml_gcn_stable_search,5,5,1.0,1.0,172.6323871536918,35.0,207.6323871536918,0.8299188303904514,0.7954360717697618,0.0,0.20274295326079264,1.0,1.0,1,0,1,0.6296797664307598,0.6296797664307598
attn_ml_gcn_stable_search,6,6,0.0,0.0,186.47704455422485,0.0,186.47704455422485,0.816278773838202,0.816278773838202,0.06816135121354124,0.06816135121354124,1.0,1.0,0,0,0,0.8814008100768151,0.8814008100768151
attn_ml_gcn_stable_search,7,7,1.0,1.0,161.47630527471293,70.0,231.47630527471293,0.8409100440643222,0.771944526822943,0.0,0.43350013415845695,1.0,1.0,2,1,1,0.42684191408568967,0.42684191408568967
attn_ml_gcn_stable_search,8,8,0.0,0.0,270.73070198680796,35.0,305.73070198680796,0.7332702443479725,0.6987874857272828,0.0465645645122078,0.1818641795507421,1.0,2.0,1,1,0,0.4860812433038987,0.46118819988007254
attn_ml_gcn_stable_search,9,9,0.0,0.0,260.852334543972,0.0,260.852334543972,0.7430026260650522,0.7430026260650522,0.5120408516542717,0.5120408516542717,1.0,2.0,0,0,0,0.3802259158442045,0.3713848594906546
attn_ml_gcn_stable_search,10,10,1.0,1.0,169.08396628985338,35.0,204.08396628985338,0.8334148115370903,0.7989320529164006,0.0,0.20699774655156244,1.0,1.0,1,0,1,0.56516302345188,0.56516302345188
attn_ml_gcn_stable_search,11,11,1.0,1.0,170.10678085318872,0.0,170.10678085318872,0.8324071124599126,0.8324071124599126,0.0,0.0,1.0,1.0,0,0,0,0.5837596518761587,0.5837596518761587
attn_ml_gcn_stable_search,12,12,0.0,0.0,272.08719604595694,35.0,307.08719604595694,0.7319337969990573,0.6974510383783675,0.06902051913111958,0.2065342232426114,1.0,2.0,1,1,0,0.49307888510854914,0.473519964054154
attn_ml_gcn_stable_search,13,13,0.0,0.0,248.71791270125337,0.0,248.71791270125337,0.7549577214765977,0.7549577214765977,0.021326639340954547,0.021326639340954547,1.0,2.0,0,0,0,0.27457705284888634,0.26107193364775794
attn_ml_gcn_stable_search,14,14,0.0,0.0,256.80970088096154,0.0,256.80970088096154,0.7469855163734368,0.7469855163734368,0.38658870128098527,0.38658870128098527,1.0,2.0,0,0,0,0.3428594047571589,0.33463364437237775
attn_ml_gcn_stable_search,15,15,1.0,1.0,161.96408942950694,35.0,196.96408942950694,0.8404294685423578,0.8059467099216681,0.0,0.21609728504190034,1.0,1.0,1,0,1,0.43571071690012597,0.43571071690012597
attn_ml_gcn_stable_search,16,16,0.0,0.0,251.6243506546108,35.0,286.6243506546108,0.7520942358082652,0.7176114771875756,0.015558781110521018,0.15681918474950768,1.0,2.0,1,1,0,0.28754933165244967,0.2874940968600981
attn_ml_gcn_stable_search,17,17,1.0,1.0,175.5449648840467,35.0,210.5449648840467,0.8270492956807421,0.7925665370600524,0.0,0.1993791164737688,1.0,1.0,1,0,1,0.6826357251644851,0.6826357251644851
attn_ml_gcn_stable_search,18,18,1.0,1.0,192.4546128633453,70.0,262.4546128633453,0.8103895439769997,0.7414240267356204,0.0,0.36372212106812085,1.0,1.0,2,1,1,0.9900838702426419,0.9900838702426419
attn_ml_gcn_stable_search,19,19,1.0,1.0,187.32407842943962,70.0,257.3240784294396,0.8154442577049856,0.7464787404636063,0.0,0.3736839416848768,1.0,1.0,2,1,1,0.8968014259898115,0.8968014259898115
attn_ml_gcn_stable_search,20,20,1.0,1.0,176.82709381557373,70.0,246.82709381557373,0.825786114467415,0.7568205972260357,0.0,0.39586693695824837,1.0,1.0,2,1,1,0.705947160283159,0.705947160283159
attn_ml_gcn_stable_search,21,21,1.0,1.0,182.56094003534758,70.0,252.56094003534758,0.8201370048912832,0.7511714876499038,0.0,0.3834336084512193,1.0,1.0,2,1,1,0.8101989097335925,0.8101989097335925
attn_ml_gcn_stable_search,22,22,1.0,1.0,173.65966691576375,0.0,173.65966691576375,0.8289067321026958,0.8289067321026958,0.0,0.0,1.0,1.0,0,0,0,0.6483575802866137,0.6483575802866137
attn_ml_gcn_stable_search,23,23,1.0,1.0,181.10549813408875,0.0,181.10549813408875,0.8215709377989273,0.8215709377989273,0.0,0.0,1.0,1.0,0,0,0,0.7837363297107043,0.7837363297107043
