policy,graph_id,hour,raw_assignment_accuracy,assignment_accuracy,energy_w,switching_penalty_w,energy_w_with_switching,energy_saving_vs_all_on,energy_saving_with_switching_vs_all_on,energy_gap_vs_oracle,energy_gap_with_switching_vs_oracle_static,served_ratio,active_bs,switch_events,activation_events,deactivation_events,max_load,mean_active_load
rsrp,0,0,0.16666666666666666,0.14285714285714285,698.7228447280336,0.0,698.7228447280336,0.31160310864233143,0.31160310864233143,2.737021283931881,2.737021283931881,1.0,7.0,0,0,0,0.2737053325312756,0.17850089539749012
rsrp,1,1,0.07142857142857142,0.07142857142857142,668.3536293750487,0.0,668.3536293750487,0.34152351785709484,0.34152351785709484,2.4873274615656356,2.4873274615656356,1.0,7.0,0,0,0,0.16752383647430283,0.09961981655856834
rsrp,2,2,0.16666666666666666,0.14285714285714285,682.9171269070894,0.0,682.9171269070894,0.3271752444265129,0.3271752444265129,2.922450754611543,2.922450754611543,1.0,7.0,0,0,0,0.17209256313809043,0.1374470828755569
rsrp,3,3,0.11904761904761904,0.14285714285714285,676.5281148091193,0.0,676.5281148091193,0.33346983762648347,0.33346983762648347,2.897839511445005,2.897839511445005,1.0,7.0,0,0,0,0.16842468001410657,0.12085224625745253
rsrp,4,4,0.14285714285714285,0.19047619047619047,697.9285344535284,0.0,697.9285344535284,0.31238568034135133,0.31238568034135133,2.963987346094242,2.963987346094242,1.0,7.0,0,0,0,0.2481127553606774,0.17643775182734647
rsrp,5,5,0.30952380952380953,0.2619047619047619,703.571233387739,0.0,703.571233387739,0.3068263710465626,0.3068263710465626,1.7866374524707973,1.7866374524707973,1.0,7.0,0,0,0,0.23517598311314578,0.19109411269542584
rsrp,6,6,0.09523809523809523,0.11904761904761904,688.1826212378661,0.0,688.1826212378661,0.3219875652828905,0.3219875652828905,2.8227826922989006,2.8227826922989006,1.0,7.0,0,0,0,0.19212194111253078,0.1511236915269249
rsrp,7,7,0.21428571428571427,0.19047619047619047,688.5182049077516,0.0,688.5182049077516,0.3216569409775846,0.3216569409775846,1.7533959824936562,1.7533959824936562,1.0,7.0,0,0,0,0.2139438269062866,0.15199533742273144
rsrp,8,8,0.35714285714285715,0.30952380952380953,686.7134402100783,0.0,686.7134402100783,0.32343503427578496,0.32343503427578496,1.7241674406996081,1.7241674406996081,1.0,7.0,0,0,0,0.17514325774838296,0.14730763690929413
rsrp,9,9,0.23809523809523808,0.21428571428571427,669.408388348683,0.0,669.408388348683,0.3404843464544995,0.3404843464544995,2.748014010591245,2.748014010591245,1.0,7.0,0,0,0,0.1420514487280966,0.10235945025632001
rsrp,10,10,0.30952380952380953,0.2619047619047619,680.5284646389196,0.0,680.5284646389196,0.3295286062670743,0.3295286062670743,1.7228261159247036,1.7228261159247036,1.0,7.0,0,0,0,0.1708329977772009,0.131242765295895
rsrp,11,11,0.09523809523809523,0.14285714285714285,693.0921094634296,0.0,693.0921094634296,0.3171506310705128,0.3171506310705128,2.8525396895786437,2.8525396895786437,1.0,7.0,0,0,0,0.21874509436091982,0.163875608995921
rsrp,12,12,0.4523809523809524,0.35714285714285715,702.2444408002094,0.0,702.2444408002094,0.30813355586186264,0.30813355586186264,1.710301228190705,1.710301228190705,1.0,7.0,0,0,0,0.25964634534612646,0.18764789818236208
rsrp,13,13,0.21428571428571427,0.21428571428571427,672.1985547425203,0.0,672.1985547425203,0.33773541404677804,0.33773541404677804,2.8620285348909458,2.8620285348909458,1.0,7.0,0,0,0,0.15457227388992567,0.10960663569485762
rsrp,14,14,0.23809523809523808,0.2619047619047619,698.8110761273824,0.0,698.8110761273824,0.31151618115528823,0.31151618115528823,1.7749167193742994,1.7749167193742994,1.0,7.0,0,0,0,0.21897046398490325,0.1787300678633311
rsrp,15,15,0.2857142857142857,0.30952380952380953,693.2127479866568,0.0,693.2127479866568,0.3170317753826041,0.3170317753826041,1.7094776624101014,1.7094776624101014,1.0,7.0,0,0,0,0.20120434132784495,0.16418895580949805
rsrp,16,16,0.19047619047619047,0.21428571428571427,688.0425195903543,0.0,688.0425195903543,0.32212559646270505,0.32212559646270505,2.652027040804612,2.652027040804612,1.0,7.0,0,0,0,0.2132678519569963,0.15075979114377747
rsrp,17,17,0.3333333333333333,0.30952380952380953,690.3583290895335,0.0,690.3583290895335,0.319844010749228,0.319844010749228,1.6971945513325648,1.6971945513325648,1.0,7.0,0,0,0,0.22491245332629098,0.15677488075203497
rsrp,18,18,0.16666666666666666,0.14285714285714285,682.4918589664773,0.0,682.4918589664773,0.32759422761923424,0.32759422761923424,2.8374524405870734,2.8374524405870734,1.0,7.0,0,0,0,0.22855725957469986,0.13634249082201882
rsrp,19,19,0.35714285714285715,0.40476190476190477,698.7892796035242,0.0,698.7892796035242,0.31153765556303037,0.31153765556303037,1.847480662933281,1.847480662933281,1.0,7.0,0,0,0,0.2088910273250292,0.17867345351564703
rsrp,20,20,0.19047619047619047,0.14285714285714285,701.5478466245218,0.0,701.5478466245218,0.3088198555423431,0.3088198555423431,2.8816128185455354,2.8816128185455354,1.0,7.0,0,0,0,0.24526597558849933,0.1858385626610955
rsrp,21,21,0.14285714285714285,0.11904761904761904,672.2465893147848,0.0,672.2465893147848,0.3376880893450396,0.3376880893450396,3.0832332459093674,3.0832332459093674,1.0,7.0,0,0,0,0.1675131368998743,0.109731400817623
rsrp,22,22,0.19047619047619047,0.21428571428571427,719.3375388733191,0.0,719.3375388733191,0.2912930651494393,0.2912930651494393,3.2427524562641454,3.2427524562641454,1.0,7.0,0,0,0,0.2834904322994047,0.2320455555151147
rsrp,23,23,0.16666666666666666,0.14285714285714285,670.8882561755316,0.0,670.8882561755316,0.3390263485955353,0.3390263485955353,2.93385760849624,2.93385760849624,1.0,7.0,0,0,0,0.1393723870038729,0.10620326279358876
sinr,0,0,0.16666666666666666,0.14285714285714285,698.7228447280336,0.0,698.7228447280336,0.31160310864233143,0.31160310864233143,2.737021283931881,2.737021283931881,1.0,7.0,0,0,0,0.2737053325312756,0.17850089539749012
sinr,1,1,0.07142857142857142,0.07142857142857142,668.3536293750487,0.0,668.3536293750487,0.34152351785709484,0.34152351785709484,2.4873274615656356,2.4873274615656356,1.0,7.0,0,0,0,0.16752383647430283,0.09961981655856834
sinr,2,2,0.16666666666666666,0.14285714285714285,682.9171269070894,0.0,682.9171269070894,0.3271752444265129,0.3271752444265129,2.922450754611543,2.922450754611543,1.0,7.0,0,0,0,0.17209256313809043,0.1374470828755569
sinr,3,3,0.11904761904761904,0.14285714285714285,676.5281148091193,0.0,676.5281148091193,0.33346983762648347,0.33346983762648347,2.897839511445005,2.897839511445005,1.0,7.0,0,0,0,0.16842468001410657,0.12085224625745253
sinr,4,4,0.14285714285714285,0.19047619047619047,697.9285344535284,0.0,697.9285344535284,0.31238568034135133,0.31238568034135133,2.963987346094242,2.963987346094242,1.0,7.0,0,0,0,0.2481127553606774,0.17643775182734647
sinr,5,5,0.30952380952380953,0.2619047619047619,703.571233387739,0.0,703.571233387739,0.3068263710465626,0.3068263710465626,1.7866374524707973,1.7866374524707973,1.0,7.0,0,0,0,0.23517598311314578,0.19109411269542584
sinr,6,6,0.09523809523809523,0.11904761904761904,688.1826212378661,0.0,688.1826212378661,0.3219875652828905,0.3219875652828905,2.8227826922989006,2.8227826922989006,1.0,7.0,0,0,0,0.19212194111253078,0.1511236915269249
sinr,7,7,0.21428571428571427,0.19047619047619047,688.5182049077516,0.0,688.5182049077516,0.3216569409775846,0.3216569409775846,1.7533959824936562,1.7533959824936562,1.0,7.0,0,0,0,0.2139438269062866,0.15199533742273144
sinr,8,8,0.35714285714285715,0.30952380952380953,686.7134402100783,0.0,686.7134402100783,0.32343503427578496,0.32343503427578496,1.7241674406996081,1.7241674406996081,1.0,7.0,0,0,0,0.17514325774838296,0.14730763690929413
sinr,9,9,0.23809523809523808,0.21428571428571427,669.408388348683,0.0,669.408388348683,0.3404843464544995,0.3404843464544995,2.748014010591245,2.748014010591245,1.0,7.0,0,0,0,0.1420514487280966,0.10235945025632001
sinr,10,10,0.30952380952380953,0.2619047619047619,680.5284646389196,0.0,680.5284646389196,0.3295286062670743,0.3295286062670743,1.7228261159247036,1.7228261159247036,1.0,7.0,0,0,0,0.1708329977772009,0.131242765295895
sinr,11,11,0.09523809523809523,0.14285714285714285,693.0921094634296,0.0,693.0921094634296,0.3171506310705128,0.3171506310705128,2.8525396895786437,2.8525396895786437,1.0,7.0,0,0,0,0.21874509436091982,0.163875608995921
sinr,12,12,0.4523809523809524,0.35714285714285715,702.2444408002094,0.0,702.2444408002094,0.30813355586186264,0.30813355586186264,1.710301228190705,1.710301228190705,1.0,7.0,0,0,0,0.25964634534612646,0.18764789818236208
sinr,13,13,0.21428571428571427,0.21428571428571427,672.1985547425203,0.0,672.1985547425203,0.33773541404677804,0.33773541404677804,2.8620285348909458,2.8620285348909458,1.0,7.0,0,0,0,0.15457227388992567,0.10960663569485762
sinr,14,14,0.23809523809523808,0.2619047619047619,698.8110761273824,0.0,698.8110761273824,0.31151618115528823,0.31151618115528823,1.7749167193742994,1.7749167193742994,1.0,7.0,0,0,0,0.21897046398490325,0.1787300678633311
sinr,15,15,0.2857142857142857,0.30952380952380953,693.2127479866568,0.0,693.2127479866568,0.3170317753826041,0.3170317753826041,1.7094776624101014,1.7094776624101014,1.0,7.0,0,0,0,0.20120434132784495,0.16418895580949805
sinr,16,16,0.19047619047619047,0.21428571428571427,688.0425195903543,0.0,688.0425195903543,0.32212559646270505,0.32212559646270505,2.652027040804612,2.652027040804612,1.0,7.0,0,0,0,0.2132678519569963,0.15075979114377747
sinr,17,17,0.3333333333333333,0.30952380952380953,690.3583290895335,0.0,690.3583290895335,0.319844010749228,0.319844010749228,1.6971945513325648,1.6971945513325648,1.0,7.0,0,0,0,0.22491245332629098,0.15677488075203497
sinr,18,18,0.16666666666666666,0.14285714285714285,682.4918589664773,0.0,682.4918589664773,0.32759422761923424,0.32759422761923424,2.8374524405870734,2.8374524405870734,1.0,7.0,0,0,0,0.22855725957469986,0.13634249082201882
sinr,19,19,0.35714285714285715,0.40476190476190477,698.7892796035242,0.0,698.7892796035242,0.31153765556303037,0.31153765556303037,1.847480662933281,1.847480662933281,1.0,7.0,0,0,0,0.2088910273250292,0.17867345351564703
sinr,20,20,0.19047619047619047,0.14285714285714285,701.5478466245218,0.0,701.5478466245218,0.3088198555423431,0.3088198555423431,2.8816128185455354,2.8816128185455354,1.0,7.0,0,0,0,0.24526597558849933,0.1858385626610955
sinr,21,21,0.14285714285714285,0.11904761904761904,672.2465893147848,0.0,672.2465893147848,0.3376880893450396,0.3376880893450396,3.0832332459093674,3.0832332459093674,1.0,7.0,0,0,0,0.1675131368998743,0.109731400817623
sinr,22,22,0.19047619047619047,0.21428571428571427,719.3375388733191,0.0,719.3375388733191,0.2912930651494393,0.2912930651494393,3.2427524562641454,3.2427524562641454,1.0,7.0,0,0,0,0.2834904322994047,0.2320455555151147
sinr,23,23,0.16666666666666666,0.14285714285714285,670.8882561755316,0.0,670.8882561755316,0.3390263485955353,0.3390263485955353,2.93385760849624,2.93385760849624,1.0,7.0,0,0,0,0.1393723870038729,0.10620326279358876
load_aware,0,0,0.11904761904761904,0.11904761904761904,699.9637456683146,0.0,699.9637456683146,0.31038054613959154,0.31038054613959154,2.743658068831745,2.743658068831745,1.0,7.0,0,0,0,0.23377563560157175,0.1817240147228951
load_aware,1,1,0.09523809523809523,0.09523809523809523,670.5964267582714,0.0,670.5964267582714,0.33931386526278684,0.33931386526278684,2.4990299025511855,2.4990299025511855,1.0,7.0,0,0,0,0.1329580955333162,0.10544526430719811
load_aware,2,2,0.14285714285714285,0.14285714285714285,687.7577092902995,0.0,687.7577092902995,0.32240619774354723,0.32240619774354723,2.9502534634230404,2.9502534634230404,1.0,7.0,0,0,0,0.17209256313809043,0.15002002413064802
load_aware,3,3,0.11904761904761904,0.11904761904761904,676.3781451927875,0.0,676.3781451927875,0.3336175909430665,0.3336175909430665,2.896975456451194,2.896975456451194,1.0,7.0,0,0,0,0.16429981560489504,0.1204627147864611
load_aware,4,4,0.19047619047619047,0.19047619047619047,705.2467489871386,0.0,705.2467489871386,0.3051756167614398,0.3051756167614398,3.0055522175319003,3.0055522175319003,1.0,7.0,0,0,0,0.24307857558736948,0.1954461012652949
load_aware,5,5,0.2857142857142857,0.2857142857142857,705.1448971156802,0.0,705.1448971156802,0.30527596343282737,0.30527596343282737,1.7928702688137292,1.7928702688137292,1.0,7.0,0,0,0,0.23517598311314578,0.19518155094981895
load_aware,6,6,0.14285714285714285,0.14285714285714285,691.0613856231536,0.0,691.0613856231536,0.31915134421364183,0.31915134421364183,2.838773928240733,2.838773928240733,1.0,7.0,0,0,0,0.20766222472514095,0.15860100161858073
load_aware,7,7,0.21428571428571427,0.21428571428571427,691.9077480259987,0.0,691.9077480259987,0.31831748962955797,0.31831748962955797,1.7669508229288788,1.7669508229288788,1.0,7.0,0,0,0,0.22098182026961039,0.16079934552207437
load_aware,8,8,0.2857142857142857,0.2857142857142857,688.1770166646708,0.0,688.1770166646708,0.321993087029881,0.321993087029881,1.7299733956891534,1.7299733956891534,1.0,7.0,0,0,0,0.18010865485493574,0.15110913419395006
load_aware,9,9,0.23809523809523808,0.23809523809523808,669.0409616147683,0.0,669.0409616147683,0.34084634323668145,0.34084634323668145,2.745956790259759,2.745956790259759,1.0,7.0,0,0,0,0.12246557616264805,0.10140509510329435
load_aware,10,10,0.2619047619047619,0.2619047619047619,680.6711118160928,0.0,680.6711118160928,0.3293880671762633,0.3293880671762633,1.723396853931344,1.723396853931344,1.0,7.0,0,0,0,0.16451756484097307,0.13161327744439685
load_aware,11,11,0.11904761904761904,0.11904761904761904,694.0476301875232,0.0,694.0476301875232,0.3162092313423417,0.3162092313423417,2.8578509338757905,2.8578509338757905,1.0,7.0,0,0,0,0.17723277462049103,0.16635748100655373
load_aware,12,12,0.40476190476190477,0.40476190476190477,695.7953970710437,0.0,695.7953970710437,0.31448729352606536,0.31448729352606536,1.6854112466909636,1.6854112466909636,1.0,7.0,0,0,0,0.23058170483293222,0.1708971352494642
load_aware,13,13,0.23809523809523808,0.23809523809523808,672.8201527902118,0.0,672.8201527902118,0.33712300217713126,0.33712300217713126,2.8655998448565505,2.8655998448565505,1.0,7.0,0,0,0,0.14895997306273112,0.11122117607847186
load_aware,14,14,0.2857142857142857,0.2857142857142857,703.7971488570834,0.0,703.7971488570834,0.30660379422947454,0.30660379422947454,1.7947159713528718,1.7947159713528718,1.0,7.0,0,0,0,0.21669060183568542,0.19168090612229458
load_aware,15,15,0.2619047619047619,0.2619047619047619,720.6937007343813,0.0,720.6937007343813,0.2899569450892795,0.2899569450892795,1.8168891718319393,1.8168891718319393,1.0,7.0,0,0,0,0.28149391195458673,0.23556805385553578
load_aware,16,16,0.21428571428571427,0.21428571428571427,688.8000613803617,0.0,688.8000613803617,0.3213792498715648,0.3213792498715648,2.6560479596037783,2.6560479596037783,1.0,7.0,0,0,0,0.2132678519569963,0.1527274321567837
load_aware,17,17,0.30952380952380953,0.30952380952380953,696.3735899799506,0.0,696.3735899799506,0.3139176453399502,0.3139176453399502,1.7206958668303787,1.7206958668303787,1.0,7.0,0,0,0,0.22289324124891305,0.17239893501285838
load_aware,18,18,0.11904761904761904,0.11904761904761904,693.1735150771406,0.0,693.1735150771406,0.317070428495428,0.317070428495428,2.897512273935782,2.897512273935782,1.0,7.0,0,0,0,0.22394854432770409,0.164087052148417
load_aware,19,19,0.3333333333333333,0.3333333333333333,702.433655727096,0.0,702.433655727096,0.3079471372146837,0.3079471372146837,1.8623310489412266,1.8623310489412266,1.0,7.0,0,0,0,0.2097308161936685,0.18813936552492477
load_aware,20,20,0.16666666666666666,0.16666666666666666,702.5916930433498,0.0,702.5916930433498,0.30779143542527115,0.30779143542527115,2.887388344276832,2.887388344276832,1.0,7.0,0,0,0,0.26042198815766027,0.18854985206064898
load_aware,21,21,0.09523809523809523,0.09523809523809523,676.6012248833351,0.0,676.6012248833351,0.33339780799671415,0.33339780799671415,3.1096833506922685,3.1096833506922685,1.0,7.0,0,0,0,0.1796298656053688,0.12104214255411713
load_aware,22,22,0.19047619047619047,0.19047619047619047,721.5252100583222,0.0,721.5252100583222,0.2891377240804708,0.2891377240804708,3.2556556439779523,3.2556556439779523,1.0,7.0,0,0,0,0.2790041293855574,0.23772781833330442
load_aware,23,23,0.14285714285714285,0.14285714285714285,675.5542906180732,0.0,675.5542906180732,0.33442927032702147,0.33442927032702147,2.9612176269856607,2.9612176269856607,1.0,7.0,0,0,0,0.1443199613295915,0.11832283277421587
rsrp_sleep,0,0,0.0,0.0,253.71096810968726,0.0,253.71096810968726,0.7500384550643476,0.7500384550643476,0.3569375825430547,0.3569375825430547,1.0,2.0,0,0,0,0.33679257487119824,0.30646334645170237
rsrp_sleep,1,1,0.0,0.0,242.7745966916975,140.0,382.7745966916975,0.7608132052298546,0.6228821707470961,0.2667463462495641,0.9972366483306794,1.0,2.0,4,2,2,0.21302224880659099,0.207041788106341
rsrp_sleep,2,2,0.0,0.0,253.93762315159591,70.0,323.9376231515959,0.7498151496043389,0.6808496323629596,0.4585339601400162,0.8605908745219034,1.0,2.0,2,1,1,0.33035484425417316,0.30852384683268985
rsrp_sleep,3,3,0.0,0.0,250.5482571787744,140.0,390.5482571787744,0.7531544264248528,0.6152233919420942,0.443542219425213,1.2501569330742797,1.0,2.0,4,2,2,0.2977782875773355,0.2777114288979492
rsrp_sleep,4,4,0.0,0.0,257.3769369088733,70.0,327.3769369088733,0.7464266631439672,0.6774611459025879,0.4618100145197638,0.8593852683297553,1.0,2.0,2,1,1,0.38077563549410776,0.33979033553521165
rsrp_sleep,5,5,0.9523809523809523,0.9285714285714286,252.5092628794556,70.0,322.5092628794556,0.7512224011039846,0.6822568838626053,0.00011446694254150598,0.2773637523257821,1.0,2.0,2,1,1,0.3118701040696705,0.29553875344959657
rsrp_sleep,6,6,0.0,0.0,261.0146457182398,70.0,331.0146457182398,0.742842713578089,0.6738771963367096,0.4499091364635497,0.8387518363556042,1.0,2.0,2,1,1,0.3781011953988089,0.37286041562036215
rsrp_sleep,7,7,0.0,0.0,253.4789921583784,140.0,393.4789921583784,0.7502670027996272,0.6123359683168687,0.013666790043596876,0.5735291652160271,1.0,2.0,4,2,2,0.31489047957158917,0.30435447416707617
rsrp_sleep,8,8,0.9761904761904762,0.9523809523809523,251.83408613653603,70.0,321.83408613653603,0.7518875998654817,0.6829220826241025,-0.000983266467567106,0.2767042079331618,1.0,2.0,2,1,1,0.2904530843369775,0.28940078305941863
rsrp_sleep,9,9,1.0,1.0,178.60349146429274,105.0,283.60349146429274,0.8240359690006968,0.7205876931386278,0.0,0.5878944422595014,1.0,1.0,3,1,2,0.7382452993507773,0.7382452993507773
rsrp_sleep,10,10,0.4523809523809524,0.4523809523809524,248.01029680410488,105.0,353.0102968041049,0.7556548799959558,0.6522066041338869,-0.0076992392746507154,0.412410656236902,1.0,2.0,3,2,1,0.2557796670953177,0.2546390618554991
rsrp_sleep,11,11,0.0,0.0,260.11025631176256,140.0,400.11025631176256,0.7437337376238793,0.6058027031411206,0.44581805567419075,1.2240054699827485,1.0,2.0,4,2,2,0.39015783855828207,0.36463869374329605
rsrp_sleep,12,12,0.9761904761904762,0.9523809523809523,259.0047205143361,140.0,399.0047205143361,0.744822935453856,0.6068919009710975,-0.0003754087148252832,0.5399523602231863,1.0,2.0,4,2,2,0.3837553495525942,0.35458836831214646
rsrp_sleep,13,13,0.0,0.0,240.67073040373174,0.0,240.67073040373174,0.7628859798978012,0.7628859798978012,0.3827420808547944,0.3827420808547944,1.0,2.0,0,0,0,0.2060647549412708,0.1879157309430159
rsrp_sleep,14,14,0.9761904761904762,0.9761904761904762,251.59382490017947,140.0,391.59382490017947,0.752124310443173,0.6141932759604143,-0.0009432662747668148,0.554984299821204,1.0,2.0,4,2,2,0.31912610454055046,0.2872165900016317
rsrp_sleep,15,15,1.0,1.0,255.84737516161647,70.0,325.84737516161647,0.7479336205304271,0.6789681032890478,0.0,0.27360061816456643,1.0,2.0,2,1,1,0.3370552114045612,0.3258852287419682
rsrp_sleep,16,16,0.0,0.0,192.61102158326992,105.0,297.6110215832699,0.8102354467159902,0.7067871708539213,0.02235056577303389,0.5796749001946766,1.0,1.0,3,1,2,0.9929276651503619,0.9929276651503619
rsrp_sleep,17,17,0.9523809523809523,0.9761904761904762,254.253475935845,105.0,359.253475935845,0.7495039645952266,0.6460556887331577,-0.00664472194325066,0.4035848877486026,1.0,2.0,3,2,1,0.33059684711426635,0.311395235780409
rsrp_sleep,18,18,0.0,0.0,245.15703162151547,140.0,385.15703162151544,0.7584659786980144,0.6205349442152557,0.3784464048373012,1.1656255259124708,1.0,2.0,4,2,2,0.2840132558266014,0.2287002874683225
rsrp_sleep,19,19,0.40476190476190477,0.40476190476190477,253.89699668476948,70.0,323.8969966847695,0.7498551756800301,0.6808896584386508,0.034599141027048905,0.3198405610419939,1.0,2.0,2,1,1,0.3235294208066582,0.3081545153160863
rsrp_sleep,20,20,0.0,0.0,266.36769879020085,70.0,336.36769879020085,0.7375687696648268,0.6686032524234474,0.4737929551708778,0.8610978248323365,1.0,2.0,2,1,1,0.44598643463395893,0.42152453445637117
rsrp_sleep,21,21,0.0,0.0,173.0531470670931,105.0,278.0531470670931,0.8295042886038492,0.7260560127417802,0.051126736297532754,0.6888979018716028,1.0,1.0,3,1,2,0.63732994667442,0.63732994667442
rsrp_sleep,22,22,0.0,0.0,263.4301824725269,105.0,368.4301824725269,0.7404628744113035,0.6370145985492346,0.5537477099971779,1.1730522559624752,1.0,2.0,3,2,1,0.4106107312218588,0.3948198406593352
rsrp_sleep,23,23,0.0,0.0,244.3199950177179,70.0,314.31999501771793,0.7592906453027409,0.6903251280613616,0.43260828082932634,0.8430641653375938,1.0,2.0,2,1,1,0.24406736194430453,0.22109086379743553
sinr_sleep,0,0,0.0,0.0,253.71096810968726,0.0,253.71096810968726,0.7500384550643476,0.7500384550643476,0.3569375825430547,0.3569375825430547,1.0,2.0,0,0,0,0.33679257487119824,0.30646334645170237
sinr_sleep,1,1,0.0,0.0,242.7745966916975,140.0,382.7745966916975,0.7608132052298546,0.6228821707470961,0.2667463462495641,0.9972366483306794,1.0,2.0,4,2,2,0.21302224880659099,0.207041788106341
sinr_sleep,2,2,0.0,0.0,253.93762315159591,70.0,323.9376231515959,0.7498151496043389,0.6808496323629596,0.4585339601400162,0.8605908745219034,1.0,2.0,2,1,1,0.33035484425417316,0.30852384683268985
sinr_sleep,3,3,0.0,0.0,250.5482571787744,140.0,390.5482571787744,0.7531544264248528,0.6152233919420942,0.443542219425213,1.2501569330742797,1.0,2.0,4,2,2,0.2977782875773355,0.2777114288979492
sinr_sleep,4,4,0.0,0.0,257.3769369088733,70.0,327.3769369088733,0.7464266631439672,0.6774611459025879,0.4618100145197638,0.8593852683297553,1.0,2.0,2,1,1,0.38077563549410776,0.33979033553521165
sinr_sleep,5,5,0.9523809523809523,0.9285714285714286,252.5092628794556,70.0,322.5092628794556,0.7512224011039846,0.6822568838626053,0.00011446694254150598,0.2773637523257821,1.0,2.0,2,1,1,0.3118701040696705,0.29553875344959657
sinr_sleep,6,6,0.0,0.0,261.0146457182398,70.0,331.0146457182398,0.742842713578089,0.6738771963367096,0.4499091364635497,0.8387518363556042,1.0,2.0,2,1,1,0.3781011953988089,0.37286041562036215
sinr_sleep,7,7,0.0,0.0,253.4789921583784,140.0,393.4789921583784,0.7502670027996272,0.6123359683168687,0.013666790043596876,0.5735291652160271,1.0,2.0,4,2,2,0.31489047957158917,0.30435447416707617
sinr_sleep,8,8,0.9761904761904762,0.9523809523809523,251.83408613653603,70.0,321.83408613653603,0.7518875998654817,0.6829220826241025,-0.000983266467567106,0.2767042079331618,1.0,2.0,2,1,1,0.2904530843369775,0.28940078305941863
sinr_sleep,9,9,1.0,1.0,178.60349146429274,105.0,283.60349146429274,0.8240359690006968,0.7205876931386278,0.0,0.5878944422595014,1.0,1.0,3,1,2,0.7382452993507773,0.7382452993507773
sinr_sleep,10,10,0.4523809523809524,0.4523809523809524,248.01029680410488,105.0,353.0102968041049,0.7556548799959558,0.6522066041338869,-0.0076992392746507154,0.412410656236902,1.0,2.0,3,2,1,0.2557796670953177,0.2546390618554991
sinr_sleep,11,11,0.0,0.0,260.11025631176256,140.0,400.11025631176256,0.7437337376238793,0.6058027031411206,0.44581805567419075,1.2240054699827485,1.0,2.0,4,2,2,0.39015783855828207,0.36463869374329605
sinr_sleep,12,12,0.9761904761904762,0.9523809523809523,259.0047205143361,140.0,399.0047205143361,0.744822935453856,0.6068919009710975,-0.0003754087148252832,0.5399523602231863,1.0,2.0,4,2,2,0.3837553495525942,0.35458836831214646
sinr_sleep,13,13,0.0,0.0,240.67073040373174,0.0,240.67073040373174,0.7628859798978012,0.7628859798978012,0.3827420808547944,0.3827420808547944,1.0,2.0,0,0,0,0.2060647549412708,0.1879157309430159
sinr_sleep,14,14,0.9761904761904762,0.9761904761904762,251.59382490017947,140.0,391.59382490017947,0.752124310443173,0.6141932759604143,-0.0009432662747668148,0.554984299821204,1.0,2.0,4,2,2,0.31912610454055046,0.2872165900016317
sinr_sleep,15,15,1.0,1.0,255.84737516161647,70.0,325.84737516161647,0.7479336205304271,0.6789681032890478,0.0,0.27360061816456643,1.0,2.0,2,1,1,0.3370552114045612,0.3258852287419682
sinr_sleep,16,16,0.0,0.0,192.61102158326992,105.0,297.6110215832699,0.8102354467159902,0.7067871708539213,0.02235056577303389,0.5796749001946766,1.0,1.0,3,1,2,0.9929276651503619,0.9929276651503619
sinr_sleep,17,17,0.9523809523809523,0.9761904761904762,254.253475935845,105.0,359.253475935845,0.7495039645952266,0.6460556887331577,-0.00664472194325066,0.4035848877486026,1.0,2.0,3,2,1,0.33059684711426635,0.311395235780409
sinr_sleep,18,18,0.0,0.0,245.15703162151547,140.0,385.15703162151544,0.7584659786980144,0.6205349442152557,0.3784464048373012,1.1656255259124708,1.0,2.0,4,2,2,0.2840132558266014,0.2287002874683225
sinr_sleep,19,19,0.40476190476190477,0.40476190476190477,253.89699668476948,70.0,323.8969966847695,0.7498551756800301,0.6808896584386508,0.034599141027048905,0.3198405610419939,1.0,2.0,2,1,1,0.3235294208066582,0.3081545153160863
sinr_sleep,20,20,0.0,0.0,266.36769879020085,70.0,336.36769879020085,0.7375687696648268,0.6686032524234474,0.4737929551708778,0.8610978248323365,1.0,2.0,2,1,1,0.44598643463395893,0.42152453445637117
sinr_sleep,21,21,0.0,0.0,173.0531470670931,105.0,278.0531470670931,0.8295042886038492,0.7260560127417802,0.051126736297532754,0.6888979018716028,1.0,1.0,3,1,2,0.63732994667442,0.63732994667442
sinr_sleep,22,22,0.0,0.0,263.4301824725269,105.0,368.4301824725269,0.7404628744113035,0.6370145985492346,0.5537477099971779,1.1730522559624752,1.0,2.0,3,2,1,0.4106107312218588,0.3948198406593352
sinr_sleep,23,23,0.0,0.0,244.3199950177179,70.0,314.31999501771793,0.7592906453027409,0.6903251280613616,0.43260828082932634,0.8430641653375938,1.0,2.0,2,1,1,0.24406736194430453,0.22109086379743553
load_sleep,0,0,0.0,0.0,263.75040422892835,0.0,263.75040422892835,0.7401473849961298,0.7401473849961298,0.41063210067618017,0.41063210067618017,1.0,2.0,0,0,0,0.4073127772488174,0.3977309475357122
load_sleep,1,1,0.0,0.0,245.9523070698321,70.0,315.9523070698321,0.7576824560888353,0.688716938847456,0.28332696492134873,0.6485721159619062,1.0,2.0,2,1,1,0.23940186097722094,0.2359300642712006
load_sleep,2,2,0.0,0.0,251.6026145904508,140.0,391.6026145904508,0.7521156506498021,0.6141846161670436,0.4451224410378834,1.2492362698016577,1.0,2.0,4,2,2,0.28777943469383105,0.2872964962768253
load_sleep,3,3,0.0,0.0,250.6514788544738,140.0,390.6514788544738,0.7530527301926366,0.6151216957098781,0.44413693458511755,1.250751648234184,1.0,2.0,4,2,2,0.288483114867887,0.2786498077679435
load_sleep,4,4,0.0,0.0,260.3198635640124,70.0,330.3198635640124,0.7435272280157513,0.674561710774372,0.4785247975463512,0.8761000513563426,1.0,2.0,2,1,1,0.4012570492664521,0.36654421421829475
load_sleep,5,5,1.0,1.0,252.48036222434,70.0,322.48036222434,0.7512508746558226,0.6822853574144433,0.0,0.27724928538324056,1.0,2.0,2,1,1,0.29900079107958766,0.29527602022127286
load_sleep,6,6,1.0,1.0,180.02138144661706,105.0,285.02138144661706,0.8226390330575202,0.7191907571954512,0.0,0.5832640498380819,1.0,1.0,3,1,2,0.7640251172112189,0.7640251172112189
load_sleep,7,7,1.0,1.0,250.06145475820165,105.0,355.06145475820165,0.7536340347209836,0.6501857588589146,0.0,0.41989678137932274,1.0,2.0,3,2,1,0.2810326613120079,0.2732859523472878
load_sleep,8,8,1.0,1.0,252.08194986491714,140.0,392.08194986491714,0.7516433991478649,0.6137123646651064,0.0,0.5553749488014578,1.0,2.0,4,2,2,0.3021330871514828,0.291654089681065
load_sleep,9,9,1.0,1.0,178.60349146429274,105.0,283.60349146429274,0.8240359690006968,0.7205876931386278,0.0,0.5878944422595014,1.0,1.0,3,1,2,0.7382452993507773,0.7382452993507773
load_sleep,10,10,0.30952380952380953,0.30952380952380953,253.38093206478698,35.0,288.380932064787,0.750363613729274,0.7158808551085842,0.013788922803404663,0.1538255546405889,1.0,2.0,1,1,0,0.30775352190202543,0.3034630187707905
load_sleep,11,11,0.0,0.0,260.2673080972585,0.0,260.2673080972585,0.7435790068007305,0.7435790068007305,0.4466910251232451,0.4466910251232451,1.0,2.0,0,0,0,0.3826460769974357,0.3660664372478045
load_sleep,12,12,1.0,1.0,259.10198965928276,140.0,399.10198965928276,0.7447271037839579,0.6067960693011993,0.0,0.5403277689380116,1.0,2.0,4,2,2,0.36087734373935376,0.35547263326620704
load_sleep,13,13,1.0,1.0,174.05323359722445,105.0,279.05323359722445,0.8285189816776114,0.7250707058155424,0.0,0.6032637132325842,1.0,1.0,3,1,2,0.6555133381313537,0.6555133381313537
load_sleep,14,14,1.0,1.0,251.8313689374265,35.0,286.83136893742653,0.7518902769089394,0.7174075182882497,0.0,0.13898189152399285,1.0,2.0,1,1,0,0.30335334520548,0.2893760812493319
load_sleep,15,15,0.2857142857142857,0.2857142857142857,269.7287892734453,0.0,269.7287892734453,0.734257350469512,0.734257350469512,0.054256621171352805,0.054256621171352805,1.0,2.0,0,0,0,0.488763633967814,0.4520799024858664
load_sleep,16,16,0.0,0.0,192.61102158326992,105.0,297.6110215832699,0.8102354467159902,0.7067871708539213,0.02235056577303389,0.5796749001946766,1.0,1.0,3,1,2,0.9929276651503619,0.9929276651503619
load_sleep,17,17,1.0,1.0,255.9542205616788,105.0,360.95422056167877,0.7478283541264249,0.644380078264356,0.0,0.41022960969185307,1.0,2.0,3,2,1,0.3290789315884225,0.3268565505607164
load_sleep,18,18,0.0,0.0,245.15703162151547,140.0,385.15703162151544,0.7584659786980144,0.6205349442152557,0.3784464048373012,1.1656255259124708,1.0,2.0,4,2,2,0.2840132558266014,0.2287002874683225
load_sleep,19,19,0.30952380952380953,0.30952380952380953,261.5751256927003,70.0,331.5751256927003,0.7422905165589159,0.6733249993175366,0.06588657561676496,0.35112799563170993,1.0,2.0,2,1,1,0.4092749254360509,0.3779556881154571
load_sleep,20,20,1.0,1.0,180.73617318880252,105.0,285.7361731888025,0.8219348047400961,0.7184865288780271,0.0,0.5809573044921882,1.0,1.0,3,1,2,0.7770213307055002,0.7770213307055002
load_sleep,21,21,0.0,0.0,173.0531470670931,70.0,243.0531470670931,0.8295042886038492,0.76053877136247,0.051126736297532754,0.4763075133469128,1.0,1.0,2,1,1,0.63732994667442,0.63732994667442
load_sleep,22,22,0.0,0.0,269.102254204681,35.0,304.102254204681,0.7348746263993291,0.7003918677786394,0.5872023748425522,0.7936372234976513,1.0,2.0,1,1,0,0.4694113961617706,0.4463841291334636
load_sleep,23,23,0.0,0.0,245.56093099893155,70.0,315.56093099893155,0.7580680482769148,0.6891025310355354,0.4398847019120004,0.8503405864202677,1.0,2.0,2,1,1,0.23631329559671235,0.2323720999902869
greedy_sleep,0,0,0.0,0.0,263.75040422892835,0.0,263.75040422892835,0.7401473849961298,0.7401473849961298,0.41063210067618017,0.41063210067618017,1.0,2.0,0,0,0,0.4073127772488174,0.3977309475357122
greedy_sleep,1,1,0.0,0.0,245.9523070698321,70.0,315.9523070698321,0.7576824560888353,0.688716938847456,0.28332696492134873,0.6485721159619062,1.0,2.0,2,1,1,0.23940186097722094,0.2359300642712006
greedy_sleep,2,2,0.0,0.0,251.6026145904508,140.0,391.6026145904508,0.7521156506498021,0.6141846161670436,0.4451224410378834,1.2492362698016577,1.0,2.0,4,2,2,0.28777943469383105,0.2872964962768253
greedy_sleep,3,3,0.0,0.0,250.6514788544738,140.0,390.6514788544738,0.7530527301926366,0.6151216957098781,0.44413693458511755,1.250751648234184,1.0,2.0,4,2,2,0.288483114867887,0.2786498077679435
greedy_sleep,4,4,0.0,0.0,260.3198635640124,70.0,330.3198635640124,0.7435272280157513,0.674561710774372,0.4785247975463512,0.8761000513563426,1.0,2.0,2,1,1,0.4012570492664521,0.36654421421829475
greedy_sleep,5,5,1.0,1.0,252.48036222434,70.0,322.48036222434,0.7512508746558226,0.6822853574144433,0.0,0.27724928538324056,1.0,2.0,2,1,1,0.29900079107958766,0.29527602022127286
greedy_sleep,6,6,1.0,1.0,180.02138144661706,105.0,285.02138144661706,0.8226390330575202,0.7191907571954512,0.0,0.5832640498380819,1.0,1.0,3,1,2,0.7640251172112189,0.7640251172112189
greedy_sleep,7,7,1.0,1.0,250.06145475820165,105.0,355.06145475820165,0.7536340347209836,0.6501857588589146,0.0,0.41989678137932274,1.0,2.0,3,2,1,0.2810326613120079,0.2732859523472878
greedy_sleep,8,8,1.0,1.0,252.08194986491714,140.0,392.08194986491714,0.7516433991478649,0.6137123646651064,0.0,0.5553749488014578,1.0,2.0,4,2,2,0.3021330871514828,0.291654089681065
greedy_sleep,9,9,1.0,1.0,178.60349146429274,105.0,283.60349146429274,0.8240359690006968,0.7205876931386278,0.0,0.5878944422595014,1.0,1.0,3,1,2,0.7382452993507773,0.7382452993507773
greedy_sleep,10,10,0.30952380952380953,0.30952380952380953,253.38093206478698,35.0,288.380932064787,0.750363613729274,0.7158808551085842,0.013788922803404663,0.1538255546405889,1.0,2.0,1,1,0,0.30775352190202543,0.3034630187707905
greedy_sleep,11,11,0.0,0.0,260.2673080972585,0.0,260.2673080972585,0.7435790068007305,0.7435790068007305,0.4466910251232451,0.4466910251232451,1.0,2.0,0,0,0,0.3826460769974357,0.3660664372478045
greedy_sleep,12,12,1.0,1.0,259.10198965928276,140.0,399.10198965928276,0.7447271037839579,0.6067960693011993,0.0,0.5403277689380116,1.0,2.0,4,2,2,0.36087734373935376,0.35547263326620704
greedy_sleep,13,13,1.0,1.0,174.05323359722445,105.0,279.05323359722445,0.8285189816776114,0.7250707058155424,0.0,0.6032637132325842,1.0,1.0,3,1,2,0.6555133381313537,0.6555133381313537
greedy_sleep,14,14,1.0,1.0,251.8313689374265,35.0,286.83136893742653,0.7518902769089394,0.7174075182882497,0.0,0.13898189152399285,1.0,2.0,1,1,0,0.30335334520548,0.2893760812493319
greedy_sleep,15,15,0.2857142857142857,0.2857142857142857,269.7287892734453,0.0,269.7287892734453,0.734257350469512,0.734257350469512,0.054256621171352805,0.054256621171352805,1.0,2.0,0,0,0,0.488763633967814,0.4520799024858664
greedy_sleep,16,16,0.0,0.0,192.61102158326992,105.0,297.6110215832699,0.8102354467159902,0.7067871708539213,0.02235056577303389,0.5796749001946766,1.0,1.0,3,1,2,0.9929276651503619,0.9929276651503619
greedy_sleep,17,17,1.0,1.0,255.9542205616788,105.0,360.95422056167877,0.7478283541264249,0.644380078264356,0.0,0.41022960969185307,1.0,2.0,3,2,1,0.3290789315884225,0.3268565505607164
greedy_sleep,18,18,0.0,0.0,245.15703162151547,140.0,385.15703162151544,0.7584659786980144,0.6205349442152557,0.3784464048373012,1.1656255259124708,1.0,2.0,4,2,2,0.2840132558266014,0.2287002874683225
greedy_sleep,19,19,0.30952380952380953,0.30952380952380953,261.5751256927003,70.0,331.5751256927003,0.7422905165589159,0.6733249993175366,0.06588657561676496,0.35112799563170993,1.0,2.0,2,1,1,0.4092749254360509,0.3779556881154571
greedy_sleep,20,20,1.0,1.0,180.73617318880252,105.0,285.7361731888025,0.8219348047400961,0.7184865288780271,0.0,0.5809573044921882,1.0,1.0,3,1,2,0.7770213307055002,0.7770213307055002
greedy_sleep,21,21,0.0,0.0,173.0531470670931,70.0,243.0531470670931,0.8295042886038492,0.76053877136247,0.051126736297532754,0.4763075133469128,1.0,1.0,2,1,1,0.63732994667442,0.63732994667442
greedy_sleep,22,22,0.0,0.0,269.102254204681,35.0,304.102254204681,0.7348746263993291,0.7003918677786394,0.5872023748425522,0.7936372234976513,1.0,2.0,1,1,0,0.4694113961617706,0.4463841291334636
greedy_sleep,23,23,0.0,0.0,245.56093099893155,70.0,315.56093099893155,0.7580680482769148,0.6891025310355354,0.4398847019120004,0.8503405864202677,1.0,2.0,2,1,1,0.23631329559671235,0.2323720999902869
oracle,0,0,1.0,1.0,186.97320449641035,0.0,186.97320449641035,0.8157899463089554,0.8157899463089554,0.0,0.0,1.0,1.0,0,0,0,0.8904218999347335,0.8904218999347335
oracle,1,1,1.0,1.0,191.65209942027968,70.0,261.6520994202797,0.811180197615488,0.7422146803741086,0.0,0.36524515104055755,1.0,1.0,2,1,1,0.9754927167323577,0.9754927167323577
oracle,2,2,1.0,1.0,174.1047038268608,70.0,244.1047038268608,0.8284682720917628,0.7595027548503834,0.0,0.4020569143818872,1.0,1.0,2,1,1,0.656449160488378,0.656449160488378
oracle,3,3,1.0,1.0,173.564897380374,70.0,243.564897380374,0.8290001011030799,0.7600345838617005,0.0,0.4033073568245333,1.0,1.0,2,1,1,0.6466344978249815,0.6466344978249815
oracle,4,4,1.0,1.0,176.06729626450615,70.0,246.06729626450615,0.8265346834832452,0.7575691662418659,0.0,0.3975752538099915,1.0,1.0,2,1,1,0.6921326593546574,0.6921326593546574
oracle,5,5,1.0,1.0,252.48036222434,105.0,357.48036222434,0.7512508746558226,0.6478025987937537,0.0,0.4158739280748609,1.0,2.0,3,2,1,0.29900079107958766,0.29527602022127286
oracle,6,6,1.0,1.0,180.02138144661706,105.0,285.02138144661706,0.8226390330575202,0.7191907571954512,0.0,0.5832640498380819,1.0,1.0,3,1,2,0.7640251172112189,0.7640251172112189
oracle,7,7,1.0,1.0,250.06145475820165,105.0,355.06145475820165,0.7536340347209836,0.6501857588589146,0.0,0.41989678137932274,1.0,2.0,3,2,1,0.2810326613120079,0.2732859523472878
oracle,8,8,1.0,1.0,252.08194986491714,140.0,392.08194986491714,0.7516433991478649,0.6137123646651064,0.0,0.5553749488014578,1.0,2.0,4,2,2,0.3021330871514828,0.291654089681065
oracle,9,9,1.0,1.0,178.60349146429274,105.0,283.60349146429274,0.8240359690006968,0.7205876931386278,0.0,0.5878944422595014,1.0,1.0,3,1,2,0.7382452993507773,0.7382452993507773
oracle,10,10,1.0,1.0,249.93460311651378,105.0,354.9346031165138,0.7537590117078682,0.6503107358457992,0.0,0.4201098955115528,1.0,2.0,3,2,1,0.2900086441713043,0.27213275560467076
oracle,11,11,1.0,1.0,179.90524830627606,35.0,214.90524830627606,0.8227534499445557,0.788270691323866,0.0,0.1945468535771394,1.0,1.0,1,0,1,0.7619136055686556,0.7619136055686556
oracle,12,12,1.0,1.0,259.10198965928276,105.0,364.10198965928276,0.7447271037839579,0.641278827921889,0.0,0.40524582670350867,1.0,2.0,3,2,1,0.36087734373935376,0.35547263326620704
oracle,13,13,1.0,1.0,174.05323359722445,105.0,279.05323359722445,0.8285189816776114,0.7250707058155424,0.0,0.6032637132325842,1.0,1.0,3,1,2,0.6555133381313537,0.6555133381313537
oracle,14,14,1.0,1.0,251.8313689374265,35.0,286.83136893742653,0.7518902769089394,0.7174075182882497,0.0,0.13898189152399285,1.0,2.0,1,1,0,0.30335334520548,0.2893760812493319
oracle,15,15,1.0,1.0,255.84737516161647,70.0,325.84737516161647,0.7479336205304271,0.6789681032890478,0.0,0.27360061816456643,1.0,2.0,2,1,1,0.3370552114045612,0.3258852287419682
oracle,16,16,1.0,1.0,188.40017116597397,105.0,293.400171165974,0.8143840678167744,0.7109357919547055,0.0,0.5573243344216426,1.0,1.0,3,1,2,0.9163667484722542,0.9163667484722542
oracle,17,17,1.0,1.0,255.9542205616788,35.0,290.95422056167877,0.7478283541264249,0.7133455955057352,0.0,0.13674320323061762,1.0,2.0,1,1,0,0.3290789315884225,0.3268565505607164
oracle,18,18,1.0,1.0,177.85024558169275,105.0,282.8502455816928,0.8247780831707461,0.721329807308677,0.0,0.5903843408063775,1.0,1.0,3,1,2,0.724549919667141,0.724549919667141
oracle,19,19,1.0,1.0,245.40615453510367,105.0,350.40615453510367,0.7582205374038387,0.6547722615417697,0.0,0.42786213002241746,1.0,2.0,3,2,1,0.25425636704082505,0.23096504122821515
oracle,20,20,1.0,1.0,180.73617318880252,105.0,285.7361731888025,0.8219348047400961,0.7184865288780271,0.0,0.5809573044921882,1.0,1.0,3,1,2,0.7770213307055002,0.7770213307055002
oracle,21,21,1.0,1.0,164.6358532146675,70.0,234.6358532146675,0.8377971889510666,0.7688316717096872,0.0,0.42518077704938007,1.0,1.0,2,1,1,0.4842882402666816,0.4842882402666816
oracle,22,22,1.0,1.0,169.5450173651457,70.0,239.5450173651457,0.832960574024487,0.7639950567831078,0.0,0.4128696973101982,1.0,1.0,2,1,1,0.5735457702753763,0.5735457702753763
oracle,23,23,1.0,1.0,170.54207928791453,70.0,240.54207928791453,0.8319782470069809,0.7630127297656015,0.0,0.41045588450826725,1.0,1.0,2,1,1,0.5916741688711734,0.5916741688711734
flat_mlp,0,0,0.0,0.0,285.7100269029952,0.0,285.7100269029952,0.718512288765522,0.718512288765522,0.5280800672616192,0.5280800672616192,1.0,2.0,0,0,0,0.6204621802810895,0.5973638809363198
flat_mlp,1,1,0.0,0.0,266.30605609461736,70.0,336.30605609461736,0.7376295013846135,0.6686639841432341,0.3895285097327672,0.7547736607733248,1.0,2.0,2,1,1,0.4413356416125327,0.42096414631470336
flat_mlp,2,2,0.0,0.42857142857142855,254.910701321758,140.0,394.910701321758,0.7488564518997458,0.6109254174169872,0.4641230002335554,1.2682368289973296,1.0,2.0,4,2,2,0.3357866447190312,0.3173700120159819
flat_mlp,3,3,0.0,0.0,177.11534869292888,35.0,212.11534869292888,0.8255021195143558,0.7910193608936662,0.020456044777152932,0.22210972318941957,1.0,1.0,1,0,1,0.7111881580532523,0.7111881580532523
flat_mlp,4,4,1.0,1.0,176.06729626450615,0.0,176.06729626450615,0.8265346834832452,0.8265346834832452,0.0,0.0,1.0,1.0,0,0,0,0.6921326593546574,0.6921326593546574
flat_mlp,5,5,0.0,0.0,284.5048268990686,35.0,319.5048268990686,0.7196996779319521,0.6852169193112625,0.12683942779784751,0.2654640704894678,1.0,2.0,1,1,0,0.5983937136403221,0.5864075172642595
flat_mlp,6,6,1.0,1.0,180.02138144661706,35.0,215.02138144661706,0.8226390330575202,0.7881562744368305,0.0,0.1944213499460273,1.0,1.0,1,0,1,0.7640251172112189,0.7640251172112189
flat_mlp,7,7,0.0,0.0,253.4789921583784,35.0,288.4789921583784,0.7502670027996272,0.7157842441789376,0.013666790043596876,0.15363238383670447,1.0,2.0,1,1,0,0.31489047957158917,0.30435447416707617
flat_mlp,8,8,0.5714285714285714,0.47619047619047616,255.86907575231115,70.0,325.8690757523111,0.7479122406381171,0.6789467233967378,0.015023391755829464,0.2927108661565582,1.0,2.0,2,1,1,0.34030577387636696,0.32608250683919227
flat_mlp,9,9,1.0,1.0,178.60349146429274,35.0,213.60349146429274,0.8240359690006968,0.7895532103800071,0.0,0.19596481408650046,1.0,1.0,1,0,1,0.7382452993507773,0.7382452993507773
flat_mlp,10,10,0.5714285714285714,0.4523809523809524,249.7062757597068,105.0,354.70627575970684,0.7539839647687617,0.6505356889066928,-0.0009135484001010085,0.4191963471114518,1.0,2.0,3,2,1,0.3252370457297692,0.27005705236097094
flat_mlp,11,11,1.0,1.0,179.90524830627606,35.0,214.90524830627606,0.8227534499445557,0.788270691323866,0.0,0.1945468535771394,1.0,1.0,1,0,1,0.7619136055686556,0.7619136055686556
flat_mlp,12,12,0.0,0.0,270.6248080318993,35.0,305.6248080318993,0.7333745733675869,0.6988918147468972,0.04447213387967018,0.17955407611417307,1.0,2.0,1,1,0,0.4691361598589542,0.4602255275627209
flat_mlp,13,13,1.0,1.0,174.05323359722445,105.0,279.05323359722445,0.8285189816776114,0.7250707058155424,0.0,0.6032637132325842,1.0,1.0,3,1,2,0.6555133381313537,0.6555133381313537
flat_mlp,14,14,0.0,0.0,268.4820143429098,105.0,373.4820143429098,0.7354857001547687,0.6320374242926997,0.06611823410140989,0.48306390867338805,1.0,2.0,3,2,1,0.46133359618096415,0.4407455849355436
flat_mlp,15,15,0.0,0.40476190476190477,261.11960423611237,70.0,331.11960423611237,0.7427393061713179,0.6737737889299387,0.02060693048410396,0.2942075486486704,1.0,2.0,2,1,1,0.4088102922968646,0.3738145839646578
flat_mlp,16,16,1.0,1.0,188.40017116597397,105.0,293.400171165974,0.8143840678167744,0.7109357919547055,0.0,0.5573243344216426,1.0,1.0,3,1,2,0.9163667484722542,0.9163667484722542
flat_mlp,17,17,0.0,0.2619047619047619,295.6376045950517,105.0,400.6376045950517,0.708731424044284,0.6052831481822151,0.1550409442215475,0.5652705539134006,1.0,2.0,3,2,1,0.6984330700884385,0.6876145872277428
flat_mlp,18,18,0.0,0.0,184.85616534591017,35.0,219.85616534591017,0.817875699166591,0.7833929405459013,0.039392241159427376,0.23618702142821982,1.0,1.0,1,0,1,0.8519302790165485,0.8519302790165485
flat_mlp,19,19,0.0,0.7619047619047619,349.01186746709783,140.0,489.01186746709783,0.6561459433821697,0.518214908899411,0.42218058111975376,0.9926634211496437,1.0,3.0,4,3,1,0.3011459407639932,0.28492040889150216
flat_mlp,20,20,1.0,1.0,180.73617318880252,70.0,250.73617318880252,0.8219348047400961,0.7529692874987168,0.0,0.3873048696614588,1.0,1.0,2,0,2,0.7770213307055002,0.7770213307055002
flat_mlp,21,21,0.0,0.0,170.33211981348035,0.0,170.33211981348035,0.832185103632039,0.832185103632039,0.03459918655376684,0.03459918655376684,1.0,1.0,0,0,0,0.5878567238814607,0.5878567238814607
flat_mlp,22,22,1.0,1.0,169.5450173651457,0.0,169.5450173651457,0.832960574024487,0.832960574024487,0.0,0.0,1.0,1.0,0,0,0,0.5735457702753763,0.5735457702753763
flat_mlp,23,23,0.0,0.0,180.16188676754558,0.0,180.16188676754558,0.8225006041699058,0.8225006041699058,0.056407236969302964,0.056407236969302964,1.0,1.0,0,0,0,0.76657975940992,0.76657975940992
flat_mlp_pruned,0,0,0.0,0.0,285.7100269029952,0.0,285.7100269029952,0.718512288765522,0.718512288765522,0.5280800672616192,0.5280800672616192,1.0,2.0,0,0,0,0.6204621802810895,0.5973638809363198
flat_mlp_pruned,1,1,1.0,1.0,191.65209942027968,35.0,226.65209942027968,0.811180197615488,0.7766974389947984,0.0,0.18262257552027877,1.0,1.0,1,0,1,0.9754927167323577,0.9754927167323577
flat_mlp_pruned,2,2,0.42857142857142855,0.42857142857142855,254.910701321758,35.0,289.910701321758,0.7488564518997458,0.7143736932790562,0.4641230002335554,0.6651514574244989,1.0,2.0,1,1,0,0.3357866447190312,0.3173700120159819
flat_mlp_pruned,3,3,0.0,0.0,177.11534869292888,35.0,212.11534869292888,0.8255021195143558,0.7910193608936662,0.020456044777152932,0.22210972318941957,1.0,1.0,1,0,1,0.7111881580532523,0.7111881580532523
flat_mlp_pruned,4,4,1.0,1.0,176.06729626450615,0.0,176.06729626450615,0.8265346834832452,0.8265346834832452,0.0,0.0,1.0,1.0,0,0,0,0.6921326593546574,0.6921326593546574
flat_mlp_pruned,5,5,0.0,0.0,284.5048268990686,35.0,319.5048268990686,0.7196996779319521,0.6852169193112625,0.12683942779784751,0.2654640704894678,1.0,2.0,1,1,0,0.5983937136403221,0.5864075172642595
flat_mlp_pruned,6,6,1.0,1.0,180.02138144661706,35.0,215.02138144661706,0.8226390330575202,0.7881562744368305,0.0,0.1944213499460273,1.0,1.0,1,0,1,0.7640251172112189,0.7640251172112189
flat_mlp_pruned,7,7,0.0,0.0,253.4789921583784,35.0,288.4789921583784,0.7502670027996272,0.7157842441789376,0.013666790043596876,0.15363238383670447,1.0,2.0,1,1,0,0.31489047957158917,0.30435447416707617
flat_mlp_pruned,8,8,0.47619047619047616,0.47619047619047616,255.86907575231115,70.0,325.8690757523111,0.7479122406381171,0.6789467233967378,0.015023391755829464,0.2927108661565582,1.0,2.0,2,1,1,0.34030577387636696,0.32608250683919227
flat_mlp_pruned,9,9,1.0,1.0,178.60349146429274,35.0,213.60349146429274,0.8240359690006968,0.7895532103800071,0.0,0.19596481408650046,1.0,1.0,1,0,1,0.7382452993507773,0.7382452993507773
flat_mlp_pruned,10,10,0.4523809523809524,0.4523809523809524,249.7062757597068,105.0,354.70627575970684,0.7539839647687617,0.6505356889066928,-0.0009135484001010085,0.4191963471114518,1.0,2.0,3,2,1,0.3252370457297692,0.27005705236097094
flat_mlp_pruned,11,11,1.0,1.0,179.90524830627606,35.0,214.90524830627606,0.8227534499445557,0.788270691323866,0.0,0.1945468535771394,1.0,1.0,1,0,1,0.7619136055686556,0.7619136055686556
flat_mlp_pruned,12,12,0.38095238095238093,0.38095238095238093,264.2550340121673,35.0,299.2550340121673,0.7396502127958944,0.7051674541752047,0.019888092560233717,0.15497003479473662,1.0,2.0,1,1,0,0.42179670854429124,0.4023184910197028
flat_mlp_pruned,13,13,1.0,1.0,174.05323359722445,105.0,279.05323359722445,0.8285189816776114,0.7250707058155424,0.0,0.6032637132325842,1.0,1.0,3,1,2,0.6555133381313537,0.6555133381313537
flat_mlp_pruned,14,14,0.0,0.0,268.4820143429098,105.0,373.4820143429098,0.7354857001547687,0.6320374242926997,0.06611823410140989,0.48306390867338805,1.0,2.0,3,2,1,0.46133359618096415,0.4407455849355436
flat_mlp_pruned,15,15,0.40476190476190477,0.40476190476190477,261.11960423611237,70.0,331.11960423611237,0.7427393061713179,0.6737737889299387,0.02060693048410396,0.2942075486486704,1.0,2.0,2,1,1,0.4088102922968646,0.3738145839646578
flat_mlp_pruned,16,16,1.0,1.0,188.40017116597397,105.0,293.400171165974,0.8143840678167744,0.7109357919547055,0.0,0.5573243344216426,1.0,1.0,3,1,2,0.9163667484722542,0.9163667484722542
flat_mlp_pruned,17,17,0.3333333333333333,0.3333333333333333,268.64766767359976,35.0,303.64766767359976,0.7353224949028574,0.7008397362821678,0.04959264623207159,0.18633584946268933,1.0,2.0,1,1,0,0.4505713991538692,0.44225152430545217
flat_mlp_pruned,18,18,0.0,0.0,184.85616534591017,105.0,289.8561653459102,0.817875699166591,0.714427423304522,0.039392241159427376,0.6297765819658049,1.0,1.0,3,1,2,0.8519302790165485,0.8519302790165485
flat_mlp_pruned,19,19,0.40476190476190477,0.40476190476190477,258.8009464498869,105.0,363.8009464498869,0.7450236980789292,0.6415754222168603,0.05458213523682108,0.48244426525923856,1.0,2.0,3,2,1,0.3653533273129088,0.35273587681715357
flat_mlp_pruned,20,20,1.0,1.0,180.73617318880252,105.0,285.7361731888025,0.8219348047400961,0.7184865288780271,0.0,0.5809573044921882,1.0,1.0,3,1,2,0.7770213307055002,0.7770213307055002
flat_mlp_pruned,21,21,0.0,0.0,170.33211981348035,0.0,170.33211981348035,0.832185103632039,0.832185103632039,0.03459918655376684,0.03459918655376684,1.0,1.0,0,0,0,0.5878567238814607,0.5878567238814607
flat_mlp_pruned,22,22,1.0,1.0,169.5450173651457,0.0,169.5450173651457,0.832960574024487,0.832960574024487,0.0,0.0,1.0,1.0,0,0,0,0.5735457702753763,0.5735457702753763
flat_mlp_pruned,23,23,0.0,0.0,180.16188676754558,0.0,180.16188676754558,0.8225006041699058,0.8225006041699058,0.056407236969302964,0.056407236969302964,1.0,1.0,0,0,0,0.76657975940992,0.76657975940992
flat_mlp_stable,0,0,0.0,0.0,285.7100269029952,0.0,285.7100269029952,0.718512288765522,0.718512288765522,0.5280800672616192,0.5280800672616192,1.0,2.0,0,0,0,0.6204621802810895,0.5973638809363198
flat_mlp_stable,1,1,1.0,1.0,191.65209942027968,35.0,226.65209942027968,0.811180197615488,0.7766974389947984,0.0,0.18262257552027877,1.0,1.0,1,0,1,0.9754927167323577,0.9754927167323577
flat_mlp_stable,2,2,0.42857142857142855,0.42857142857142855,254.910701321758,35.0,289.910701321758,0.7488564518997458,0.7143736932790562,0.4641230002335554,0.6651514574244989,1.0,2.0,1,1,0,0.3357866447190312,0.3173700120159819
flat_mlp_stable,3,3,0.0,0.0,177.11534869292888,35.0,212.11534869292888,0.8255021195143558,0.7910193608936662,0.020456044777152932,0.22210972318941957,1.0,1.0,1,0,1,0.7111881580532523,0.7111881580532523
flat_mlp_stable,4,4,1.0,1.0,176.06729626450615,0.0,176.06729626450615,0.8265346834832452,0.8265346834832452,0.0,0.0,1.0,1.0,0,0,0,0.6921326593546574,0.6921326593546574
flat_mlp_stable,5,5,0.0,0.0,284.5048268990686,35.0,319.5048268990686,0.7196996779319521,0.6852169193112625,0.12683942779784751,0.2654640704894678,1.0,2.0,1,1,0,0.5983937136403221,0.5864075172642595
flat_mlp_stable,6,6,1.0,1.0,180.02138144661706,35.0,215.02138144661706,0.8226390330575202,0.7881562744368305,0.0,0.1944213499460273,1.0,1.0,1,0,1,0.7640251172112189,0.7640251172112189
flat_mlp_stable,7,7,0.0,0.0,253.4789921583784,35.0,288.4789921583784,0.7502670027996272,0.7157842441789376,0.013666790043596876,0.15363238383670447,1.0,2.0,1,1,0,0.31489047957158917,0.30435447416707617
flat_mlp_stable,8,8,0.38095238095238093,0.38095238095238093,259.26905450226366,0.0,259.26905450226366,0.7445625078795431,0.7445625078795431,0.028510984785693173,0.028510984785693173,1.0,2.0,0,0,0,0.374905934795567,0.35699140456603295
flat_mlp_stable,9,9,0.0,0.0,192.44797163691646,35.0,227.44797163691646,0.8103960870572252,0.7759133284365355,0.07751517094721283,0.2734799850337133,1.0,1.0,1,0,1,0.9899631206712082,0.9899631206712082
flat_mlp_stable,10,10,0.4523809523809524,0.4523809523809524,249.7062757597068,35.0,284.70627575970684,0.7539839647687617,0.7195012061480721,-0.0009135484001010085,0.13912308343708335,1.0,2.0,1,1,0,0.3252370457297692,0.27005705236097094
flat_mlp_stable,11,11,1.0,1.0,179.90524830627606,35.0,214.90524830627606,0.8227534499445557,0.788270691323866,0.0,0.1945468535771394,1.0,1.0,1,0,1,0.7619136055686556,0.7619136055686556
flat_mlp_stable,12,12,0.0,0.0,270.6248080318993,35.0,305.6248080318993,0.7333745733675869,0.6988918147468972,0.04447213387967018,0.17955407611417307,1.0,2.0,1,1,0,0.4691361598589542,0.4602255275627209
flat_mlp_stable,13,13,1.0,1.0,174.05323359722445,105.0,279.05323359722445,0.8285189816776114,0.7250707058155424,0.0,0.6032637132325842,1.0,1.0,3,1,2,0.6555133381313537,0.6555133381313537
flat_mlp_stable,14,14,0.38095238095238093,0.38095238095238093,262.0576991549243,35.0,297.0576991549243,0.7418150747242125,0.7073323161035229,0.040607849056480246,0.17958974058047297,1.0,2.0,1,1,0,0.40015273319645317,0.38234271959022104
flat_mlp_stable,15,15,0.40476190476190477,0.40476190476190477,281.56183870430795,70.0,351.56183870430795,0.722599173690337,0.6536336564489577,0.10050704458643706,0.3741076627510035,1.0,2.0,2,1,1,0.6083921121071549,0.5596530791300722
flat_mlp_stable,16,16,1.0,1.0,188.40017116597397,35.0,223.40017116597397,0.8143840678167744,0.7799013091960848,0.0,0.18577477814054755,1.0,1.0,1,0,1,0.9163667484722542,0.9163667484722542
flat_mlp_stable,17,17,0.3333333333333333,0.3333333333333333,268.64766767359976,35.0,303.64766767359976,0.7353224949028574,0.7008397362821678,0.04959264623207159,0.18633584946268933,1.0,2.0,1,1,0,0.4505713991538692,0.44225152430545217
flat_mlp_stable,18,18,0.0,0.0,184.85616534591017,105.0,289.8561653459102,0.817875699166591,0.714427423304522,0.039392241159427376,0.6297765819658049,1.0,1.0,3,1,2,0.8519302790165485,0.8519302790165485
flat_mlp_stable,19,19,0.3333333333333333,0.3333333333333333,266.6804685512358,35.0,301.6804685512358,0.737260622117009,0.7027778634963194,0.08669022199721957,0.22931093200469208,1.0,2.0,1,1,0,0.44368915590735697,0.42436789592032553
flat_mlp_stable,20,20,1.0,1.0,180.73617318880252,105.0,285.7361731888025,0.8219348047400961,0.7184865288780271,0.0,0.5809573044921882,1.0,1.0,3,1,2,0.7770213307055002,0.7770213307055002
flat_mlp_stable,21,21,0.0,0.0,170.33211981348035,0.0,170.33211981348035,0.832185103632039,0.832185103632039,0.03459918655376684,0.03459918655376684,1.0,1.0,0,0,0,0.5878567238814607,0.5878567238814607
flat_mlp_stable,22,22,1.0,1.0,169.5450173651457,0.0,169.5450173651457,0.832960574024487,0.832960574024487,0.0,0.0,1.0,1.0,0,0,0,0.5735457702753763,0.5735457702753763
flat_mlp_stable,23,23,0.0,0.0,180.16188676754558,0.0,180.16188676754558,0.8225006041699058,0.8225006041699058,0.056407236969302964,0.056407236969302964,1.0,1.0,0,0,0,0.76657975940992,0.76657975940992
flat_mlp_search,0,0,1.0,1.0,186.97320449641035,0.0,186.97320449641035,0.8157899463089554,0.8157899463089554,0.0,0.0,1.0,1.0,0,0,0,0.8904218999347335,0.8904218999347335
flat_mlp_search,1,1,1.0,1.0,191.65209942027968,70.0,261.6520994202797,0.811180197615488,0.7422146803741086,0.0,0.36524515104055755,1.0,1.0,2,1,1,0.9754927167323577,0.9754927167323577
flat_mlp_search,2,2,1.0,1.0,174.1047038268608,70.0,244.1047038268608,0.8284682720917628,0.7595027548503834,0.0,0.4020569143818872,1.0,1.0,2,1,1,0.656449160488378,0.656449160488378
flat_mlp_search,3,3,1.0,1.0,173.564897380374,70.0,243.564897380374,0.8290001011030799,0.7600345838617005,0.0,0.4033073568245333,1.0,1.0,2,1,1,0.6466344978249815,0.6466344978249815
flat_mlp_search,4,4,1.0,1.0,176.06729626450615,70.0,246.06729626450615,0.8265346834832452,0.7575691662418659,0.0,0.3975752538099915,1.0,1.0,2,1,1,0.6921326593546574,0.6921326593546574
flat_mlp_search,5,5,0.9523809523809523,0.9523809523809523,252.86865688850207,105.0,357.8686568885021,0.7508683183364512,0.6474200424743822,0.0015379202593865243,0.4174118483342474,1.0,2.0,3,2,1,0.3019034940588897,0.2988059717136551
flat_mlp_search,6,6,1.0,1.0,180.02138144661706,105.0,285.02138144661706,0.8226390330575202,0.7191907571954512,0.0,0.5832640498380819,1.0,1.0,3,1,2,0.7640251172112189,0.7640251172112189
flat_mlp_search,7,7,0.0,0.0,252.15875358207566,35.0,287.15875358207563,0.7515677304610092,0.7170849718403196,0.008387133578431781,0.14835272737153923,1.0,2.0,1,1,0,0.31913033859241635,0.292352305291597
flat_mlp_search,8,8,0.9523809523809523,0.9523809523809523,251.83408613653603,140.0,391.83408613653603,0.7518875998654817,0.6139565653827231,-0.000983266467567106,0.5543916823338907,1.0,2.0,4,2,2,0.2904530843369775,0.28940078305941863
flat_mlp_search,9,9,1.0,1.0,178.60349146429274,105.0,283.60349146429274,0.8240359690006968,0.7205876931386278,0.0,0.5878944422595014,1.0,1.0,3,1,2,0.7382452993507773,0.7382452993507773
flat_mlp_search,10,10,0.4523809523809524,0.4523809523809524,248.01029680410488,105.0,353.0102968041049,0.7556548799959558,0.6522066041338869,-0.0076992392746507154,0.412410656236902,1.0,2.0,3,2,1,0.2557796670953177,0.2546390618554991
flat_mlp_search,11,11,1.0,1.0,179.90524830627606,35.0,214.90524830627606,0.8227534499445557,0.788270691323866,0.0,0.1945468535771394,1.0,1.0,1,0,1,0.7619136055686556,0.7619136055686556
flat_mlp_search,12,12,0.4523809523809524,0.4523809523809524,260.767961645136,105.0,365.767961645136,0.7430857520737576,0.6396374762116886,0.006429792330209272,0.41167561903371797,1.0,2.0,3,2,1,0.3744748960330938,0.3706178331375995
flat_mlp_search,13,13,1.0,1.0,174.05323359722445,105.0,279.05323359722445,0.8285189816776114,0.7250707058155424,0.0,0.6032637132325842,1.0,1.0,3,1,2,0.6555133381313537,0.6555133381313537
flat_mlp_search,14,14,0.0,0.0,256.4016218878088,105.0,361.4016218878088,0.747387564642553,0.6439392887804839,0.01814806856534972,0.43509374313732785,1.0,2.0,3,2,1,0.3415196625906054,0.3309238353437167
flat_mlp_search,15,15,0.40476190476190477,0.40476190476190477,257.24316148811164,140.0,397.24316148811164,0.7465584615880674,0.6086274271053088,0.005455542882210397,0.5526567792113433,1.0,2.0,4,2,2,0.3392084811062503,0.3385741953464692
flat_mlp_search,16,16,1.0,1.0,188.40017116597397,105.0,293.400171165974,0.8143840678167744,0.7109357919547055,0.0,0.5573243344216426,1.0,1.0,3,1,2,0.9163667484722542,0.9163667484722542
flat_mlp_search,17,17,0.30952380952380953,0.30952380952380953,259.8702957944056,35.0,294.8702957944056,0.743970151926694,0.7094873933060043,0.015299904897575687,0.1520431081281934,1.0,2.0,1,1,0,0.4113768085095337,0.36245723449459666
flat_mlp_search,18,18,1.0,1.0,177.85024558169275,105.0,282.8502455816928,0.8247780831707461,0.721329807308677,0.0,0.5903843408063775,1.0,1.0,3,1,2,0.724549919667141,0.724549919667141
flat_mlp_search,19,19,1.0,1.0,245.40615453510367,105.0,350.40615453510367,0.7582205374038387,0.6547722615417697,0.0,0.42786213002241746,1.0,2.0,3,2,1,0.25425636704082505,0.23096504122821515
flat_mlp_search,20,20,1.0,1.0,180.73617318880252,105.0,285.7361731888025,0.8219348047400961,0.7184865288780271,0.0,0.5809573044921882,1.0,1.0,3,1,2,0.7770213307055002,0.7770213307055002
flat_mlp_search,21,21,1.0,1.0,164.6358532146675,70.0,234.6358532146675,0.8377971889510666,0.7688316717096872,0.0,0.42518077704938007,1.0,1.0,2,1,1,0.4842882402666816,0.4842882402666816
flat_mlp_search,22,22,1.0,1.0,169.5450173651457,70.0,239.5450173651457,0.832960574024487,0.7639950567831078,0.0,0.4128696973101982,1.0,1.0,2,1,1,0.5735457702753763,0.5735457702753763
flat_mlp_search,23,23,1.0,1.0,170.54207928791453,70.0,240.54207928791453,0.8319782470069809,0.7630127297656015,0.0,0.41045588450826725,1.0,1.0,2,1,1,0.5916741688711734,0.5916741688711734
flat_mlp_stable_search,0,0,1.0,1.0,186.97320449641035,0.0,186.97320449641035,0.8157899463089554,0.8157899463089554,0.0,0.0,1.0,1.0,0,0,0,0.8904218999347335,0.8904218999347335
flat_mlp_stable_search,1,1,1.0,1.0,191.65209942027968,70.0,261.6520994202797,0.811180197615488,0.7422146803741086,0.0,0.36524515104055755,1.0,1.0,2,1,1,0.9754927167323577,0.9754927167323577
flat_mlp_stable_search,2,2,1.0,1.0,174.1047038268608,70.0,244.1047038268608,0.8284682720917628,0.7595027548503834,0.0,0.4020569143818872,1.0,1.0,2,1,1,0.656449160488378,0.656449160488378
flat_mlp_stable_search,3,3,1.0,1.0,173.564897380374,70.0,243.564897380374,0.8290001011030799,0.7600345838617005,0.0,0.4033073568245333,1.0,1.0,2,1,1,0.6466344978249815,0.6466344978249815
flat_mlp_stable_search,4,4,1.0,1.0,176.06729626450615,70.0,246.06729626450615,0.8265346834832452,0.7575691662418659,0.0,0.3975752538099915,1.0,1.0,2,1,1,0.6921326593546574,0.6921326593546574
flat_mlp_stable_search,5,5,0.0,0.0,267.3877196098647,35.0,302.3877196098647,0.7365638230444683,0.7020810644237786,0.05904363117270415,0.19766827386432445,1.0,2.0,1,1,0,0.4331267120956578,0.43079745099877015
flat_mlp_stable_search,6,6,1.0,1.0,180.02138144661706,35.0,215.02138144661706,0.8226390330575202,0.7881562744368305,0.0,0.1944213499460273,1.0,1.0,1,0,1,0.7640251172112189,0.7640251172112189
flat_mlp_stable_search,7,7,0.0,0.0,252.15875358207566,35.0,287.15875358207563,0.7515677304610092,0.7170849718403196,0.008387133578431781,0.14835272737153923,1.0,2.0,1,1,0,0.31913033859241635,0.292352305291597
flat_mlp_stable_search,8,8,0.0,0.0,276.2526130439555,0.0,276.2526130439555,0.7278299378877285,0.7278299378877285,0.09588414875396929,0.09588414875396929,1.0,2.0,0,0,0,0.5183565141383406,0.5113873913086864
flat_mlp_stable_search,9,9,0.0,0.0,192.44797163691646,35.0,227.44797163691646,0.8103960870572252,0.7759133284365355,0.07751517094721283,0.2734799850337133,1.0,1.0,1,0,1,0.9899631206712082,0.9899631206712082
flat_mlp_stable_search,10,10,0.4523809523809524,0.4523809523809524,248.01029680410488,35.0,283.0102968041049,0.7556548799959558,0.7211721213752661,-0.0076992392746507154,0.13233739256253352,1.0,2.0,1,1,0,0.2557796670953177,0.2546390618554991
flat_mlp_stable_search,11,11,1.0,1.0,179.90524830627606,35.0,214.90524830627606,0.8227534499445557,0.788270691323866,0.0,0.1945468535771394,1.0,1.0,1,0,1,0.7619136055686556,0.7619136055686556
flat_mlp_stable_search,12,12,0.38095238095238093,0.38095238095238093,264.2550340121673,35.0,299.2550340121673,0.7396502127958944,0.7051674541752047,0.019888092560233717,0.15497003479473662,1.0,2.0,1,1,0,0.42179670854429124,0.4023184910197028
flat_mlp_stable_search,13,13,0.0,0.0,245.34160592096106,0.0,245.34160592096106,0.7582841320975754,0.7582841320975754,0.40957798284118413,0.40957798284118413,1.0,2.0,0,0,0,0.23441054517592083,0.23037823564510054
flat_mlp_stable_search,14,14,0.0,0.0,285.9071325759216,0.0,285.9071325759216,0.7183180959843136,0.7183180959843136,0.13531183101721542,0.13531183101721542,1.0,2.0,0,0,0,0.6359121273628859,0.5991557506901963
flat_mlp_stable_search,15,15,0.0,0.0,272.93247686527025,0.0,272.93247686527025,0.731101008014512,0.731101008014512,0.06677849125034514,0.06677849125034514,1.0,2.0,0,0,0,0.5034284395406334,0.48120433513882044
flat_mlp_stable_search,16,16,0.0,0.0,192.61102158326992,35.0,227.61102158326992,0.8102354467159902,0.7757526880953006,0.02235056577303389,0.20812534391358145,1.0,1.0,1,0,1,0.9929276651503619,0.9929276651503619
flat_mlp_stable_search,17,17,0.30952380952380953,0.30952380952380953,259.8702957944056,35.0,294.8702957944056,0.743970151926694,0.7094873933060043,0.015299904897575687,0.1520431081281934,1.0,2.0,1,1,0,0.4113768085095337,0.36245723449459666
flat_mlp_stable_search,18,18,0.0,0.0,258.08689741998523,0.0,258.08689741998523,0.7457271946601131,0.7457271946601131,0.4511472648005821,0.4511472648005821,1.0,2.0,0,0,0,0.36071953192118467,0.3462445219998659
flat_mlp_stable_search,19,19,0.0,0.0,282.8236391609929,0.0,282.8236391609929,0.7213560205310414,0.7213560205310414,0.15247166354394315,0.15247166354394315,1.0,2.0,0,0,0,0.5838767977753729,0.5711239923726628
flat_mlp_stable_search,20,20,1.0,1.0,180.73617318880252,105.0,285.7361731888025,0.8219348047400961,0.7184865288780271,0.0,0.5809573044921882,1.0,1.0,3,1,2,0.7770213307055002,0.7770213307055002
flat_mlp_stable_search,21,21,0.0,0.0,170.33211981348035,0.0,170.33211981348035,0.832185103632039,0.832185103632039,0.03459918655376684,0.03459918655376684,1.0,1.0,0,0,0,0.5878567238814607,0.5878567238814607
flat_mlp_stable_search,22,22,1.0,1.0,169.5450173651457,0.0,169.5450173651457,0.832960574024487,0.832960574024487,0.0,0.0,1.0,1.0,0,0,0,0.5735457702753763,0.5735457702753763
flat_mlp_stable_search,23,23,0.0,0.0,180.16188676754558,0.0,180.16188676754558,0.8225006041699058,0.8225006041699058,0.056407236969302964,0.056407236969302964,1.0,1.0,0,0,0,0.76657975940992,0.76657975940992
agg_gcn,0,0,0.0,0.0,285.7100269029952,0.0,285.7100269029952,0.718512288765522,0.718512288765522,0.5280800672616192,0.5280800672616192,1.0,2.0,0,0,0,0.6204621802810895,0.5973638809363198
agg_gcn,1,1,0.0,0.0,266.30605609461736,70.0,336.30605609461736,0.7376295013846135,0.6686639841432341,0.3895285097327672,0.7547736607733248,1.0,2.0,2,1,1,0.4413356416125327,0.42096414631470336
agg_gcn,2,2,0.0,0.42857142857142855,254.910701321758,140.0,394.910701321758,0.7488564518997458,0.6109254174169872,0.4641230002335554,1.2682368289973296,1.0,2.0,4,2,2,0.3357866447190312,0.3173700120159819
agg_gcn,3,3,0.0,0.0,177.11534869292888,35.0,212.11534869292888,0.8255021195143558,0.7910193608936662,0.020456044777152932,0.22210972318941957,1.0,1.0,1,0,1,0.7111881580532523,0.7111881580532523
agg_gcn,4,4,1.0,1.0,176.06729626450615,0.0,176.06729626450615,0.8265346834832452,0.8265346834832452,0.0,0.0,1.0,1.0,0,0,0,0.6921326593546574,0.6921326593546574
agg_gcn,5,5,0.0,0.0,284.5048268990686,35.0,319.5048268990686,0.7196996779319521,0.6852169193112625,0.12683942779784751,0.2654640704894678,1.0,2.0,1,1,0,0.5983937136403221,0.5864075172642595
agg_gcn,6,6,1.0,1.0,180.02138144661706,35.0,215.02138144661706,0.8226390330575202,0.7881562744368305,0.0,0.1944213499460273,1.0,1.0,1,0,1,0.7640251172112189,0.7640251172112189
agg_gcn,7,7,0.0,0.0,253.4789921583784,35.0,288.4789921583784,0.7502670027996272,0.7157842441789376,0.013666790043596876,0.15363238383670447,1.0,2.0,1,1,0,0.31489047957158917,0.30435447416707617
agg_gcn,8,8,0.5714285714285714,0.47619047619047616,255.86907575231115,70.0,325.8690757523111,0.7479122406381171,0.6789467233967378,0.015023391755829464,0.2927108661565582,1.0,2.0,2,1,1,0.34030577387636696,0.32608250683919227
agg_gcn,9,9,0.0,0.0,182.57941242408748,105.0,287.5794124240875,0.8201188054935099,0.716670529631441,0.022261160334537018,0.6101556025940384,1.0,1.0,3,1,2,0.810534771347045,0.810534771347045
agg_gcn,10,10,0.5714285714285714,0.4523809523809524,249.7062757597068,35.0,284.70627575970684,0.7539839647687617,0.7195012061480721,-0.0009135484001010085,0.13912308343708335,1.0,2.0,1,1,0,0.3252370457297692,0.27005705236097094
agg_gcn,11,11,1.0,1.0,179.90524830627606,35.0,214.90524830627606,0.8227534499445557,0.788270691323866,0.0,0.1945468535771394,1.0,1.0,1,0,1,0.7619136055686556,0.7619136055686556
agg_gcn,12,12,0.0,0.0,270.6248080318993,35.0,305.6248080318993,0.7333745733675869,0.6988918147468972,0.04447213387967018,0.17955407611417307,1.0,2.0,1,1,0,0.4691361598589542,0.4602255275627209
agg_gcn,13,13,1.0,1.0,174.05323359722445,105.0,279.05323359722445,0.8285189816776114,0.7250707058155424,0.0,0.6032637132325842,1.0,1.0,3,1,2,0.6555133381313537,0.6555133381313537
agg_gcn,14,14,0.0,0.0,268.4820143429098,105.0,373.4820143429098,0.7354857001547687,0.6320374242926997,0.06611823410140989,0.48306390867338805,1.0,2.0,3,2,1,0.46133359618096415,0.4407455849355436
agg_gcn,15,15,0.0,0.40476190476190477,261.11960423611237,70.0,331.11960423611237,0.7427393061713179,0.6737737889299387,0.02060693048410396,0.2942075486486704,1.0,2.0,2,1,1,0.4088102922968646,0.3738145839646578
agg_gcn,16,16,1.0,1.0,188.40017116597397,105.0,293.400171165974,0.8143840678167744,0.7109357919547055,0.0,0.5573243344216426,1.0,1.0,3,1,2,0.9163667484722542,0.9163667484722542
agg_gcn,17,17,0.0,0.2619047619047619,295.6376045950517,105.0,400.6376045950517,0.708731424044284,0.6052831481822151,0.1550409442215475,0.5652705539134006,1.0,2.0,3,2,1,0.6984330700884385,0.6876145872277428
agg_gcn,18,18,1.0,1.0,177.85024558169275,105.0,282.8502455816928,0.8247780831707461,0.721329807308677,0.0,0.5903843408063775,1.0,1.0,3,1,2,0.724549919667141,0.724549919667141
agg_gcn,19,19,0.0,0.7619047619047619,349.01186746709783,140.0,489.01186746709783,0.6561459433821697,0.518214908899411,0.42218058111975376,0.9926634211496437,1.0,3.0,4,3,1,0.3011459407639932,0.28492040889150216
agg_gcn,20,20,1.0,1.0,180.73617318880252,70.0,250.73617318880252,0.8219348047400961,0.7529692874987168,0.0,0.3873048696614588,1.0,1.0,2,0,2,0.7770213307055002,0.7770213307055002
agg_gcn,21,21,0.0,0.0,170.33211981348035,0.0,170.33211981348035,0.832185103632039,0.832185103632039,0.03459918655376684,0.03459918655376684,1.0,1.0,0,0,0,0.5878567238814607,0.5878567238814607
agg_gcn,22,22,1.0,1.0,169.5450173651457,0.0,169.5450173651457,0.832960574024487,0.832960574024487,0.0,0.0,1.0,1.0,0,0,0,0.5735457702753763,0.5735457702753763
agg_gcn,23,23,0.0,0.0,180.16188676754558,0.0,180.16188676754558,0.8225006041699058,0.8225006041699058,0.056407236969302964,0.056407236969302964,1.0,1.0,0,0,0,0.76657975940992,0.76657975940992
agg_gcn_pruned,0,0,0.0,0.0,254.23089045645398,0.0,254.23089045645398,0.7495262162990601,0.7495262162990601,0.3597183144033609,0.3597183144033609,1.0,2.0,0,0,0,0.3122418550502287,0.3111899132404907
agg_gcn_pruned,1,1,0.0,0.0,191.90871223417832,35.0,226.90871223417832,0.8109273771091839,0.7764446184884942,0.001338951228162168,0.18396152674844093,1.0,1.0,1,0,1,0.9801584042577878,0.9801584042577878
agg_gcn_pruned,2,2,0.5,0.5,248.72394495640282,35.0,283.7239449564028,0.754951778368076,0.7204690197473863,0.42858831202945247,0.629616769220396,1.0,2.0,1,1,0,0.2798750859769187,0.26112677233093473
agg_gcn_pruned,3,3,0.0,0.0,177.11534869292888,105.0,282.1153486929289,0.8255021195143558,0.7220538436522869,0.020456044777152932,0.6254170800139529,1.0,1.0,3,1,2,0.7111881580532523,0.7111881580532523
agg_gcn_pruned,4,4,1.0,1.0,176.06729626450615,0.0,176.06729626450615,0.8265346834832452,0.8265346834832452,0.0,0.0,1.0,1.0,0,0,0,0.6921326593546574,0.6921326593546574
agg_gcn_pruned,5,5,0.0,0.0,260.33006691006136,105.0,365.33006691006136,0.7435171754580677,0.6400688995959987,0.03109035735122456,0.44696428542608546,1.0,2.0,3,2,1,0.39110935442440425,0.36663697190964883
agg_gcn_pruned,6,6,1.0,1.0,180.02138144661706,105.0,285.02138144661706,0.8226390330575202,0.7191907571954512,0.0,0.5832640498380819,1.0,1.0,3,1,2,0.7640251172112189,0.7640251172112189
agg_gcn_pruned,7,7,0.0,0.0,253.4789921583784,35.0,288.4789921583784,0.7502670027996272,0.7157842441789376,0.013666790043596876,0.15363238383670447,1.0,2.0,1,1,0,0.31489047957158917,0.30435447416707617
agg_gcn_pruned,8,8,0.47619047619047616,0.47619047619047616,255.86907575231115,70.0,325.8690757523111,0.7479122406381171,0.6789467233967378,0.015023391755829464,0.2927108661565582,1.0,2.0,2,1,1,0.34030577387636696,0.32608250683919227
agg_gcn_pruned,9,9,0.0,0.0,182.57941242408748,105.0,287.5794124240875,0.8201188054935099,0.716670529631441,0.022261160334537018,0.6101556025940384,1.0,1.0,3,1,2,0.810534771347045,0.810534771347045
agg_gcn_pruned,10,10,0.4523809523809524,0.4523809523809524,249.7062757597068,35.0,284.70627575970684,0.7539839647687617,0.7195012061480721,-0.0009135484001010085,0.13912308343708335,1.0,2.0,1,1,0,0.3252370457297692,0.27005705236097094
agg_gcn_pruned,11,11,1.0,1.0,179.90524830627606,35.0,214.90524830627606,0.8227534499445557,0.788270691323866,0.0,0.1945468535771394,1.0,1.0,1,0,1,0.7619136055686556,0.7619136055686556
agg_gcn_pruned,12,12,0.38095238095238093,0.38095238095238093,264.2550340121673,35.0,299.2550340121673,0.7396502127958944,0.7051674541752047,0.019888092560233717,0.15497003479473662,1.0,2.0,1,1,0,0.42179670854429124,0.4023184910197028
agg_gcn_pruned,13,13,1.0,1.0,174.05323359722445,105.0,279.05323359722445,0.8285189816776114,0.7250707058155424,0.0,0.6032637132325842,1.0,1.0,3,1,2,0.6555133381313537,0.6555133381313537
agg_gcn_pruned,14,14,0.0,0.0,268.4820143429098,105.0,373.4820143429098,0.7354857001547687,0.6320374242926997,0.06611823410140989,0.48306390867338805,1.0,2.0,3,2,1,0.46133359618096415,0.4407455849355436
agg_gcn_pruned,15,15,0.40476190476190477,0.40476190476190477,261.11960423611237,70.0,331.11960423611237,0.7427393061713179,0.6737737889299387,0.02060693048410396,0.2942075486486704,1.0,2.0,2,1,1,0.4088102922968646,0.3738145839646578
agg_gcn_pruned,16,16,1.0,1.0,188.40017116597397,105.0,293.400171165974,0.8143840678167744,0.7109357919547055,0.0,0.5573243344216426,1.0,1.0,3,1,2,0.9163667484722542,0.9163667484722542
agg_gcn_pruned,17,17,0.0,0.0,278.229956142961,105.0,383.229956142961,0.7258818166079202,0.6224335407458512,0.08703015536293639,0.4972597650547896,1.0,2.0,3,2,1,0.6021032921397056,0.5293632376632816
agg_gcn_pruned,18,18,1.0,1.0,177.85024558169275,105.0,282.8502455816928,0.8247780831707461,0.721329807308677,0.0,0.5903843408063775,1.0,1.0,3,1,2,0.724549919667141,0.724549919667141
agg_gcn_pruned,19,19,0.40476190476190477,0.40476190476190477,258.8009464498869,105.0,363.8009464498869,0.7450236980789292,0.6415754222168603,0.05458213523682108,0.48244426525923856,1.0,2.0,3,2,1,0.3653533273129088,0.35273587681715357
agg_gcn_pruned,20,20,1.0,1.0,180.73617318880252,105.0,285.7361731888025,0.8219348047400961,0.7184865288780271,0.0,0.5809573044921882,1.0,1.0,3,1,2,0.7770213307055002,0.7770213307055002
agg_gcn_pruned,21,21,0.0,0.0,170.33211981348035,0.0,170.33211981348035,0.832185103632039,0.832185103632039,0.03459918655376684,0.03459918655376684,1.0,1.0,0,0,0,0.5878567238814607,0.5878567238814607
agg_gcn_pruned,22,22,1.0,1.0,169.5450173651457,0.0,169.5450173651457,0.832960574024487,0.832960574024487,0.0,0.0,1.0,1.0,0,0,0,0.5735457702753763,0.5735457702753763
agg_gcn_pruned,23,23,0.0,0.0,180.16188676754558,0.0,180.16188676754558,0.8225006041699058,0.8225006041699058,0.056407236969302964,0.056407236969302964,1.0,1.0,0,0,0,0.76657975940992,0.76657975940992
agg_gcn_stable,0,0,0.0,0.0,254.23089045645398,0.0,254.23089045645398,0.7495262162990601,0.7495262162990601,0.3597183144033609,0.3597183144033609,1.0,2.0,0,0,0,0.3122418550502287,0.3111899132404907
agg_gcn_stable,1,1,0.0,0.0,191.90871223417832,35.0,226.90871223417832,0.8109273771091839,0.7764446184884942,0.001338951228162168,0.18396152674844093,1.0,1.0,1,0,1,0.9801584042577878,0.9801584042577878
agg_gcn_stable,2,2,1.0,1.0,174.1047038268608,0.0,174.1047038268608,0.8284682720917628,0.8284682720917628,0.0,0.0,1.0,1.0,0,0,0,0.656449160488378,0.656449160488378
agg_gcn_stable,3,3,0.0,0.0,177.11534869292888,70.0,247.11534869292888,0.8255021195143558,0.7565366022729766,0.020456044777152932,0.42376340160168624,1.0,1.0,2,1,1,0.7111881580532523,0.7111881580532523
agg_gcn_stable,4,4,1.0,1.0,176.06729626450615,0.0,176.06729626450615,0.8265346834832452,0.8265346834832452,0.0,0.0,1.0,1.0,0,0,0,0.6921326593546574,0.6921326593546574
agg_gcn_stable,5,5,0.0,0.0,284.5048268990686,35.0,319.5048268990686,0.7196996779319521,0.6852169193112625,0.12683942779784751,0.2654640704894678,1.0,2.0,1,1,0,0.5983937136403221,0.5864075172642595
agg_gcn_stable,6,6,1.0,1.0,180.02138144661706,35.0,215.02138144661706,0.8226390330575202,0.7881562744368305,0.0,0.1944213499460273,1.0,1.0,1,0,1,0.7640251172112189,0.7640251172112189
agg_gcn_stable,7,7,0.0,0.0,253.4789921583784,35.0,288.4789921583784,0.7502670027996272,0.7157842441789376,0.013666790043596876,0.15363238383670447,1.0,2.0,1,1,0,0.31489047957158917,0.30435447416707617
agg_gcn_stable,8,8,0.38095238095238093,0.38095238095238093,259.26905450226366,0.0,259.26905450226366,0.7445625078795431,0.7445625078795431,0.028510984785693173,0.028510984785693173,1.0,2.0,0,0,0,0.374905934795567,0.35699140456603295
agg_gcn_stable,9,9,0.0,0.0,192.44797163691646,35.0,227.44797163691646,0.8103960870572252,0.7759133284365355,0.07751517094721283,0.2734799850337133,1.0,1.0,1,0,1,0.9899631206712082,0.9899631206712082
agg_gcn_stable,10,10,0.4523809523809524,0.4523809523809524,249.7062757597068,35.0,284.70627575970684,0.7539839647687617,0.7195012061480721,-0.0009135484001010085,0.13912308343708335,1.0,2.0,1,1,0,0.3252370457297692,0.27005705236097094
agg_gcn_stable,11,11,1.0,1.0,179.90524830627606,35.0,214.90524830627606,0.8227534499445557,0.788270691323866,0.0,0.1945468535771394,1.0,1.0,1,0,1,0.7619136055686556,0.7619136055686556
agg_gcn_stable,12,12,0.0,0.0,270.6248080318993,35.0,305.6248080318993,0.7333745733675869,0.6988918147468972,0.04447213387967018,0.17955407611417307,1.0,2.0,1,1,0,0.4691361598589542,0.4602255275627209
agg_gcn_stable,13,13,1.0,1.0,174.05323359722445,105.0,279.05323359722445,0.8285189816776114,0.7250707058155424,0.0,0.6032637132325842,1.0,1.0,3,1,2,0.6555133381313537,0.6555133381313537
agg_gcn_stable,14,14,0.38095238095238093,0.38095238095238093,262.0576991549243,35.0,297.0576991549243,0.7418150747242125,0.7073323161035229,0.040607849056480246,0.17958974058047297,1.0,2.0,1,1,0,0.40015273319645317,0.38234271959022104
agg_gcn_stable,15,15,0.40476190476190477,0.40476190476190477,281.56183870430795,70.0,351.56183870430795,0.722599173690337,0.6536336564489577,0.10050704458643706,0.3741076627510035,1.0,2.0,2,1,1,0.6083921121071549,0.5596530791300722
agg_gcn_stable,16,16,1.0,1.0,188.40017116597397,35.0,223.40017116597397,0.8143840678167744,0.7799013091960848,0.0,0.18577477814054755,1.0,1.0,1,0,1,0.9163667484722542,0.9163667484722542
agg_gcn_stable,17,17,0.3333333333333333,0.3333333333333333,268.64766767359976,35.0,303.64766767359976,0.7353224949028574,0.7008397362821678,0.04959264623207159,0.18633584946268933,1.0,2.0,1,1,0,0.4505713991538692,0.44225152430545217
agg_gcn_stable,18,18,1.0,1.0,177.85024558169275,105.0,282.8502455816928,0.8247780831707461,0.721329807308677,0.0,0.5903843408063775,1.0,1.0,3,1,2,0.724549919667141,0.724549919667141
agg_gcn_stable,19,19,0.35714285714285715,0.35714285714285715,260.4271356912714,35.0,295.4271356912714,0.7434215411908657,0.708938782570176,0.061208657071471696,0.2038293670789442,1.0,2.0,1,1,0,0.3825775604045659,0.3675194153751947
agg_gcn_stable,20,20,1.0,1.0,180.73617318880252,105.0,285.7361731888025,0.8219348047400961,0.7184865288780271,0.0,0.5809573044921882,1.0,1.0,3,1,2,0.7770213307055002,0.7770213307055002
agg_gcn_stable,21,21,0.0,0.0,170.33211981348035,0.0,170.33211981348035,0.832185103632039,0.832185103632039,0.03459918655376684,0.03459918655376684,1.0,1.0,0,0,0,0.5878567238814607,0.5878567238814607
agg_gcn_stable,22,22,1.0,1.0,169.5450173651457,0.0,169.5450173651457,0.832960574024487,0.832960574024487,0.0,0.0,1.0,1.0,0,0,0,0.5735457702753763,0.5735457702753763
agg_gcn_stable,23,23,0.0,0.0,180.16188676754558,0.0,180.16188676754558,0.8225006041699058,0.8225006041699058,0.056407236969302964,0.056407236969302964,1.0,1.0,0,0,0,0.76657975940992,0.76657975940992
agg_gcn_search,0,0,1.0,1.0,186.97320449641035,0.0,186.97320449641035,0.8157899463089554,0.8157899463089554,0.0,0.0,1.0,1.0,0,0,0,0.8904218999347335,0.8904218999347335
agg_gcn_search,1,1,1.0,1.0,191.65209942027968,70.0,261.6520994202797,0.811180197615488,0.7422146803741086,0.0,0.36524515104055755,1.0,1.0,2,1,1,0.9754927167323577,0.9754927167323577
agg_gcn_search,2,2,1.0,1.0,174.1047038268608,70.0,244.1047038268608,0.8284682720917628,0.7595027548503834,0.0,0.4020569143818872,1.0,1.0,2,1,1,0.656449160488378,0.656449160488378
agg_gcn_search,3,3,1.0,1.0,173.564897380374,70.0,243.564897380374,0.8290001011030799,0.7600345838617005,0.0,0.4033073568245333,1.0,1.0,2,1,1,0.6466344978249815,0.6466344978249815
agg_gcn_search,4,4,1.0,1.0,176.06729626450615,70.0,246.06729626450615,0.8265346834832452,0.7575691662418659,0.0,0.3975752538099915,1.0,1.0,2,1,1,0.6921326593546574,0.6921326593546574
agg_gcn_search,5,5,0.9285714285714286,0.9285714285714286,252.5092628794556,105.0,357.5092628794556,0.7512224011039846,0.6477741252419157,0.00011446694254150598,0.41598839501740237,1.0,2.0,3,2,1,0.3118701040696705,0.29553875344959657
agg_gcn_search,6,6,1.0,1.0,180.02138144661706,105.0,285.02138144661706,0.8226390330575202,0.7191907571954512,0.0,0.5832640498380819,1.0,1.0,3,1,2,0.7640251172112189,0.7640251172112189
agg_gcn_search,7,7,0.9761904761904762,0.9761904761904762,249.55296097731113,105.0,354.55296097731116,0.754135013815457,0.650686737953388,-0.002033475256641249,0.4178633061226816,1.0,2.0,3,2,1,0.28461390941452863,0.26866328161191944
agg_gcn_search,8,8,0.9523809523809523,0.9523809523809523,251.83408613653603,140.0,391.83408613653603,0.7518875998654817,0.6139565653827231,-0.000983266467567106,0.5543916823338907,1.0,2.0,4,2,2,0.2904530843369775,0.28940078305941863
agg_gcn_search,9,9,1.0,1.0,178.60349146429274,105.0,283.60349146429274,0.8240359690006968,0.7205876931386278,0.0,0.5878944422595014,1.0,1.0,3,1,2,0.7382452993507773,0.7382452993507773
agg_gcn_search,10,10,0.4523809523809524,0.4523809523809524,248.01029680410488,105.0,353.0102968041049,0.7556548799959558,0.6522066041338869,-0.0076992392746507154,0.412410656236902,1.0,2.0,3,2,1,0.2557796670953177,0.2546390618554991
agg_gcn_search,11,11,1.0,1.0,179.90524830627606,35.0,214.90524830627606,0.8227534499445557,0.788270691323866,0.0,0.1945468535771394,1.0,1.0,1,0,1,0.7619136055686556,0.7619136055686556
agg_gcn_search,12,12,0.4523809523809524,0.4523809523809524,261.4572454926473,105.0,366.4572454926473,0.742406654687047,0.6389583788249781,0.009090072355143556,0.41433589905865226,1.0,2.0,3,2,1,0.38320078842562755,0.3768840499331572
agg_gcn_search,13,13,1.0,1.0,174.05323359722445,105.0,279.05323359722445,0.8285189816776114,0.7250707058155424,0.0,0.6032637132325842,1.0,1.0,3,1,2,0.6555133381313537,0.6555133381313537
agg_gcn_search,14,14,0.0,0.0,256.4016218878088,105.0,361.4016218878088,0.747387564642553,0.6439392887804839,0.01814806856534972,0.43509374313732785,1.0,2.0,3,2,1,0.3415196625906054,0.3309238353437167
agg_gcn_search,15,15,0.0,0.0,257.1130532638936,140.0,397.1130532638936,0.7466866470306467,0.6087556125478881,0.0049470044454340495,0.5521482407745669,1.0,2.0,4,2,2,0.35242336548326275,0.33739139330812384
agg_gcn_search,16,16,1.0,1.0,188.40017116597397,35.0,223.40017116597397,0.8143840678167744,0.7799013091960848,0.0,0.18577477814054755,1.0,1.0,1,0,1,0.9163667484722542,0.9163667484722542
agg_gcn_search,17,17,0.40476190476190477,0.40476190476190477,257.0297803280079,105.0,362.0297803280079,0.7467686893320119,0.6433204134699428,0.004202156791823393,0.4144317664836766,1.0,2.0,3,2,1,0.357122015010526,0.3366343666182541
agg_gcn_search,18,18,1.0,1.0,177.85024558169275,105.0,282.8502455816928,0.8247780831707461,0.721329807308677,0.0,0.5903843408063775,1.0,1.0,3,1,2,0.724549919667141,0.724549919667141
agg_gcn_search,19,19,1.0,1.0,245.40615453510367,105.0,350.40615453510367,0.7582205374038387,0.6547722615417697,0.0,0.42786213002241746,1.0,2.0,3,2,1,0.25425636704082505,0.23096504122821515
agg_gcn_search,20,20,1.0,1.0,180.73617318880252,105.0,285.7361731888025,0.8219348047400961,0.7184865288780271,0.0,0.5809573044921882,1.0,1.0,3,1,2,0.7770213307055002,0.7770213307055002
agg_gcn_search,21,21,1.0,1.0,164.6358532146675,70.0,234.6358532146675,0.8377971889510666,0.7688316717096872,0.0,0.42518077704938007,1.0,1.0,2,1,1,0.4842882402666816,0.4842882402666816
agg_gcn_search,22,22,1.0,1.0,169.5450173651457,70.0,239.5450173651457,0.832960574024487,0.7639950567831078,0.0,0.4128696973101982,1.0,1.0,2,1,1,0.5735457702753763,0.5735457702753763
agg_gcn_search,23,23,1.0,1.0,170.54207928791453,70.0,240.54207928791453,0.8319782470069809,0.7630127297656015,0.0,0.41045588450826725,1.0,1.0,2,1,1,0.5916741688711734,0.5916741688711734
agg_gcn_stable_search,0,0,1.0,1.0,186.97320449641035,0.0,186.97320449641035,0.8157899463089554,0.8157899463089554,0.0,0.0,1.0,1.0,0,0,0,0.8904218999347335,0.8904218999347335
agg_gcn_stable_search,1,1,1.0,1.0,191.65209942027968,70.0,261.6520994202797,0.811180197615488,0.7422146803741086,0.0,0.36524515104055755,1.0,1.0,2,1,1,0.9754927167323577,0.9754927167323577
agg_gcn_stable_search,2,2,1.0,1.0,174.1047038268608,70.0,244.1047038268608,0.8284682720917628,0.7595027548503834,0.0,0.4020569143818872,1.0,1.0,2,1,1,0.656449160488378,0.656449160488378
agg_gcn_stable_search,3,3,1.0,1.0,173.564897380374,70.0,243.564897380374,0.8290001011030799,0.7600345838617005,0.0,0.4033073568245333,1.0,1.0,2,1,1,0.6466344978249815,0.6466344978249815
agg_gcn_stable_search,4,4,1.0,1.0,176.06729626450615,70.0,246.06729626450615,0.8265346834832452,0.7575691662418659,0.0,0.3975752538099915,1.0,1.0,2,1,1,0.6921326593546574,0.6921326593546574
agg_gcn_stable_search,5,5,0.0,0.0,267.3877196098647,35.0,302.3877196098647,0.7365638230444683,0.7020810644237786,0.05904363117270415,0.19766827386432445,1.0,2.0,1,1,0,0.4331267120956578,0.43079745099877015
agg_gcn_stable_search,6,6,1.0,1.0,180.02138144661706,35.0,215.02138144661706,0.8226390330575202,0.7881562744368305,0.0,0.1944213499460273,1.0,1.0,1,0,1,0.7640251172112189,0.7640251172112189
agg_gcn_stable_search,7,7,0.0,0.0,252.15875358207566,35.0,287.15875358207563,0.7515677304610092,0.7170849718403196,0.008387133578431781,0.14835272737153923,1.0,2.0,1,1,0,0.31913033859241635,0.292352305291597
agg_gcn_stable_search,8,8,0.0,0.0,276.2526130439555,0.0,276.2526130439555,0.7278299378877285,0.7278299378877285,0.09588414875396929,0.09588414875396929,1.0,2.0,0,0,0,0.5183565141383406,0.5113873913086864
agg_gcn_stable_search,9,9,0.0,0.0,192.44797163691646,35.0,227.44797163691646,0.8103960870572252,0.7759133284365355,0.07751517094721283,0.2734799850337133,1.0,1.0,1,0,1,0.9899631206712082,0.9899631206712082
agg_gcn_stable_search,10,10,0.4523809523809524,0.4523809523809524,248.01029680410488,35.0,283.0102968041049,0.7556548799959558,0.7211721213752661,-0.0076992392746507154,0.13233739256253352,1.0,2.0,1,1,0,0.2557796670953177,0.2546390618554991
agg_gcn_stable_search,11,11,1.0,1.0,179.90524830627606,35.0,214.90524830627606,0.8227534499445557,0.788270691323866,0.0,0.1945468535771394,1.0,1.0,1,0,1,0.7619136055686556,0.7619136055686556
agg_gcn_stable_search,12,12,0.38095238095238093,0.38095238095238093,264.2550340121673,35.0,299.2550340121673,0.7396502127958944,0.7051674541752047,0.019888092560233717,0.15497003479473662,1.0,2.0,1,1,0,0.42179670854429124,0.4023184910197028
agg_gcn_stable_search,13,13,0.0,0.0,245.34160592096106,0.0,245.34160592096106,0.7582841320975754,0.7582841320975754,0.40957798284118413,0.40957798284118413,1.0,2.0,0,0,0,0.23441054517592083,0.23037823564510054
agg_gcn_stable_search,14,14,0.0,0.0,290.7784425560044,0.0,290.7784425560044,0.7135187758068923,0.7135187758068923,0.15465537030954715,0.15465537030954715,1.0,2.0,0,0,0,0.6540882543956383,0.6434403868727673
agg_gcn_stable_search,15,15,0.0,0.0,272.93247686527025,0.0,272.93247686527025,0.731101008014512,0.731101008014512,0.06677849125034514,0.06677849125034514,1.0,2.0,0,0,0,0.5034284395406334,0.48120433513882044
agg_gcn_stable_search,16,16,0.0,0.0,192.61102158326992,35.0,227.61102158326992,0.8102354467159902,0.7757526880953006,0.02235056577303389,0.20812534391358145,1.0,1.0,1,0,1,0.9929276651503619,0.9929276651503619
agg_gcn_stable_search,17,17,0.30952380952380953,0.30952380952380953,259.8702957944056,35.0,294.8702957944056,0.743970151926694,0.7094873933060043,0.015299904897575687,0.1520431081281934,1.0,2.0,1,1,0,0.4113768085095337,0.36245723449459666
agg_gcn_stable_search,18,18,0.0,0.0,261.1696764105344,0.0,261.1696764105344,0.7426899739797691,0.7426899739797691,0.4684808309166499,0.4684808309166499,1.0,2.0,0,0,0,0.39372314619654725,0.37426978555031254
agg_gcn_stable_search,19,19,0.0,0.0,273.35313149554645,0.0,273.35313149554645,0.7306865699551266,0.7306865699551266,0.11388050561888072,0.11388050561888072,1.0,2.0,0,0,0,0.5006046582719769,0.48502846814133177
agg_gcn_stable_search,20,20,1.0,1.0,180.73617318880252,105.0,285.7361731888025,0.8219348047400961,0.7184865288780271,0.0,0.5809573044921882,1.0,1.0,3,1,2,0.7770213307055002,0.7770213307055002
agg_gcn_stable_search,21,21,0.0,0.0,170.33211981348035,0.0,170.33211981348035,0.832185103632039,0.832185103632039,0.03459918655376684,0.03459918655376684,1.0,1.0,0,0,0,0.5878567238814607,0.5878567238814607
agg_gcn_stable_search,22,22,1.0,1.0,169.5450173651457,0.0,169.5450173651457,0.832960574024487,0.832960574024487,0.0,0.0,1.0,1.0,0,0,0,0.5735457702753763,0.5735457702753763
agg_gcn_stable_search,23,23,0.0,0.0,180.16188676754558,0.0,180.16188676754558,0.8225006041699058,0.8225006041699058,0.056407236969302964,0.056407236969302964,1.0,1.0,0,0,0,0.76657975940992,0.76657975940992
ml_gcn,0,0,0.0,0.0,285.7100269029952,0.0,285.7100269029952,0.718512288765522,0.718512288765522,0.5280800672616192,0.5280800672616192,1.0,2.0,0,0,0,0.6204621802810895,0.5973638809363198
ml_gcn,1,1,1.0,1.0,191.65209942027968,35.0,226.65209942027968,0.811180197615488,0.7766974389947984,0.0,0.18262257552027877,1.0,1.0,1,0,1,0.9754927167323577,0.9754927167323577
ml_gcn,2,2,0.0,0.42857142857142855,254.910701321758,35.0,289.910701321758,0.7488564518997458,0.7143736932790562,0.4641230002335554,0.6651514574244989,1.0,2.0,1,1,0,0.3357866447190312,0.3173700120159819
ml_gcn,3,3,0.0,0.0,177.11534869292888,35.0,212.11534869292888,0.8255021195143558,0.7910193608936662,0.020456044777152932,0.22210972318941957,1.0,1.0,1,0,1,0.7111881580532523,0.7111881580532523
ml_gcn,4,4,1.0,1.0,176.06729626450615,0.0,176.06729626450615,0.8265346834832452,0.8265346834832452,0.0,0.0,1.0,1.0,0,0,0,0.6921326593546574,0.6921326593546574
ml_gcn,5,5,0.0,0.0,284.5048268990686,35.0,319.5048268990686,0.7196996779319521,0.6852169193112625,0.12683942779784751,0.2654640704894678,1.0,2.0,1,1,0,0.5983937136403221,0.5864075172642595
ml_gcn,6,6,1.0,1.0,180.02138144661706,35.0,215.02138144661706,0.8226390330575202,0.7881562744368305,0.0,0.1944213499460273,1.0,1.0,1,0,1,0.7640251172112189,0.7640251172112189
ml_gcn,7,7,0.0,0.0,314.80171712399056,105.0,419.80171712399056,0.6898505250009945,0.5864022491389256,0.25889740755283486,0.6787941889321576,1.0,2.0,3,2,1,0.8762848150107946,0.8618337920362776
ml_gcn,8,8,0.5714285714285714,0.47619047619047616,255.86907575231115,70.0,325.8690757523111,0.7479122406381171,0.6789467233967378,0.015023391755829464,0.2927108661565582,1.0,2.0,2,1,1,0.34030577387636696,0.32608250683919227
ml_gcn,9,9,1.0,1.0,178.60349146429274,35.0,213.60349146429274,0.8240359690006968,0.7895532103800071,0.0,0.19596481408650046,1.0,1.0,1,0,1,0.7382452993507773,0.7382452993507773
ml_gcn,10,10,0.5714285714285714,0.4523809523809524,249.7062757597068,105.0,354.70627575970684,0.7539839647687617,0.6505356889066928,-0.0009135484001010085,0.4191963471114518,1.0,2.0,3,2,1,0.3252370457297692,0.27005705236097094
ml_gcn,11,11,0.0,0.0,270.0085887119038,70.0,340.0085887119038,0.7339816859981243,0.665016168756745,0.5008377535058518,0.8899314606601307,1.0,2.0,2,1,1,0.4668375328948477,0.45462353374458064
ml_gcn,12,12,0.0,0.0,270.6248080318993,70.0,340.6248080318993,0.7333745733675869,0.6644090561262076,0.04447213387967018,0.31463601834867594,1.0,2.0,2,1,1,0.4691361598589542,0.4602255275627209
ml_gcn,13,13,1.0,1.0,174.05323359722445,105.0,279.05323359722445,0.8285189816776114,0.7250707058155424,0.0,0.6032637132325842,1.0,1.0,3,1,2,0.6555133381313537,0.6555133381313537
ml_gcn,14,14,0.0,0.0,268.4820143429098,105.0,373.4820143429098,0.7354857001547687,0.6320374242926997,0.06611823410140989,0.48306390867338805,1.0,2.0,3,2,1,0.46133359618096415,0.4407455849355436
ml_gcn,15,15,0.0,0.40476190476190477,261.11960423611237,70.0,331.11960423611237,0.7427393061713179,0.6737737889299387,0.02060693048410396,0.2942075486486704,1.0,2.0,2,1,1,0.4088102922968646,0.3738145839646578
ml_gcn,16,16,1.0,1.0,188.40017116597397,105.0,293.400171165974,0.8143840678167744,0.7109357919547055,0.0,0.5573243344216426,1.0,1.0,3,1,2,0.9163667484722542,0.9163667484722542
ml_gcn,17,17,0.0,0.2619047619047619,295.6376045950517,105.0,400.6376045950517,0.708731424044284,0.6052831481822151,0.1550409442215475,0.5652705539134006,1.0,2.0,3,2,1,0.6984330700884385,0.6876145872277428
ml_gcn,18,18,0.0,0.0,266.9749899373887,70.0,336.9749899373887,0.7369704532636564,0.6680049360222771,0.5011224137711855,0.8947119743087704,1.0,2.0,2,1,1,0.4374817900971578,0.42704536306717056
ml_gcn,19,19,0.0,0.40476190476190477,258.8009464498869,140.0,398.8009464498869,0.7450236980789292,0.6070926635961706,0.05458213523682108,0.625064975266711,1.0,2.0,4,2,2,0.3653533273129088,0.35273587681715357
ml_gcn,20,20,1.0,1.0,180.73617318880252,105.0,285.7361731888025,0.8219348047400961,0.7184865288780271,0.0,0.5809573044921882,1.0,1.0,3,1,2,0.7770213307055002,0.7770213307055002
ml_gcn,21,21,0.0,0.0,170.33211981348035,0.0,170.33211981348035,0.832185103632039,0.832185103632039,0.03459918655376684,0.03459918655376684,1.0,1.0,0,0,0,0.5878567238814607,0.5878567238814607
ml_gcn,22,22,1.0,1.0,169.5450173651457,0.0,169.5450173651457,0.832960574024487,0.832960574024487,0.0,0.0,1.0,1.0,0,0,0,0.5735457702753763,0.5735457702753763
ml_gcn,23,23,0.0,0.0,180.16188676754558,0.0,180.16188676754558,0.8225006041699058,0.8225006041699058,0.056407236969302964,0.056407236969302964,1.0,1.0,0,0,0,0.76657975940992,0.76657975940992
ml_gcn_pruned,0,0,0.0,0.0,254.23089045645398,0.0,254.23089045645398,0.7495262162990601,0.7495262162990601,0.3597183144033609,0.3597183144033609,1.0,2.0,0,0,0,0.3122418550502287,0.3111899132404907
ml_gcn_pruned,1,1,1.0,1.0,191.65209942027968,105.0,296.6520994202797,0.811180197615488,0.707731921753419,0.0,0.5478677265608363,1.0,1.0,3,1,2,0.9754927167323577,0.9754927167323577
ml_gcn_pruned,2,2,0.5,0.5,248.72394495640282,105.0,353.7239449564028,0.754951778368076,0.651503502506007,0.42858831202945247,1.0316736836022833,1.0,2.0,3,2,1,0.2798750859769187,0.26112677233093473
ml_gcn_pruned,3,3,0.0,0.0,177.11534869292888,105.0,282.1153486929289,0.8255021195143558,0.7220538436522869,0.020456044777152932,0.6254170800139529,1.0,1.0,3,1,2,0.7111881580532523,0.7111881580532523
ml_gcn_pruned,4,4,1.0,1.0,176.06729626450615,0.0,176.06729626450615,0.8265346834832452,0.8265346834832452,0.0,0.0,1.0,1.0,0,0,0,0.6921326593546574,0.6921326593546574
ml_gcn_pruned,5,5,0.0,0.0,260.33006691006136,105.0,365.33006691006136,0.7435171754580677,0.6400688995959987,0.03109035735122456,0.44696428542608546,1.0,2.0,3,2,1,0.39110935442440425,0.36663697190964883
ml_gcn_pruned,6,6,1.0,1.0,180.02138144661706,105.0,285.02138144661706,0.8226390330575202,0.7191907571954512,0.0,0.5832640498380819,1.0,1.0,3,1,2,0.7640251172112189,0.7640251172112189
ml_gcn_pruned,7,7,0.0,0.0,253.4789921583784,35.0,288.4789921583784,0.7502670027996272,0.7157842441789376,0.013666790043596876,0.15363238383670447,1.0,2.0,1,1,0,0.31489047957158917,0.30435447416707617
ml_gcn_pruned,8,8,0.47619047619047616,0.47619047619047616,255.86907575231115,70.0,325.8690757523111,0.7479122406381171,0.6789467233967378,0.015023391755829464,0.2927108661565582,1.0,2.0,2,1,1,0.34030577387636696,0.32608250683919227
ml_gcn_pruned,9,9,1.0,1.0,178.60349146429274,35.0,213.60349146429274,0.8240359690006968,0.7895532103800071,0.0,0.19596481408650046,1.0,1.0,1,0,1,0.7382452993507773,0.7382452993507773
ml_gcn_pruned,10,10,0.4523809523809524,0.4523809523809524,249.7062757597068,105.0,354.70627575970684,0.7539839647687617,0.6505356889066928,-0.0009135484001010085,0.4191963471114518,1.0,2.0,3,2,1,0.3252370457297692,0.27005705236097094
ml_gcn_pruned,11,11,1.0,1.0,179.90524830627606,35.0,214.90524830627606,0.8227534499445557,0.788270691323866,0.0,0.1945468535771394,1.0,1.0,1,0,1,0.7619136055686556,0.7619136055686556
ml_gcn_pruned,12,12,0.0,0.0,267.76796973908023,35.0,302.76796973908023,0.7361891923752905,0.7017064337546008,0.03344621201555868,0.16852815425006157,1.0,2.0,1,1,0,0.4345533707449266,0.4342542703552748
ml_gcn_pruned,13,13,1.0,1.0,174.05323359722445,35.0,209.05323359722445,0.8285189816776114,0.7940362230569217,0.0,0.2010879044108614,1.0,1.0,1,0,1,0.6555133381313537,0.6555133381313537
ml_gcn_pruned,14,14,0.0,0.0,268.4820143429098,105.0,373.4820143429098,0.7354857001547687,0.6320374242926997,0.06611823410140989,0.48306390867338805,1.0,2.0,3,2,1,0.46133359618096415,0.4407455849355436
ml_gcn_pruned,15,15,0.40476190476190477,0.40476190476190477,261.11960423611237,70.0,331.11960423611237,0.7427393061713179,0.6737737889299387,0.02060693048410396,0.2942075486486704,1.0,2.0,2,1,1,0.4088102922968646,0.3738145839646578
ml_gcn_pruned,16,16,1.0,1.0,188.40017116597397,105.0,293.400171165974,0.8143840678167744,0.7109357919547055,0.0,0.5573243344216426,1.0,1.0,3,1,2,0.9163667484722542,0.9163667484722542
ml_gcn_pruned,17,17,0.3333333333333333,0.3333333333333333,268.64766767359976,35.0,303.64766767359976,0.7353224949028574,0.7008397362821678,0.04959264623207159,0.18633584946268933,1.0,2.0,1,1,0,0.4505713991538692,0.44225152430545217
ml_gcn_pruned,18,18,0.0,0.0,184.85616534591017,105.0,289.8561653459102,0.817875699166591,0.714427423304522,0.039392241159427376,0.6297765819658049,1.0,1.0,3,1,2,0.8519302790165485,0.8519302790165485
ml_gcn_pruned,19,19,0.40476190476190477,0.40476190476190477,258.8009464498869,105.0,363.8009464498869,0.7450236980789292,0.6415754222168603,0.05458213523682108,0.48244426525923856,1.0,2.0,3,2,1,0.3653533273129088,0.35273587681715357
ml_gcn_pruned,20,20,1.0,1.0,180.73617318880252,105.0,285.7361731888025,0.8219348047400961,0.7184865288780271,0.0,0.5809573044921882,1.0,1.0,3,1,2,0.7770213307055002,0.7770213307055002
ml_gcn_pruned,21,21,0.0,0.0,170.33211981348035,0.0,170.33211981348035,0.832185103632039,0.832185103632039,0.03459918655376684,0.03459918655376684,1.0,1.0,0,0,0,0.5878567238814607,0.5878567238814607
ml_gcn_pruned,22,22,1.0,1.0,169.5450173651457,0.0,169.5450173651457,0.832960574024487,0.832960574024487,0.0,0.0,1.0,1.0,0,0,0,0.5735457702753763,0.5735457702753763
ml_gcn_pruned,23,23,0.0,0.0,180.16188676754558,0.0,180.16188676754558,0.8225006041699058,0.8225006041699058,0.056407236969302964,0.056407236969302964,1.0,1.0,0,0,0,0.76657975940992,0.76657975940992
ml_gcn_stable,0,0,0.0,0.0,254.23089045645398,0.0,254.23089045645398,0.7495262162990601,0.7495262162990601,0.3597183144033609,0.3597183144033609,1.0,2.0,0,0,0,0.3122418550502287,0.3111899132404907
ml_gcn_stable,1,1,0.0,0.0,191.90871223417832,35.0,226.90871223417832,0.8109273771091839,0.7764446184884942,0.001338951228162168,0.18396152674844093,1.0,1.0,1,0,1,0.9801584042577878,0.9801584042577878
ml_gcn_stable,2,2,1.0,1.0,174.1047038268608,0.0,174.1047038268608,0.8284682720917628,0.8284682720917628,0.0,0.0,1.0,1.0,0,0,0,0.656449160488378,0.656449160488378
ml_gcn_stable,3,3,0.0,0.0,177.11534869292888,70.0,247.11534869292888,0.8255021195143558,0.7565366022729766,0.020456044777152932,0.42376340160168624,1.0,1.0,2,1,1,0.7111881580532523,0.7111881580532523
ml_gcn_stable,4,4,1.0,1.0,176.06729626450615,0.0,176.06729626450615,0.8265346834832452,0.8265346834832452,0.0,0.0,1.0,1.0,0,0,0,0.6921326593546574,0.6921326593546574
ml_gcn_stable,5,5,0.0,0.0,284.5048268990686,35.0,319.5048268990686,0.7196996779319521,0.6852169193112625,0.12683942779784751,0.2654640704894678,1.0,2.0,1,1,0,0.5983937136403221,0.5864075172642595
ml_gcn_stable,6,6,1.0,1.0,180.02138144661706,35.0,215.02138144661706,0.8226390330575202,0.7881562744368305,0.0,0.1944213499460273,1.0,1.0,1,0,1,0.7640251172112189,0.7640251172112189
ml_gcn_stable,7,7,0.0,0.0,253.4789921583784,35.0,288.4789921583784,0.7502670027996272,0.7157842441789376,0.013666790043596876,0.15363238383670447,1.0,2.0,1,1,0,0.31489047957158917,0.30435447416707617
ml_gcn_stable,8,8,0.38095238095238093,0.38095238095238093,259.26905450226366,0.0,259.26905450226366,0.7445625078795431,0.7445625078795431,0.028510984785693173,0.028510984785693173,1.0,2.0,0,0,0,0.374905934795567,0.35699140456603295
ml_gcn_stable,9,9,0.0,0.0,192.44797163691646,35.0,227.44797163691646,0.8103960870572252,0.7759133284365355,0.07751517094721283,0.2734799850337133,1.0,1.0,1,0,1,0.9899631206712082,0.9899631206712082
ml_gcn_stable,10,10,0.4523809523809524,0.4523809523809524,249.7062757597068,35.0,284.70627575970684,0.7539839647687617,0.7195012061480721,-0.0009135484001010085,0.13912308343708335,1.0,2.0,1,1,0,0.3252370457297692,0.27005705236097094
ml_gcn_stable,11,11,1.0,1.0,179.90524830627606,35.0,214.90524830627606,0.8227534499445557,0.788270691323866,0.0,0.1945468535771394,1.0,1.0,1,0,1,0.7619136055686556,0.7619136055686556
ml_gcn_stable,12,12,0.0,0.0,270.6248080318993,35.0,305.6248080318993,0.7333745733675869,0.6988918147468972,0.04447213387967018,0.17955407611417307,1.0,2.0,1,1,0,0.4691361598589542,0.4602255275627209
ml_gcn_stable,13,13,1.0,1.0,174.05323359722445,105.0,279.05323359722445,0.8285189816776114,0.7250707058155424,0.0,0.6032637132325842,1.0,1.0,3,1,2,0.6555133381313537,0.6555133381313537
ml_gcn_stable,14,14,0.38095238095238093,0.38095238095238093,262.0576991549243,35.0,297.0576991549243,0.7418150747242125,0.7073323161035229,0.040607849056480246,0.17958974058047297,1.0,2.0,1,1,0,0.40015273319645317,0.38234271959022104
ml_gcn_stable,15,15,0.40476190476190477,0.40476190476190477,281.56183870430795,70.0,351.56183870430795,0.722599173690337,0.6536336564489577,0.10050704458643706,0.3741076627510035,1.0,2.0,2,1,1,0.6083921121071549,0.5596530791300722
ml_gcn_stable,16,16,1.0,1.0,188.40017116597397,35.0,223.40017116597397,0.8143840678167744,0.7799013091960848,0.0,0.18577477814054755,1.0,1.0,1,0,1,0.9163667484722542,0.9163667484722542
ml_gcn_stable,17,17,0.3333333333333333,0.3333333333333333,268.64766767359976,35.0,303.64766767359976,0.7353224949028574,0.7008397362821678,0.04959264623207159,0.18633584946268933,1.0,2.0,1,1,0,0.4505713991538692,0.44225152430545217
ml_gcn_stable,18,18,0.0,0.0,184.85616534591017,105.0,289.8561653459102,0.817875699166591,0.714427423304522,0.039392241159427376,0.6297765819658049,1.0,1.0,3,1,2,0.8519302790165485,0.8519302790165485
ml_gcn_stable,19,19,0.3333333333333333,0.3333333333333333,266.6804685512358,35.0,301.6804685512358,0.737260622117009,0.7027778634963194,0.08669022199721957,0.22931093200469208,1.0,2.0,1,1,0,0.44368915590735697,0.42436789592032553
ml_gcn_stable,20,20,1.0,1.0,180.73617318880252,105.0,285.7361731888025,0.8219348047400961,0.7184865288780271,0.0,0.5809573044921882,1.0,1.0,3,1,2,0.7770213307055002,0.7770213307055002
ml_gcn_stable,21,21,0.0,0.0,170.33211981348035,0.0,170.33211981348035,0.832185103632039,0.832185103632039,0.03459918655376684,0.03459918655376684,1.0,1.0,0,0,0,0.5878567238814607,0.5878567238814607
ml_gcn_stable,22,22,1.0,1.0,169.5450173651457,0.0,169.5450173651457,0.832960574024487,0.832960574024487,0.0,0.0,1.0,1.0,0,0,0,0.5735457702753763,0.5735457702753763
ml_gcn_stable,23,23,0.0,0.0,180.16188676754558,0.0,180.16188676754558,0.8225006041699058,0.8225006041699058,0.056407236969302964,0.056407236969302964,1.0,1.0,0,0,0,0.76657975940992,0.76657975940992
ml_gcn_search,0,0,1.0,1.0,186.97320449641035,0.0,186.97320449641035,0.8157899463089554,0.8157899463089554,0.0,0.0,1.0,1.0,0,0,0,0.8904218999347335,0.8904218999347335
ml_gcn_search,1,1,1.0,1.0,191.65209942027968,70.0,261.6520994202797,0.811180197615488,0.7422146803741086,0.0,0.36524515104055755,1.0,1.0,2,1,1,0.9754927167323577,0.9754927167323577
ml_gcn_search,2,2,1.0,1.0,174.1047038268608,70.0,244.1047038268608,0.8284682720917628,0.7595027548503834,0.0,0.4020569143818872,1.0,1.0,2,1,1,0.656449160488378,0.656449160488378
ml_gcn_search,3,3,1.0,1.0,173.564897380374,70.0,243.564897380374,0.8290001011030799,0.7600345838617005,0.0,0.4033073568245333,1.0,1.0,2,1,1,0.6466344978249815,0.6466344978249815
ml_gcn_search,4,4,1.0,1.0,176.06729626450615,70.0,246.06729626450615,0.8265346834832452,0.7575691662418659,0.0,0.3975752538099915,1.0,1.0,2,1,1,0.6921326593546574,0.6921326593546574
ml_gcn_search,5,5,0.9523809523809523,0.9523809523809523,252.86865688850207,105.0,357.8686568885021,0.7508683183364512,0.6474200424743822,0.0015379202593865243,0.4174118483342474,1.0,2.0,3,2,1,0.3019034940588897,0.2988059717136551
ml_gcn_search,6,6,1.0,1.0,180.02138144661706,105.0,285.02138144661706,0.8226390330575202,0.7191907571954512,0.0,0.5832640498380819,1.0,1.0,3,1,2,0.7640251172112189,0.7640251172112189
ml_gcn_search,7,7,0.9761904761904762,0.9761904761904762,249.55296097731113,105.0,354.55296097731116,0.754135013815457,0.650686737953388,-0.002033475256641249,0.4178633061226816,1.0,2.0,3,2,1,0.28461390941452863,0.26866328161191944
ml_gcn_search,8,8,0.9523809523809523,0.9523809523809523,251.83408613653603,140.0,391.83408613653603,0.7518875998654817,0.6139565653827231,-0.000983266467567106,0.5543916823338907,1.0,2.0,4,2,2,0.2904530843369775,0.28940078305941863
ml_gcn_search,9,9,1.0,1.0,178.60349146429274,105.0,283.60349146429274,0.8240359690006968,0.7205876931386278,0.0,0.5878944422595014,1.0,1.0,3,1,2,0.7382452993507773,0.7382452993507773
ml_gcn_search,10,10,0.4523809523809524,0.4523809523809524,248.01029680410488,105.0,353.0102968041049,0.7556548799959558,0.6522066041338869,-0.0076992392746507154,0.412410656236902,1.0,2.0,3,2,1,0.2557796670953177,0.2546390618554991
ml_gcn_search,11,11,1.0,1.0,179.90524830627606,35.0,214.90524830627606,0.8227534499445557,0.788270691323866,0.0,0.1945468535771394,1.0,1.0,1,0,1,0.7619136055686556,0.7619136055686556
ml_gcn_search,12,12,0.47619047619047616,0.47619047619047616,259.0974457865323,105.0,364.0974457865323,0.7447315805058795,0.6412833046438106,-1.7537004468476904e-05,0.4052282896990402,1.0,2.0,3,2,1,0.3711386052715675,0.3554313253321118
ml_gcn_search,13,13,1.0,1.0,174.05323359722445,105.0,279.05323359722445,0.8285189816776114,0.7250707058155424,0.0,0.6032637132325842,1.0,1.0,3,1,2,0.6555133381313537,0.6555133381313537
ml_gcn_search,14,14,0.0,0.0,256.4016218878088,105.0,361.4016218878088,0.747387564642553,0.6439392887804839,0.01814806856534972,0.43509374313732785,1.0,2.0,3,2,1,0.3415196625906054,0.3309238353437167
ml_gcn_search,15,15,0.0,0.0,257.1130532638936,140.0,397.1130532638936,0.7466866470306467,0.6087556125478881,0.0049470044454340495,0.5521482407745669,1.0,2.0,4,2,2,0.35242336548326275,0.33739139330812384
ml_gcn_search,16,16,1.0,1.0,188.40017116597397,35.0,223.40017116597397,0.8143840678167744,0.7799013091960848,0.0,0.18577477814054755,1.0,1.0,1,0,1,0.9163667484722542,0.9163667484722542
ml_gcn_search,17,17,0.30952380952380953,0.30952380952380953,259.8702957944056,35.0,294.8702957944056,0.743970151926694,0.7094873933060043,0.015299904897575687,0.1520431081281934,1.0,2.0,1,1,0,0.4113768085095337,0.36245723449459666
ml_gcn_search,18,18,1.0,1.0,177.85024558169275,105.0,282.8502455816928,0.8247780831707461,0.721329807308677,0.0,0.5903843408063775,1.0,1.0,3,1,2,0.724549919667141,0.724549919667141
ml_gcn_search,19,19,1.0,1.0,245.40615453510367,105.0,350.40615453510367,0.7582205374038387,0.6547722615417697,0.0,0.42786213002241746,1.0,2.0,3,2,1,0.25425636704082505,0.23096504122821515
ml_gcn_search,20,20,1.0,1.0,180.73617318880252,105.0,285.7361731888025,0.8219348047400961,0.7184865288780271,0.0,0.5809573044921882,1.0,1.0,3,1,2,0.7770213307055002,0.7770213307055002
ml_gcn_search,21,21,1.0,1.0,164.6358532146675,70.0,234.6358532146675,0.8377971889510666,0.7688316717096872,0.0,0.42518077704938007,1.0,1.0,2,1,1,0.4842882402666816,0.4842882402666816
ml_gcn_search,22,22,1.0,1.0,169.5450173651457,70.0,239.5450173651457,0.832960574024487,0.7639950567831078,0.0,0.4128696973101982,1.0,1.0,2,1,1,0.5735457702753763,0.5735457702753763
ml_gcn_search,23,23,1.0,1.0,170.54207928791453,70.0,240.54207928791453,0.8319782470069809,0.7630127297656015,0.0,0.41045588450826725,1.0,1.0,2,1,1,0.5916741688711734,0.5916741688711734
ml_gcn_stable_search,0,0,1.0,1.0,186.97320449641035,0.0,186.97320449641035,0.8157899463089554,0.8157899463089554,0.0,0.0,1.0,1.0,0,0,0,0.8904218999347335,0.8904218999347335
ml_gcn_stable_search,1,1,1.0,1.0,191.65209942027968,70.0,261.6520994202797,0.811180197615488,0.7422146803741086,0.0,0.36524515104055755,1.0,1.0,2,1,1,0.9754927167323577,0.9754927167323577
ml_gcn_stable_search,2,2,1.0,1.0,174.1047038268608,70.0,244.1047038268608,0.8284682720917628,0.7595027548503834,0.0,0.4020569143818872,1.0,1.0,2,1,1,0.656449160488378,0.656449160488378
ml_gcn_stable_search,3,3,1.0,1.0,173.564897380374,70.0,243.564897380374,0.8290001011030799,0.7600345838617005,0.0,0.4033073568245333,1.0,1.0,2,1,1,0.6466344978249815,0.6466344978249815
ml_gcn_stable_search,4,4,1.0,1.0,176.06729626450615,70.0,246.06729626450615,0.8265346834832452,0.7575691662418659,0.0,0.3975752538099915,1.0,1.0,2,1,1,0.6921326593546574,0.6921326593546574
ml_gcn_stable_search,5,5,0.0,0.0,267.3877196098647,35.0,302.3877196098647,0.7365638230444683,0.7020810644237786,0.05904363117270415,0.19766827386432445,1.0,2.0,1,1,0,0.4331267120956578,0.43079745099877015
ml_gcn_stable_search,6,6,1.0,1.0,180.02138144661706,35.0,215.02138144661706,0.8226390330575202,0.7881562744368305,0.0,0.1944213499460273,1.0,1.0,1,0,1,0.7640251172112189,0.7640251172112189
ml_gcn_stable_search,7,7,0.0,0.0,252.15875358207566,35.0,287.15875358207563,0.7515677304610092,0.7170849718403196,0.008387133578431781,0.14835272737153923,1.0,2.0,1,1,0,0.31913033859241635,0.292352305291597
ml_gcn_stable_search,8,8,0.0,0.0,276.2526130439555,0.0,276.2526130439555,0.7278299378877285,0.7278299378877285,0.09588414875396929,0.09588414875396929,1.0,2.0,0,0,0,0.5183565141383406,0.5113873913086864
ml_gcn_stable_search,9,9,0.0,0.0,192.44797163691646,35.0,227.44797163691646,0.8103960870572252,0.7759133284365355,0.07751517094721283,0.2734799850337133,1.0,1.0,1,0,1,0.9899631206712082,0.9899631206712082
ml_gcn_stable_search,10,10,0.4523809523809524,0.4523809523809524,248.01029680410488,35.0,283.0102968041049,0.7556548799959558,0.7211721213752661,-0.0076992392746507154,0.13233739256253352,1.0,2.0,1,1,0,0.2557796670953177,0.2546390618554991
ml_gcn_stable_search,11,11,1.0,1.0,179.90524830627606,35.0,214.90524830627606,0.8227534499445557,0.788270691323866,0.0,0.1945468535771394,1.0,1.0,1,0,1,0.7619136055686556,0.7619136055686556
ml_gcn_stable_search,12,12,0.38095238095238093,0.38095238095238093,264.2550340121673,35.0,299.2550340121673,0.7396502127958944,0.7051674541752047,0.019888092560233717,0.15497003479473662,1.0,2.0,1,1,0,0.42179670854429124,0.4023184910197028
ml_gcn_stable_search,13,13,0.0,0.0,245.34160592096106,0.0,245.34160592096106,0.7582841320975754,0.7582841320975754,0.40957798284118413,0.40957798284118413,1.0,2.0,0,0,0,0.23441054517592083,0.23037823564510054
ml_gcn_stable_search,14,14,0.0,0.0,285.9071325759216,0.0,285.9071325759216,0.7183180959843136,0.7183180959843136,0.13531183101721542,0.13531183101721542,1.0,2.0,0,0,0,0.6359121273628859,0.5991557506901963
ml_gcn_stable_search,15,15,0.0,0.0,272.93247686527025,0.0,272.93247686527025,0.731101008014512,0.731101008014512,0.06677849125034514,0.06677849125034514,1.0,2.0,0,0,0,0.5034284395406334,0.48120433513882044
ml_gcn_stable_search,16,16,0.0,0.0,192.61102158326992,35.0,227.61102158326992,0.8102354467159902,0.7757526880953006,0.02235056577303389,0.20812534391358145,1.0,1.0,1,0,1,0.9929276651503619,0.9929276651503619
ml_gcn_stable_search,17,17,0.30952380952380953,0.30952380952380953,259.8702957944056,35.0,294.8702957944056,0.743970151926694,0.7094873933060043,0.015299904897575687,0.1520431081281934,1.0,2.0,1,1,0,0.4113768085095337,0.36245723449459666
ml_gcn_stable_search,18,18,0.0,0.0,258.08689741998523,0.0,258.08689741998523,0.7457271946601131,0.7457271946601131,0.4511472648005821,0.4511472648005821,1.0,2.0,0,0,0,0.36071953192118467,0.3462445219998659
ml_gcn_stable_search,19,19,0.0,0.0,276.6410500194864,0.0,276.6410500194864,0.727447241360112,0.727447241360112,0.12727837059976743,0.12727837059976743,1.0,2.0,0,0,0,0.521888523133974,0.5149186365407855
ml_gcn_stable_search,20,20,1.0,1.0,180.73617318880252,105.0,285.7361731888025,0.8219348047400961,0.7184865288780271,0.0,0.5809573044921882,1.0,1.0,3,1,2,0.7770213307055002,0.7770213307055002
ml_gcn_stable_search,21,21,0.0,0.0,170.33211981348035,0.0,170.33211981348035,0.832185103632039,0.832185103632039,0.03459918655376684,0.03459918655376684,1.0,1.0,0,0,0,0.5878567238814607,0.5878567238814607
ml_gcn_stable_search,22,22,1.0,1.0,169.5450173651457,0.0,169.5450173651457,0.832960574024487,0.832960574024487,0.0,0.0,1.0,1.0,0,0,0,0.5735457702753763,0.5735457702753763
ml_gcn_stable_search,23,23,0.0,0.0,180.16188676754558,0.0,180.16188676754558,0.8225006041699058,0.8225006041699058,0.056407236969302964,0.056407236969302964,1.0,1.0,0,0,0,0.76657975940992,0.76657975940992
attn_ml_gcn,0,0,0.0,0.0,285.7100269029952,0.0,285.7100269029952,0.718512288765522,0.718512288765522,0.5280800672616192,0.5280800672616192,1.0,2.0,0,0,0,0.6204621802810895,0.5973638809363198
attn_ml_gcn,1,1,1.0,1.0,191.65209942027968,35.0,226.65209942027968,0.811180197615488,0.7766974389947984,0.0,0.18262257552027877,1.0,1.0,1,0,1,0.9754927167323577,0.9754927167323577
attn_ml_gcn,2,2,0.0,0.42857142857142855,254.910701321758,35.0,289.910701321758,0.7488564518997458,0.7143736932790562,0.4641230002335554,0.6651514574244989,1.0,2.0,1,1,0,0.3357866447190312,0.3173700120159819
attn_ml_gcn,3,3,0.0,0.0,177.11534869292888,35.0,212.11534869292888,0.8255021195143558,0.7910193608936662,0.020456044777152932,0.22210972318941957,1.0,1.0,1,0,1,0.7111881580532523,0.7111881580532523
attn_ml_gcn,4,4,1.0,1.0,176.06729626450615,0.0,176.06729626450615,0.8265346834832452,0.8265346834832452,0.0,0.0,1.0,1.0,0,0,0,0.6921326593546574,0.6921326593546574
attn_ml_gcn,5,5,0.0,0.0,284.5048268990686,35.0,319.5048268990686,0.7196996779319521,0.6852169193112625,0.12683942779784751,0.2654640704894678,1.0,2.0,1,1,0,0.5983937136403221,0.5864075172642595
attn_ml_gcn,6,6,1.0,1.0,180.02138144661706,35.0,215.02138144661706,0.8226390330575202,0.7881562744368305,0.0,0.1944213499460273,1.0,1.0,1,0,1,0.7640251172112189,0.7640251172112189
attn_ml_gcn,7,7,0.0,0.0,314.80171712399056,105.0,419.80171712399056,0.6898505250009945,0.5864022491389256,0.25889740755283486,0.6787941889321576,1.0,2.0,3,2,1,0.8762848150107946,0.8618337920362776
attn_ml_gcn,8,8,0.5714285714285714,0.47619047619047616,255.86907575231115,70.0,325.8690757523111,0.7479122406381171,0.6789467233967378,0.015023391755829464,0.2927108661565582,1.0,2.0,2,1,1,0.34030577387636696,0.32608250683919227
attn_ml_gcn,9,9,1.0,1.0,178.60349146429274,35.0,213.60349146429274,0.8240359690006968,0.7895532103800071,0.0,0.19596481408650046,1.0,1.0,1,0,1,0.7382452993507773,0.7382452993507773
attn_ml_gcn,10,10,0.5714285714285714,0.4523809523809524,249.7062757597068,105.0,354.70627575970684,0.7539839647687617,0.6505356889066928,-0.0009135484001010085,0.4191963471114518,1.0,2.0,3,2,1,0.3252370457297692,0.27005705236097094
attn_ml_gcn,11,11,0.0,0.0,270.0085887119038,70.0,340.0085887119038,0.7339816859981243,0.665016168756745,0.5008377535058518,0.8899314606601307,1.0,2.0,2,1,1,0.4668375328948477,0.45462353374458064
attn_ml_gcn,12,12,0.0,0.0,270.6248080318993,70.0,340.6248080318993,0.7333745733675869,0.6644090561262076,0.04447213387967018,0.31463601834867594,1.0,2.0,2,1,1,0.4691361598589542,0.4602255275627209
attn_ml_gcn,13,13,1.0,1.0,174.05323359722445,105.0,279.05323359722445,0.8285189816776114,0.7250707058155424,0.0,0.6032637132325842,1.0,1.0,3,1,2,0.6555133381313537,0.6555133381313537
attn_ml_gcn,14,14,0.0,0.0,268.4820143429098,105.0,373.4820143429098,0.7354857001547687,0.6320374242926997,0.06611823410140989,0.48306390867338805,1.0,2.0,3,2,1,0.46133359618096415,0.4407455849355436
attn_ml_gcn,15,15,0.0,0.40476190476190477,261.11960423611237,70.0,331.11960423611237,0.7427393061713179,0.6737737889299387,0.02060693048410396,0.2942075486486704,1.0,2.0,2,1,1,0.4088102922968646,0.3738145839646578
attn_ml_gcn,16,16,1.0,1.0,188.40017116597397,105.0,293.400171165974,0.8143840678167744,0.7109357919547055,0.0,0.5573243344216426,1.0,1.0,3,1,2,0.9163667484722542,0.9163667484722542
attn_ml_gcn,17,17,0.0,0.2619047619047619,295.6376045950517,105.0,400.6376045950517,0.708731424044284,0.6052831481822151,0.1550409442215475,0.5652705539134006,1.0,2.0,3,2,1,0.6984330700884385,0.6876145872277428
attn_ml_gcn,18,18,0.0,0.0,266.9749899373887,70.0,336.9749899373887,0.7369704532636564,0.6680049360222771,0.5011224137711855,0.8947119743087704,1.0,2.0,2,1,1,0.4374817900971578,0.42704536306717056
attn_ml_gcn,19,19,0.0,0.40476190476190477,258.8009464498869,140.0,398.8009464498869,0.7450236980789292,0.6070926635961706,0.05458213523682108,0.625064975266711,1.0,2.0,4,2,2,0.3653533273129088,0.35273587681715357
attn_ml_gcn,20,20,1.0,1.0,180.73617318880252,105.0,285.7361731888025,0.8219348047400961,0.7184865288780271,0.0,0.5809573044921882,1.0,1.0,3,1,2,0.7770213307055002,0.7770213307055002
attn_ml_gcn,21,21,0.0,0.0,170.33211981348035,0.0,170.33211981348035,0.832185103632039,0.832185103632039,0.03459918655376684,0.03459918655376684,1.0,1.0,0,0,0,0.5878567238814607,0.5878567238814607
attn_ml_gcn,22,22,1.0,1.0,169.5450173651457,0.0,169.5450173651457,0.832960574024487,0.832960574024487,0.0,0.0,1.0,1.0,0,0,0,0.5735457702753763,0.5735457702753763
attn_ml_gcn,23,23,0.0,0.0,180.16188676754558,0.0,180.16188676754558,0.8225006041699058,0.8225006041699058,0.056407236969302964,0.056407236969302964,1.0,1.0,0,0,0,0.76657975940992,0.76657975940992
attn_ml_gcn_pruned,0,0,0.0,0.0,254.23089045645398,0.0,254.23089045645398,0.7495262162990601,0.7495262162990601,0.3597183144033609,0.3597183144033609,1.0,2.0,0,0,0,0.3122418550502287,0.3111899132404907
attn_ml_gcn_pruned,1,1,1.0,1.0,191.65209942027968,105.0,296.6520994202797,0.811180197615488,0.707731921753419,0.0,0.5478677265608363,1.0,1.0,3,1,2,0.9754927167323577,0.9754927167323577
attn_ml_gcn_pruned,2,2,0.42857142857142855,0.42857142857142855,254.910701321758,35.0,289.910701321758,0.7488564518997458,0.7143736932790562,0.4641230002335554,0.6651514574244989,1.0,2.0,1,1,0,0.3357866447190312,0.3173700120159819
attn_ml_gcn_pruned,3,3,0.0,0.0,177.11534869292888,35.0,212.11534869292888,0.8255021195143558,0.7910193608936662,0.020456044777152932,0.22210972318941957,1.0,1.0,1,0,1,0.7111881580532523,0.7111881580532523
attn_ml_gcn_pruned,4,4,1.0,1.0,176.06729626450615,0.0,176.06729626450615,0.8265346834832452,0.8265346834832452,0.0,0.0,1.0,1.0,0,0,0,0.6921326593546574,0.6921326593546574
attn_ml_gcn_pruned,5,5,0.0,0.0,260.33006691006136,105.0,365.33006691006136,0.7435171754580677,0.6400688995959987,0.03109035735122456,0.44696428542608546,1.0,2.0,3,2,1,0.39110935442440425,0.36663697190964883
attn_ml_gcn_pruned,6,6,1.0,1.0,180.02138144661706,105.0,285.02138144661706,0.8226390330575202,0.7191907571954512,0.0,0.5832640498380819,1.0,1.0,3,1,2,0.7640251172112189,0.7640251172112189
attn_ml_gcn_pruned,7,7,0.0,0.0,253.4789921583784,35.0,288.4789921583784,0.7502670027996272,0.7157842441789376,0.013666790043596876,0.15363238383670447,1.0,2.0,1,1,0,0.31489047957158917,0.30435447416707617
attn_ml_gcn_pruned,8,8,0.47619047619047616,0.47619047619047616,255.86907575231115,70.0,325.8690757523111,0.7479122406381171,0.6789467233967378,0.015023391755829464,0.2927108661565582,1.0,2.0,2,1,1,0.34030577387636696,0.32608250683919227
attn_ml_gcn_pruned,9,9,1.0,1.0,178.60349146429274,35.0,213.60349146429274,0.8240359690006968,0.7895532103800071,0.0,0.19596481408650046,1.0,1.0,1,0,1,0.7382452993507773,0.7382452993507773
attn_ml_gcn_pruned,10,10,0.4523809523809524,0.4523809523809524,249.7062757597068,105.0,354.70627575970684,0.7539839647687617,0.6505356889066928,-0.0009135484001010085,0.4191963471114518,1.0,2.0,3,2,1,0.3252370457297692,0.27005705236097094
attn_ml_gcn_pruned,11,11,1.0,1.0,179.90524830627606,35.0,214.90524830627606,0.8227534499445557,0.788270691323866,0.0,0.1945468535771394,1.0,1.0,1,0,1,0.7619136055686556,0.7619136055686556
attn_ml_gcn_pruned,12,12,0.0,0.0,267.76796973908023,35.0,302.76796973908023,0.7361891923752905,0.7017064337546008,0.03344621201555868,0.16852815425006157,1.0,2.0,1,1,0,0.4345533707449266,0.4342542703552748
attn_ml_gcn_pruned,13,13,1.0,1.0,174.05323359722445,35.0,209.05323359722445,0.8285189816776114,0.7940362230569217,0.0,0.2010879044108614,1.0,1.0,1,0,1,0.6555133381313537,0.6555133381313537
attn_ml_gcn_pruned,14,14,0.0,0.0,268.4820143429098,105.0,373.4820143429098,0.7354857001547687,0.6320374242926997,0.06611823410140989,0.48306390867338805,1.0,2.0,3,2,1,0.46133359618096415,0.4407455849355436
attn_ml_gcn_pruned,15,15,0.40476190476190477,0.40476190476190477,261.11960423611237,70.0,331.11960423611237,0.7427393061713179,0.6737737889299387,0.02060693048410396,0.2942075486486704,1.0,2.0,2,1,1,0.4088102922968646,0.3738145839646578
attn_ml_gcn_pruned,16,16,1.0,1.0,188.40017116597397,105.0,293.400171165974,0.8143840678167744,0.7109357919547055,0.0,0.5573243344216426,1.0,1.0,3,1,2,0.9163667484722542,0.9163667484722542
attn_ml_gcn_pruned,17,17,0.3333333333333333,0.3333333333333333,268.64766767359976,35.0,303.64766767359976,0.7353224949028574,0.7008397362821678,0.04959264623207159,0.18633584946268933,1.0,2.0,1,1,0,0.4505713991538692,0.44225152430545217
attn_ml_gcn_pruned,18,18,0.0,0.0,184.85616534591017,105.0,289.8561653459102,0.817875699166591,0.714427423304522,0.039392241159427376,0.6297765819658049,1.0,1.0,3,1,2,0.8519302790165485,0.8519302790165485
attn_ml_gcn_pruned,19,19,0.40476190476190477,0.40476190476190477,258.8009464498869,105.0,363.8009464498869,0.7450236980789292,0.6415754222168603,0.05458213523682108,0.48244426525923856,1.0,2.0,3,2,1,0.3653533273129088,0.35273587681715357
attn_ml_gcn_pruned,20,20,1.0,1.0,180.73617318880252,105.0,285.7361731888025,0.8219348047400961,0.7184865288780271,0.0,0.5809573044921882,1.0,1.0,3,1,2,0.7770213307055002,0.7770213307055002
attn_ml_gcn_pruned,21,21,0.0,0.0,170.33211981348035,0.0,170.33211981348035,0.832185103632039,0.832185103632039,0.03459918655376684,0.03459918655376684,1.0,1.0,0,0,0,0.5878567238814607,0.5878567238814607
attn_ml_gcn_pruned,22,22,1.0,1.0,169.5450173651457,0.0,169.5450173651457,0.832960574024487,0.832960574024487,0.0,0.0,1.0,1.0,0,0,0,0.5735457702753763,0.5735457702753763
attn_ml_gcn_pruned,23,23,0.0,0.0,180.16188676754558,0.0,180.16188676754558,0.8225006041699058,0.8225006041699058,0.056407236969302964,0.056407236969302964,1.0,1.0,0,0,0,0.76657975940992,0.76657975940992
attn_ml_gcn_stable,0,0,0.0,0.0,254.23089045645398,0.0,254.23089045645398,0.7495262162990601,0.7495262162990601,0.3597183144033609,0.3597183144033609,1.0,2.0,0,0,0,0.3122418550502287,0.3111899132404907
attn_ml_gcn_stable,1,1,0.0,0.0,191.90871223417832,35.0,226.90871223417832,0.8109273771091839,0.7764446184884942,0.001338951228162168,0.18396152674844093,1.0,1.0,1,0,1,0.9801584042577878,0.9801584042577878
attn_ml_gcn_stable,2,2,1.0,1.0,174.1047038268608,0.0,174.1047038268608,0.8284682720917628,0.8284682720917628,0.0,0.0,1.0,1.0,0,0,0,0.656449160488378,0.656449160488378
attn_ml_gcn_stable,3,3,0.0,0.0,177.11534869292888,70.0,247.11534869292888,0.8255021195143558,0.7565366022729766,0.020456044777152932,0.42376340160168624,1.0,1.0,2,1,1,0.7111881580532523,0.7111881580532523
attn_ml_gcn_stable,4,4,1.0,1.0,176.06729626450615,0.0,176.06729626450615,0.8265346834832452,0.8265346834832452,0.0,0.0,1.0,1.0,0,0,0,0.6921326593546574,0.6921326593546574
attn_ml_gcn_stable,5,5,0.0,0.0,284.5048268990686,35.0,319.5048268990686,0.7196996779319521,0.6852169193112625,0.12683942779784751,0.2654640704894678,1.0,2.0,1,1,0,0.5983937136403221,0.5864075172642595
attn_ml_gcn_stable,6,6,1.0,1.0,180.02138144661706,35.0,215.02138144661706,0.8226390330575202,0.7881562744368305,0.0,0.1944213499460273,1.0,1.0,1,0,1,0.7640251172112189,0.7640251172112189
attn_ml_gcn_stable,7,7,0.0,0.0,253.4789921583784,35.0,288.4789921583784,0.7502670027996272,0.7157842441789376,0.013666790043596876,0.15363238383670447,1.0,2.0,1,1,0,0.31489047957158917,0.30435447416707617
attn_ml_gcn_stable,8,8,0.38095238095238093,0.38095238095238093,259.26905450226366,0.0,259.26905450226366,0.7445625078795431,0.7445625078795431,0.028510984785693173,0.028510984785693173,1.0,2.0,0,0,0,0.374905934795567,0.35699140456603295
attn_ml_gcn_stable,9,9,0.0,0.0,192.44797163691646,35.0,227.44797163691646,0.8103960870572252,0.7759133284365355,0.07751517094721283,0.2734799850337133,1.0,1.0,1,0,1,0.9899631206712082,0.9899631206712082
attn_ml_gcn_stable,10,10,0.4523809523809524,0.4523809523809524,249.7062757597068,35.0,284.70627575970684,0.7539839647687617,0.7195012061480721,-0.0009135484001010085,0.13912308343708335,1.0,2.0,1,1,0,0.3252370457297692,0.27005705236097094
attn_ml_gcn_stable,11,11,1.0,1.0,179.90524830627606,35.0,214.90524830627606,0.8227534499445557,0.788270691323866,0.0,0.1945468535771394,1.0,1.0,1,0,1,0.7619136055686556,0.7619136055686556
attn_ml_gcn_stable,12,12,0.0,0.0,270.6248080318993,35.0,305.6248080318993,0.7333745733675869,0.6988918147468972,0.04447213387967018,0.17955407611417307,1.0,2.0,1,1,0,0.4691361598589542,0.4602255275627209
attn_ml_gcn_stable,13,13,1.0,1.0,174.05323359722445,105.0,279.05323359722445,0.8285189816776114,0.7250707058155424,0.0,0.6032637132325842,1.0,1.0,3,1,2,0.6555133381313537,0.6555133381313537
attn_ml_gcn_stable,14,14,0.38095238095238093,0.38095238095238093,262.0576991549243,35.0,297.0576991549243,0.7418150747242125,0.7073323161035229,0.040607849056480246,0.17958974058047297,1.0,2.0,1,1,0,0.40015273319645317,0.38234271959022104
attn_ml_gcn_stable,15,15,0.40476190476190477,0.40476190476190477,281.56183870430795,70.0,351.56183870430795,0.722599173690337,0.6536336564489577,0.10050704458643706,0.3741076627510035,1.0,2.0,2,1,1,0.6083921121071549,0.5596530791300722
attn_ml_gcn_stable,16,16,1.0,1.0,188.40017116597397,35.0,223.40017116597397,0.8143840678167744,0.7799013091960848,0.0,0.18577477814054755,1.0,1.0,1,0,1,0.9163667484722542,0.9163667484722542
attn_ml_gcn_stable,17,17,0.3333333333333333,0.3333333333333333,268.64766767359976,35.0,303.64766767359976,0.7353224949028574,0.7008397362821678,0.04959264623207159,0.18633584946268933,1.0,2.0,1,1,0,0.4505713991538692,0.44225152430545217
attn_ml_gcn_stable,18,18,0.0,0.0,184.85616534591017,105.0,289.8561653459102,0.817875699166591,0.714427423304522,0.039392241159427376,0.6297765819658049,1.0,1.0,3,1,2,0.8519302790165485,0.8519302790165485
attn_ml_gcn_stable,19,19,0.3333333333333333,0.3333333333333333,266.6804685512358,35.0,301.6804685512358,0.737260622117009,0.7027778634963194,0.08669022199721957,0.22931093200469208,1.0,2.0,1,1,0,0.44368915590735697,0.42436789592032553
attn_ml_gcn_stable,20,20,1.0,1.0,180.73617318880252,105.0,285.7361731888025,0.8219348047400961,0.7184865288780271,0.0,0.5809573044921882,1.0,1.0,3,1,2,0.7770213307055002,0.7770213307055002
attn_ml_gcn_stable,21,21,0.0,0.0,170.33211981348035,0.0,170.33211981348035,0.832185103632039,0.832185103632039,0.03459918655376684,0.03459918655376684,1.0,1.0,0,0,0,0.5878567238814607,0.5878567238814607
attn_ml_gcn_stable,22,22,1.0,1.0,169.5450173651457,0.0,169.5450173651457,0.832960574024487,0.832960574024487,0.0,0.0,1.0,1.0,0,0,0,0.5735457702753763,0.5735457702753763
attn_ml_gcn_stable,23,23,0.0,0.0,180.16188676754558,0.0,180.16188676754558,0.8225006041699058,0.8225006041699058,0.056407236969302964,0.056407236969302964,1.0,1.0,0,0,0,0.76657975940992,0.76657975940992
attn_ml_gcn_search,0,0,1.0,1.0,186.97320449641035,0.0,186.97320449641035,0.8157899463089554,0.8157899463089554,0.0,0.0,1.0,1.0,0,0,0,0.8904218999347335,0.8904218999347335
attn_ml_gcn_search,1,1,1.0,1.0,191.65209942027968,70.0,261.6520994202797,0.811180197615488,0.7422146803741086,0.0,0.36524515104055755,1.0,1.0,2,1,1,0.9754927167323577,0.9754927167323577
attn_ml_gcn_search,2,2,1.0,1.0,174.1047038268608,70.0,244.1047038268608,0.8284682720917628,0.7595027548503834,0.0,0.4020569143818872,1.0,1.0,2,1,1,0.656449160488378,0.656449160488378
attn_ml_gcn_search,3,3,1.0,1.0,173.564897380374,70.0,243.564897380374,0.8290001011030799,0.7600345838617005,0.0,0.4033073568245333,1.0,1.0,2,1,1,0.6466344978249815,0.6466344978249815
attn_ml_gcn_search,4,4,1.0,1.0,176.06729626450615,70.0,246.06729626450615,0.8265346834832452,0.7575691662418659,0.0,0.3975752538099915,1.0,1.0,2,1,1,0.6921326593546574,0.6921326593546574
attn_ml_gcn_search,5,5,0.9523809523809523,0.9523809523809523,252.86865688850207,105.0,357.8686568885021,0.7508683183364512,0.6474200424743822,0.0015379202593865243,0.4174118483342474,1.0,2.0,3,2,1,0.3019034940588897,0.2988059717136551
attn_ml_gcn_search,6,6,1.0,1.0,180.02138144661706,105.0,285.02138144661706,0.8226390330575202,0.7191907571954512,0.0,0.5832640498380819,1.0,1.0,3,1,2,0.7640251172112189,0.7640251172112189
attn_ml_gcn_search,7,7,0.9761904761904762,0.9761904761904762,249.55296097731113,105.0,354.55296097731116,0.754135013815457,0.650686737953388,-0.002033475256641249,0.4178633061226816,1.0,2.0,3,2,1,0.28461390941452863,0.26866328161191944
attn_ml_gcn_search,8,8,0.9523809523809523,0.9523809523809523,251.83408613653603,140.0,391.83408613653603,0.7518875998654817,0.6139565653827231,-0.000983266467567106,0.5543916823338907,1.0,2.0,4,2,2,0.2904530843369775,0.28940078305941863
attn_ml_gcn_search,9,9,1.0,1.0,178.60349146429274,105.0,283.60349146429274,0.8240359690006968,0.7205876931386278,0.0,0.5878944422595014,1.0,1.0,3,1,2,0.7382452993507773,0.7382452993507773
attn_ml_gcn_search,10,10,0.4523809523809524,0.4523809523809524,248.01029680410488,105.0,353.0102968041049,0.7556548799959558,0.6522066041338869,-0.0076992392746507154,0.412410656236902,1.0,2.0,3,2,1,0.2557796670953177,0.2546390618554991
attn_ml_gcn_search,11,11,1.0,1.0,179.90524830627606,35.0,214.90524830627606,0.8227534499445557,0.788270691323866,0.0,0.1945468535771394,1.0,1.0,1,0,1,0.7619136055686556,0.7619136055686556
attn_ml_gcn_search,12,12,0.47619047619047616,0.47619047619047616,259.0974457865323,105.0,364.0974457865323,0.7447315805058795,0.6412833046438106,-1.7537004468476904e-05,0.4052282896990402,1.0,2.0,3,2,1,0.3711386052715675,0.3554313253321118
attn_ml_gcn_search,13,13,1.0,1.0,174.05323359722445,105.0,279.05323359722445,0.8285189816776114,0.7250707058155424,0.0,0.6032637132325842,1.0,1.0,3,1,2,0.6555133381313537,0.6555133381313537
attn_ml_gcn_search,14,14,0.0,0.0,256.4016218878088,105.0,361.4016218878088,0.747387564642553,0.6439392887804839,0.01814806856534972,0.43509374313732785,1.0,2.0,3,2,1,0.3415196625906054,0.3309238353437167
attn_ml_gcn_search,15,15,1.0,1.0,255.84737516161647,140.0,395.84737516161647,0.7479336205304271,0.6100025860476685,0.0,0.5472012363291329,1.0,2.0,4,2,2,0.3370552114045612,0.3258852287419682
attn_ml_gcn_search,16,16,1.0,1.0,188.40017116597397,105.0,293.400171165974,0.8143840678167744,0.7109357919547055,0.0,0.5573243344216426,1.0,1.0,3,1,2,0.9163667484722542,0.9163667484722542
attn_ml_gcn_search,17,17,0.30952380952380953,0.30952380952380953,259.8702957944056,35.0,294.8702957944056,0.743970151926694,0.7094873933060043,0.015299904897575687,0.1520431081281934,1.0,2.0,1,1,0,0.4113768085095337,0.36245723449459666
attn_ml_gcn_search,18,18,1.0,1.0,177.85024558169275,105.0,282.8502455816928,0.8247780831707461,0.721329807308677,0.0,0.5903843408063775,1.0,1.0,3,1,2,0.724549919667141,0.724549919667141
attn_ml_gcn_search,19,19,1.0,1.0,245.40615453510367,105.0,350.40615453510367,0.7582205374038387,0.6547722615417697,0.0,0.42786213002241746,1.0,2.0,3,2,1,0.25425636704082505,0.23096504122821515
attn_ml_gcn_search,20,20,1.0,1.0,180.73617318880252,105.0,285.7361731888025,0.8219348047400961,0.7184865288780271,0.0,0.5809573044921882,1.0,1.0,3,1,2,0.7770213307055002,0.7770213307055002
attn_ml_gcn_search,21,21,1.0,1.0,164.6358532146675,70.0,234.6358532146675,0.8377971889510666,0.7688316717096872,0.0,0.42518077704938007,1.0,1.0,2,1,1,0.4842882402666816,0.4842882402666816
attn_ml_gcn_search,22,22,1.0,1.0,169.5450173651457,70.0,239.5450173651457,0.832960574024487,0.7639950567831078,0.0,0.4128696973101982,1.0,1.0,2,1,1,0.5735457702753763,0.5735457702753763
attn_ml_gcn_search,23,23,1.0,1.0,170.54207928791453,70.0,240.54207928791453,0.8319782470069809,0.7630127297656015,0.0,0.41045588450826725,1.0,1.0,2,1,1,0.5916741688711734,0.5916741688711734
attn_ml_gcn_stable_search,0,0,1.0,1.0,186.97320449641035,0.0,186.97320449641035,0.8157899463089554,0.8157899463089554,0.0,0.0,1.0,1.0,0,0,0,0.8904218999347335,0.8904218999347335
attn_ml_gcn_stable_search,1,1,1.0,1.0,191.65209942027968,70.0,261.6520994202797,0.811180197615488,0.7422146803741086,0.0,0.36524515104055755,1.0,1.0,2,1,1,0.9754927167323577,0.9754927167323577
attn_ml_gcn_stable_search,2,2,1.0,1.0,174.1047038268608,70.0,244.1047038268608,0.8284682720917628,0.7595027548503834,0.0,0.4020569143818872,1.0,1.0,2,1,1,0.656449160488378,0.656449160488378
attn_ml_gcn_stable_search,3,3,1.0,1.0,173.564897380374,70.0,243.564897380374,0.8290001011030799,0.7600345838617005,0.0,0.4033073568245333,1.0,1.0,2,1,1,0.6466344978249815,0.6466344978249815
attn_ml_gcn_stable_search,4,4,1.0,1.0,176.06729626450615,70.0,246.06729626450615,0.8265346834832452,0.7575691662418659,0.0,0.3975752538099915,1.0,1.0,2,1,1,0.6921326593546574,0.6921326593546574
attn_ml_gcn_stable_search,5,5,0.0,0.0,267.3877196098647,35.0,302.3877196098647,0.7365638230444683,0.7020810644237786,0.05904363117270415,0.19766827386432445,1.0,2.0,1,1,0,0.4331267120956578,0.43079745099877015
attn_ml_gcn_stable_search,6,6,1.0,1.0,180.02138144661706,35.0,215.02138144661706,0.8226390330575202,0.7881562744368305,0.0,0.1944213499460273,1.0,1.0,1,0,1,0.7640251172112189,0.7640251172112189
attn_ml_gcn_stable_search,7,7,0.0,0.0,252.15875358207566,35.0,287.15875358207563,0.7515677304610092,0.7170849718403196,0.008387133578431781,0.14835272737153923,1.0,2.0,1,1,0,0.31913033859241635,0.292352305291597
attn_ml_gcn_stable_search,8,8,0.0,0.0,276.2526130439555,0.0,276.2526130439555,0.7278299378877285,0.7278299378877285,0.09588414875396929,0.09588414875396929,1.0,2.0,0,0,0,0.5183565141383406,0.5113873913086864
attn_ml_gcn_stable_search,9,9,0.0,0.0,192.44797163691646,35.0,227.44797163691646,0.8103960870572252,0.7759133284365355,0.07751517094721283,0.2734799850337133,1.0,1.0,1,0,1,0.9899631206712082,0.9899631206712082
attn_ml_gcn_stable_search,10,10,0.4523809523809524,0.4523809523809524,248.01029680410488,35.0,283.0102968041049,0.7556548799959558,0.7211721213752661,-0.0076992392746507154,0.13233739256253352,1.0,2.0,1,1,0,0.2557796670953177,0.2546390618554991
attn_ml_gcn_stable_search,11,11,1.0,1.0,179.90524830627606,35.0,214.90524830627606,0.8227534499445557,0.788270691323866,0.0,0.1945468535771394,1.0,1.0,1,0,1,0.7619136055686556,0.7619136055686556
attn_ml_gcn_stable_search,12,12,0.38095238095238093,0.38095238095238093,264.2550340121673,35.0,299.2550340121673,0.7396502127958944,0.7051674541752047,0.019888092560233717,0.15497003479473662,1.0,2.0,1,1,0,0.42179670854429124,0.4023184910197028
attn_ml_gcn_stable_search,13,13,0.0,0.0,245.34160592096106,0.0,245.34160592096106,0.7582841320975754,0.7582841320975754,0.40957798284118413,0.40957798284118413,1.0,2.0,0,0,0,0.23441054517592083,0.23037823564510054
attn_ml_gcn_stable_search,14,14,0.0,0.0,285.9071325759216,0.0,285.9071325759216,0.7183180959843136,0.7183180959843136,0.13531183101721542,0.13531183101721542,1.0,2.0,0,0,0,0.6359121273628859,0.5991557506901963
attn_ml_gcn_stable_search,15,15,0.0,0.0,272.93247686527025,0.0,272.93247686527025,0.731101008014512,0.731101008014512,0.06677849125034514,0.06677849125034514,1.0,2.0,0,0,0,0.5034284395406334,0.48120433513882044
attn_ml_gcn_stable_search,16,16,0.0,0.0,192.61102158326992,35.0,227.61102158326992,0.8102354467159902,0.7757526880953006,0.02235056577303389,0.20812534391358145,1.0,1.0,1,0,1,0.9929276651503619,0.9929276651503619
attn_ml_gcn_stable_search,17,17,0.30952380952380953,0.30952380952380953,259.8702957944056,35.0,294.8702957944056,0.743970151926694,0.7094873933060043,0.015299904897575687,0.1520431081281934,1.0,2.0,1,1,0,0.4113768085095337,0.36245723449459666
attn_ml_gcn_stable_search,18,18,0.0,0.0,258.08689741998523,0.0,258.08689741998523,0.7457271946601131,0.7457271946601131,0.4511472648005821,0.4511472648005821,1.0,2.0,0,0,0,0.36071953192118467,0.3462445219998659
attn_ml_gcn_stable_search,19,19,0.0,0.0,276.6410500194864,0.0,276.6410500194864,0.727447241360112,0.727447241360112,0.12727837059976743,0.12727837059976743,1.0,2.0,0,0,0,0.521888523133974,0.5149186365407855
attn_ml_gcn_stable_search,20,20,1.0,1.0,180.73617318880252,105.0,285.7361731888025,0.8219348047400961,0.7184865288780271,0.0,0.5809573044921882,1.0,1.0,3,1,2,0.7770213307055002,0.7770213307055002
attn_ml_gcn_stable_search,21,21,0.0,0.0,170.33211981348035,0.0,170.33211981348035,0.832185103632039,0.832185103632039,0.03459918655376684,0.03459918655376684,1.0,1.0,0,0,0,0.5878567238814607,0.5878567238814607
attn_ml_gcn_stable_search,22,22,1.0,1.0,169.5450173651457,0.0,169.5450173651457,0.832960574024487,0.832960574024487,0.0,0.0,1.0,1.0,0,0,0,0.5735457702753763,0.5735457702753763
attn_ml_gcn_stable_search,23,23,0.0,0.0,180.16188676754558,0.0,180.16188676754558,0.8225006041699058,0.8225006041699058,0.056407236969302964,0.056407236969302964,1.0,1.0,0,0,0,0.76657975940992,0.76657975940992
